{
"type": "FeatureCollection",
"name": "ambiental_geral",
"crs": { "type": "name", "properties": { "name": "urn:ogc:def:crs:OGC:1.3:CRS84" } },
"features": [
{ "type": "Feature", "properties": { "fid": 1, "municipio": "QUERENCIA DO NORTE", "nome": "CHE GUEVARA", "amb": "Ambiental" }, "geometry": { "type": "MultiPolygon", "coordinates": [ [ [ [ -53.484201406301501, -23.181931792491966 ], [ -53.484769339176005, -23.182527520575935 ], [ -53.485256427521023, -23.183046752795747 ], [ -53.485517534391931, -23.183464023973531 ], [ -53.486237816158891, -23.183513487317839 ], [ -53.48654313483717, -23.183844839819713 ], [ -53.487278790988114, -23.183833211049901 ], [ -53.487841627630608, -23.184213028262992 ], [ -53.488620750817979, -23.185035642321466 ], [ -53.489547199173018, -23.186172688769705 ], [ -53.489865051738036, -23.18644714384865 ], [ -53.490125270470827, -23.18689439045469 ], [ -53.490417923425582, -23.187379218241073 ], [ -53.490959462408753, -23.188115577029286 ], [ -53.491114877228469, -23.188455702034386 ], [ -53.491406071132822, -23.189520012916745 ], [ -53.491678613746032, -23.189778029191825 ], [ -53.491966113274032, -23.190237026398894 ], [ -53.492462774904169, -23.190879754143133 ], [ -53.492634100537963, -23.191340229546004 ], [ -53.492773139022241, -23.191834165987334 ], [ -53.492971460934875, -23.192502201704531 ], [ -53.493026127968484, -23.193354052926992 ], [ -53.493298919532251, -23.193914385410714 ], [ -53.493423344390827, -23.194246693223494 ], [ -53.49344001533521, -23.195034691491834 ], [ -53.493615092728277, -23.195302102196937 ], [ -53.493725763211856, -23.195419326959151 ], [ -53.493611428692788, -23.195615136229573 ], [ -53.493538811491653, -23.196243503328951 ], [ -53.493654563109523, -23.196855523150667 ], [ -53.494015257036672, -23.197094893843641 ], [ -53.49414481333018, -23.197813847908691 ], [ -53.494681283938164, -23.198252549453176 ], [ -53.49532398566771, -23.198516420085923 ], [ -53.495686309810566, -23.198774808040469 ], [ -53.495990591664736, -23.199141721425516 ], [ -53.496619844255015, -23.199327894416076 ], [ -53.497040781430506, -23.198903880084451 ], [ -53.497193115848773, -23.198834930044601 ], [ -53.497493934668896, -23.198931257886553 ], [ -53.498113534635593, -23.198377613661624 ], [ -53.498652523608442, -23.198100218471712 ], [ -53.499341501762231, -23.198195068802271 ], [ -53.499799963802936, -23.197888527920391 ], [ -53.50023250140152, -23.197968042152979 ], [ -53.500705838325302, -23.197626597680095 ], [ -53.501008469347255, -23.197542254781794 ], [ -53.502793755045879, -23.197592839271866 ], [ -53.503953748341736, -23.197927557172619 ], [ -53.50415032974184, -23.197969382358021 ], [ -53.504227730641887, -23.198051019752107 ], [ -53.504327410641942, -23.198280078044139 ], [ -53.504461495942017, -23.198154450034586 ], [ -53.504614863042093, -23.197847789724094 ], [ -53.504949214442263, -23.197846435999452 ], [ -53.505569078142614, -23.197816971453772 ], [ -53.505703484542693, -23.197797678143889 ], [ -53.505885421842784, -23.197886856630202 ], [ -53.505873884242774, -23.198205520930191 ], [ -53.5056963756427, -23.198437641042663 ], [ -53.505969025542832, -23.198526186322308 ], [ -53.505955625542832, -23.198289435323929 ], [ -53.505991433642841, -23.197952600622195 ], [ -53.506025574942853, -23.197782976620132 ], [ -53.506208290142951, -23.197709652406822 ], [ -53.506395817643053, -23.19786292469254 ], [ -53.506580141043166, -23.198127102178201 ], [ -53.5064574237431, -23.198532213886203 ], [ -53.506554622743153, -23.198554767178955 ], [ -53.506670408943208, -23.19835396157092 ], [ -53.506744869643249, -23.19817845906589 ], [ -53.50684277184331, -23.197809490559663 ], [ -53.50695411604336, -23.197810333351402 ], [ -53.507242754843517, -23.197965513229633 ], [ -53.507402701043603, -23.198168783417245 ], [ -53.5069928160434, -23.198764434945971 ], [ -53.507091576943452, -23.198739840938742 ], [ -53.507417224143623, -23.198538848215179 ], [ -53.507753872743805, -23.19826807969098 ], [ -53.508039758743969, -23.198484957769217 ], [ -53.508327866544121, -23.198229676648577 ], [ -53.508480565344193, -23.19825910683717 ], [ -53.508684583644325, -23.198693942620874 ], [ -53.508669787944321, -23.198874361721494 ], [ -53.508289933344116, -23.199085339149089 ], [ -53.508325566144137, -23.199189305846158 ], [ -53.508664808044323, -23.199439273620321 ], [ -53.509095942544562, -23.199129441589214 ], [ -53.509300322344671, -23.19919126637388 ], [ -53.509157994344605, -23.199591727683373 ], [ -53.509362258944712, -23.199595057868198 ], [ -53.509695648444882, -23.199379944844043 ], [ -53.509708429144894, -23.199060358443944 ], [ -53.509859639844969, -23.198926418633096 ], [ -53.50954355684479, -23.198468097057791 ], [ -53.510097223345092, -23.198423692816807 ], [ -53.510527157645342, -23.198833976183778 ], [ -53.510396244245271, -23.199123853392727 ], [ -53.510651193345417, -23.199357198273145 ], [ -53.511002803745605, -23.199354291947028 ], [ -53.510692425745432, -23.198851377871428 ], [ -53.510773234645477, -23.198650044865982 ], [ -53.511090173945647, -23.198704563442277 ], [ -53.511136717245662, -23.198524810839302 ], [ -53.511371120145782, -23.198400825122221 ], [ -53.511516878445882, -23.198612712610807 ], [ -53.511549861345898, -23.199274872106574 ], [ -53.511760739546034, -23.198979022691667 ], [ -53.51177164754602, -23.198632655591783 ], [ -53.512328332746328, -23.198363237651098 ], [ -53.51239006894636, -23.198150021947072 ], [ -53.512782138846568, -23.198075782618069 ], [ -53.512829819346592, -23.198306838913894 ], [ -53.512718390746549, -23.198578261621464 ], [ -53.51291001024665, -23.198506051307398 ], [ -53.513206377046821, -23.198269948085944 ], [ -53.513674946047061, -23.197952194151863 ], [ -53.513401703946904, -23.197571100873255 ], [ -53.513469176546934, -23.197393179768714 ], [ -53.513802247147126, -23.197360052043955 ], [ -53.514008738347236, -23.197774890127455 ], [ -53.514342515947433, -23.197758630702598 ], [ -53.514582085547566, -23.197316078985914 ], [ -53.515087347047817, -23.196355540850764 ], [ -53.515290438947929, -23.195915647936804 ], [ -53.515606931048083, -23.195346657714669 ], [ -53.515941915848266, -23.194805806691086 ], [ -53.516192405348384, -23.194399367573453 ], [ -53.51647377344856, -23.193999294753468 ], [ -53.516950705848792, -23.193357594019513 ], [ -53.517556494249121, -23.192583386876237 ], [ -53.517986212349342, -23.192116844145307 ], [ -53.518118719149427, -23.192007028635668 ], [ -53.518759418149777, -23.191475811689038 ], [ -53.519275520050059, -23.191059788851462 ], [ -53.519704892950294, -23.190794192419936 ], [ -53.520497328650748, -23.190315062361659 ], [ -53.52125227445115, -23.189841855706163 ], [ -53.521947234751543, -23.189440290054947 ], [ -53.522488651451845, -23.189130552914996 ], [ -53.523002822452135, -23.188846888177004 ], [ -53.523376089052348, -23.188662343649344 ], [ -53.523924176052645, -23.188354571208833 ], [ -53.524538377753004, -23.187984892963442 ], [ -53.525442511453512, -23.187543396196304 ], [ -53.526431153654059, -23.187000606922965 ], [ -53.526869444154322, -23.186748570790467 ], [ -53.527553244254712, -23.186409629539561 ], [ -53.528136650355037, -23.186153272496011 ], [ -53.528738361955369, -23.185894272051041 ], [ -53.529326176355724, -23.185628542007105 ], [ -53.529698678155924, -23.185471799379229 ], [ -53.530149666956198, -23.185288066445462 ], [ -53.530667141656494, -23.185124566706527 ], [ -53.531151906656781, -23.184961230570075 ], [ -53.531461302556949, -23.184865529746769 ], [ -53.531765952257132, -23.184735601723911 ], [ -53.532186163457382, -23.184639289592148 ], [ -53.532530128257591, -23.184512699266278 ], [ -53.53298675275785, -23.184410834031706 ], [ -53.533199804857965, -23.184374003215542 ], [ -53.533667666158244, -23.184334783779942 ], [ -53.534243740058592, -23.184281181836081 ], [ -53.534845435058962, -23.184265891190144 ], [ -53.535539752359362, -23.184170660137266 ], [ -53.535500300459333, -23.183854625541141 ], [ -53.535813826159519, -23.183740073617432 ], [ -53.535960330259599, -23.183612596606572 ], [ -53.53605535655965, -23.183251154700283 ], [ -53.53622808385974, -23.183199082287206 ], [ -53.536608151159967, -23.183314820457767 ], [ -53.536643048360006, -23.183047687855804 ], [ -53.536477515559888, -23.182632221969619 ], [ -53.536545031759928, -23.182437863464983 ], [ -53.536805738260064, -23.182313509445329 ], [ -53.536913969560139, -23.182331262736984 ], [ -53.537034904860221, -23.182282281527858 ], [ -53.537000703460173, -23.182006604131217 ], [ -53.536996764260167, -23.181947901331675 ], [ -53.536895954260117, -23.181893920039553 ], [ -53.536733434660036, -23.182290302150928 ], [ -53.536580051159937, -23.18231696776262 ], [ -53.536461313059853, -23.182363385671589 ], [ -53.536123751859655, -23.182306089197613 ], [ -53.536029340359612, -23.182203077305118 ], [ -53.536085414959636, -23.182044018801257 ], [ -53.536675067559969, -23.181551382957423 ], [ -53.537151098160237, -23.181086665722173 ], [ -53.537050550960181, -23.181015528830091 ], [ -53.536673490759945, -23.18100192935902 ], [ -53.536657001059929, -23.180790329460866 ], [ -53.53701569636015, -23.180689671333642 ], [ -53.537052501160154, -23.18032185583181 ], [ -53.536758320659985, -23.18031233635438 ], [ -53.536423913159787, -23.180365029479869 ], [ -53.536167881059626, -23.180084713000234 ], [ -53.536164581859609, -23.179744083701419 ], [ -53.536552989859835, -23.179526046972253 ], [ -53.536187646059616, -23.179377572900648 ], [ -53.536106253859558, -23.179141562507528 ], [ -53.536350123259702, -23.178984171089265 ], [ -53.536133621459562, -23.178749526006495 ], [ -53.535955743359438, -23.178062090921959 ], [ -53.536153691959548, -23.177856603307358 ], [ -53.536183187659574, -23.177825977405181 ], [ -53.536001965259459, -23.177603220819684 ], [ -53.535562405859181, -23.177453955053736 ], [ -53.535630857459232, -23.177335138648825 ], [ -53.535022877958845, -23.176673408297123 ], [ -53.53494925735879, -23.176517974103188 ], [ -53.534687743258637, -23.176117140524248 ], [ -53.534759446058686, -23.175927319019291 ], [ -53.534771526658666, -23.175723834118909 ], [ -53.534786169358689, -23.17563558391803 ], [ -53.534613446658575, -23.175692618931091 ], [ -53.534302929858391, -23.175613577655024 ], [ -53.534082953958247, -23.175556819072014 ], [ -53.533896499758129, -23.175087071787519 ], [ -53.533959782058133, -23.174460564384376 ], [ -53.533476611957845, -23.173990989922569 ], [ -53.533493700057846, -23.173571134622364 ], [ -53.533180617657671, -23.173402221946741 ], [ -53.533284741457713, -23.172818567840384 ], [ -53.533213938457671, -23.172677710946164 ], [ -53.53313563235762, -23.172522080152554 ], [ -53.5331369152576, -23.172227233853253 ], [ -53.533011759757514, -23.171481261364832 ], [ -53.533117526957568, -23.171145646057663 ], [ -53.533119792657551, -23.170783712458473 ], [ -53.532933221457419, -23.170120423574499 ], [ -53.532479980857147, -23.169813392509919 ], [ -53.532484895257134, -23.169400142110639 ], [ -53.532486933657133, -23.169228323210998 ], [ -53.532202049156965, -23.168824339033787 ], [ -53.532327952957012, -23.168287637025639 ], [ -53.532629815357197, -23.168260573602694 ], [ -53.532912362657356, -23.167902434782139 ], [ -53.533168744457505, -23.167907426362532 ], [ -53.533425254157649, -23.167799937643274 ], [ -53.53332005445759, -23.167709193051522 ], [ -53.533740893657821, -23.167400191520244 ], [ -53.533764776457836, -23.167382655618457 ], [ -53.5338846767579, -23.167211918409766 ], [ -53.534101980058033, -23.167251930993057 ], [ -53.534236518658112, -23.167381560882426 ], [ -53.534652476858362, -23.167326748950785 ], [ -53.534923761458522, -23.167319581930066 ], [ -53.535184802058687, -23.16729208791018 ], [ -53.53542083195881, -23.16730516699209 ], [ -53.535716700158972, -23.167037892770164 ], [ -53.535770874159041, -23.166990620766136 ], [ -53.536625274859539, -23.166898318800946 ], [ -53.537021190759766, -23.166785237870926 ], [ -53.537483818060018, -23.166585684235965 ], [ -53.537944132160291, -23.16613413000189 ], [ -53.538735011460751, -23.165542198542767 ], [ -53.538668804560693, -23.165143004848957 ], [ -53.53929257416106, -23.164708580602209 ], [ -53.539446287461132, -23.164265849791573 ], [ -53.539531461561189, -23.164138638085383 ], [ -53.540042316561468, -23.163375821848167 ], [ -53.539965835961404, -23.162390936356719 ], [ -53.539828173161283, -23.161733547669083 ], [ -53.539210588160913, -23.161252977117876 ], [ -53.539219383760908, -23.16105162131775 ], [ -53.538867227260702, -23.161201102244398 ], [ -53.538321512960358, -23.160746991687557 ], [ -53.5375412634599, -23.160441092848266 ], [ -53.536629304759316, -23.159554250920586 ], [ -53.536413024759199, -23.159573081337108 ], [ -53.535381975258581, -23.159691874615714 ], [ -53.534538399158102, -23.159874534379743 ], [ -53.533990111457776, -23.159993219721311 ], [ -53.533176461457273, -23.159566691684592 ], [ -53.532105291056652, -23.159203247767273 ], [ -53.531462196556248, -23.15865164941777 ], [ -53.531152687756055, -23.158348799842166 ], [ -53.530730225955814, -23.158051105075121 ], [ -53.529978726755367, -23.157896811532705 ], [ -53.529661241255184, -23.157870588256888 ], [ -53.529340627655003, -23.157844143781311 ], [ -53.528627829154587, -23.157749071835713 ], [ -53.528192448354318, -23.15764683446902 ], [ -53.528139967854287, -23.157467134073492 ], [ -53.527739041654051, -23.157000457505173 ], [ -53.527218566953756, -23.157212013144051 ], [ -53.526831425553532, -23.157032266673856 ], [ -53.526284462253209, -23.15673754971608 ], [ -53.525917516052999, -23.156926417043309 ], [ -53.525586842252807, -23.156842352168582 ], [ -53.525506608652755, -23.156759866974866 ], [ -53.525273804552633, -23.156766850392433 ], [ -53.525082843252527, -23.156688487707093 ], [ -53.525058279552503, -23.156799825508656 ], [ -53.52491119435242, -23.156765353219853 ], [ -53.524814608252363, -23.156742709127212 ], [ -53.524710796952306, -23.156595064235471 ], [ -53.524560775252219, -23.15670074034648 ], [ -53.524368634352108, -23.156569857561376 ], [ -53.524136375551976, -23.156444492179247 ], [ -53.523675252751708, -23.156223766414644 ], [ -53.523268206151471, -23.155929594246153 ], [ -53.523156037351399, -23.155726564855172 ], [ -53.523234695951437, -23.155490688149868 ], [ -53.523065889851338, -23.155338937863004 ], [ -53.522831417651211, -23.155225521680997 ], [ -53.522751717251168, -23.155186988687117 ], [ -53.522519641451012, -23.154862748805467 ], [ -53.522112116750783, -23.154902315836068 ], [ -53.521815330950609, -23.154662161259076 ], [ -53.521661404650537, -23.154908631069993 ], [ -53.521277002850319, -23.154822347699156 ], [ -53.52105412335019, -23.154733567816159 ], [ -53.52099481215015, -23.154709873120684 ], [ -53.520547409749895, -23.154642650754525 ], [ -53.520267149849751, -23.154716736075361 ], [ -53.519974549449579, -23.154486169897989 ], [ -53.519661108649395, -23.154409579421731 ], [ -53.519473075449298, -23.154549981835469 ], [ -53.519281415549202, -23.154507009449976 ], [ -53.51905182404905, -23.153881937768908 ], [ -53.517782374348315, -23.152939757966656 ], [ -53.517020813747877, -23.152386105925189 ], [ -53.516821954647774, -23.152469626239824 ], [ -53.516596873047654, -23.15263878225625 ], [ -53.516460619847585, -23.152838835965873 ], [ -53.516377656847546, -23.153095722071392 ], [ -53.516353615747541, -23.153318988172575 ], [ -53.516328781747532, -23.153452807174077 ], [ -53.516335107447532, -23.153545776673351 ], [ -53.516197912547455, -23.153543996783615 ], [ -53.51606416734738, -23.153502171193725 ], [ -53.515965914347326, -23.153452827401217 ], [ -53.515873554647264, -23.153327019208469 ], [ -53.515838853047256, -23.153241002611264 ], [ -53.515819011847235, -23.153171810012964 ], [ -53.51446571944647, -23.152364904516201 ], [ -53.513749106746083, -23.152236241870018 ], [ -53.513605112745971, -23.15075085278481 ], [ -53.513977035546162, -23.150179902358612 ], [ -53.513439523345845, -23.149431457500715 ], [ -53.513416624845824, -23.148936769503756 ], [ -53.512479938445274, -23.146816411179309 ], [ -53.511390421544661, -23.145974030962652 ], [ -53.510463400944218, -23.148894859523622 ], [ -53.510412364544202, -23.149047782026997 ], [ -53.510265785644137, -23.149411749736899 ], [ -53.510145202744077, -23.149777289044845 ], [ -53.510090335944042, -23.149949952048452 ], [ -53.510071110444045, -23.150133601749374 ], [ -53.509644581343842, -23.151436982477499 ], [ -53.509280030143664, -23.152692884701125 ], [ -53.509233739143639, -23.152760062804376 ], [ -53.509130365543591, -23.152949205811545 ], [ -53.509053866843558, -23.153166085516641 ], [ -53.508839124543449, -23.153848897530683 ], [ -53.508634361943365, -23.154543466343998 ], [ -53.50851628124331, -23.154949407051639 ], [ -53.508472662443282, -23.155160075754296 ], [ -53.508423996843263, -23.155492873256989 ], [ -53.508318111243213, -23.15569406216429 ], [ -53.508252308643193, -23.156018827468294 ], [ -53.508078990743101, -23.156142914280796 ], [ -53.507828800742971, -23.156285828398929 ], [ -53.50756745534283, -23.156437856817874 ], [ -53.507216859842657, -23.156651788443238 ], [ -53.507108868042593, -23.156719045751029 ], [ -53.506964190442517, -23.156813698061494 ], [ -53.506778497642422, -23.156923446774936 ], [ -53.506686611442376, -23.156964358681606 ], [ -53.506513366542286, -23.157029585094236 ], [ -53.506320661842182, -23.157114078308258 ], [ -53.50616433764209, -23.157191492619603 ], [ -53.506066884242053, -23.157242783926669 ], [ -53.505792249841903, -23.157389153346553 ], [ -53.505630830241806, -23.157449857558301 ], [ -53.505417481441718, -23.157511026873895 ], [ -53.505266279841621, -23.15754899998495 ], [ -53.505061848241525, -23.157590979399927 ], [ -53.504948650441456, -23.157598918808251 ], [ -53.504781614241381, -23.157593902820587 ], [ -53.50462025614128, -23.157573991632557 ], [ -53.504507394041241, -23.157563238840893 ], [ -53.504398189941178, -23.157560191348963 ], [ -53.504287093541109, -23.157576131057123 ], [ -53.504213191741073, -23.157602492462502 ], [ -53.504078055741005, -23.157690671472206 ], [ -53.50393022394092, -23.157799634382823 ], [ -53.503814343840858, -23.157873334091157 ], [ -53.503699169640804, -23.157927252799489 ], [ -53.503485292940695, -23.158007385315042 ], [ -53.50326517494058, -23.158082651631034 ], [ -53.503153594040512, -23.158114576639186 ], [ -53.503036031340464, -23.158139826147757 ], [ -53.502975166140438, -23.15814801545222 ], [ -53.502794751840334, -23.158163882465445 ], [ -53.502609894040241, -23.158166549879066 ], [ -53.502306821540081, -23.158175158001317 ], [ -53.502132555339976, -23.158169893014158 ], [ -53.501971954639899, -23.15813823162604 ], [ -53.501872613039858, -23.158098555433458 ], [ -53.501682874939746, -23.158001457547659 ], [ -53.501400426839602, -23.157874778368761 ], [ -53.501255593539518, -23.157798451479621 ], [ -53.501098547739439, -23.157711124591373 ], [ -53.50099500273938, -23.157629086399211 ], [ -53.500887261939326, -23.157583946007243 ], [ -53.500767234239255, -23.157581609516058 ], [ -53.500673787439204, -23.157596453922881 ], [ -53.500633522239191, -23.157604676325811 ], [ -53.500524735039136, -23.15765036673367 ], [ -53.500405460339081, -23.157725381842212 ], [ -53.500316567239025, -23.157780415548604 ], [ -53.500168928338958, -23.157852630959223 ], [ -53.500012527838877, -23.157894653770562 ], [ -53.499913751638822, -23.157906422877794 ], [ -53.499803250938761, -23.157907184185891 ], [ -53.499687888338705, -23.157893217894397 ], [ -53.499575294538644, -23.157870631602727 ], [ -53.49942547063857, -23.157819929413836 ], [ -53.499294158838495, -23.157767218023594 ], [ -53.499134718238402, -23.157698071935474 ], [ -53.499000772738349, -23.157650728245414 ], [ -53.498919349238321, -23.157640104451406 ], [ -53.498788647638229, -23.157657073660939 ], [ -53.498698887338193, -23.157691718467412 ], [ -53.498551738538119, -23.157748307478034 ], [ -53.49840944173804, -23.157813846688267 ], [ -53.498352149638009, -23.157830463292445 ], [ -53.49824396143795, -23.157845359600326 ], [ -53.498128104937898, -23.157841600808812 ], [ -53.498014952437835, -23.157820466617114 ], [ -53.497880574637783, -23.157791905627054 ], [ -53.497753200537694, -23.157761969536438 ], [ -53.497613312337613, -23.157710024646821 ], [ -53.497444315937543, -23.157678311059257 ], [ -53.49733306673749, -23.157675561867389 ], [ -53.497094849737344, -23.157706873084727 ], [ -53.496934738437282, -23.157706794196436 ], [ -53.496758441137189, -23.15768675070937 ], [ -53.496563441137091, -23.157658427523696 ], [ -53.496302934736953, -23.157603880142869 ], [ -53.496087802636836, -23.15754283555874 ], [ -53.495991675236795, -23.157502653165864 ], [ -53.495767720536676, -23.157397514182488 ], [ -53.495655592636616, -23.1573526201908 ], [ -53.495538337836557, -23.157320806699431 ], [ -53.49541964973649, -23.157301202608142 ], [ -53.495235907536411, -23.157290302621561 ], [ -53.494831097036197, -23.15726674625116 ], [ -53.494590340336067, -23.157255845968734 ], [ -53.494321150835916, -23.157270040388301 ], [ -53.493958495935757, -23.157277048514707 ], [ -53.493592473035555, -23.157276165041345 ], [ -53.49331430033542, -23.157279757461577 ], [ -53.493111271635321, -23.157287034376335 ], [ -53.492989721735256, -23.157302680385126 ], [ -53.492883976935197, -23.157338838892727 ], [ -53.492778446935141, -23.157391875000261 ], [ -53.4926794489351, -23.157460244407275 ], [ -53.492525439535029, -23.157584099818123 ], [ -53.492064250134796, -23.157974699750607 ], [ -53.491679711434614, -23.158313351977608 ], [ -53.491314010834422, -23.158641323903275 ], [ -53.490160651033861, -23.159730119883967 ], [ -53.489649416633625, -23.160186953319808 ], [ -53.489426431633518, -23.160392962235377 ], [ -53.489080610433355, -23.160687846159615 ], [ -53.488586910533101, -23.161142954994123 ], [ -53.488273482132954, -23.161442200115975 ], [ -53.487941407732784, -23.161736322939191 ], [ -53.487605198232636, -23.16204450286267 ], [ -53.486954799232315, -23.162621695408088 ], [ -53.48650501913211, -23.163023926839458 ], [ -53.486085637431898, -23.163401754568689 ], [ -53.485413038431574, -23.164009353215551 ], [ -53.484857849931316, -23.164509205354211 ], [ -53.484552567431166, -23.164779879375448 ], [ -53.484206423031004, -23.165074307699562 ], [ -53.484024632430923, -23.165238495112206 ], [ -53.483690799730752, -23.165538866835419 ], [ -53.483222535330533, -23.165951040967965 ], [ -53.482755428630306, -23.166383778000338 ], [ -53.482208088530058, -23.166854971738399 ], [ -53.481722476429809, -23.167274637472122 ], [ -53.481230033929577, -23.167726456706216 ], [ -53.480992211429466, -23.167944605322667 ], [ -53.480372963429168, -23.168503950665553 ], [ -53.479789344428902, -23.169015429305965 ], [ -53.479217427528631, -23.169510472345543 ], [ -53.478671067728364, -23.169977938783365 ], [ -53.477983858528034, -23.170569851830844 ], [ -53.477753446527942, -23.170777407746762 ], [ -53.477529006227833, -23.170964648062267 ], [ -53.47742294942779, -23.171058938369598 ], [ -53.47716654652767, -23.171286762887274 ], [ -53.476718268427462, -23.171672967918212 ], [ -53.475636829826961, -23.172612852092758 ], [ -53.475078121726703, -23.173095126231221 ], [ -53.474304736326339, -23.173791834384364 ], [ -53.473867047926134, -23.174170734114465 ], [ -53.473574593925996, -23.174429903734545 ], [ -53.473548888825981, -23.174357080636575 ], [ -53.471455649025025, -23.176203317380111 ], [ -53.470841668824733, -23.176744300822136 ], [ -53.470102778824405, -23.177392920872691 ], [ -53.469853058824285, -23.177612080889784 ], [ -53.469218328823999, -23.178234030932977 ], [ -53.469934122924329, -23.178433505481827 ], [ -53.470454440224586, -23.178602003744562 ], [ -53.470754636024729, -23.178837870822672 ], [ -53.471686961125158, -23.178796146556724 ], [ -53.472303981625437, -23.178934502612591 ], [ -53.472796151125685, -23.178942025177673 ], [ -53.47327902972593, -23.179139899542854 ], [ -53.473758459026143, -23.179049311009035 ], [ -53.47426781982638, -23.178860754673327 ], [ -53.474763865326608, -23.179068347337488 ], [ -53.475286245526867, -23.179412198699392 ], [ -53.475996021327212, -23.179242239949279 ], [ -53.47656350792748, -23.1796969554076 ], [ -53.477142034727777, -23.179929150465696 ], [ -53.477839286228111, -23.179932706015933 ], [ -53.478582173828471, -23.180001800462673 ], [ -53.479198925728774, -23.180395155917491 ], [ -53.479890113029093, -23.180334522868197 ], [ -53.480460603129401, -23.180628217826545 ], [ -53.48119710662975, -23.180811505973267 ], [ -53.481991592430148, -23.180771441916391 ], [ -53.482670157730482, -23.181132572966682 ], [ -53.483453687130876, -23.181556679809237 ], [ -53.484201406301501, -23.181931792491966 ] ] ] ] } },
{ "type": "Feature", "properties": { "fid": 2, "municipio": "QUERENCIA DO NORTE", "nome": "LUIZ CARLOS PRESTES", "amb": "Ambiental" }, "geometry": { "type": "MultiPolygon", "coordinates": [ [ [ [ -53.444784631516505, -23.017370921908054 ], [ -53.438860274083126, -23.020875195080009 ], [ -53.436651824688703, -23.022196851285397 ], [ -53.434800418863631, -23.023302276792435 ], [ -53.43297889942837, -23.024389979896494 ], [ -53.431089468078468, -23.025515902042606 ], [ -53.429190753166743, -23.026626328221621 ], [ -53.427304151028629, -23.027750450437676 ], [ -53.425414069409236, -23.028872709686574 ], [ -53.423525096847271, -23.029987889694336 ], [ -53.421631955416643, -23.031117196298702 ], [ -53.419739474128484, -23.032241597149785 ], [ -53.417858548274992, -23.033364897884585 ], [ -53.415973884971756, -23.034493742297922 ], [ -53.414096228852848, -23.035618035634819 ], [ -53.412149212971862, -23.036793110119195 ], [ -53.409934849062651, -23.038124988994909 ], [ -53.410537599543083, -23.038991679169502 ], [ -53.411021911768785, -23.039698123447561 ], [ -53.412157033077605, -23.041339126443358 ], [ -53.41271361477947, -23.042158753428041 ], [ -53.413249298861096, -23.042938432942666 ], [ -53.414262236681743, -23.044409302304771 ], [ -53.414559162379746, -23.044840448291136 ], [ -53.414719694748001, -23.045073621388553 ], [ -53.415253908055746, -23.045840585534872 ], [ -53.415760396192915, -23.046589644743282 ], [ -53.416292963103217, -23.047362046258378 ], [ -53.416739917374635, -23.048005122631146 ], [ -53.41700550222351, -23.04839015864723 ], [ -53.417957851666316, -23.049773903569989 ], [ -53.418942575473956, -23.051199395600058 ], [ -53.420367501368688, -23.053274456263313 ], [ -53.421623576742689, -23.055097415528383 ], [ -53.422871237781322, -23.056906136996314 ], [ -53.424171796057159, -23.058790228392901 ], [ -53.424233597763212, -23.058879918587742 ], [ -53.425917167761448, -23.061326771228384 ], [ -53.427684915387893, -23.063899417586171 ], [ -53.428439233189678, -23.064994620424201 ], [ -53.428464518930909, -23.064979245671125 ], [ -53.430092734767491, -23.063989233068401 ], [ -53.432211177186296, -23.062706202123849 ], [ -53.43433500556737, -23.061421166528543 ], [ -53.436454016050739, -23.060130943212776 ], [ -53.438578464238105, -23.058847019777868 ], [ -53.440701516066468, -23.057552890674764 ], [ -53.442822545694348, -23.056257141937461 ], [ -53.444942273327953, -23.054961838866113 ], [ -53.447061250322193, -23.053670493752687 ], [ -53.44918405736378, -23.052382855068938 ], [ -53.45352162320404, -23.049753080348275 ], [ -53.453734767218045, -23.049623565120015 ], [ -53.453511050774154, -23.049417417409057 ], [ -53.453213506490044, -23.04885167201957 ], [ -53.452902952733979, -23.048407639454783 ], [ -53.45253568935594, -23.047606360626002 ], [ -53.452331956198705, -23.046952221187759 ], [ -53.451967842684518, -23.045823550014727 ], [ -53.451588882469792, -23.045021997951803 ], [ -53.451398464717883, -23.044784816526533 ], [ -53.451359407255921, -23.044190140711976 ], [ -53.451445469742609, -23.043997600886655 ], [ -53.451107228708317, -23.043418758915905 ], [ -53.450531820933783, -23.043177615194168 ], [ -53.450059977476521, -23.043004737902358 ], [ -53.44963459824703, -23.042752688917645 ], [ -53.449293524328517, -23.042496533835774 ], [ -53.449000957864236, -23.042117753303199 ], [ -53.448475548610077, -23.041550109502587 ], [ -53.448066082494904, -23.040829003728668 ], [ -53.447897660448852, -23.040259259174416 ], [ -53.447927080088654, -23.039679770474418 ], [ -53.447800496746545, -23.038461914945429 ], [ -53.447914537475192, -23.037912171044717 ], [ -53.447985235411345, -23.037441548463349 ], [ -53.448316066583544, -23.036587104675903 ], [ -53.448350607766415, -23.036258595400021 ], [ -53.448581787627866, -23.035633010516733 ], [ -53.448628458468498, -23.034615865061053 ], [ -53.44868898488253, -23.033582796857608 ], [ -53.448782667830969, -23.032927022169076 ], [ -53.448878459633256, -23.031950913843698 ], [ -53.448846995001695, -23.030717592386239 ], [ -53.448808760847669, -23.029449619095931 ], [ -53.448818433468873, -23.02939656728438 ], [ -53.448837816142557, -23.029055112227883 ], [ -53.448864008076072, -23.028545366584844 ], [ -53.448898102027428, -23.028256946851638 ], [ -53.448957067419855, -23.027758068533402 ], [ -53.449030830623705, -23.027133566972125 ], [ -53.449112296991956, -23.02644421783485 ], [ -53.449144278902459, -23.026173886069706 ], [ -53.449186330680469, -23.025818538434034 ], [ -53.44926578668646, -23.025611567822629 ], [ -53.449347558077761, -23.025494928121319 ], [ -53.449382384374935, -23.025214712141551 ], [ -53.449335441335236, -23.024889360312336 ], [ -53.449049876673456, -23.023805498551017 ], [ -53.448782035104344, -23.023297325950448 ], [ -53.448680727535702, -23.022823949271082 ], [ -53.447867707952703, -23.021723151709324 ], [ -53.447355411962199, -23.021206842108818 ], [ -53.44717014160036, -23.020744512752227 ], [ -53.44697883829064, -23.020272075123163 ], [ -53.446713945200074, -23.019823705625267 ], [ -53.446176703366419, -23.019534913332439 ], [ -53.445783000527619, -23.019309440848946 ], [ -53.445592938343722, -23.018894578367188 ], [ -53.445560175523958, -23.018667948522932 ], [ -53.445515313535452, -23.01832748613969 ], [ -53.445335707267418, -23.017994703665707 ], [ -53.444784631516505, -23.017370921908054 ] ] ] ] } },
{ "type": "Feature", "properties": { "fid": 3, "municipio": "QUERENCIA DO NORTE", "nome": "ANTONIO TAVARES PEREIRA", "amb": "Ambiental" }, "geometry": { "type": "MultiPolygon", "coordinates": [ [ [ [ -53.439889137999955, -23.015963118999935 ], [ -53.435239112999909, -23.011041531999922 ], [ -53.42835307699994, -23.003809946999922 ], [ -53.427757268999926, -23.003151202999959 ], [ -53.423057653999933, -22.998208616999932 ], [ -53.419083928999953, -22.994126322999932 ], [ -53.415260450999938, -22.994898957999908 ], [ -53.415194865999922, -22.994913897999936 ], [ -53.41254682899995, -22.995453292999912 ], [ -53.412439036999956, -22.995480782999948 ], [ -53.4102862229999, -22.995915192999917 ], [ -53.409631456999932, -22.996063484999922 ], [ -53.408054749999906, -22.996377782999957 ], [ -53.406691340999942, -22.996662453999932 ], [ -53.406014636999942, -22.996799282999916 ], [ -53.404208229999938, -22.997179128999903 ], [ -53.40409767299991, -22.997198258999958 ], [ -53.402060294999956, -22.997617193999929 ], [ -53.401222911999923, -22.997791604999918 ], [ -53.399965666999947, -22.998049249999951 ], [ -53.397954309999932, -22.998466808999922 ], [ -53.397740664999901, -22.99851132099991 ], [ -53.395366295999906, -22.998994886999924 ], [ -53.394662231999916, -22.999139495999941 ], [ -53.392797394999945, -22.999521452999943 ], [ -53.390998635999949, -22.999900142999934 ], [ -53.390481306999902, -22.99999923799993 ], [ -53.387820829999953, -23.000546869999937 ], [ -53.384651116999919, -23.001198901999942 ], [ -53.387955427999941, -23.006025829999942 ], [ -53.388025194999955, -23.006119886999954 ], [ -53.391644288999942, -23.011411122999959 ], [ -53.391701815999909, -23.011503755999911 ], [ -53.39313736899993, -23.013541565999958 ], [ -53.394537556999921, -23.01561657499991 ], [ -53.394629471999906, -23.015706681999916 ], [ -53.397577833999947, -23.020055395999918 ], [ -53.401118337999947, -23.019837957999925 ], [ -53.404464682999901, -23.019632466999951 ], [ -53.407830075999925, -23.019427309999912 ], [ -53.410449414999903, -23.019271187999948 ], [ -53.431723483999917, -23.017947528999912 ], [ -53.432620312999916, -23.017891664999922 ], [ -53.432790050999927, -23.01777024799992 ], [ -53.432916175999935, -23.017782743999931 ], [ -53.433024395999951, -23.01772897099994 ], [ -53.433356950999951, -23.017587609999907 ], [ -53.433513974999926, -23.017636056999947 ], [ -53.433640838999906, -23.017491394999922 ], [ -53.433836210999914, -23.017333888999929 ], [ -53.433909549999953, -23.017251176999935 ], [ -53.434193832999938, -23.017222581999931 ], [ -53.434736500999918, -23.017118600999936 ], [ -53.435051867999903, -23.016904465999914 ], [ -53.435805801999948, -23.016524276999917 ], [ -53.436387820999926, -23.016590831999906 ], [ -53.43716682999991, -23.016528295999933 ], [ -53.437355454999931, -23.016602847999934 ], [ -53.437798752999925, -23.016532345999906 ], [ -53.438127043999941, -23.016569220999941 ], [ -53.438197995999928, -23.016493847999925 ], [ -53.438231898999902, -23.016376298999944 ], [ -53.438308173999928, -23.016320893999932 ], [ -53.438641362999931, -23.016413176999947 ], [ -53.438833620999901, -23.016412622999951 ], [ -53.439135708999913, -23.016298387999939 ], [ -53.439439125999911, -23.016389791999927 ], [ -53.439587389999929, -23.01644783799992 ], [ -53.439728938999906, -23.016400480999948 ], [ -53.440106716999935, -23.016455834999931 ], [ -53.440189748999956, -23.016460467999934 ], [ -53.440349677999905, -23.016452178999941 ], [ -53.439889137999955, -23.015963118999935 ] ] ] ] } },
{ "type": "Feature", "properties": { "fid": 4, "municipio": "SAO JERONIMO DA SERRA", "nome": "ZUMBI DOS PALMARES", "amb": "Ambiental" }, "geometry": { "type": "MultiPolygon", "coordinates": [ [ [ [ -53.65440333, -23.18471 ], [ -53.65430667, -23.18476194 ], [ -53.652940664560141, -23.185492695519194 ], [ -53.652810673562776, -23.185560329975374 ], [ -53.65217139, -23.18589528 ], [ -53.65014583, -23.18699 ], [ -53.644416784598761, -23.190074033985468 ], [ -53.64146833, -23.19166028 ], [ -53.63591639, -23.19463444 ], [ -53.63331806, -23.1961925 ], [ -53.6333, -23.19621111 ], [ -53.633450377663372, -23.196461565623196 ], [ -53.633536539649349, -23.196612852675408 ], [ -53.633568885355103, -23.19670375039022 ], [ -53.633580299689363, -23.196802851796207 ], [ -53.633559701951661, -23.196887866253434 ], [ -53.633526549992759, -23.196905301217367 ], [ -53.634030871172634, -23.197700401599967 ], [ -53.634910044945727, -23.199086327566881 ], [ -53.635582835285682, -23.198716786432033 ], [ -53.636406374480181, -23.200227298894799 ], [ -53.637230086110883, -23.201740600761418 ], [ -53.638119135251642, -23.203372582859302 ], [ -53.639282959045815, -23.205508952868001 ], [ -53.642603048344426, -23.204159491531477 ], [ -53.642607519456405, -23.204168352653483 ], [ -53.643595519334475, -23.206110049326099 ], [ -53.644756756286554, -23.208392011240111 ], [ -53.646341690576477, -23.211507016309078 ], [ -53.647128034710299, -23.213052111807457 ], [ -53.64711222, -23.21306417 ], [ -53.647731046746465, -23.214297992847822 ], [ -53.648601693492651, -23.216035366453248 ], [ -53.649861242694101, -23.218548501871606 ], [ -53.651125015400282, -23.221070126885145 ], [ -53.651893471621499, -23.222603394999769 ], [ -53.65274308338487, -23.224298395887612 ], [ -53.653804015355327, -23.226415057480214 ], [ -53.65497222, -23.22874667 ], [ -53.65553278, -23.23131694 ], [ -53.65561222, -23.23176667 ], [ -53.655638006324864, -23.231756250514696 ], [ -53.656400328989427, -23.236169207593381 ], [ -53.656637851559722, -23.235975543981677 ], [ -53.656795706334648, -23.23581825048738 ], [ -53.65695721818571, -23.235623706034936 ], [ -53.657135900820379, -23.235378864424241 ], [ -53.657502289378698, -23.234846784280059 ], [ -53.65788697081144, -23.234296521530002 ], [ -53.658281937753515, -23.233738050417831 ], [ -53.658729180734966, -23.23313148530238 ], [ -53.658977006243937, -23.232847018903449 ], [ -53.659276200719567, -23.232621347161572 ], [ -53.659607875800177, -23.232482139724787 ], [ -53.659963225261947, -23.232364555181267 ], [ -53.66011086066375, -23.232411429328977 ], [ -53.660644636313016, -23.232543831983001 ], [ -53.661440261260786, -23.224985160544083 ], [ -53.661608837361953, -23.219248262934073 ], [ -53.666515869592089, -23.218245905641929 ], [ -53.672220843686638, -23.217063656840761 ], [ -53.671753745708273, -23.216760369638788 ], [ -53.671483363842135, -23.216546618244156 ], [ -53.671180714294387, -23.21631120990245 ], [ -53.671015223164055, -23.216185848180782 ], [ -53.670704362015748, -23.215910681707165 ], [ -53.670248180224469, -23.215507733022427 ], [ -53.669758201194021, -23.215123951344165 ], [ -53.669450193870233, -23.214839797353111 ], [ -53.669162736202566, -23.214557640485534 ], [ -53.668853370590099, -23.214293456532502 ], [ -53.668696951321785, -23.214152593033429 ], [ -53.668246711944604, -23.213723721108295 ], [ -53.667949126587665, -23.213437852204713 ], [ -53.667801486674712, -23.213296387290946 ], [ -53.667506991728388, -23.213028337226056 ], [ -53.667190163382614, -23.212781426286249 ], [ -53.666879330793655, -23.212536398680804 ], [ -53.666551107605102, -23.212290943317257 ], [ -53.66621826846076, -23.21203428245359 ], [ -53.66605675479714, -23.21190216766507 ], [ -53.665894803485656, -23.211772587505564 ], [ -53.665755006288435, -23.211652109133567 ], [ -53.665256960723205, -23.211342735483669 ], [ -53.665074697651121, -23.211213137747265 ], [ -53.664617359107069, -23.210809286964775 ], [ -53.66415876208535, -23.210420620358519 ], [ -53.663850797580608, -23.210162087856567 ], [ -53.66369322742181, -23.210031618447257 ], [ -53.663385877613258, -23.209754750805637 ], [ -53.663093453010397, -23.209476997727403 ], [ -53.662784003718571, -23.209197546604937 ], [ -53.662635534074049, -23.209043272511977 ], [ -53.662330080342379, -23.208728820320843 ], [ -53.662189735984995, -23.208541010258351 ], [ -53.662062321231581, -23.208355147408358 ], [ -53.661952776958408, -23.208179091403025 ], [ -53.661844898107724, -23.208027920080387 ], [ -53.661726866122457, -23.207896598242769 ], [ -53.661599828458861, -23.207778968456875 ], [ -53.661431012372475, -23.20765238763143 ], [ -53.66128007648507, -23.207481906134898 ], [ -53.661156920872372, -23.20732359118205 ], [ -53.661046885586693, -23.207186717475043 ], [ -53.660788073206021, -23.206934025341383 ], [ -53.66052552108242, -23.206674896950744 ], [ -53.66025875231383, -23.206400043102459 ], [ -53.660139802297877, -23.206256730174239 ], [ -53.660009312400703, -23.206117493784621 ], [ -53.659898857786722, -23.205974127139303 ], [ -53.659627887046348, -23.205713785428941 ], [ -53.659485316881288, -23.205566087499747 ], [ -53.659361442085995, -23.20541563600009 ], [ -53.659105468920558, -23.205133375987298 ], [ -53.658839901333373, -23.204835030109891 ], [ -53.658596298947607, -23.204516544259302 ], [ -53.658358808561623, -23.204195968756178 ], [ -53.658113559137618, -23.203873086843661 ], [ -53.657988375071952, -23.203685918412102 ], [ -53.657908135871267, -23.203499975806729 ], [ -53.65781459315545, -23.203337546341753 ], [ -53.657711976878467, -23.203155773018338 ], [ -53.657623546744603, -23.202965455438942 ], [ -53.65747785984076, -23.202615524717533 ], [ -53.65727376771725, -23.202270011030407 ], [ -53.657154461034331, -23.201871342345935 ], [ -53.65704819665762, -23.201485270678777 ], [ -53.656974170432228, -23.201085024095285 ], [ -53.65690652760285, -23.200671761694721 ], [ -53.656910417159544, -23.200448742000688 ], [ -53.656932373554014, -23.200048046731837 ], [ -53.656949489407012, -23.199659348201461 ], [ -53.656956603010315, -23.19927840092447 ], [ -53.656944656958864, -23.199084172469945 ], [ -53.656949410241381, -23.198870254895038 ], [ -53.656973400427987, -23.198666212169925 ], [ -53.65701930233007, -23.198291289008779 ], [ -53.657021140275504, -23.198117588516467 ], [ -53.657017614908007, -23.197929446021085 ], [ -53.657020346448355, -23.197746613679769 ], [ -53.656999045577535, -23.197385463152266 ], [ -53.656968366186241, -23.197019145448309 ], [ -53.656936104336737, -23.196656735837053 ], [ -53.656846897640676, -23.196105822516198 ], [ -53.656830324117088, -23.195914560616842 ], [ -53.656789902358604, -23.195549310013902 ], [ -53.65674100098876, -23.195184834485104 ], [ -53.656652917596489, -23.19481903502502 ], [ -53.656618211528389, -23.194609484817626 ], [ -53.656614664442323, -23.194405365689217 ], [ -53.656608707289074, -23.194025000044139 ], [ -53.656603687914561, -23.193845187014588 ], [ -53.656531397468306, -23.193275483058969 ], [ -53.656505010742251, -23.192869285634913 ], [ -53.656499985480551, -23.192481682969131 ], [ -53.656464456652031, -23.192121765254484 ], [ -53.656368479849682, -23.191578728171113 ], [ -53.656250330173364, -23.191015485032629 ], [ -53.656203453683077, -23.190659369372675 ], [ -53.656151696061301, -23.190500925951849 ], [ -53.656046641202408, -23.190150576745946 ], [ -53.655957721202171, -23.189801399190976 ], [ -53.655906583735664, -23.189585356142334 ], [ -53.655899527389536, -23.189371547450854 ], [ -53.655887214964814, -23.189222818246943 ], [ -53.655754609938938, -23.188916080510438 ], [ -53.655677049628004, -23.188721695718744 ], [ -53.655483670141415, -23.188126143034665 ], [ -53.655285013517819, -23.18757969290624 ], [ -53.655017239173347, -23.18683600660858 ], [ -53.654913991938493, -23.186458185008313 ], [ -53.654854462550951, -23.18627188987967 ], [ -53.654651412463188, -23.185522416320378 ], [ -53.654546710812767, -23.185169712495409 ], [ -53.654473046871665, -23.184999361751366 ], [ -53.65440333, -23.18471 ] ] ] ] } },
{ "type": "Feature", "properties": { "fid": 5, "municipio": "SANTA CRUZ DE MONTE CASTELO", "nome": "OZIEL ALVES PEREIRA", "amb": "Ambiental" }, "geometry": { "type": "MultiPolygon", "coordinates": [ [ [ [ -53.374707445146804, -22.988988285840879 ], [ -53.37172231336401, -22.991131680027593 ], [ -53.369071715427353, -22.993021205735438 ], [ -53.3671544937703, -22.994381247410104 ], [ -53.366462491030703, -22.994888586488724 ], [ -53.364235625451101, -22.996423764269686 ], [ -53.363783345758797, -22.996765729870607 ], [ -53.361311742359796, -22.998525080386614 ], [ -53.361149155692146, -22.998647127477302 ], [ -53.359241108931414, -23.000000084965961 ], [ -53.358518222048282, -23.000551820015936 ], [ -53.355895781937647, -23.00245011758075 ], [ -53.353272341310635, -23.004295034932756 ], [ -53.35063186138656, -23.006185126325157 ], [ -53.354423137706505, -23.011239404060813 ], [ -53.354764056569842, -23.011697473036861 ], [ -53.354834888041275, -23.011788776478603 ], [ -53.358651331320566, -23.016947821222924 ], [ -53.364905, -23.01254556 ], [ -53.365076206280172, -23.012424733762924 ], [ -53.365335965198319, -23.012292743067288 ], [ -53.365552717764324, -23.012144241590367 ], [ -53.366128605543054, -23.011751758875558 ], [ -53.368207275244281, -23.010318789631899 ], [ -53.370589401217842, -23.008679293452378 ], [ -53.370645619125952, -23.008637102955298 ], [ -53.372921339819598, -23.007050899696253 ], [ -53.375298802676049, -23.005419083464638 ], [ -53.377650944313409, -23.003820387104067 ], [ -53.380020442129798, -23.002202529779584 ], [ -53.383422123181141, -22.999873677603755 ], [ -53.382351690326338, -22.998270801337622 ], [ -53.381652811685186, -22.997233889131955 ], [ -53.381286502049328, -22.99669853210607 ], [ -53.381199037484393, -22.996571198689669 ], [ -53.381062412511511, -22.996370936108985 ], [ -53.380740209248188, -22.995920318987572 ], [ -53.379513757470988, -22.994108238186953 ], [ -53.379452213397443, -22.994013014818325 ], [ -53.378773329072956, -22.993012620193362 ], [ -53.377999656829239, -22.991883371134424 ], [ -53.377624768332069, -22.991346416840528 ], [ -53.377364131970005, -22.991024508907007 ], [ -53.376933299462124, -22.990566845957353 ], [ -53.376750222666303, -22.990391651570203 ], [ -53.376520520597829, -22.99021562190309 ], [ -53.376032030112299, -22.989873025878133 ], [ -53.37550058896305, -22.989522134705787 ], [ -53.374707445146804, -22.988988285840879 ] ] ] ] } },
{ "type": "Feature", "properties": { "fid": 6, "municipio": "QUERENCIA DO NORTE", "nome": "CHICO MENDES", "amb": "Ambiental" }, "geometry": { "type": "MultiPolygon", "coordinates": [ [ [ [ -53.469967062701549, -22.925766390561357 ], [ -53.470089844118291, -22.926243396107758 ], [ -53.47018886710751, -22.926764555382597 ], [ -53.470271359061897, -22.927121217354181 ], [ -53.470126846596514, -22.927439524748479 ], [ -53.470074460841069, -22.927866625557577 ], [ -53.47023697136305, -22.928384449160525 ], [ -53.470465314285718, -22.92887777567033 ], [ -53.470425256346644, -22.929597450957722 ], [ -53.470196188832169, -22.930595050818713 ], [ -53.470190588277866, -22.930640908150327 ], [ -53.470184890283555, -22.930686766998775 ], [ -53.469949968570504, -22.931114813615117 ], [ -53.469577866643171, -22.931663979570313 ], [ -53.469564488894264, -22.93203865442273 ], [ -53.469724090651773, -22.932879351843322 ], [ -53.469659694313826, -22.933761903414837 ], [ -53.469396603469569, -22.934410481975743 ], [ -53.469379323017179, -22.934903118501598 ], [ -53.469642935956088, -22.935250099923643 ], [ -53.469803605800635, -22.935687425186988 ], [ -53.469664528473935, -22.936311053001774 ], [ -53.469214188454004, -22.936808896062757 ], [ -53.469020681441656, -22.937086619075011 ], [ -53.468949145974236, -22.937559787799021 ], [ -53.468831354163207, -22.938964696967368 ], [ -53.468381583530707, -22.939800795230816 ], [ -53.468952349425706, -22.940449124144404 ], [ -53.469309625640705, -22.940800424939862 ], [ -53.469525197645588, -22.941125945469672 ], [ -53.46967974115465, -22.941724689318082 ], [ -53.469526660843577, -22.94258126753887 ], [ -53.469349853778141, -22.943290703568895 ], [ -53.469512137787923, -22.943789481196553 ], [ -53.469737762960548, -22.944351639174084 ], [ -53.469995509213618, -22.945034627722908 ], [ -53.469834408806008, -22.945213265779071 ], [ -53.469488718116438, -22.945312987852247 ], [ -53.469445029860687, -22.945730744688344 ], [ -53.46885870232682, -22.946106215010222 ], [ -53.468920656280986, -22.946968562979023 ], [ -53.466243310636003, -22.948261996899969 ], [ -53.467368772032991, -22.950313352568092 ], [ -53.467416062273024, -22.950765352620365 ], [ -53.467098515876131, -22.951444748521247 ], [ -53.463965091587845, -22.953886432167891 ], [ -53.463781227179069, -22.954117057153105 ], [ -53.46358243023419, -22.954319838009212 ], [ -53.463355943651564, -22.954452452656191 ], [ -53.463067667253249, -22.954591263023392 ], [ -53.462919743989005, -22.954685823702579 ], [ -53.46282749468385, -22.954802539914201 ], [ -53.462747083260027, -22.954894697525692 ], [ -53.462528563014864, -22.955235816458142 ], [ -53.462340787548698, -22.955347606569685 ], [ -53.462207877743957, -22.955399232670381 ], [ -53.462060654707471, -22.955537927009459 ], [ -53.4620350969223, -22.955859979327279 ], [ -53.461982953193896, -22.955995120647252 ], [ -53.461854877890737, -22.956103816492995 ], [ -53.4616977007313, -22.956188138090624 ], [ -53.461457710354836, -22.956296675634309 ], [ -53.461221207388839, -22.956517101678077 ], [ -53.461006309157554, -22.956730150450742 ], [ -53.460843658269532, -22.956953762793059 ], [ -53.460735929041576, -22.957066385014468 ], [ -53.460654989494003, -22.957151056976119 ], [ -53.460460784182786, -22.957408741687107 ], [ -53.460295888454702, -22.957680776688633 ], [ -53.460193206342268, -22.957873034540867 ], [ -53.460119312764675, -22.958061595613167 ], [ -53.459947079909178, -22.958429256890224 ], [ -53.459846290767729, -22.958521458681435 ], [ -53.459798532161372, -22.958565081183568 ], [ -53.459675198480305, -22.958618181814543 ], [ -53.459586253040115, -22.958637617255537 ], [ -53.459405802224559, -22.958556550024106 ], [ -53.459338708533281, -22.958522924722335 ], [ -53.459216074967976, -22.958490792963861 ], [ -53.459144126749585, -22.958479812054403 ], [ -53.459054255829308, -22.958485810327016 ], [ -53.458885583078114, -22.958527697159347 ], [ -53.458813384225159, -22.95858370529238 ], [ -53.458659054476229, -22.958631688787577 ], [ -53.458467709162512, -22.958654336805242 ], [ -53.458292334395793, -22.958681431315547 ], [ -53.458193715991605, -22.958683502313974 ], [ -53.45796036793746, -22.958674572280234 ], [ -53.45783066507677, -22.958677395870208 ], [ -53.457513371097697, -22.958651711385123 ], [ -53.457360058214121, -22.95862655371015 ], [ -53.457111396825681, -22.958563242352149 ], [ -53.456932009192897, -22.958540925889803 ], [ -53.456803789025123, -22.958561058792423 ], [ -53.456391276681828, -22.958606902534516 ], [ -53.45597475322888, -22.958625002102991 ], [ -53.455811093246488, -22.958642252771838 ], [ -53.455728844502651, -22.95864388807615 ], [ -53.455568932610191, -22.958674351129858 ], [ -53.455261743304185, -22.958722352037217 ], [ -53.454925319282985, -22.958770985669428 ], [ -53.454602067900176, -22.958814900784361 ], [ -53.454238637427977, -22.958836416717268 ], [ -53.454060973038736, -22.958844764461386 ], [ -53.453772272555398, -22.958869365413349 ], [ -53.453417908571524, -22.958858510265166 ], [ -53.453118361122634, -22.958860076736077 ], [ -53.452992132426104, -22.95887178003229 ], [ -53.452778455575455, -22.958894134886659 ], [ -53.452692678731502, -22.95893798256505 ], [ -53.45256832345023, -22.959112967606529 ], [ -53.45251092921427, -22.959179216137752 ], [ -53.452308663043297, -22.959326156658385 ], [ -53.452114975535011, -22.959419068873633 ], [ -53.451999367676237, -22.959592654347446 ], [ -53.451937030180339, -22.959741582628279 ], [ -53.451593495735402, -22.959844846738331 ], [ -53.451522445735819, -22.959889098016671 ], [ -53.451276643039122, -22.959930274057957 ], [ -53.451198135338196, -22.96001508464219 ], [ -53.451035585914305, -22.960148138804151 ], [ -53.450838725283759, -22.960232793170086 ], [ -53.450580856616519, -22.960345563905701 ], [ -53.449865780162604, -22.960961925376932 ], [ -53.449920850118666, -22.961010004393973 ], [ -53.459081825022864, -22.967536789231549 ], [ -53.463315741337617, -22.971044171714137 ], [ -53.462672699083299, -22.971696754588805 ], [ -53.456711664266393, -22.977649419070307 ], [ -53.45472137961589, -22.979611741627348 ], [ -53.454784213648267, -22.979684253142139 ], [ -53.447899690665921, -22.986491058411897 ], [ -53.447813781175, -22.986571829990112 ], [ -53.445486639646525, -22.988869583050747 ], [ -53.450269728370834, -22.990220846714106 ], [ -53.450414270171066, -22.990260498484098 ], [ -53.452691602065933, -22.990876045842462 ], [ -53.455205251374579, -22.991606608473067 ], [ -53.457550470623062, -22.99226418200978 ], [ -53.460218287728019, -22.993008517864123 ], [ -53.460375952951068, -22.993051025569791 ], [ -53.461868366921735, -22.993481826929219 ], [ -53.463939006388188, -22.99409391822909 ], [ -53.465268265114588, -22.99445816360954 ], [ -53.467017748230376, -22.994974825872998 ], [ -53.467729828063035, -22.995192036406653 ], [ -53.468907965533148, -22.995577924091464 ], [ -53.470265662882227, -22.996099574250326 ], [ -53.471726996220106, -22.996673127460561 ], [ -53.47307534352386, -22.997231730296644 ], [ -53.475173224326298, -22.998080936322481 ], [ -53.476268811301388, -22.998525652129722 ], [ -53.477186936478958, -22.998917346687513 ], [ -53.477798705769032, -22.999182480334557 ], [ -53.478146322901701, -22.999352173148992 ], [ -53.478576677193075, -22.999561644985125 ], [ -53.479067805359456, -22.999804287872653 ], [ -53.479241637368865, -22.999700908417861 ], [ -53.480073857312725, -22.997078012808217 ], [ -53.482075857179495, -22.990934821786347 ], [ -53.483698644798523, -22.985699682557758 ], [ -53.48438396262523, -22.983512939202335 ], [ -53.48502903746639, -22.981509722962368 ], [ -53.485612440737754, -22.979685676067209 ], [ -53.486367925850416, -22.977334969717379 ], [ -53.487804794899823, -22.972913754250825 ], [ -53.488591836049672, -22.970500977972787 ], [ -53.489068966857573, -22.969085462171812 ], [ -53.489776002803595, -22.966932035484451 ], [ -53.491024029338917, -22.963089723611738 ], [ -53.491078757716878, -22.962926909882178 ], [ -53.492593583431329, -22.958348175151976 ], [ -53.49305409841498, -22.957008653703966 ], [ -53.494356396945527, -22.95293978388105 ], [ -53.494826346369976, -22.951361694312634 ], [ -53.494862033393524, -22.951218769042587 ], [ -53.495590912137018, -22.948707854096433 ], [ -53.496004242672491, -22.947216866113433 ], [ -53.496447693266788, -22.945726306081117 ], [ -53.49688772314758, -22.944230382638946 ], [ -53.497322755364578, -22.942733453839509 ], [ -53.49779428138595, -22.941324057993242 ], [ -53.497831715903665, -22.941207555375811 ], [ -53.499081929603591, -22.937240499224824 ], [ -53.500254380890844, -22.933765758089706 ], [ -53.498133610065707, -22.933202448658239 ], [ -53.496076684618828, -22.932617341758835 ], [ -53.494023548356182, -22.93204668155624 ], [ -53.491969771218791, -22.931477447905365 ], [ -53.489907201612802, -22.930895595461767 ], [ -53.487841146615906, -22.930362157179481 ], [ -53.4860080848172, -22.929910982848398 ], [ -53.483415956178376, -22.929239118068931 ], [ -53.483234011668564, -22.929165411712297 ], [ -53.482626055775285, -22.929011616009767 ], [ -53.48210957977544, -22.928882386357817 ], [ -53.481228905166205, -22.92864735960794 ], [ -53.479809043652338, -22.92828263275889 ], [ -53.479732362179796, -22.928262435697096 ], [ -53.479057297969199, -22.928094598304838 ], [ -53.478288415163462, -22.927891300295105 ], [ -53.477201139955419, -22.927624630126051 ], [ -53.476527159940957, -22.927451799365652 ], [ -53.475098637250177, -22.92706513618387 ], [ -53.474242515398707, -22.926839255120139 ], [ -53.473877315365556, -22.926752957350942 ], [ -53.473468964583276, -22.926673379811014 ], [ -53.470251668843957, -22.925842577459644 ], [ -53.470036968841612, -22.925789316039261 ], [ -53.469967062701549, -22.925766390561357 ] ] ] ] } },
{ "type": "Feature", "properties": { "fid": 7, "municipio": "RESERVA", "nome": "FIO DE OURO", "amb": "Ambiental" }, "geometry": { "type": "MultiPolygon", "coordinates": [ [ [ [ -51.088183472448563, -24.635599331431578 ], [ -51.088713985296259, -24.635637529838988 ], [ -51.089266413507211, -24.63518784824544 ], [ -51.090509424714902, -24.633717160572722 ], [ -51.091237222479798, -24.632997621270821 ], [ -51.092560720119373, -24.632538913885824 ], [ -51.092807164377099, -24.63213868320819 ], [ -51.093219321409222, -24.632027367556045 ], [ -51.093695540703344, -24.63195192928163 ], [ -51.095199542875655, -24.631866856061972 ], [ -51.096327466291818, -24.631625465604333 ], [ -51.096794127126984, -24.631203014107367 ], [ -51.096791393273264, -24.630668213645794 ], [ -51.096907684778095, -24.629871051724422 ], [ -51.097501445400226, -24.628387265466451 ], [ -51.09794963471478, -24.627293941606531 ], [ -51.098192862278729, -24.626238664603967 ], [ -51.098371366735975, -24.625531098516063 ], [ -51.098558790208251, -24.625213291438719 ], [ -51.097841885498525, -24.624939245791154 ], [ -51.098522850764873, -24.624134705239392 ], [ -51.098702381050884, -24.623821184050001 ], [ -51.100979614029029, -24.624421055849705 ], [ -51.099556083762565, -24.622615849960084 ], [ -51.099600081872914, -24.622357771602932 ], [ -51.099983658959808, -24.620098601566589 ], [ -51.100562733295661, -24.619069079999438 ], [ -51.098289625317051, -24.618235489158195 ], [ -51.097400518442541, -24.61752374009578 ], [ -51.096989732846943, -24.618808643841241 ], [ -51.096970004534292, -24.618899884217779 ], [ -51.093930655586128, -24.614373519392483 ], [ -51.093829099490002, -24.614191380193233 ], [ -51.092160715199498, -24.612477039015932 ], [ -51.091979038669372, -24.612314699572128 ], [ -51.091353332229588, -24.612334236644369 ], [ -51.090275695987344, -24.612764662603485 ], [ -51.08971291976794, -24.612885100793775 ], [ -51.089515126026598, -24.612879555796688 ], [ -51.089248766562783, -24.612742127282566 ], [ -51.088946169337795, -24.612420521124637 ], [ -51.088825718351508, -24.612315184974253 ], [ -51.088619599308551, -24.612242123793607 ], [ -51.088406545696365, -24.6121975880599 ], [ -51.088297299363006, -24.613838758150816 ], [ -51.088140522916767, -24.615539274898879 ], [ -51.088132002953031, -24.615674554486748 ], [ -51.087632758462384, -24.615614804308837 ], [ -51.086899784172431, -24.615633373792395 ], [ -51.086773377806793, -24.616119723600171 ], [ -51.086681133362191, -24.616519928717651 ], [ -51.086539549633201, -24.617995585023937 ], [ -51.086564357242793, -24.618167992075282 ], [ -51.08683204273467, -24.618410569759114 ], [ -51.087082925418962, -24.618683565909222 ], [ -51.0870731523896, -24.619493656331173 ], [ -51.087016290257012, -24.619672260999295 ], [ -51.086980034254495, -24.619975507152922 ], [ -51.086621051609455, -24.62054230839097 ], [ -51.086519002407741, -24.62069792647716 ], [ -51.086253503042414, -24.621084773630237 ], [ -51.086064565296553, -24.621492981283264 ], [ -51.085793166536156, -24.622374886088863 ], [ -51.085822672690483, -24.623149053256927 ], [ -51.08569964300154, -24.623779561271512 ], [ -51.085354483672432, -24.624634421441407 ], [ -51.085123627072662, -24.624926849085977 ], [ -51.084830927229419, -24.625156704607807 ], [ -51.084310013823448, -24.625280548958578 ], [ -51.083914803401598, -24.625300025191244 ], [ -51.083321877621437, -24.625401905440036 ], [ -51.082755095750976, -24.625627040483625 ], [ -51.08220434653208, -24.626047381392688 ], [ -51.081926416778423, -24.626636904280826 ], [ -51.081850193574255, -24.627399379353928 ], [ -51.08173733032018, -24.627823137331312 ], [ -51.081372014234624, -24.628537016624378 ], [ -51.081442275801585, -24.629028637460678 ], [ -51.081702985265025, -24.629432368357435 ], [ -51.08211825878255, -24.629749194306324 ], [ -51.082505211572148, -24.630027695757526 ], [ -51.083312445898763, -24.631011841696985 ], [ -51.083444427252701, -24.631305022465156 ], [ -51.083456811188405, -24.631607969385499 ], [ -51.083221614524149, -24.632220979606693 ], [ -51.08275449503062, -24.632862340751078 ], [ -51.082541319232227, -24.63323844060675 ], [ -51.08239711545896, -24.633728678997464 ], [ -51.082138005759653, -24.634776550621002 ], [ -51.082066671447706, -24.635102402028014 ], [ -51.082035057079558, -24.635547989810622 ], [ -51.082026624070444, -24.636146306138219 ], [ -51.082438369036943, -24.635703599267707 ], [ -51.082841199268579, -24.635456790043548 ], [ -51.085185649044568, -24.634700037952818 ], [ -51.085745245521359, -24.63473696595657 ], [ -51.086093624444132, -24.634838561291055 ], [ -51.088183472448563, -24.635599331431578 ] ] ] ] } },
{ "type": "Feature", "properties": { "fid": 8, "municipio": "TIBAGI", "nome": "VASTO HORIZONTE", "amb": "Ambiental" }, "geometry": { "type": "MultiPolygon", "coordinates": [ [ [ [ -50.726884511192047, -24.794364264116773 ], [ -50.726716999453636, -24.794356789754971 ], [ -50.726382211945136, -24.794234312079102 ], [ -50.726139382528252, -24.793956682536905 ], [ -50.726029978396916, -24.793712750305247 ], [ -50.725993898912868, -24.793454615066633 ], [ -50.726067915863467, -24.793124995461895 ], [ -50.726204387239591, -24.792962757149141 ], [ -50.726340690492847, -24.792876983353089 ], [ -50.726555489625973, -24.792805690037689 ], [ -50.726650015894556, -24.792672049027384 ], [ -50.726643187145058, -24.792339165074615 ], [ -50.726704175423265, -24.791955570415581 ], [ -50.72676171596104, -24.791763504738533 ], [ -50.72702656033897, -24.791548930253004 ], [ -50.727463744628579, -24.79152583161461 ], [ -50.727663487950686, -24.791369494479508 ], [ -50.727682495838948, -24.791197961726841 ], [ -50.727653490053754, -24.791044218639474 ], [ -50.727538777292331, -24.790833731182914 ], [ -50.727434618606843, -24.790585030363051 ], [ -50.727414116923399, -24.79038427244906 ], [ -50.727477717845275, -24.790136158553448 ], [ -50.727572355884952, -24.789949947416481 ], [ -50.727026007149384, -24.789672368472697 ], [ -50.723167445096692, -24.793240892526875 ], [ -50.717278452180381, -24.795910854511277 ], [ -50.717242995945384, -24.796001895351843 ], [ -50.716861469756495, -24.795844659030344 ], [ -50.716655839418465, -24.795779246483363 ], [ -50.716239571304726, -24.795580941160168 ], [ -50.71598094709136, -24.795400642119567 ], [ -50.715479588243014, -24.794921914776136 ], [ -50.715277977320142, -24.794783283250627 ], [ -50.7149402919379, -24.794762086924671 ], [ -50.714956601700408, -24.79461931394156 ], [ -50.715131384431238, -24.794298831110201 ], [ -50.715178973651341, -24.794025193094477 ], [ -50.715237032499914, -24.793385118083997 ], [ -50.715272724414916, -24.792897328577773 ], [ -50.715308416330053, -24.792587998647019 ], [ -50.715558259735715, -24.792159695665983 ], [ -50.715796205836284, -24.791743289989974 ], [ -50.71582000044625, -24.791374473534034 ], [ -50.715831897751372, -24.791196013958658 ], [ -50.715938973496613, -24.790672532537286 ], [ -50.715915178886469, -24.790422689131713 ], [ -50.715929455652535, -24.789994386150724 ], [ -50.715900902120538, -24.789784993582192 ], [ -50.715928503868184, -24.789516114488521 ], [ -50.715726249682675, -24.78921868186271 ], [ -50.71541549207533, -24.78895932061317 ], [ -50.715543031185163, -24.788557191703202 ], [ -50.715704834533632, -24.788300209914521 ], [ -50.71578430853129, -24.788067022735888 ], [ -50.715704834533653, -24.788024192437824 ], [ -50.715405022446859, -24.788076540579922 ], [ -50.714869643720512, -24.788195513630289 ], [ -50.714701653773595, -24.788338281290603 ], [ -50.71434378283832, -24.788519120327106 ], [ -50.714067765361612, -24.788738030739623 ], [ -50.713759387215291, -24.788718995051507 ], [ -50.713683244463105, -24.788528638171069 ], [ -50.713582355316476, -24.788462013262929 ], [ -50.713435780518523, -24.788481048950985 ], [ -50.713337486837609, -24.788640697358268 ], [ -50.713140727353768, -24.788995012528257 ], [ -50.713093138133544, -24.789318619224925 ], [ -50.712849481326643, -24.789585118857701 ], [ -50.712750495748764, -24.789720748135039 ], [ -50.712630570914079, -24.789965832618567 ], [ -50.712402142657531, -24.790613046012201 ], [ -50.712227014327489, -24.79091047863794 ], [ -50.712049982428702, -24.791203152341549 ], [ -50.711897696924318, -24.791364955690067 ], [ -50.711783482795987, -24.791621937478741 ], [ -50.711464635021265, -24.792131142133883 ], [ -50.711026814196181, -24.792264391950233 ], [ -50.710868342093164, -24.792711730619303 ], [ -50.710658949524642, -24.793473158141175 ], [ -50.710336770504462, -24.793941911959394 ], [ -50.710075981578207, -24.794029952016519 ], [ -50.709908467523427, -24.794322625720302 ], [ -50.709827881281278, -24.794635794075649 ], [ -50.709799964101585, -24.794867522290566 ], [ -50.709809567314018, -24.795261183910483 ], [ -50.709714303505372, -24.79570509256472 ], [ -50.709602468838042, -24.796000145729284 ], [ -50.709523946624785, -24.796266645361982 ], [ -50.709340728127451, -24.79652362715068 ], [ -50.709245549687232, -24.796797265166365 ], [ -50.709186063162036, -24.797118492402131 ], [ -50.709186063162065, -24.797356438502707 ], [ -50.709057572267767, -24.797599143525293 ], [ -50.709158937306604, -24.797796638788821 ], [ -50.709434954783248, -24.798189249854708 ], [ -50.709444472627254, -24.798332017515047 ], [ -50.709099450781416, -24.798845981092342 ], [ -50.709112299870874, -24.799176726172181 ], [ -50.709171786395942, -24.799961948304137 ], [ -50.709219375616037, -24.800199894404681 ], [ -50.70925506753121, -24.800544916250526 ], [ -50.709243170226216, -24.800854246181238 ], [ -50.709124197175839, -24.801068397671781 ], [ -50.709029018735635, -24.801389624907543 ], [ -50.70887435377027, -24.801603776398164 ], [ -50.708731586109955, -24.801758441363447 ], [ -50.708467465938305, -24.801796512739585 ], [ -50.708365730511204, -24.801878602704821 ], [ -50.708112926248361, -24.802055873989278 ], [ -50.707803596317689, -24.802079668599262 ], [ -50.707687002728434, -24.802224815720674 ], [ -50.707487128003912, -24.802196262188549 ], [ -50.707315806811472, -24.802377101225009 ], [ -50.707106414242951, -24.802500833197278 ], [ -50.706944610894524, -24.802624565169648 ], [ -50.706697146949914, -24.802769712290964 ], [ -50.706590071204651, -24.802983863781478 ], [ -50.706353586777198, -24.803234112599508 ], [ -50.704110961837195, -24.801181360778084 ], [ -50.704065532015676, -24.801480406984282 ], [ -50.703938687995091, -24.8019819563015 ], [ -50.703678336057074, -24.80248324115405 ], [ -50.70366935822527, -24.802956349222761 ], [ -50.703700056205541, -24.803257490080757 ], [ -50.70365828448633, -24.804311187507142 ], [ -50.703618557050831, -24.804504660261745 ], [ -50.703523940332047, -24.804662181395582 ], [ -50.703287841078421, -24.804869601974278 ], [ -50.703083308732566, -24.805012567673373 ], [ -50.702847430212991, -24.805126796555495 ], [ -50.702084731695805, -24.805505214168331 ], [ -50.701670442993894, -24.805890956115796 ], [ -50.701267577989341, -24.806031265610152 ], [ -50.701062515587637, -24.806160562867024 ], [ -50.700992450193382, -24.806360185081147 ], [ -50.700666856278836, -24.806599927855839 ], [ -50.699939318085285, -24.806993786393978 ], [ -50.699177689078716, -24.807268766738101 ], [ -50.698812881537449, -24.80747718867087 ], [ -50.697923514231057, -24.807939410910716 ], [ -50.697519853229039, -24.80804856885154 ], [ -50.697263401077144, -24.808198510710184 ], [ -50.69711771187599, -24.80830978785141 ], [ -50.696804003025932, -24.808572124235351 ], [ -50.696533665690133, -24.808828253144235 ], [ -50.696080574596493, -24.809109045021074 ], [ -50.69587639018291, -24.809299232577107 ], [ -50.695740345310845, -24.80948440543489 ], [ -50.69554506758594, -24.809803903824314 ], [ -50.695281418221391, -24.810236270625506 ], [ -50.6951011629424, -24.81057000512595 ], [ -50.694813330710033, -24.810875920498631 ], [ -50.694789373145959, -24.811127481992184 ], [ -50.694580056139394, -24.811916782561795 ], [ -50.694521821357824, -24.812148585886128 ], [ -50.698087876776917, -24.814986829857713 ], [ -50.69846810197572, -24.815285284456358 ], [ -50.700646466441434, -24.816901600244787 ], [ -50.703011761369829, -24.818168557161851 ], [ -50.709517998867334, -24.821406561145164 ], [ -50.711139865287855, -24.819224937563856 ], [ -50.713039313864435, -24.816686425721798 ], [ -50.713342197065828, -24.816237846595527 ], [ -50.714433977055926, -24.815977143751578 ], [ -50.715593613626538, -24.815668425388555 ], [ -50.718534480554943, -24.813970568112829 ], [ -50.721936939120532, -24.811891181669569 ], [ -50.7241295615962, -24.811277719949196 ], [ -50.725665501946928, -24.810048924733984 ], [ -50.726793108145579, -24.809387335135163 ], [ -50.726447519487806, -24.808824300025879 ], [ -50.726611517250063, -24.808365947239398 ], [ -50.727100210264098, -24.80751881302 ], [ -50.727485293021218, -24.806830005115142 ], [ -50.72768509341158, -24.80643434800195 ], [ -50.728043535182351, -24.80573465864121 ], [ -50.728485614394025, -24.804688848655413 ], [ -50.728557018114742, -24.803154901579408 ], [ -50.728411691262735, -24.802571593110429 ], [ -50.728161696339541, -24.801968978139325 ], [ -50.727895496620754, -24.80159572795581 ], [ -50.72797403209772, -24.801479179836555 ], [ -50.728522744936967, -24.800664872358318 ], [ -50.728631791204293, -24.80042122582374 ], [ -50.730174582635215, -24.799354550266795 ], [ -50.730535032838404, -24.798603018887057 ], [ -50.730483153868263, -24.7983830888341 ], [ -50.73053064428489, -24.798211128295399 ], [ -50.730664131395358, -24.798218537188035 ], [ -50.730844644253118, -24.798269042064639 ], [ -50.73093912890721, -24.798154514594497 ], [ -50.730955170199088, -24.797999224065961 ], [ -50.730853245190559, -24.797922575867396 ], [ -50.730677926924386, -24.797891196581027 ], [ -50.730458040864299, -24.797890800697505 ], [ -50.730079229253377, -24.797945077086009 ], [ -50.730046740881917, -24.79783748969291 ], [ -50.730131983871871, -24.797759983753071 ], [ -50.73028266892446, -24.797682595723643 ], [ -50.730498744278556, -24.797629220601273 ], [ -50.731024318252594, -24.797731041383802 ], [ -50.731225491377174, -24.797911812255769 ], [ -50.731290920798891, -24.797917903575463 ], [ -50.731356620487411, -24.797798545086035 ], [ -50.731247952379121, -24.797409255010834 ], [ -50.730926295959179, -24.797126197589527 ], [ -50.730739020329608, -24.796571490001725 ], [ -50.730500946885115, -24.796206260010202 ], [ -50.73019844645696, -24.795675239460781 ], [ -50.72990068704673, -24.795373621669274 ], [ -50.729571424229235, -24.795114957893766 ], [ -50.729108632651787, -24.79487038894494 ], [ -50.728802604063191, -24.794762305894313 ], [ -50.728535809146038, -24.794668630564558 ], [ -50.728042481273278, -24.794431808710264 ], [ -50.727881838716797, -24.794358912154888 ], [ -50.727709138633486, -24.79432992370414 ], [ -50.72746573169379, -24.794315143495371 ], [ -50.727190850713313, -24.794328979877868 ], [ -50.726884511192047, -24.794364264116773 ] ] ] ] } },
{ "type": "Feature", "properties": { "fid": 9, "municipio": "GUARAPUAVA", "nome": "FAZENDA CAROLINA", "amb": "Ambiental" }, "geometry": { "type": "MultiPolygon", "coordinates": [ [ [ [ -51.762762235636089, -25.243133251549011 ], [ -51.763042172709085, -25.243012605994419 ], [ -51.762976863713085, -25.242189471526437 ], [ -51.762871753003708, -25.242290611786373 ], [ -51.762674985223121, -25.242214599481553 ], [ -51.762651255755095, -25.242071501637351 ], [ -51.76249330677588, -25.241979034142361 ], [ -51.762563302451753, -25.242280916549078 ], [ -51.762197604091241, -25.242182387122323 ], [ -51.762255919889725, -25.242012678013424 ], [ -51.761882493906128, -25.241932609447815 ], [ -51.762291316908581, -25.241861599242061 ], [ -51.762543741054515, -25.240944173672766 ], [ -51.762728070663265, -25.240936629952145 ], [ -51.763447617380173, -25.240588768785777 ], [ -51.763104974719553, -25.240524708357128 ], [ -51.763260678933612, -25.240464665267613 ], [ -51.763059340445693, -25.24026044691896 ], [ -51.763186194115491, -25.240143571806904 ], [ -51.763260088988687, -25.23992510855523 ], [ -51.763044151364568, -25.239831406024702 ], [ -51.76301564606996, -25.240084220755861 ], [ -51.762706507922907, -25.240345257347446 ], [ -51.762638307118934, -25.240203562992267 ], [ -51.76284677931416, -25.240007883877979 ], [ -51.762678237102705, -25.239935789363145 ], [ -51.762739189121504, -25.239647859936159 ], [ -51.76266627306714, -25.239816470694571 ], [ -51.762464164291835, -25.239838554536334 ], [ -51.762198804785328, -25.23973246341588 ], [ -51.762445274059253, -25.239754850936329 ], [ -51.762462841628576, -25.239531079969183 ], [ -51.762161313219281, -25.239436192388865 ], [ -51.762230815378345, -25.239309138817081 ], [ -51.762463331857276, -25.239386863694428 ], [ -51.762581404052717, -25.239310670725342 ], [ -51.762465070021193, -25.239156221089864 ], [ -51.762165877689327, -25.239085522622293 ], [ -51.762261464859378, -25.239033737392639 ], [ -51.762463881929648, -25.238886221510111 ], [ -51.762335953574365, -25.238639722614867 ], [ -51.762318205098538, -25.238165994762117 ], [ -51.762560469085862, -25.23805592946302 ], [ -51.762454482299816, -25.237856997322414 ], [ -51.762437184712596, -25.237726147345121 ], [ -51.762285538785754, -25.238022491359004 ], [ -51.762051369150626, -25.237965815248792 ], [ -51.762235583695798, -25.237908696506071 ], [ -51.762189688944297, -25.237809148548614 ], [ -51.762274606321711, -25.237527236190093 ], [ -51.761954435629455, -25.237387473390662 ], [ -51.76197493926864, -25.237268258065139 ], [ -51.762329473744678, -25.237314379978191 ], [ -51.762217372625287, -25.237169660942172 ], [ -51.762280632850235, -25.236710595618828 ], [ -51.762475453929873, -25.236635180684662 ], [ -51.762289971809786, -25.236281789045091 ], [ -51.76224165539309, -25.236080391837369 ], [ -51.76196669271382, -25.235802141897931 ], [ -51.761867761808759, -25.235476387473877 ], [ -51.761747328605033, -25.235061705091489 ], [ -51.761875872589009, -25.23496179934304 ], [ -51.761467199228619, -25.234702569291191 ], [ -51.762368550326734, -25.234156013117094 ], [ -51.762570969060256, -25.233994138960171 ], [ -51.762817259694657, -25.233592012739077 ], [ -51.765073250466344, -25.229581552528373 ], [ -51.767209492066776, -25.225970187302245 ], [ -51.768710563868538, -25.223274608640327 ], [ -51.769864435449186, -25.221322572850468 ], [ -51.771268943450224, -25.219121248547822 ], [ -51.773725626030355, -25.21537961744033 ], [ -51.771667170741814, -25.214755455675729 ], [ -51.768552725640582, -25.213795683309186 ], [ -51.764205042350625, -25.212466653001876 ], [ -51.7628851984948, -25.216251303848683 ], [ -51.758902688201047, -25.214714613087398 ], [ -51.757099325631039, -25.213961609466704 ], [ -51.754745048940187, -25.212996926433618 ], [ -51.753198579537511, -25.212428858316141 ], [ -51.752257131450826, -25.212069638613141 ], [ -51.74981068694175, -25.211116993455558 ], [ -51.74960786543862, -25.212246904872618 ], [ -51.749783563508814, -25.212651927743135 ], [ -51.750979670313775, -25.214199345910796 ], [ -51.751232654186403, -25.215242870429865 ], [ -51.751796334500398, -25.215960806203451 ], [ -51.752099160926647, -25.216342151973183 ], [ -51.751748771161637, -25.217186193309885 ], [ -51.752112407422679, -25.2190779135986 ], [ -51.752449966409522, -25.219633366939245 ], [ -51.75302317367148, -25.219153014516341 ], [ -51.754050331366926, -25.218961843898505 ], [ -51.75892155939087, -25.218364663124571 ], [ -51.759320968918132, -25.218244766307532 ], [ -51.759057001139432, -25.220818408475985 ], [ -51.759191337503715, -25.221141906947132 ], [ -51.759146354846891, -25.221459734237442 ], [ -51.758888876837268, -25.222360927492744 ], [ -51.75871827210738, -25.22286415983811 ], [ -51.758785245197153, -25.222986357409479 ], [ -51.758415357073368, -25.224747632159723 ], [ -51.757974105283751, -25.226849353353465 ], [ -51.757039585920751, -25.228639707088746 ], [ -51.756171764552064, -25.230271051136377 ], [ -51.75683136375018, -25.230462006610917 ], [ -51.756894253715018, -25.23087039627281 ], [ -51.759218587135166, -25.23394078586449 ], [ -51.760005057059168, -25.234892419263197 ], [ -51.760035761898287, -25.235072325490737 ], [ -51.755907802639165, -25.235813488525629 ], [ -51.753736838124262, -25.236516210924304 ], [ -51.750964249483658, -25.236938770577336 ], [ -51.744359494372183, -25.23849362233026 ], [ -51.743365077769063, -25.238694225979621 ], [ -51.742199915254211, -25.238785240100064 ], [ -51.741711981419108, -25.238990872793245 ], [ -51.741162546846894, -25.240041056966191 ], [ -51.741140584136993, -25.241019963299181 ], [ -51.74132572225254, -25.241358122734489 ], [ -51.742142943394313, -25.245049494490736 ], [ -51.736331153000322, -25.247967740469619 ], [ -51.737899411058159, -25.249992365941939 ], [ -51.737941845304952, -25.250113250382512 ], [ -51.738161680816411, -25.250704088579134 ], [ -51.739175105938614, -25.252150190125182 ], [ -51.739106952910333, -25.252226385811262 ], [ -51.739469638884486, -25.252973272795167 ], [ -51.740790457506485, -25.252787130544071 ], [ -51.743617550535497, -25.250340519829987 ], [ -51.743720723429696, -25.250259811215702 ], [ -51.744415008834835, -25.249707993332361 ], [ -51.748197667428187, -25.250328043003481 ], [ -51.749065736743674, -25.249507213603305 ], [ -51.750750317818586, -25.247899575237586 ], [ -51.752083770686752, -25.248180947847608 ], [ -51.755507451622456, -25.249873810894158 ], [ -51.757426006364582, -25.247436733167138 ], [ -51.760486283725179, -25.247640262951457 ], [ -51.760974574691431, -25.246344069489371 ], [ -51.761503034186354, -25.246316783497946 ], [ -51.761419637475676, -25.245935774234852 ], [ -51.761409207848907, -25.245664287340965 ], [ -51.761774861230244, -25.24549922472869 ], [ -51.761465389451779, -25.245295110577903 ], [ -51.761587970430185, -25.245288157390235 ], [ -51.761701614161232, -25.245121775357209 ], [ -51.761755353324517, -25.24487063690238 ], [ -51.762085610195633, -25.244650400447888 ], [ -51.762023221137113, -25.244326444774853 ], [ -51.761749074528446, -25.244022815749471 ], [ -51.762088140134608, -25.243368628618853 ], [ -51.762486391801808, -25.243098464224509 ], [ -51.762762235636089, -25.243133251549011 ] ] ] ] } },
{ "type": "Feature", "properties": { "fid": 10, "municipio": "PEABIRU", "nome": "SANTA RITA", "amb": "Ambiental" }, "geometry": { "type": "MultiPolygon", "coordinates": [ [ [ [ -52.2225075, -23.96429861 ], [ -52.22242778, -23.96432278 ], [ -52.22237194, -23.96434139 ], [ -52.22234278, -23.9643475 ], [ -52.22226333, -23.96438056 ], [ -52.22220222, -23.96440333 ], [ -52.22208, -23.96444861 ], [ -52.22202083, -23.96447028 ], [ -52.22196111, -23.96449472 ], [ -52.22190139, -23.96452028 ], [ -52.2218425, -23.96454667 ], [ -52.22178528, -23.96457361 ], [ -52.22173083, -23.96460111 ], [ -52.22168083, -23.96462889 ], [ -52.22163389, -23.96465667 ], [ -52.22159083, -23.96468361 ], [ -52.22153778, -23.96471833 ], [ -52.2214875, -23.96475222 ], [ -52.2214375, -23.9647875 ], [ -52.22139083, -23.96482278 ], [ -52.22134222, -23.96486056 ], [ -52.22129444, -23.96489833 ], [ -52.22124944, -23.96493417 ], [ -52.22120806, -23.9649675 ], [ -52.22115778, -23.96500889 ], [ -52.22110778, -23.96505111 ], [ -52.22105639, -23.96509222 ], [ -52.22100556, -23.96512944 ], [ -52.22095306, -23.96516778 ], [ -52.22089778, -23.9652075 ], [ -52.22084194, -23.96524833 ], [ -52.22080167, -23.96527639 ], [ -52.22075083, -23.9653125 ], [ -52.22070222, -23.96534528 ], [ -52.22064556, -23.965385 ], [ -52.22058722, -23.96542528 ], [ -52.22052639, -23.96546556 ], [ -52.22046556, -23.9655025 ], [ -52.22040111, -23.96553722 ], [ -52.22033583, -23.96556611 ], [ -52.22027, -23.96559139 ], [ -52.22020167, -23.96561139 ], [ -52.22013389, -23.96562778 ], [ -52.22010972, -23.96563139 ], [ -52.22006194, -23.96564 ], [ -52.21998833, -23.96564389 ], [ -52.21991583, -23.96564139 ], [ -52.21984556, -23.96563333 ], [ -52.21977972, -23.96562194 ], [ -52.21971694, -23.96561083 ], [ -52.21966722, -23.96560139 ], [ -52.21960222, -23.96558833 ], [ -52.21953806, -23.96557528 ], [ -52.21947667, -23.96556056 ], [ -52.21941889, -23.96554722 ], [ -52.21936333, -23.96553556 ], [ -52.21931, -23.96552472 ], [ -52.21925583, -23.96551444 ], [ -52.21919861, -23.9655025 ], [ -52.21914444, -23.96548667 ], [ -52.21909639, -23.96547278 ], [ -52.21903389, -23.96545444 ], [ -52.21897, -23.9654375 ], [ -52.21892056, -23.96542361 ], [ -52.21887139, -23.96541056 ], [ -52.21881917, -23.96539639 ], [ -52.21876556, -23.96538194 ], [ -52.21871139, -23.96536694 ], [ -52.2186575, -23.9653525 ], [ -52.21860333, -23.96533861 ], [ -52.21855167, -23.96532472 ], [ -52.21850056, -23.96531167 ], [ -52.21844972, -23.96529833 ], [ -52.21839917, -23.96528583 ], [ -52.21834694, -23.96527306 ], [ -52.21818694, -23.96521417 ], [ -52.21798556, -23.96519278 ], [ -52.217915, -23.96517667 ], [ -52.21785944, -23.96516361 ], [ -52.21780944, -23.96515222 ], [ -52.21774861, -23.96513917 ], [ -52.21767556, -23.96512389 ], [ -52.21762361, -23.96511306 ], [ -52.21756972, -23.96510194 ], [ -52.21751306, -23.96509056 ], [ -52.21745722, -23.96507722 ], [ -52.217405, -23.96506611 ], [ -52.21735056, -23.96505556 ], [ -52.21729667, -23.96504417 ], [ -52.21724333, -23.96503306 ], [ -52.21718972, -23.96502194 ], [ -52.21713611, -23.96501 ], [ -52.21708306, -23.96499889 ], [ -52.21703, -23.96498972 ], [ -52.21697528, -23.96498083 ], [ -52.21691889, -23.96497194 ], [ -52.21686083, -23.96496194 ], [ -52.2167925, -23.96495111 ], [ -52.21673083, -23.96494333 ], [ -52.21666444, -23.96493389 ], [ -52.21655, -23.96492139 ], [ -52.216495, -23.9649125 ], [ -52.21642139, -23.96490139 ], [ -52.21632333, -23.96488639 ], [ -52.21626, -23.96489861 ], [ -52.21620306, -23.96490972 ], [ -52.21615611, -23.96491861 ], [ -52.21610972, -23.96492778 ], [ -52.21605889, -23.9649375 ], [ -52.21598889, -23.96495111 ], [ -52.21592194, -23.96496306 ], [ -52.21585083, -23.96497722 ], [ -52.21577778, -23.96499083 ], [ -52.21564944, -23.96501833 ], [ -52.2155825, -23.9650325 ], [ -52.21551861, -23.96504611 ], [ -52.21545611, -23.96506194 ], [ -52.21539222, -23.96507972 ], [ -52.21532972, -23.96509778 ], [ -52.21526722, -23.96511889 ], [ -52.21520639, -23.96514056 ], [ -52.21514889, -23.96516444 ], [ -52.21509167, -23.96519083 ], [ -52.21503444, -23.96521917 ], [ -52.21497694, -23.96525028 ], [ -52.21492194, -23.96528222 ], [ -52.21487111, -23.96531444 ], [ -52.21482194, -23.96534944 ], [ -52.21477222, -23.96538639 ], [ -52.21472167, -23.96542333 ], [ -52.21467111, -23.96546028 ], [ -52.21462806, -23.96549083 ], [ -52.21458361, -23.96552472 ], [ -52.21454361, -23.96555528 ], [ -52.21450083, -23.96558806 ], [ -52.21445639, -23.96562139 ], [ -52.21441167, -23.96565472 ], [ -52.21436861, -23.96568611 ], [ -52.214325, -23.96571861 ], [ -52.21428194, -23.96575139 ], [ -52.21423917, -23.96578444 ], [ -52.21419722, -23.96581722 ], [ -52.214155, -23.96585083 ], [ -52.21411222, -23.965885 ], [ -52.21406778, -23.96592 ], [ -52.21402194, -23.96595444 ], [ -52.21396806, -23.96599444 ], [ -52.2139075, -23.96604111 ], [ -52.21384333, -23.96608778 ], [ -52.21380639, -23.96611167 ], [ -52.21371944, -23.96617778 ], [ -52.21365833, -23.966225 ], [ -52.21359833, -23.96626972 ], [ -52.21354167, -23.9663125 ], [ -52.2134825, -23.96635556 ], [ -52.21341778, -23.96639778 ], [ -52.21341028, -23.96640278 ], [ -52.21334889, -23.96643806 ], [ -52.21327944, -23.96647472 ], [ -52.21321222, -23.9665075 ], [ -52.213145, -23.96654056 ], [ -52.21307667, -23.96656972 ], [ -52.21301028, -23.9665975 ], [ -52.21294667, -23.96662028 ], [ -52.21288278, -23.96664167 ], [ -52.21282083, -23.96666167 ], [ -52.21270056, -23.96669278 ], [ -52.21264417, -23.96670333 ], [ -52.21258472, -23.96671306 ], [ -52.21252167, -23.96672111 ], [ -52.21245472, -23.9667275 ], [ -52.21238139, -23.96673278 ], [ -52.2123025, -23.96673333 ], [ -52.21221889, -23.96672972 ], [ -52.21195917, -23.96669028 ], [ -52.21189806, -23.96667722 ], [ -52.21182444, -23.96665361 ], [ -52.21179028, -23.96664611 ], [ -52.21173389, -23.96663111 ], [ -52.21167389, -23.96661639 ], [ -52.21161139, -23.9666 ], [ -52.21154917, -23.96658417 ], [ -52.21148833, -23.9665675 ], [ -52.211345, -23.96653083 ], [ -52.21126417, -23.96650722 ], [ -52.21118806, -23.96648639 ], [ -52.21111278, -23.96646528 ], [ -52.21104111, -23.96644278 ], [ -52.21097139, -23.96642278 ], [ -52.21090389, -23.966405 ], [ -52.21083861, -23.96638833 ], [ -52.21077528, -23.96637417 ], [ -52.21072778, -23.96635111 ], [ -52.20980417, -23.966835 ], [ -52.20799667, -23.96769667 ], [ -52.206005, -23.96860278 ], [ -52.20294833, -23.97010306 ], [ -52.19960056, -23.97178639 ], [ -52.19594194, -23.9734225 ], [ -52.19242778, -23.9750975 ], [ -52.19046639, -23.97601528 ], [ -52.18848833, -23.97698 ], [ -52.18562806, -23.97836222 ], [ -52.18456944, -23.97888889 ], [ -52.18254028, -23.98002667 ], [ -52.18076833, -23.981725 ], [ -52.17994528, -23.98293083 ], [ -52.17906667, -23.98451417 ], [ -52.17850278, -23.9855625 ], [ -52.17847389, -23.98561611 ], [ -52.17825278, -23.98562861 ], [ -52.17817917, -23.98587333 ], [ -52.17764028, -23.98583194 ], [ -52.17680611, -23.98553111 ], [ -52.17685917, -23.98544306 ], [ -52.17603472, -23.985215 ], [ -52.17616306, -23.9850625 ], [ -52.17611861, -23.98504444 ], [ -52.17597528, -23.98483028 ], [ -52.17592417, -23.98494556 ], [ -52.17562028, -23.98513333 ], [ -52.17545444, -23.9850475 ], [ -52.17419528, -23.98479139 ], [ -52.17364278, -23.98467167 ], [ -52.17307472, -23.98438778 ], [ -52.17272944, -23.98386917 ], [ -52.17195306, -23.9832225 ], [ -52.17177167, -23.98302111 ], [ -52.17141528, -23.98317167 ], [ -52.17138083, -23.98297472 ], [ -52.17093611, -23.98273083 ], [ -52.17078611, -23.98287028 ], [ -52.17058583, -23.98272917 ], [ -52.17042583, -23.98272806 ], [ -52.17031222, -23.98283278 ], [ -52.1695675, -23.98250389 ], [ -52.16948944, -23.98240222 ], [ -52.16913889, -23.98229778 ], [ -52.16871, -23.98215278 ], [ -52.16851306, -23.9823525 ], [ -52.1678175, -23.98268083 ], [ -52.16776528, -23.98266361 ], [ -52.167815, -23.98248778 ], [ -52.16739139, -23.98253417 ], [ -52.16734944, -23.98253833 ], [ -52.16727528, -23.9823775 ], [ -52.16689917, -23.98242139 ], [ -52.16687222, -23.98244806 ], [ -52.16675389, -23.98225861 ], [ -52.16649694, -23.98225389 ], [ -52.16648694, -23.98211 ], [ -52.16619833, -23.98224611 ], [ -52.16610139, -23.98241222 ], [ -52.16583806, -23.98228833 ], [ -52.1655625, -23.98232167 ], [ -52.1653975, -23.98243583 ], [ -52.16511472, -23.98245583 ], [ -52.16520944, -23.98215639 ], [ -52.16475806, -23.9819625 ], [ -52.164745, -23.98181444 ], [ -52.16429889, -23.98156083 ], [ -52.1639075, -23.98161194 ], [ -52.16388389, -23.98159694 ], [ -52.16391056, -23.98141528 ], [ -52.16369222, -23.98153889 ], [ -52.16330889, -23.98167389 ], [ -52.16311472, -23.981725 ], [ -52.1630675, -23.98197167 ], [ -52.16300972, -23.98267722 ], [ -52.16296, -23.98312361 ], [ -52.16297694, -23.98339278 ], [ -52.16291917, -23.9834875 ], [ -52.16295667, -23.98368417 ], [ -52.1625975, -23.98409444 ], [ -52.16227417, -23.98431528 ], [ -52.16200944, -23.98433611 ], [ -52.16174167, -23.9842 ], [ -52.16136806, -23.98368194 ], [ -52.16110389, -23.98360111 ], [ -52.16078611, -23.98323028 ], [ -52.16055611, -23.98292444 ], [ -52.16027861, -23.98281667 ], [ -52.15931389, -23.98295194 ], [ -52.15904528, -23.98348361 ], [ -52.15875722, -23.98403806 ], [ -52.15850222, -23.98442806 ], [ -52.15798028, -23.98506111 ], [ -52.15777389, -23.98523694 ], [ -52.15764694, -23.98524583 ], [ -52.15755639, -23.98533444 ], [ -52.15749083, -23.98544778 ], [ -52.15744167, -23.98554083 ], [ -52.15717, -23.98573583 ], [ -52.15696389, -23.98596806 ], [ -52.15679889, -23.98617722 ], [ -52.15660306, -23.98632972 ], [ -52.15648389, -23.98655222 ], [ -52.15643861, -23.98653333 ], [ -52.15633333, -23.98650917 ], [ -52.15622444, -23.98657722 ], [ -52.15610667, -23.98656278 ], [ -52.15589778, -23.98654306 ], [ -52.15584917, -23.98659972 ], [ -52.15567778, -23.98662639 ], [ -52.15570917, -23.98675639 ], [ -52.15561056, -23.98687694 ], [ -52.15569917, -23.98702917 ], [ -52.15574139, -23.98703 ], [ -52.15579694, -23.98704528 ], [ -52.15582556, -23.98710167 ], [ -52.15593472, -23.98713167 ], [ -52.15601306, -23.98707417 ], [ -52.15619917, -23.98703639 ], [ -52.15680778, -23.98691639 ], [ -52.15709611, -23.98681556 ], [ -52.15719944, -23.9867175 ], [ -52.1573925, -23.98676139 ], [ -52.15750222, -23.98677278 ], [ -52.15786833, -23.98674639 ], [ -52.15836972, -23.98672972 ], [ -52.15874278, -23.98676 ], [ -52.15915389, -23.98682139 ], [ -52.15948639, -23.98688389 ], [ -52.15972806, -23.98711556 ], [ -52.16000944, -23.98757028 ], [ -52.16013417, -23.98781972 ], [ -52.16042056, -23.98818306 ], [ -52.16063194, -23.98837778 ], [ -52.16078889, -23.98854417 ], [ -52.16090972, -23.98864417 ], [ -52.16121972, -23.98916444 ], [ -52.16131917, -23.9893825 ], [ -52.16122361, -23.98969472 ], [ -52.16117694, -23.98983722 ], [ -52.16112139, -23.99001361 ], [ -52.16073583, -23.99038083 ], [ -52.16038417, -23.99061222 ], [ -52.16013528, -23.99090389 ], [ -52.16013556, -23.99101639 ], [ -52.16030278, -23.99116556 ], [ -52.16068361, -23.99119167 ], [ -52.16111917, -23.99131528 ], [ -52.16122056, -23.99137361 ], [ -52.16129611, -23.99130056 ], [ -52.16146111, -23.99126583 ], [ -52.16246694, -23.99097667 ], [ -52.16285528, -23.99086694 ], [ -52.16329028, -23.99053139 ], [ -52.16348028, -23.99055083 ], [ -52.16369694, -23.99056417 ], [ -52.16381139, -23.99060361 ], [ -52.16412972, -23.99076583 ], [ -52.1642625, -23.99096556 ], [ -52.16446944, -23.99139472 ], [ -52.16458722, -23.99148389 ], [ -52.16478472, -23.99183861 ], [ -52.16489417, -23.99209833 ], [ -52.16494667, -23.99247028 ], [ -52.16485417, -23.99274444 ], [ -52.16513917, -23.99319611 ], [ -52.16513306, -23.99322194 ], [ -52.16509194, -23.99347528 ], [ -52.16500944, -23.99381083 ], [ -52.16486083, -23.99386972 ], [ -52.16395806, -23.99411833 ], [ -52.16355944, -23.99421278 ], [ -52.16333972, -23.99427417 ], [ -52.16317306, -23.99432444 ], [ -52.16308167, -23.99438222 ], [ -52.16291306, -23.99448083 ], [ -52.16268667, -23.99459583 ], [ -52.16243083, -23.99482333 ], [ -52.16242111, -23.99487167 ], [ -52.16238167, -23.99491111 ], [ -52.16228667, -23.9951125 ], [ -52.16234861, -23.99513722 ], [ -52.16237806, -23.99550611 ], [ -52.16248278, -23.99575 ], [ -52.16225194, -23.99620889 ], [ -52.16210556, -23.99647278 ], [ -52.16209056, -23.99656111 ], [ -52.16220083, -23.996905 ], [ -52.16237611, -23.99728278 ], [ -52.16238639, -23.99729167 ], [ -52.1624625, -23.99743222 ], [ -52.16263, -23.997645 ], [ -52.16296806, -23.99777972 ], [ -52.16304333, -23.997675 ], [ -52.1631825, -23.99734694 ], [ -52.16324778, -23.99718917 ], [ -52.16346556, -23.99720972 ], [ -52.16396583, -23.99730667 ], [ -52.16418556, -23.99739917 ], [ -52.16436528, -23.99774972 ], [ -52.16441, -23.99787917 ], [ -52.16444889, -23.9979025 ], [ -52.16490667, -23.99779444 ], [ -52.16509278, -23.99775 ], [ -52.1652, -23.99773278 ], [ -52.16527333, -23.99768972 ], [ -52.16528361, -23.99768556 ], [ -52.16544556, -23.99755806 ], [ -52.16566389, -23.99740389 ], [ -52.1658625, -23.99728472 ], [ -52.16620028, -23.99715333 ], [ -52.16656389, -23.99693278 ], [ -52.1675175, -23.99622722 ], [ -52.16754583, -23.99597139 ], [ -52.16791083, -23.99579583 ], [ -52.16796583, -23.99571889 ], [ -52.16800111, -23.99567944 ], [ -52.1681225, -23.99570694 ], [ -52.16845111, -23.99585139 ], [ -52.16868861, -23.99605111 ], [ -52.16885444, -23.99615444 ], [ -52.16893972, -23.99614694 ], [ -52.16900583, -23.99613639 ], [ -52.1691675, -23.99592556 ], [ -52.16932056, -23.99574028 ], [ -52.16934083, -23.99572917 ], [ -52.16962056, -23.99551361 ], [ -52.16982361, -23.99534139 ], [ -52.16994417, -23.99526667 ], [ -52.17010778, -23.99520639 ], [ -52.17018222, -23.9952025 ], [ -52.17037722, -23.99524417 ], [ -52.17052444, -23.99534917 ], [ -52.170825, -23.995505 ], [ -52.17108778, -23.99556889 ], [ -52.17118111, -23.99558778 ], [ -52.17124611, -23.99559917 ], [ -52.17132444, -23.99566333 ], [ -52.17142472, -23.99585306 ], [ -52.17155056, -23.99600139 ], [ -52.1715475, -23.99606417 ], [ -52.17158361, -23.99622333 ], [ -52.17152167, -23.99650444 ], [ -52.17127528, -23.99683 ], [ -52.17111528, -23.997015 ], [ -52.17101139, -23.99719111 ], [ -52.17090611, -23.99729056 ], [ -52.17056194, -23.9975175 ], [ -52.17025611, -23.99774611 ], [ -52.17004083, -23.99788194 ], [ -52.16977861, -23.99795667 ], [ -52.16962028, -23.99798583 ], [ -52.16959611, -23.99808722 ], [ -52.1695175, -23.99838 ], [ -52.1695275, -23.99855806 ], [ -52.169435, -23.99867722 ], [ -52.169355, -23.99873778 ], [ -52.16897556, -23.99902444 ], [ -52.16867028, -23.99919472 ], [ -52.16845111, -23.99923083 ], [ -52.16829472, -23.999345 ], [ -52.1681875, -23.99948222 ], [ -52.16810778, -23.99963361 ], [ -52.16810139, -23.99964722 ], [ -52.1679575, -23.99991611 ], [ -52.16812083, -24.00013556 ], [ -52.16849778, -24.00049556 ], [ -52.1687625, -24.00080111 ], [ -52.16907306, -24.00108861 ], [ -52.16917111, -24.001165 ], [ -52.16931139, -24.00116111 ], [ -52.16959639, -24.00104917 ], [ -52.170085, -24.00097972 ], [ -52.17025222, -24.0008325 ], [ -52.17041056, -24.00076417 ], [ -52.17070306, -24.00068611 ], [ -52.17102806, -24.00065417 ], [ -52.17144306, -24.00056889 ], [ -52.17186694, -24.00046722 ], [ -52.17216972, -24.00047028 ], [ -52.17243917, -24.00057583 ], [ -52.17252361, -24.00072583 ], [ -52.17258278, -24.00109056 ], [ -52.17259917, -24.00132083 ], [ -52.1726175, -24.00147167 ], [ -52.172625, -24.00150056 ], [ -52.1726425, -24.00156778 ], [ -52.17267417, -24.00168917 ], [ -52.17271944, -24.00178917 ], [ -52.17272278, -24.00179806 ], [ -52.17278444, -24.00187444 ], [ -52.17282694, -24.0019225 ], [ -52.17287083, -24.00198917 ], [ -52.17292639, -24.00202917 ], [ -52.17304694, -24.00208028 ], [ -52.17322722, -24.00215056 ], [ -52.17359222, -24.00236083 ], [ -52.17379194, -24.00247361 ], [ -52.17389556, -24.00262611 ], [ -52.1741075, -24.00283528 ], [ -52.17418722, -24.00298139 ], [ -52.17429556, -24.003145 ], [ -52.17445944, -24.00325611 ], [ -52.17460194, -24.00330917 ], [ -52.17471389, -24.00337694 ], [ -52.17491972, -24.00345222 ], [ -52.1750175, -24.00350583 ], [ -52.17513, -24.00357694 ], [ -52.17518167, -24.00359528 ], [ -52.17538639, -24.00367389 ], [ -52.17548694, -24.00377556 ], [ -52.17555528, -24.00390306 ], [ -52.17560444, -24.00399556 ], [ -52.17568639, -24.00415 ], [ -52.17566556, -24.004365 ], [ -52.17554611, -24.00440222 ], [ -52.17544111, -24.004435 ], [ -52.17540472, -24.00444639 ], [ -52.174235, -24.00637556 ], [ -52.17412833, -24.00666306 ], [ -52.17348556, -24.00715083 ], [ -52.17200361, -24.00782889 ], [ -52.17132139, -24.00806778 ], [ -52.17106306, -24.007995 ], [ -52.17070278, -24.00805611 ], [ -52.17068, -24.00850806 ], [ -52.17095111, -24.00954028 ], [ -52.17156556, -24.00976861 ], [ -52.17189722, -24.00980611 ], [ -52.171952791801623, -24.009786299660639 ], [ -52.176180973734255, -24.007074052745338 ], [ -52.176280862996315, -24.007009978925836 ], [ -52.178734861374558, -24.005435719166893 ], [ -52.180748571746875, -24.004194173847019 ], [ -52.182345322064315, -24.003188638410982 ], [ -52.18395561805518, -24.002172867669469 ], [ -52.185613268844669, -24.00112465446351 ], [ -52.187347563226531, -24.000032933316039 ], [ -52.188974689543301, -23.99901734279711 ], [ -52.189534991745177, -24.000351477764926 ], [ -52.18976833, -24.00093778 ], [ -52.189893405568981, -24.001227861854861 ], [ -52.189212052040361, -24.002318130040678 ], [ -52.189629715015215, -24.002795337328909 ], [ -52.19050556, -24.00298917 ], [ -52.1945125, -24.00336417 ], [ -52.19531167, -24.00367944 ], [ -52.19665083, -24.00560111 ], [ -52.20142056, -24.00273528 ], [ -52.20209139, -24.00231444 ], [ -52.20295278, -24.00177611 ], [ -52.20695361, -23.999185 ], [ -52.20962722, -23.99735028 ], [ -52.21274528, -23.995175 ], [ -52.21752472, -23.99190694 ], [ -52.2202925, -23.99014528 ], [ -52.22188028, -23.98906694 ], [ -52.22387889, -23.98777944 ], [ -52.22472694, -23.98728056 ], [ -52.22464056, -23.98695861 ], [ -52.22421722, -23.98630556 ], [ -52.22364, -23.98597917 ], [ -52.22335389, -23.98587 ], [ -52.22322056, -23.98574444 ], [ -52.22319583, -23.98546806 ], [ -52.22331361, -23.985235 ], [ -52.22383778, -23.98494444 ], [ -52.22410917, -23.98477194 ], [ -52.22431, -23.984655 ], [ -52.22571, -23.98412472 ], [ -52.22613944, -23.98385167 ], [ -52.22645806, -23.983705 ], [ -52.22697583, -23.98345444 ], [ -52.22753361, -23.9832025 ], [ -52.22772139, -23.98312306 ], [ -52.22803639, -23.98298361 ], [ -52.22839639, -23.98282556 ], [ -52.22867556, -23.98277111 ], [ -52.2291625, -23.982715 ], [ -52.22978278, -23.98269111 ], [ -52.23022333, -23.98265083 ], [ -52.23074917, -23.98255278 ], [ -52.23160361, -23.98250556 ], [ -52.23207778, -23.982415 ], [ -52.23273167, -23.98227972 ], [ -52.23286361, -23.98226306 ], [ -52.23310889, -23.98216 ], [ -52.23321528, -23.98210194 ], [ -52.23348778, -23.98185056 ], [ -52.23342194, -23.98157444 ], [ -52.23322778, -23.98135556 ], [ -52.23314361, -23.98097861 ], [ -52.23313944, -23.980865 ], [ -52.23297833, -23.98030611 ], [ -52.23285278, -23.97982694 ], [ -52.23278778, -23.97964444 ], [ -52.23263556, -23.97893472 ], [ -52.23251139, -23.97839417 ], [ -52.23217556, -23.97730722 ], [ -52.23216222, -23.97720694 ], [ -52.2321375, -23.97702028 ], [ -52.23209889, -23.97641306 ], [ -52.23219556, -23.97565833 ], [ -52.23212028, -23.97504556 ], [ -52.23226056, -23.97499 ], [ -52.23253083, -23.97432944 ], [ -52.23266111, -23.97417111 ], [ -52.23247222, -23.97391194 ], [ -52.23222611, -23.97365333 ], [ -52.23186417, -23.97320778 ], [ -52.23164722, -23.97302444 ], [ -52.23153833, -23.97218556 ], [ -52.2317975, -23.97152528 ], [ -52.23197944, -23.97093917 ], [ -52.23224139, -23.97040806 ], [ -52.23225056, -23.97018806 ], [ -52.23200333, -23.97017083 ], [ -52.23073417, -23.97009361 ], [ -52.23066278, -23.97013306 ], [ -52.22985778, -23.97039278 ], [ -52.22909667, -23.97044389 ], [ -52.2290325, -23.97016972 ], [ -52.22884306, -23.96991833 ], [ -52.22858167, -23.96970111 ], [ -52.22822472, -23.969405 ], [ -52.22774361, -23.96911389 ], [ -52.22682139, -23.96873028 ], [ -52.22585944, -23.96842667 ], [ -52.22534222, -23.96826333 ], [ -52.22485, -23.968035 ], [ -52.22393028, -23.96744194 ], [ -52.22405139, -23.96690639 ], [ -52.22431694, -23.966585 ], [ -52.224565, -23.96629194 ], [ -52.2244875, -23.96621694 ], [ -52.2225075, -23.96429861 ] ] ] ] } },
{ "type": "Feature", "properties": { "fid": 11, "municipio": "PRESIDENTE CASTELO BRANCO", "nome": "SANTA RUTHE", "amb": "Ambiental" }, "geometry": { "type": "MultiPolygon", "coordinates": [ [ [ [ -52.07768218405721, -23.193817709907535 ], [ -52.077363328350941, -23.193687196471274 ], [ -52.077336480099234, -23.193287863428054 ], [ -52.077191808870055, -23.193103693146156 ], [ -52.076806336187076, -23.19288240327262 ], [ -52.076456555419156, -23.192903818421655 ], [ -52.076287018822654, -23.192702099614849 ], [ -52.076272067875948, -23.192582749816609 ], [ -52.076036501236331, -23.192361459943072 ], [ -52.075889121387377, -23.192132992028803 ], [ -52.075935770720434, -23.19197305259155 ], [ -52.076061089000063, -23.191883981434614 ], [ -52.07598429982761, -23.191733242579801 ], [ -52.075841532167374, -23.191757037189916 ], [ -52.075628372118899, -23.191513539013613 ], [ -52.075400391994151, -23.191336546772561 ], [ -52.07507321610575, -23.191306803509974 ], [ -52.074894756530341, -23.191431725212794 ], [ -52.074751053079012, -23.191558683380265 ], [ -52.074448607591762, -23.191485263085326 ], [ -52.074264199363768, -23.191503109042969 ], [ -52.073829947730303, -23.191437673865209 ], [ -52.073576285289732, -23.191333493130855 ], [ -52.073404964097392, -23.191414394805065 ], [ -52.073067080634473, -23.191419153727111 ], [ -52.072990937882366, -23.191357287740971 ], [ -52.073024250336402, -23.191157413016469 ], [ -52.072906268728218, -23.19108523603262 ], [ -52.07280157244395, -23.191151860940806 ], [ -52.072621666887869, -23.191183448091579 ], [ -52.072502196591756, -23.191150988471747 ], [ -52.072432989236063, -23.191054405158411 ], [ -52.072445089527605, -23.190976098087788 ], [ -52.072616410719945, -23.191004651619892 ], [ -52.072762747571744, -23.19097966727935 ], [ -52.072741332422822, -23.190840468810507 ], [ -52.072887669274678, -23.190869022342554 ], [ -52.072989169999914, -23.190815279999981 ], [ -52.072989719999953, -23.19081028 ], [ -52.072934719999864, -23.190765829999975 ], [ -52.072916939999971, -23.190715560000058 ], [ -52.072994999999878, -23.190548059999969 ], [ -52.073112499999979, -23.190439719999972 ], [ -52.073105279999936, -23.19034861 ], [ -52.072858889999964, -23.19022944 ], [ -52.072725829999968, -23.190288060000057 ], [ -52.072580279999954, -23.19020056 ], [ -52.072470279999891, -23.19010083 ], [ -52.07249749999994, -23.190089170000022 ], [ -52.072559169999977, -23.190122220000035 ], [ -52.072644169999876, -23.190111940000065 ], [ -52.072735829999942, -23.19001 ], [ -52.072750829999904, -23.189933889999963 ], [ -52.07246221999992, -23.189698329999942 ], [ -52.072332219999907, -23.18967333 ], [ -52.072228609999968, -23.189747779999948 ], [ -52.072226389999969, -23.189845829999967 ], [ -52.072196939999913, -23.189856669999983 ], [ -52.072141669999951, -23.189798330000031 ], [ -52.072098059999917, -23.189791670000034 ], [ -52.072083609999936, -23.189789440000027 ], [ -52.071970829999941, -23.189854719999914 ], [ -52.071911669999963, -23.18984 ], [ -52.071737499999927, -23.189748329999986 ], [ -52.071682219999957, -23.189694440000039 ], [ -52.071598889999905, -23.18954 ], [ -52.071526939999899, -23.18955305999998 ], [ -52.071505829999921, -23.189674170000046 ], [ -52.071398059999979, -23.189725560000056 ], [ -52.071350559999871, -23.189606940000033 ], [ -52.071174719999874, -23.189486940000052 ], [ -52.071093889999872, -23.189505560000043 ], [ -52.071032219999836, -23.189708609999968 ], [ -52.070807499999887, -23.189886940000065 ], [ -52.070722219999936, -23.189971940000021 ], [ -52.07068, -23.189945 ], [ -52.070621939999967, -23.189822220000053 ], [ -52.070562779999875, -23.189767780000011 ], [ -52.070506389999935, -23.189761940000039 ], [ -52.070448059999819, -23.18980667 ], [ -52.07040582999997, -23.189826670000059 ], [ -52.07019, -23.189676389999988 ], [ -52.069971939999959, -23.189689170000065 ], [ -52.069939439999985, -23.189653889999988 ], [ -52.069916389999946, -23.18958028000003 ], [ -52.069999719999942, -23.189586389999988 ], [ -52.07007305999997, -23.189568610000038 ], [ -52.070088329999976, -23.189463060000037 ], [ -52.069994999999892, -23.18937 ], [ -52.069874169999935, -23.189255 ], [ -52.069794719999948, -23.189148610000018 ], [ -52.055309354802944, -23.20352140285587 ], [ -52.05719326558301, -23.203767428753508 ], [ -52.057316629649961, -23.203786018756375 ], [ -52.058859050465287, -23.203947169961111 ], [ -52.05959524858298, -23.204049312917164 ], [ -52.060034259138547, -23.204195649769019 ], [ -52.060375950227012, -23.204353424321937 ], [ -52.060626744928982, -23.204484357704473 ], [ -52.060833758036551, -23.204627125364823 ], [ -52.061012217611847, -23.204812723323244 ], [ -52.06115498527231, -23.204998321281664 ], [ -52.061242419584858, -23.205205582279177 ], [ -52.061261913200838, -23.205440333443903 ], [ -52.061274788131584, -23.205548722600327 ], [ -52.061417676154292, -23.207791528128098 ], [ -52.061545174657965, -23.209483290270839 ], [ -52.070867511897461, -23.20032347526444 ], [ -52.070918095097056, -23.200270473645446 ], [ -52.07768218405721, -23.193817709907535 ] ] ] ] } },
{ "type": "Feature", "properties": { "fid": 12, "municipio": "SANTA CRUZ DE MONTE CASTELO", "nome": "PARANÁ", "amb": "Ambiental" }, "geometry": { "type": "MultiPolygon", "coordinates": [ [ [ [ -53.358921415419218, -23.000244087340388 ], [ -53.3589854507197, -23.000195213138163 ], [ -53.358518222048261, -23.000551820015932 ], [ -53.358921415419218, -23.000244087340388 ] ] ], [ [ [ -53.361149155692132, -22.998647127477298 ], [ -53.360052156541421, -22.999424987457765 ], [ -53.360096340245548, -22.999393657683985 ], [ -53.361149155692132, -22.998647127477298 ] ] ] ] } },
{ "type": "Feature", "properties": { "fid": 13, "municipio": "AMAPORA", "nome": "ANTONIO CONSELHEIRO", "amb": "Ambiental" }, "geometry": { "type": "MultiPolygon", "coordinates": [ [ [ [ -52.878653003519545, -23.040543945483797 ], [ -52.878476997319602, -23.040650333089008 ], [ -52.87826033191967, -23.040779868895399 ], [ -52.878148285719703, -23.040847750998676 ], [ -52.877692651919823, -23.041123972312114 ], [ -52.877682351719827, -23.041183331512254 ], [ -52.877124917519808, -23.044392624921095 ], [ -52.876830377919781, -23.046056560225839 ], [ -52.876373067319754, -23.049008300532233 ], [ -52.87603847291976, -23.050859992437726 ], [ -52.875657158519743, -23.052819334044365 ], [ -52.875328025219716, -23.054784557249366 ], [ -52.874985889419712, -23.056762666554746 ], [ -52.874658736319688, -23.058618331059964 ], [ -52.874294407919692, -23.060636885865904 ], [ -52.873930755619682, -23.062556914472079 ], [ -52.873585682319678, -23.064529547677534 ], [ -52.873250785119644, -23.066490591382696 ], [ -52.873229718819644, -23.066562110383156 ], [ -52.876398328818603, -23.067089330283942 ], [ -52.882828328816458, -23.068149890081067 ], [ -52.889537498814271, -23.069412389866791 ], [ -52.892840828813206, -23.070064889760378 ], [ -52.900055558810898, -23.071511279525986 ], [ -52.917333058805553, -23.075063498953629 ], [ -52.917465558805503, -23.075090448949197 ], [ -52.917561108805486, -23.075109328945988 ], [ -52.917440600505536, -23.074947847750387 ], [ -52.917176824105653, -23.074295483860809 ], [ -52.916873971405771, -23.073722785272317 ], [ -52.916559461405903, -23.073277638383871 ], [ -52.916380122405975, -23.072694951691314 ], [ -52.916218689606062, -23.072074122098279 ], [ -52.916010812706183, -23.071109457507667 ], [ -52.91592428850624, -23.070499186512109 ], [ -52.915753881806317, -23.070181416218574 ], [ -52.915618581506379, -23.069944398223644 ], [ -52.914982316206597, -23.069608617445486 ], [ -52.914361517406803, -23.069206999466971 ], [ -52.913347070307097, -23.068945233800985 ], [ -52.912753557207274, -23.068740400220985 ], [ -52.912198448907446, -23.068608151139522 ], [ -52.912108265107499, -23.068490048642794 ], [ -52.911655481207639, -23.068243866158276 ], [ -52.911116783607817, -23.067939847076698 ], [ -52.910590760508008, -23.067344640095449 ], [ -52.909749225608294, -23.066541224025055 ], [ -52.908903127108601, -23.065683407854916 ], [ -52.908313760808838, -23.064802620076431 ], [ -52.908046117408929, -23.064438697686104 ], [ -52.907451270509156, -23.063770535507221 ], [ -52.907193463709248, -23.063391051516604 ], [ -52.907222204409273, -23.063159268716269 ], [ -52.906857136309391, -23.062799409429072 ], [ -52.906709211809456, -23.062405866234919 ], [ -52.90655691470954, -23.061978964940991 ], [ -52.906567652009564, -23.061729881441309 ], [ -52.906358981609621, -23.061547467048555 ], [ -52.906407025509623, -23.06133504624756 ], [ -52.906252730309667, -23.061147099453073 ], [ -52.906285379509676, -23.060970983952441 ], [ -52.906059649409777, -23.06053340956095 ], [ -52.906001516109811, -23.060182035363759 ], [ -52.905745040009904, -23.059958568772657 ], [ -52.90537053761004, -23.059523780585931 ], [ -52.905180202210119, -23.05922935319289 ], [ -52.905159489810138, -23.059054332694028 ], [ -52.905075384710152, -23.059027444196811 ], [ -52.905042512610201, -23.058460040699369 ], [ -52.904944048010272, -23.05790525700402 ], [ -52.904880965210339, -23.057382193007449 ], [ -52.904576295810443, -23.056978797318379 ], [ -52.904327097410558, -23.056377338828014 ], [ -52.90429863231055, -23.056337769629053 ], [ -52.903894262010731, -23.055776466743612 ], [ -52.903548333510855, -23.05524895295617 ], [ -52.903541852110862, -23.055239098156417 ], [ -52.903377449910934, -23.054678605363193 ], [ -52.903224061611041, -23.053992193069966 ], [ -52.903153786911069, -23.053623174273202 ], [ -52.902959652711154, -23.053272713280386 ], [ -52.902910094911171, -23.053183372082231 ], [ -52.902942656211209, -23.0526051561827 ], [ -52.902872797311261, -23.052064292886371 ], [ -52.902641467311355, -23.051649805494939 ], [ -52.902751046011325, -23.051503917591781 ], [ -52.902904220111282, -23.051550835086712 ], [ -52.903036676611229, -23.051533076882492 ], [ -52.903104615411223, -23.051451531480499 ], [ -52.902953457711277, -23.051214871486014 ], [ -52.902829005711347, -23.050975993390654 ], [ -52.902829962311365, -23.050537308791775 ], [ -52.902899035211355, -23.05031434149015 ], [ -52.903073263211311, -23.050095977585087 ], [ -52.902905440111383, -23.049936994590915 ], [ -52.902937934411398, -23.049458108391143 ], [ -52.902871735411445, -23.049066374994304 ], [ -52.90273020951151, -23.048730269499767 ], [ -52.902696276711538, -23.048433413101638 ], [ -52.902557429711599, -23.048190644506764 ], [ -52.902586938811595, -23.047964451106395 ], [ -52.902354000011677, -23.047851490914237 ], [ -52.902155929611773, -23.047282551522105 ], [ -52.901716343111943, -23.046767716837628 ], [ -52.901640627011986, -23.046378805941085 ], [ -52.901288464012126, -23.045912040953663 ], [ -52.901218571412159, -23.045673678856541 ], [ -52.900987227512267, -23.045312554764948 ], [ -52.900703271512356, -23.045033332274798 ], [ -52.9006148654124, -23.044893979778021 ], [ -52.899809297612642, -23.044733899304347 ], [ -52.896798997513621, -23.044144178902389 ], [ -52.89225370671506, -23.043247248249568 ], [ -52.890821826515541, -23.042960520395731 ], [ -52.888040570316434, -23.042403918885089 ], [ -52.883523743417918, -23.041504765129396 ], [ -52.878653003519545, -23.040543945483797 ] ] ] ] } },
{ "type": "Feature", "properties": { "fid": 14, "municipio": "SANTA MONICA", "nome": "ILDO LUIZ PERRUZO", "amb": "Ambiental" }, "geometry": { "type": "MultiPolygon", "coordinates": [ [ [ [ -53.110143021564163, -23.152310692351723 ], [ -53.109969086464034, -23.155487171451018 ], [ -53.108403869964164, -23.155432920320042 ], [ -53.103890873864586, -23.155273772918232 ], [ -53.099381905765028, -23.15510983681493 ], [ -53.099134455065077, -23.155102390325695 ], [ -53.094246463865559, -23.154928007737468 ], [ -53.081205802967041, -23.154477308695164 ], [ -53.080695558767097, -23.154426272616824 ], [ -53.080361938767112, -23.155092662629169 ], [ -53.079613608767083, -23.157402102654707 ], [ -53.079152498767016, -23.159500442668616 ], [ -53.078840828767014, -23.160214602679833 ], [ -53.078644168767021, -23.160754322686728 ], [ -53.078512498767005, -23.161440992690459 ], [ -53.078108888767019, -23.162386552704955 ], [ -53.07798943876702, -23.162499052709695 ], [ -53.077743136267038, -23.162775744219335 ], [ -53.077232652467067, -23.163562957438742 ], [ -53.077256674067051, -23.163847690336969 ], [ -53.077334203367002, -23.16410038613305 ], [ -53.076951212567032, -23.164328367748553 ], [ -53.076549511967109, -23.164577994264768 ], [ -53.076413893367075, -23.165111147269023 ], [ -53.07627319716709, -23.16531516497442 ], [ -53.075786714567116, -23.165791816793583 ], [ -53.075603968767112, -23.16630879649988 ], [ -53.075739883767071, -23.166313866794162 ], [ -53.088702283965581, -23.166793889744067 ], [ -53.094104782564976, -23.167000943411772 ], [ -53.098166578464564, -23.167169251635894 ], [ -53.098654443464497, -23.167155887214761 ], [ -53.098669004964513, -23.167156596014145 ], [ -53.102207227564165, -23.167333944459902 ], [ -53.102537235164135, -23.167304978745598 ], [ -53.106064612463804, -23.167469292591015 ], [ -53.106058155163829, -23.16754964689105 ], [ -53.109390558763515, -23.16770460134433 ], [ -53.109469168763589, -23.166077661345142 ], [ -53.114193888763253, -23.164917101139487 ], [ -53.123885828762653, -23.162534600713233 ], [ -53.12392860876264, -23.162527940711318 ], [ -53.12410432346261, -23.162483677403561 ], [ -53.124875558762582, -23.162294050669352 ], [ -53.131664718762224, -23.160615160366806 ], [ -53.131570287662313, -23.158512362776637 ], [ -53.131482459662415, -23.156517076585899 ], [ -53.131396925962505, -23.154697280894595 ], [ -53.131296256962614, -23.152513101404914 ], [ -53.131219322862698, -23.150878281312735 ], [ -53.131080846362849, -23.147790906127174 ], [ -53.130763920963147, -23.141648292957782 ], [ -53.128012387363306, -23.141548326482667 ], [ -53.125136241163531, -23.141433920612673 ], [ -53.125009505963504, -23.141427323118396 ], [ -53.117321554564107, -23.14113823246327 ], [ -53.117274272764107, -23.141136520165386 ], [ -53.117144493564133, -23.141135013471153 ], [ -53.117089299364125, -23.141133046373628 ], [ -53.110766274964661, -23.14091223865433 ], [ -53.110622472464534, -23.14360598675356 ], [ -53.110594822064513, -23.144084714553518 ], [ -53.110484546064427, -23.146064088453166 ], [ -53.11047248626442, -23.146322660453031 ], [ -53.110369718764368, -23.148044051352993 ], [ -53.110334342864334, -23.148679729952892 ], [ -53.110277498764304, -23.149679321352757 ], [ -53.110227093764223, -23.150727773352205 ], [ -53.110156108764166, -23.152020441351933 ], [ -53.110143021564163, -23.152310692351723 ] ] ] ] } },
{ "type": "Feature", "properties": { "fid": 15, "municipio": "TERRA RICA", "nome": "SÉTIMO GARIBALDI", "amb": "Ambiental" }, "geometry": { "type": "MultiPolygon", "coordinates": [ [ [ [ -52.627623017072565, -22.638906565576008 ], [ -52.626454079879608, -22.641587713345491 ], [ -52.626348450425226, -22.641830191060034 ], [ -52.624168914639675, -22.646718613826717 ], [ -52.624146708619442, -22.646758124915255 ], [ -52.624092768495515, -22.646854312751479 ], [ -52.623465966554093, -22.648219870634243 ], [ -52.622862856782298, -22.649656714245317 ], [ -52.622455165109095, -22.650526219495884 ], [ -52.621582286943948, -22.652474522073003 ], [ -52.621060298699746, -22.653654953831602 ], [ -52.621020893051494, -22.653754606256161 ], [ -52.620952238628135, -22.654164237140662 ], [ -52.620939914000985, -22.654291341609095 ], [ -52.620824781539817, -22.654272998737689 ], [ -52.620583390201112, -22.654266589753803 ], [ -52.617849861769457, -22.65423009182927 ], [ -52.61535250086429, -22.654219344036239 ], [ -52.608894957138482, -22.654187139007707 ], [ -52.608368999255013, -22.654193503160492 ], [ -52.60809375239004, -22.654237809905108 ], [ -52.6081745629658, -22.655536334680946 ], [ -52.60855272450803, -22.658786521429406 ], [ -52.608612573793671, -22.658786913935685 ], [ -52.620728352562239, -22.658871797548755 ], [ -52.620848343611542, -22.658872660778396 ], [ -52.626382783953453, -22.658959174074567 ], [ -52.62720863689276, -22.658959186880701 ], [ -52.627150319162801, -22.65965807580616 ], [ -52.627139142804445, -22.659791310009172 ], [ -52.627011172717715, -22.660574535727282 ], [ -52.630884666644825, -22.660591863649479 ], [ -52.637213056207209, -22.660608591715349 ], [ -52.641869270624809, -22.660665246523614 ], [ -52.642732704745029, -22.660690984012991 ], [ -52.646043154933416, -22.661067198519881 ], [ -52.648767842230058, -22.661103298886893 ], [ -52.651973422923, -22.66114712815741 ], [ -52.654955052613545, -22.661187427030541 ], [ -52.658830682897694, -22.661246321137558 ], [ -52.65978671818538, -22.661260802101733 ], [ -52.660024344637741, -22.659610697113855 ], [ -52.660364169217019, -22.657461735626764 ], [ -52.660651856543502, -22.655654601013371 ], [ -52.65898760737501, -22.65560185075303 ], [ -52.65714604649957, -22.655563380161144 ], [ -52.656015239577222, -22.65552838099503 ], [ -52.6554859950976, -22.655519852050272 ], [ -52.653626906702563, -22.655472219855408 ], [ -52.652278544809256, -22.655446845007102 ], [ -52.651101837043342, -22.655430346727343 ], [ -52.649934766614365, -22.655397935962391 ], [ -52.649675601691513, -22.655394373094111 ], [ -52.649563859310994, -22.655318036004537 ], [ -52.649574757138204, -22.65515518181461 ], [ -52.649865648309373, -22.654214930103709 ], [ -52.649897969450819, -22.6541104677002 ], [ -52.650242319581395, -22.653011077292799 ], [ -52.652681043126584, -22.653037149119243 ], [ -52.653610921282187, -22.653049591511415 ], [ -52.655535047012251, -22.653086980515209 ], [ -52.656516442352526, -22.653103118357848 ], [ -52.658740751238852, -22.653140887259948 ], [ -52.659650066649213, -22.653158835751992 ], [ -52.660170482515042, -22.652935703396469 ], [ -52.658634872589666, -22.646215261463965 ], [ -52.658045101568455, -22.646203120944772 ], [ -52.654609880851147, -22.646136570155679 ], [ -52.650858921055132, -22.646053239096997 ], [ -52.647562859543953, -22.645980587681457 ], [ -52.647358529486809, -22.645980249592778 ], [ -52.645870746462677, -22.64593150359282 ], [ -52.644831488267258, -22.645905596157171 ], [ -52.643911357973366, -22.644076371312995 ], [ -52.643524635125274, -22.644030033309299 ], [ -52.641864717637034, -22.643503546262426 ], [ -52.637699926314241, -22.642165367514298 ], [ -52.636234977886595, -22.641691918340761 ], [ -52.632787002767046, -22.640579475014643 ], [ -52.628898899340399, -22.639324940144309 ], [ -52.627623017072565, -22.638906565576008 ] ] ] ] } },
{ "type": "Feature", "properties": { "fid": 16, "municipio": "SANTA CRUZ DE MONTE CASTELO", "nome": "17 DE ABRIL", "amb": "Ambiental" }, "geometry": { "type": "MultiPolygon", "coordinates": [ [ [ [ -53.302353357743215, -22.969246075321173 ], [ -53.2986318012642, -22.972817831538382 ], [ -53.295907343907921, -22.975350794134357 ], [ -53.296579275981514, -22.976949374433921 ], [ -53.297025903017136, -22.978030188976426 ], [ -53.297547949849942, -22.979291920193713 ], [ -53.298150755578298, -22.980738642587944 ], [ -53.299163757427003, -22.983190496403694 ], [ -53.300225172941893, -22.985510365053194 ], [ -53.300287817160232, -22.985645151675129 ], [ -53.301172552348248, -22.987658626257478 ], [ -53.302587842247725, -22.99080114070442 ], [ -53.302714142170885, -22.991089475519846 ], [ -53.312618766328697, -22.9836613675146 ], [ -53.314256797131179, -22.98553438145921 ], [ -53.314913064352929, -22.986284071498552 ], [ -53.315516904552751, -22.986972500340563 ], [ -53.315659764087492, -22.986766823468351 ], [ -53.316214810987304, -22.988001452348414 ], [ -53.316579871076428, -22.98850810751625 ], [ -53.316926643158297, -22.98897151281496 ], [ -53.317105849388874, -22.989089960313933 ], [ -53.317765038807778, -22.98967184766483 ], [ -53.318255818342578, -22.98985940413818 ], [ -53.318799405674753, -22.990164095150078 ], [ -53.318858198130158, -22.990203500414857 ], [ -53.319105305065314, -22.990369162154479 ], [ -53.319670411463598, -22.990494865102633 ], [ -53.320699928403577, -22.99075974803262 ], [ -53.321604490516229, -22.991261732660575 ], [ -53.321684146032148, -22.991374862722395 ], [ -53.321755105278484, -22.991475570943209 ], [ -53.32213035900751, -22.991567393320665 ], [ -53.322605924179626, -22.99186241427406 ], [ -53.323104316813776, -22.992214789351443 ], [ -53.323746290808245, -22.992626086718438 ], [ -53.324460904637306, -22.992825866247244 ], [ -53.324766614232288, -22.992899472661509 ], [ -53.324949147492106, -22.992966671365451 ], [ -53.325052951465317, -22.993043331874063 ], [ -53.325147724730215, -22.9930880746181 ], [ -53.325406879450746, -22.9932105741965 ], [ -53.326019599128955, -22.9936895515686 ], [ -53.326436347584277, -22.994011334929976 ], [ -53.326844283364238, -22.994512908599006 ], [ -53.327023809661455, -22.994529680992382 ], [ -53.327286866107045, -22.994862387563273 ], [ -53.327512859315064, -22.994967223965524 ], [ -53.327550280336162, -22.995022558678468 ], [ -53.327601078820678, -22.995175562839798 ], [ -53.327743124190121, -22.995508693121849 ], [ -53.328041812918265, -22.995803587673436 ], [ -53.328548917017407, -22.996065262223656 ], [ -53.328761254821451, -22.995987927144064 ], [ -53.329076350287721, -22.99582945122598 ], [ -53.329411949222241, -22.995644039793749 ], [ -53.331951575880879, -22.99424447787689 ], [ -53.333838598879005, -22.993215446429613 ], [ -53.335729447995661, -22.992183809928296 ], [ -53.336542731438001, -22.991736200733712 ], [ -53.336800232933875, -22.991598061342216 ], [ -53.336941764169943, -22.991498197288497 ], [ -53.337602225182515, -22.991135085262009 ], [ -53.339945352054144, -22.989863978407872 ], [ -53.342703436266078, -22.988366053097383 ], [ -53.344927372688943, -22.9871497271259 ], [ -53.347139328773636, -22.985942216979659 ], [ -53.348609481869246, -22.985129195757054 ], [ -53.350642906411423, -22.984010596981694 ], [ -53.351143396181172, -22.983738734224154 ], [ -53.351539622286595, -22.983521774277655 ], [ -53.352433336500376, -22.983028928816452 ], [ -53.353745736755592, -22.982288084348699 ], [ -53.354430518726957, -22.981938359371956 ], [ -53.354667195385794, -22.981804836251062 ], [ -53.354922334209931, -22.981662010208076 ], [ -53.355021216512647, -22.981586682430969 ], [ -53.355094212183957, -22.981531074890416 ], [ -53.352208560877543, -22.980629878544701 ], [ -53.350122520077747, -22.979977860559643 ], [ -53.348590900843725, -22.979499602783861 ], [ -53.346773296024161, -22.978930499576524 ], [ -53.344081404857867, -22.97808658499045 ], [ -53.343939359221906, -22.978042552664476 ], [ -53.34337999591299, -22.977868909741453 ], [ -53.340667692394341, -22.977020812171567 ], [ -53.337887019023789, -22.976152819414324 ], [ -53.336394398937344, -22.975686862570029 ], [ -53.334871589973282, -22.975199848625021 ], [ -53.333203047469922, -22.974634794652427 ], [ -53.33020165029167, -22.973615256163079 ], [ -53.329425342043514, -22.97335437886036 ], [ -53.327787055214429, -22.972794326998013 ], [ -53.326310032467482, -22.972290212367803 ], [ -53.325385724573636, -22.971977768676894 ], [ -53.32401254831862, -22.971513005469646 ], [ -53.322931346379505, -22.971147865390201 ], [ -53.320982219614557, -22.970481879551855 ], [ -53.320587107831145, -22.970348449793494 ], [ -53.320353880081335, -22.970273950821191 ], [ -53.319793671107902, -22.97012740766095 ], [ -53.318886280483838, -22.969924821543945 ], [ -53.318702674863999, -22.969884172293106 ], [ -53.317047353838625, -22.969515562294319 ], [ -53.315567926670347, -22.969186707147585 ], [ -53.312490515048268, -22.968499445850227 ], [ -53.310164190611943, -22.967979575833759 ], [ -53.307955834911212, -22.967492892189689 ], [ -53.30739592950588, -22.967397399470265 ], [ -53.306778195020499, -22.967295433472927 ], [ -53.306409517469014, -22.967236156185677 ], [ -53.305587324043408, -22.96709951248949 ], [ -53.304733923948092, -22.966939393046818 ], [ -53.302353357743215, -22.969246075321173 ] ] ] ] } },
{ "type": "Feature", "properties": { "fid": 17, "municipio": "CANDIDO DE ABREU", "nome": "19 DE JUNHO", "amb": "Ambiental" }, "geometry": { "type": "MultiPolygon", "coordinates": [ [ [ [ -51.305706924135308, -24.544965758878707 ], [ -51.305066406264565, -24.545196702970202 ], [ -51.304494885532279, -24.545474837951954 ], [ -51.304240810085844, -24.545378893797661 ], [ -51.304129437584756, -24.545363855144466 ], [ -51.30404199275096, -24.5452724605402 ], [ -51.303992221611352, -24.545449624559087 ], [ -51.304063397639659, -24.545554572237169 ], [ -51.303984848849318, -24.545930271754379 ], [ -51.303967205289602, -24.546094555199748 ], [ -51.303648085472879, -24.546041704285091 ], [ -51.303318660442045, -24.545521833569165 ], [ -51.303167695437089, -24.545338850757904 ], [ -51.303097354331335, -24.545055012910893 ], [ -51.303132813847178, -24.544949425941649 ], [ -51.303045836811457, -24.544863277141541 ], [ -51.302837640253209, -24.544340957865142 ], [ -51.302762183215222, -24.543907865513003 ], [ -51.302628957855639, -24.543640058203287 ], [ -51.302696047128613, -24.543429397891416 ], [ -51.302843003896051, -24.54337522957168 ], [ -51.303144394423292, -24.543387349446618 ], [ -51.303316136671775, -24.543318021039408 ], [ -51.30339832977122, -24.542991807353811 ], [ -51.303346990953166, -24.542722273413425 ], [ -51.303091958203936, -24.542282678281879 ], [ -51.302905910566807, -24.542092910651498 ], [ -51.302687785077509, -24.542018585370599 ], [ -51.302427679515723, -24.542039699194905 ], [ -51.30196085469629, -24.541743893687272 ], [ -51.301774603748321, -24.541426789035494 ], [ -51.301106657603121, -24.54100523931589 ], [ -51.300923639895316, -24.540870889827563 ], [ -51.300936723704538, -24.540714229307628 ], [ -51.301094762672378, -24.540629748710057 ], [ -51.3011962347001, -24.540436776378275 ], [ -51.301181466631355, -24.540284750457921 ], [ -51.300708327485168, -24.539928911698759 ], [ -51.300620917247592, -24.539720926452922 ], [ -51.300336772325586, -24.539413371699649 ], [ -51.300106833980067, -24.539442549819288 ], [ -51.299796416402067, -24.53916747865566 ], [ -51.29965568538347, -24.538914820290866 ], [ -51.299543888748708, -24.538556245317316 ], [ -51.299245951583437, -24.538458994395032 ], [ -51.295277498314206, -24.537163564103473 ], [ -51.293406923809847, -24.539853073890704 ], [ -51.293392120726182, -24.539874357198403 ], [ -51.29337629750593, -24.53989710720985 ], [ -51.29170967536902, -24.542293256692311 ], [ -51.289123607219601, -24.546011103438744 ], [ -51.287094250317615, -24.548928413232872 ], [ -51.286997904533905, -24.550054552325438 ], [ -51.286930831432102, -24.550181194087589 ], [ -51.285103694863906, -24.553132467546398 ], [ -51.284532923287948, -24.554054370799886 ], [ -51.284488673329193, -24.554125842139481 ], [ -51.280322278638742, -24.560854870475385 ], [ -51.27766945324872, -24.565138941962058 ], [ -51.279250308324137, -24.568730241139026 ], [ -51.279610076987389, -24.569229343328747 ], [ -51.279815283485981, -24.569340998652084 ], [ -51.280003335490214, -24.569425590949436 ], [ -51.280265006840594, -24.569508474602685 ], [ -51.280907433822975, -24.56956023922956 ], [ -51.280986884195464, -24.569569465825449 ], [ -51.281114520878994, -24.56981226762511 ], [ -51.289308907510922, -24.585398129463474 ], [ -51.289336139601531, -24.585463275666971 ], [ -51.289759178947364, -24.585580242339002 ], [ -51.290105949102269, -24.585958501032167 ], [ -51.290170019640179, -24.586339507546722 ], [ -51.289933542189928, -24.586664031824583 ], [ -51.288868455935145, -24.58772650486938 ], [ -51.28874770692255, -24.588027160727165 ], [ -51.288823128889526, -24.58823407257546 ], [ -51.289599022260312, -24.587636096145708 ], [ -51.290007827954618, -24.587539304441744 ], [ -51.290258771079984, -24.58763225198248 ], [ -51.290356323611263, -24.58789216247721 ], [ -51.290800171873784, -24.588299358813899 ], [ -51.292310700175967, -24.589019479022454 ], [ -51.292979427501898, -24.589042383886948 ], [ -51.293316499949924, -24.588857701649484 ], [ -51.293290548117923, -24.588215476300686 ], [ -51.292832116394656, -24.587393272570822 ], [ -51.291871536818867, -24.585135542794841 ], [ -51.291806206860286, -24.584843797890926 ], [ -51.291835442586809, -24.583931856104638 ], [ -51.292358044103366, -24.583256332718577 ], [ -51.292726727001053, -24.583156522796831 ], [ -51.293214516328021, -24.583219616444481 ], [ -51.293828693941464, -24.58336122584954 ], [ -51.294849852821017, -24.583447748102458 ], [ -51.295347843937144, -24.583425331552231 ], [ -51.295831663102675, -24.583357232692912 ], [ -51.296157554428945, -24.583260289175183 ], [ -51.296752771779929, -24.583032887160172 ], [ -51.296992541944448, -24.582695177756438 ], [ -51.296844434694599, -24.5824115911159 ], [ -51.296365682928027, -24.581919964011938 ], [ -51.296231115030309, -24.581647368531993 ], [ -51.296193720101236, -24.581071068663668 ], [ -51.296289729040801, -24.580566875944729 ], [ -51.296195952592868, -24.580147266340873 ], [ -51.295738181197677, -24.579992796584772 ], [ -51.295045414846022, -24.580189976570143 ], [ -51.294429464691255, -24.580412119903496 ], [ -51.293768361997401, -24.580581369900056 ], [ -51.293321997641179, -24.580655214482043 ], [ -51.292664523462598, -24.58064879853956 ], [ -51.292358136408794, -24.580530484536713 ], [ -51.292184101614069, -24.580355475249014 ], [ -51.292041910929825, -24.57996403585063 ], [ -51.29195098897231, -24.578685980711775 ], [ -51.292088058946483, -24.578117803748604 ], [ -51.292334529831663, -24.577767859839938 ], [ -51.292619193089429, -24.577495422132628 ], [ -51.29312895762196, -24.577215916893273 ], [ -51.294218170836672, -24.577043666647317 ], [ -51.296196423183012, -24.576878035330555 ], [ -51.297430791756909, -24.576572929792512 ], [ -51.298682470425675, -24.576477473742688 ], [ -51.298732018414228, -24.57646381228092 ], [ -51.298710918134908, -24.576383498534437 ], [ -51.297912922496963, -24.573463552129148 ], [ -51.297309197644573, -24.571229409259377 ], [ -51.297874727069399, -24.571142841103324 ], [ -51.298294569221902, -24.571223772907658 ], [ -51.29893773735364, -24.571144321262697 ], [ -51.299272052870421, -24.570991051841837 ], [ -51.299648378555595, -24.57097882480371 ], [ -51.299821735756382, -24.570857782585808 ], [ -51.299898515854878, -24.570445403713506 ], [ -51.299901637602105, -24.570429848220716 ], [ -51.299915654332047, -24.570360003587599 ], [ -51.299937553332789, -24.570216710911875 ], [ -51.300011890394558, -24.570130772416913 ], [ -51.300300524065854, -24.570220792693139 ], [ -51.300585978141477, -24.570091370666855 ], [ -51.300752964950277, -24.570103383541298 ], [ -51.300892255099619, -24.570216577570601 ], [ -51.301501008312137, -24.571106600854158 ], [ -51.302378453986087, -24.572063385416936 ], [ -51.302554907258838, -24.572121745122544 ], [ -51.30364439820282, -24.572031215969034 ], [ -51.303994868293891, -24.57202991314939 ], [ -51.305310242169412, -24.570443142166731 ], [ -51.30782444324295, -24.567403749895671 ], [ -51.307917292312361, -24.567290575772702 ], [ -51.311863188961063, -24.56245629300858 ], [ -51.311908300232695, -24.562401023477271 ], [ -51.311928859342274, -24.562375834799735 ], [ -51.31254928284082, -24.561615696254695 ], [ -51.316483249559461, -24.556837373915929 ], [ -51.316365800053724, -24.556695404663579 ], [ -51.316266769713977, -24.556561362028116 ], [ -51.316167816425768, -24.556429484222505 ], [ -51.31606918739277, -24.556308242847205 ], [ -51.315914866733905, -24.556163891142642 ], [ -51.315641553294732, -24.555968732783423 ], [ -51.315436506037351, -24.555833328385074 ], [ -51.315163130701244, -24.555695024304157 ], [ -51.31495787735993, -24.555594307980869 ], [ -51.314762529521296, -24.555488937534577 ], [ -51.314585375704667, -24.555365711455885 ], [ -51.314426383556651, -24.555209963848192 ], [ -51.314326707354354, -24.555046213289355 ], [ -51.314303184133067, -24.554994527188619 ], [ -51.314249007183477, -24.554815516706128 ], [ -51.314215385232295, -24.554598844646165 ], [ -51.314195177518052, -24.554387284196597 ], [ -51.314170940090797, -24.554183405313598 ], [ -51.314137353945299, -24.553987247108491 ], [ -51.314091595314487, -24.553781172703388 ], [ -51.314036795195634, -24.553583183971934 ], [ -51.313967346563786, -24.553392674709013 ], [ -51.313876883379244, -24.553238171348926 ], [ -51.313751331724987, -24.553081448893778 ], [ -51.313621740680482, -24.552948282674468 ], [ -51.313448994628828, -24.552831236687663 ], [ -51.313258346231805, -24.552735267961285 ], [ -51.313035100517354, -24.552645003972827 ], [ -51.312810751359983, -24.552541315165229 ], [ -51.312598076698499, -24.552429478980969 ], [ -51.312403865823377, -24.55230064299208 ], [ -51.312225282281233, -24.552152243852838 ], [ -51.312058823943218, -24.552019263233475 ], [ -51.311599356467205, -24.551751277785602 ], [ -51.311394756191007, -24.551622924572914 ], [ -51.311202972191182, -24.551503926906733 ], [ -51.311001778449921, -24.551388391273189 ], [ -51.31078571907716, -24.551290014297045 ], [ -51.310585742200445, -24.551260229054403 ], [ -51.310378496702512, -24.551300108944478 ], [ -51.309999067750212, -24.551418366416609 ], [ -51.309755867295685, -24.551489023769808 ], [ -51.309495158944713, -24.551489559215433 ], [ -51.309323110805963, -24.551424126538564 ], [ -51.30907367856183, -24.55128715991362 ], [ -51.309113386389782, -24.551171826932798 ], [ -51.309177842076203, -24.550957114234521 ], [ -51.309344558964177, -24.550981843812465 ], [ -51.309500292404088, -24.550417326759746 ], [ -51.310064634199556, -24.548371475434305 ], [ -51.310075183117924, -24.548340773565378 ], [ -51.30989114288672, -24.548401302071596 ], [ -51.309664675489735, -24.548309591379592 ], [ -51.309506288897985, -24.548213676404021 ], [ -51.309240127614849, -24.548173824424676 ], [ -51.308636430796845, -24.548345965460857 ], [ -51.308520266006646, -24.548371175449269 ], [ -51.308366893706228, -24.548278292643175 ], [ -51.30819444145272, -24.548030322759754 ], [ -51.308266673907447, -24.547539256082928 ], [ -51.308331475719761, -24.547369339436397 ], [ -51.308399584759449, -24.547263901276246 ], [ -51.308630586639971, -24.547196288047164 ], [ -51.30878000972934, -24.547221198204809 ], [ -51.308897539937441, -24.547153238889059 ], [ -51.30894095219692, -24.547002774604685 ], [ -51.308821875651645, -24.546886710216562 ], [ -51.308113992154325, -24.547049452934516 ], [ -51.307879290828112, -24.547013219105498 ], [ -51.307501027585758, -24.546848948429339 ], [ -51.307328414861374, -24.546744353715333 ], [ -51.30725129472706, -24.546502934898633 ], [ -51.307366363422588, -24.546368861781115 ], [ -51.308072994315317, -24.546090575445042 ], [ -51.307979746971789, -24.545880556524327 ], [ -51.307697403353615, -24.545312533393417 ], [ -51.307675436429356, -24.545147409144292 ], [ -51.307428577595608, -24.544836974270854 ], [ -51.307398840848847, -24.544485571908663 ], [ -51.307455038758867, -24.544200728498762 ], [ -51.30732637614372, -24.544010551385561 ], [ -51.307126052059985, -24.543816654622727 ], [ -51.306566095423449, -24.544269977036112 ], [ -51.306185249389173, -24.544644260241075 ], [ -51.305794064230803, -24.544921664300805 ], [ -51.305757722847758, -24.544947413605204 ], [ -51.305706924135308, -24.544965758878707 ] ], [ [ -51.306934613960102, -24.551876422171045 ], [ -51.307004812164514, -24.553292994693322 ], [ -51.306923480369754, -24.553416052546453 ], [ -51.306870239505734, -24.55346139091532 ], [ -51.306748172069469, -24.553367810626483 ], [ -51.306661710054804, -24.553281663024254 ], [ -51.306580690463925, -24.553358623050965 ], [ -51.306398114814684, -24.553306304211219 ], [ -51.306323679063993, -24.553414888223884 ], [ -51.306106867592021, -24.553276545788425 ], [ -51.306065914477053, -24.553250414473808 ], [ -51.305728837092715, -24.553235500986901 ], [ -51.305720072479737, -24.553208559596079 ], [ -51.305572162813363, -24.553330071869542 ], [ -51.305478359099006, -24.553200731545068 ], [ -51.305404787208637, -24.553225970249869 ], [ -51.305300197205113, -24.553090997914243 ], [ -51.305117356014314, -24.552973443188623 ], [ -51.30510500756818, -24.552918095766636 ], [ -51.304989986120219, -24.552850573849291 ], [ -51.304881837548855, -24.552991458957813 ], [ -51.305035361146594, -24.553072071048632 ], [ -51.305098924251723, -24.553154526881961 ], [ -51.304967168731601, -24.553178140031076 ], [ -51.304846808805372, -24.552969176718026 ], [ -51.304747231531309, -24.552930524334467 ], [ -51.304645847886569, -24.55304335264519 ], [ -51.304608846574318, -24.553030187167458 ], [ -51.30461359712595, -24.552887515247637 ], [ -51.304423682117168, -24.552902990595605 ], [ -51.304264011909972, -24.552987956610629 ], [ -51.30406863040659, -24.552939598536071 ], [ -51.304085804499792, -24.552838311213666 ], [ -51.303790151414795, -24.552774304637044 ], [ -51.303839734284686, -24.552644782627699 ], [ -51.303963886512193, -24.552555725135488 ], [ -51.303750210266315, -24.552266116678506 ], [ -51.30369500162741, -24.552171152794738 ], [ -51.303640392268093, -24.552074887138851 ], [ -51.303521866453075, -24.55209329729685 ], [ -51.303499592614052, -24.552020475603463 ], [ -51.303409838725528, -24.551997138116182 ], [ -51.303395387240506, -24.551970244152844 ], [ -51.303337869321638, -24.551863336039247 ], [ -51.303179908312252, -24.551738973253823 ], [ -51.302544759621235, -24.551122184135814 ], [ -51.302491612412922, -24.551033917059883 ], [ -51.302455137331187, -24.550902210883105 ], [ -51.302461689992285, -24.550702988815928 ], [ -51.302569267843737, -24.55067373651341 ], [ -51.302566965331614, -24.550586532476256 ], [ -51.302480892387159, -24.550541231333618 ], [ -51.302456790644783, -24.550463427715517 ], [ -51.302483535028621, -24.550403847103006 ], [ -51.302444768265111, -24.550230510055911 ], [ -51.302673304919132, -24.550177517632694 ], [ -51.302885022798925, -24.550119480859593 ], [ -51.303099844095399, -24.55005474087309 ], [ -51.303305260238936, -24.549985082718052 ], [ -51.30352030373222, -24.549899894902843 ], [ -51.303716139208277, -24.549810261134148 ], [ -51.30391157447557, -24.549684781214438 ], [ -51.304105426741316, -24.549540587680326 ], [ -51.304291158372777, -24.549413280459131 ], [ -51.304479470220642, -24.549311976157227 ], [ -51.304682775356277, -24.549285453557491 ], [ -51.304891135853261, -24.549341027147435 ], [ -51.30511265384667, -24.549426782924506 ], [ -51.305332838405121, -24.549489176852592 ], [ -51.305452585451299, -24.549517986179978 ], [ -51.305513415742453, -24.549565092715522 ], [ -51.305712950605205, -24.549681783017313 ], [ -51.305928933085177, -24.549812869812932 ], [ -51.306131984934595, -24.549907880115626 ], [ -51.306343847622649, -24.550009735978495 ], [ -51.306576507815748, -24.550111501066976 ], [ -51.30680773325772, -24.55021986309006 ], [ -51.307870288926985, -24.550743199925062 ], [ -51.308090143617143, -24.550843941042093 ], [ -51.308277496317118, -24.550912861307371 ], [ -51.306934613960102, -24.551876422171045 ] ] ] ] } },
{ "type": "Feature", "properties": { "fid": 18, "municipio": "NOVA LONDRINA", "nome": "BRIZANTA", "amb": "Ambiental" }, "geometry": { "type": "MultiPolygon", "coordinates": [ [ [ [ -52.870468657338897, -22.777266760436408 ], [ -52.868387620939593, -22.777569730599243 ], [ -52.866333236240273, -22.777842562261117 ], [ -52.864319653740957, -22.778151825021439 ], [ -52.862301866841634, -22.77848215268164 ], [ -52.860279698342303, -22.778820543341762 ], [ -52.858319126142959, -22.779307192099424 ], [ -52.85633695594364, -22.77981095565751 ], [ -52.85437989294428, -22.780364973414503 ], [ -52.852559713444869, -22.780960453167154 ], [ -52.852327984644951, -22.781036290073843 ], [ -52.85178014344514, -22.781206190689673 ], [ -52.851324784945298, -22.781359213002801 ], [ -52.850876308345455, -22.781509896515697 ], [ -52.850587652745538, -22.781574742424077 ], [ -52.850251548645666, -22.781609163933965 ], [ -52.849914028545783, -22.781610820943953 ], [ -52.849561900045906, -22.781569120154487 ], [ -52.849337846845991, -22.781528281761243 ], [ -52.849210542146039, -22.781505104665083 ], [ -52.848905412746134, -22.78151107977407 ], [ -52.848725704946204, -22.781573937079237 ], [ -52.848704077346213, -22.78166729097962 ], [ -52.848597737546235, -22.781776165482476 ], [ -52.848903639246132, -22.781878004673153 ], [ -52.849105222346026, -22.782173580266402 ], [ -52.849253394445988, -22.782155336962056 ], [ -52.84944803114589, -22.782448464055509 ], [ -52.849445768245857, -22.782959519354211 ], [ -52.849573102745794, -22.783259205949644 ], [ -52.849516795045801, -22.783366236651013 ], [ -52.849656218145739, -22.783724570745939 ], [ -52.84998885064558, -22.784284298734558 ], [ -52.849813277045641, -22.784487802639216 ], [ -52.850002047345562, -22.784555056833447 ], [ -52.850636400045303, -22.785259471712752 ], [ -52.850938389545171, -22.785597496002897 ], [ -52.850994395645117, -22.786023711500075 ], [ -52.850907322145133, -22.786246869102065 ], [ -52.851173025045, -22.786630917193154 ], [ -52.851311759544934, -22.787139612787673 ], [ -52.851205576944949, -22.78734682799027 ], [ -52.851393227744857, -22.787785241283501 ], [ -52.851461326044806, -22.788219623980336 ], [ -52.851351301944831, -22.788387601783135 ], [ -52.851481527344788, -22.788518384778932 ], [ -52.852037534744561, -22.788907639261371 ], [ -52.852114712344537, -22.788881999759127 ], [ -52.85199652284458, -22.788748278163013 ], [ -52.852177245044544, -22.788349024058704 ], [ -52.852615601844406, -22.788255163945912 ], [ -52.852935649644273, -22.788530483835647 ], [ -52.853262517044143, -22.788654555625584 ], [ -52.853377440044092, -22.788870761321572 ], [ -52.853537120044031, -22.788860417016863 ], [ -52.853616851144018, -22.788649083015045 ], [ -52.853821471343934, -22.788821983708484 ], [ -52.853787268143932, -22.789137540708641 ], [ -52.85382355074389, -22.789595228806352 ], [ -52.853982554043817, -22.789772452301122 ], [ -52.854511898443604, -22.790148100584329 ], [ -52.854493400043602, -22.790407757784177 ], [ -52.854653506643523, -22.790738393278517 ], [ -52.854725798043461, -22.791186631775144 ], [ -52.8548932721434, -22.79137784286965 ], [ -52.854842472543403, -22.791481560370876 ], [ -52.854901212243369, -22.791554384168936 ], [ -52.854873986843387, -22.791759238269197 ], [ -52.854872011943357, -22.792095551368345 ], [ -52.854934991843336, -22.792222598166145 ], [ -52.854746168643388, -22.792332346071479 ], [ -52.854806893443353, -22.792616637468925 ], [ -52.854752173043359, -22.792704145970298 ], [ -52.854871675343318, -22.792797664866495 ], [ -52.854745859743332, -22.793338872168793 ], [ -52.854900599843241, -22.793826787862848 ], [ -52.854912969743211, -22.794071546961828 ], [ -52.854937425843197, -22.794532893659873 ], [ -52.854850631043185, -22.79487723716154 ], [ -52.854772126243219, -22.794948948263688 ], [ -52.854548266143269, -22.795024878670166 ], [ -52.854450914043326, -22.794912951073382 ], [ -52.854383837143359, -22.794864696375498 ], [ -52.854464041843308, -22.79513458367239 ], [ -52.854849525443171, -22.795400106960166 ], [ -52.855068543043082, -22.795333353153787 ], [ -52.855166872443014, -22.795884414549381 ], [ -52.856597080142514, -22.795829478106736 ], [ -52.859249293422401, -22.795736732543613 ], [ -52.86282520945759, -22.795493707306264 ], [ -52.866092009639267, -22.795246165221727 ], [ -52.868189550138553, -22.795119378958166 ], [ -52.870288687037849, -22.794995797394332 ], [ -52.872341546737161, -22.794878691831681 ], [ -52.874373723036463, -22.794759364969476 ], [ -52.876340193635826, -22.794643043109069 ], [ -52.883950979626263, -22.794179825645191 ], [ -52.890756929431106, -22.793688550660711 ], [ -52.895823883529509, -22.793382312600599 ], [ -52.899361674328389, -22.793163037488014 ], [ -52.902825382127311, -22.792933280677257 ], [ -52.901596700727993, -22.787992085730121 ], [ -52.898133789029075, -22.788326911040375 ], [ -52.895829893129807, -22.788485615113554 ], [ -52.895757040129844, -22.788273910216446 ], [ -52.894022844930717, -22.783234255785221 ], [ -52.892399083831229, -22.783421852036295 ], [ -52.890220363731913, -22.783683916904572 ], [ -52.889959214332002, -22.783708142212753 ], [ -52.887642641932736, -22.784059398984873 ], [ -52.88734349723282, -22.78411097989413 ], [ -52.885403572233436, -22.784417472654297 ], [ -52.88320125853415, -22.784644774822628 ], [ -52.883175943134162, -22.784645164023402 ], [ -52.880975266834874, -22.784878918391463 ], [ -52.879729536835278, -22.785003773929883 ], [ -52.879034932335522, -22.785086638951245 ], [ -52.87876243033562, -22.785093009659683 ], [ -52.87655789293634, -22.785295052927431 ], [ -52.875502796536672, -22.785388284359815 ], [ -52.874493864137015, -22.785481779090663 ], [ -52.874331601837085, -22.785288451296189 ], [ -52.870468657338897, -22.777266760436408 ] ] ] ] } },
{ "type": "Feature", "properties": { "fid": 19, "municipio": "MARILUZ", "nome": "NOSSA SENHORA APARECIDA", "amb": "Ambiental" }, "geometry": { "type": "MultiPolygon", "coordinates": [ [ [ [ -53.29104194, -24.03494722 ], [ -53.28555889, -24.03657222 ], [ -53.2834775, -24.03717528 ], [ -53.28066556, -24.03798111 ], [ -53.27785583, -24.03880389 ], [ -53.27503167, -24.03962861 ], [ -53.27222917, -24.04043639 ], [ -53.26941583, -24.04124667 ], [ -53.26810306, -24.04162528 ], [ -53.26803389, -24.04113917 ], [ -53.26771389, -24.03877667 ], [ -53.26747806, -24.03701528 ], [ -53.26740833, -24.03649444 ], [ -53.26734278, -24.03650194 ], [ -53.26698778, -24.03660917 ], [ -53.26669194, -24.03668917 ], [ -53.26648167, -24.03680167 ], [ -53.26636556, -24.03692167 ], [ -53.26614639, -24.03709583 ], [ -53.26591806, -24.03719833 ], [ -53.26570194, -24.03722722 ], [ -53.26537111, -24.03728667 ], [ -53.26518194, -24.03724028 ], [ -53.26496833, -24.03733444 ], [ -53.26486083, -24.03759 ], [ -53.26460556, -24.03770556 ], [ -53.26456694, -24.03769222 ], [ -53.26417944, -24.0377875 ], [ -53.26384528, -24.03789333 ], [ -53.26363139, -24.03802056 ], [ -53.26345694, -24.03815028 ], [ -53.26327472, -24.03816417 ], [ -53.26298083, -24.03822306 ], [ -53.2627, -24.03819972 ], [ -53.26255639, -24.03824444 ], [ -53.26235361, -24.03827389 ], [ -53.26204222, -24.03832694 ], [ -53.26192944, -24.03840111 ], [ -53.26154306, -24.038635 ], [ -53.26121528, -24.03876139 ], [ -53.26113194, -24.03897806 ], [ -53.26112167, -24.03899361 ], [ -53.26096472, -24.03922889 ], [ -53.26106167, -24.03938083 ], [ -53.26105611, -24.03959028 ], [ -53.26092083, -24.03962222 ], [ -53.26062083, -24.03954222 ], [ -53.2603075, -24.03955806 ], [ -53.25985528, -24.03956667 ], [ -53.25969194, -24.03972389 ], [ -53.25953694, -24.03977778 ], [ -53.25923167, -24.03970389 ], [ -53.25903694, -24.03976194 ], [ -53.25868306, -24.03977667 ], [ -53.25849639, -24.03962833 ], [ -53.25833361, -24.03974472 ], [ -53.25821611, -24.04004444 ], [ -53.25809667, -24.04014778 ], [ -53.25782556, -24.04023 ], [ -53.25763722, -24.04004917 ], [ -53.25743694, -24.04008167 ], [ -53.25710611, -24.04015472 ], [ -53.25691444, -24.04006556 ], [ -53.25672722, -24.04010111 ], [ -53.25644583, -24.04008278 ], [ -53.25632472, -24.04014417 ], [ -53.25622861, -24.040225 ], [ -53.25593611, -24.04025028 ], [ -53.25576694, -24.04018667 ], [ -53.25560917, -24.04019194 ], [ -53.25541611, -24.04038222 ], [ -53.25516417, -24.04033889 ], [ -53.2549525, -24.04010583 ], [ -53.25463417, -24.04016889 ], [ -53.254492356314579, -24.040213646668771 ], [ -53.254442998646645, -24.040212929254157 ], [ -53.254408885159748, -24.040218306574857 ], [ -53.254432429126659, -24.040361949038239 ], [ -53.254954298422405, -24.043553168445257 ], [ -53.255313084004413, -24.04573552318509 ], [ -53.255443283597359, -24.046531457313723 ], [ -53.255857708124928, -24.04903310497405 ], [ -53.256258030853736, -24.051491715987869 ], [ -53.256634967539703, -24.053798104297027 ], [ -53.25663556, -24.05380472 ], [ -53.25664611, -24.05388111 ], [ -53.2570075, -24.05610806 ], [ -53.25739028, -24.05841833 ], [ -53.25741694, -24.05857917 ], [ -53.257684165176009, -24.060193961858641 ], [ -53.258141363684658, -24.063065902962538 ], [ -53.25822111, -24.06356722 ], [ -53.25878028, -24.06706333 ], [ -53.25880528, -24.06721111 ], [ -53.258821294164427, -24.067325146265421 ], [ -53.259064329446225, -24.068851084291399 ], [ -53.259409669177671, -24.071019079356425 ], [ -53.25948292206332, -24.07147930154191 ], [ -53.25964111, -24.07246917 ], [ -53.25848778, -24.0753725 ], [ -53.25793278, -24.0767125 ], [ -53.25665333, -24.07999417 ], [ -53.25661389, -24.07999333 ], [ -53.25610417, -24.07998194 ], [ -53.25453, -24.07996056 ], [ -53.25296806, -24.07995194 ], [ -53.25141528, -24.07993611 ], [ -53.24984389, -24.07992667 ], [ -53.24836556, -24.07991806 ], [ -53.24671167, -24.07991222 ], [ -53.24542556, -24.07990889 ], [ -53.2449625, -24.07990583 ], [ -53.24391528, -24.0799025 ], [ -53.24377, -24.07990389 ], [ -53.237645, -24.07990528 ], [ -53.23347222, -24.07987167 ], [ -53.23328694, -24.08238667 ], [ -53.23316028, -24.08410639 ], [ -53.23315722, -24.08412278 ], [ -53.23310667, -24.08489222 ], [ -53.23276889, -24.09002194 ], [ -53.23276139, -24.09013639 ], [ -53.23275944, -24.09020472 ], [ -53.23275861, -24.09021778 ], [ -53.23275667, -24.0902525 ], [ -53.23240667, -24.09558778 ], [ -53.23537528, -24.10991 ], [ -53.23568528, -24.11171 ], [ -53.23607306, -24.11350722 ], [ -53.23623056, -24.11411889 ], [ -53.23625333, -24.11420722 ], [ -53.23681972, -24.11640472 ], [ -53.23717778, -24.11810778 ], [ -53.23752556, -24.11981306 ], [ -53.23786861, -24.12147917 ], [ -53.23820306, -24.12306639 ], [ -53.23849222, -24.12466472 ], [ -53.23886833, -24.12643806 ], [ -53.23925417, -24.1282425 ], [ -53.23957972, -24.12980556 ], [ -53.23990833, -24.13139556 ], [ -53.24021583, -24.13285111 ], [ -53.24033528, -24.13295361 ], [ -53.24990944, -24.13091611 ], [ -53.2540125, -24.13011667 ], [ -53.25396278, -24.13028028 ], [ -53.2540075, -24.13041639 ], [ -53.25407139, -24.13050333 ], [ -53.25416722, -24.13067139 ], [ -53.25429083, -24.13091083 ], [ -53.25423417, -24.13108 ], [ -53.25416778, -24.13127306 ], [ -53.25411722, -24.1314825 ], [ -53.25404972, -24.13154056 ], [ -53.25407694, -24.13174972 ], [ -53.25426833, -24.13200917 ], [ -53.25425111, -24.13228694 ], [ -53.25426778, -24.13246778 ], [ -53.25427667, -24.1325525 ], [ -53.254405, -24.13306028 ], [ -53.25446194, -24.13333583 ], [ -53.25455917, -24.13356083 ], [ -53.25458333, -24.13373583 ], [ -53.25469111, -24.13390306 ], [ -53.25494083, -24.13427583 ], [ -53.25511111, -24.13447556 ], [ -53.25522639, -24.13482889 ], [ -53.25529, -24.13495278 ], [ -53.25525444, -24.13517194 ], [ -53.25529111, -24.13536583 ], [ -53.255069830030934, -24.135615128057314 ], [ -53.255131317307331, -24.13573320112075 ], [ -53.255474901941831, -24.135900096191389 ], [ -53.255406614849775, -24.136056016284147 ], [ -53.255435390759999, -24.136277575708899 ], [ -53.255545311653634, -24.136476089387187 ], [ -53.255638791098612, -24.136572926218054 ], [ -53.255749714757485, -24.136581938989949 ], [ -53.255934165486153, -24.136458966927151 ], [ -53.256200792014319, -24.136444553358608 ], [ -53.256297429200878, -24.136502705651328 ], [ -53.256308861279642, -24.136655190541607 ], [ -53.256239777005597, -24.136732042418515 ], [ -53.256271438777993, -24.13717951558408 ], [ -53.256539676091812, -24.137295975297807 ], [ -53.256628222278557, -24.137582370185509 ], [ -53.256793179282298, -24.137856170118027 ], [ -53.25694190833655, -24.138247746980486 ], [ -53.256905001719929, -24.138347594570121 ], [ -53.256851232048987, -24.138428282580243 ], [ -53.256731417745399, -24.138512475007765 ], [ -53.256701318468217, -24.138759098183137 ], [ -53.256708054129291, -24.138834558163747 ], [ -53.256819886161459, -24.138911984519876 ], [ -53.257018513871138, -24.139024778362916 ], [ -53.256967598795406, -24.139273605202757 ], [ -53.256975708596109, -24.13946089467558 ], [ -53.256882240583941, -24.139583334967025 ], [ -53.256776816143059, -24.13987638991096 ], [ -53.256815571252552, -24.140016193239834 ], [ -53.257027795325349, -24.140096467668368 ], [ -53.257062903493534, -24.140135037116114 ], [ -53.257070427014916, -24.140143321335959 ], [ -53.257095692314358, -24.140349585425557 ], [ -53.257200236158639, -24.140359232955699 ], [ -53.257280223317572, -24.140706959720347 ], [ -53.25729792457134, -24.140874607979708 ], [ -53.257363978668245, -24.141017166839472 ], [ -53.257392014475805, -24.14120750156507 ], [ -53.257342618250682, -24.14138598236401 ], [ -53.257705452804409, -24.14160602878766 ], [ -53.257779921190775, -24.141796308243382 ], [ -53.257887945711168, -24.142059935393384 ], [ -53.25804775182538, -24.142258430586807 ], [ -53.258175739260381, -24.14234247744152 ], [ -53.25823985993042, -24.14249246689608 ], [ -53.258268619342346, -24.142819014393922 ], [ -53.258262418584962, -24.142930775358437 ], [ -53.258383811098966, -24.143042543499888 ], [ -53.258414794513115, -24.143036668429161 ], [ -53.25849539071416, -24.143021392634431 ], [ -53.258654556335543, -24.143149753485567 ], [ -53.258661165139635, -24.14323469392853 ], [ -53.258874264527776, -24.143241288689865 ], [ -53.258986848822516, -24.143299654125695 ], [ -53.259107617813605, -24.1434822058009 ], [ -53.25915806, -24.14358667 ], [ -53.25928306, -24.14351944 ], [ -53.261995, -24.14206694 ], [ -53.26385222, -24.14108472 ], [ -53.26572444, -24.14009361 ], [ -53.2675975, -24.139095 ], [ -53.26948722, -24.13807778 ], [ -53.27136306, -24.13708083 ], [ -53.27325167, -24.13605444 ], [ -53.27632833, -24.13432722 ], [ -53.27662944, -24.13436361 ], [ -53.27665861, -24.13429083 ], [ -53.27661861, -24.13421444 ], [ -53.27664639, -24.13397667 ], [ -53.27663889, -24.13383194 ], [ -53.27666806, -24.13364583 ], [ -53.27669333, -24.13355139 ], [ -53.27669, -24.13346556 ], [ -53.27664556, -24.13335056 ], [ -53.27665361, -24.13326056 ], [ -53.27667917, -24.13314028 ], [ -53.276715, -24.13301889 ], [ -53.27668778, -24.13292 ], [ -53.27670222, -24.13272028 ], [ -53.27674167, -24.13259611 ], [ -53.27684306, -24.13251611 ], [ -53.27684889, -24.13234944 ], [ -53.27683944, -24.13220611 ], [ -53.27693056, -24.13207472 ], [ -53.27700333, -24.13199389 ], [ -53.27700556, -24.13198972 ], [ -53.27701361, -24.13192028 ], [ -53.27702556, -24.13176778 ], [ -53.27702778, -24.13151917 ], [ -53.27709333, -24.13142917 ], [ -53.27720139, -24.13128944 ], [ -53.27722556, -24.13126889 ], [ -53.2772825, -24.13118194 ], [ -53.27729778, -24.13116083 ], [ -53.27720944, -24.13106861 ], [ -53.27717, -24.13104944 ], [ -53.2771325, -24.13097111 ], [ -53.27715528, -24.13085556 ], [ -53.27710361, -24.1307525 ], [ -53.27701583, -24.13061139 ], [ -53.27715917, -24.13037083 ], [ -53.27708944, -24.13025111 ], [ -53.27705611, -24.13001694 ], [ -53.27707944, -24.12993306 ], [ -53.2770975, -24.12974111 ], [ -53.2771825, -24.12951194 ], [ -53.2771975, -24.12931111 ], [ -53.27717583, -24.12907528 ], [ -53.27734222, -24.12893306 ], [ -53.27740583, -24.12875167 ], [ -53.27730889, -24.12852278 ], [ -53.27728194, -24.12830333 ], [ -53.27724417, -24.12799306 ], [ -53.27734167, -24.12710806 ], [ -53.27717861, -24.12649056 ], [ -53.27698861, -24.12591139 ], [ -53.27681944, -24.12557972 ], [ -53.27667639, -24.12529917 ], [ -53.27642556, -24.12464583 ], [ -53.27649722, -24.12417361 ], [ -53.28348944, -24.12412083 ], [ -53.28382611, -24.12188667 ], [ -53.28393611, -24.1211575 ], [ -53.28395694, -24.12103389 ], [ -53.28412917, -24.11990139 ], [ -53.28444667, -24.11783 ], [ -53.28469167, -24.11623028 ], [ -53.284755, -24.11582306 ], [ -53.28477667, -24.11578667 ], [ -53.28546083, -24.11452667 ], [ -53.28725722, -24.11124111 ], [ -53.28812972, -24.109635 ], [ -53.28814444, -24.10960806 ], [ -53.28815917, -24.10958111 ], [ -53.28903694, -24.10796806 ], [ -53.29169417, -24.10305028 ], [ -53.29204639, -24.10264639 ], [ -53.29227361, -24.10257667 ], [ -53.29254778, -24.10240611 ], [ -53.29277944, -24.10237639 ], [ -53.29295944, -24.10226944 ], [ -53.29301472, -24.10203222 ], [ -53.29354306, -24.10189583 ], [ -53.29383722, -24.10199667 ], [ -53.29397861, -24.10202639 ], [ -53.29545306, -24.10198278 ], [ -53.29564583, -24.10183 ], [ -53.29579306, -24.10196639 ], [ -53.29601472, -24.10184889 ], [ -53.29625889, -24.10174694 ], [ -53.29662806, -24.10172639 ], [ -53.29692083, -24.101755 ], [ -53.29711194, -24.10169056 ], [ -53.29729722, -24.10174139 ], [ -53.2975425, -24.10169528 ], [ -53.29764806, -24.10160139 ], [ -53.29796167, -24.10156667 ], [ -53.29850306, -24.10151306 ], [ -53.29874028, -24.10142611 ], [ -53.29944694, -24.1013725 ], [ -53.29980056, -24.10131028 ], [ -53.30008278, -24.10142611 ], [ -53.30049222, -24.10127194 ], [ -53.30096389, -24.10128 ], [ -53.3011625, -24.10121667 ], [ -53.30138306, -24.10125167 ], [ -53.30161861, -24.10115083 ], [ -53.30194139, -24.10115278 ], [ -53.30206278, -24.10122472 ], [ -53.30222028, -24.1011525 ], [ -53.30234861, -24.10121111 ], [ -53.3024725, -24.10118306 ], [ -53.30273583, -24.10119139 ], [ -53.30284917, -24.10130722 ], [ -53.30287806, -24.101485 ], [ -53.30305667, -24.10148083 ], [ -53.30324472, -24.10151778 ], [ -53.30347611, -24.10166278 ], [ -53.30373944, -24.10162722 ], [ -53.30402667, -24.10150722 ], [ -53.30416139, -24.10155944 ], [ -53.30427194, -24.10153917 ], [ -53.30422167, -24.10144722 ], [ -53.3043025, -24.10144194 ], [ -53.30457306, -24.1015175 ], [ -53.3046625, -24.10143278 ], [ -53.30496778, -24.1014075 ], [ -53.30507028, -24.10137639 ], [ -53.30529972, -24.10137472 ], [ -53.30547056, -24.10115667 ], [ -53.30561444, -24.10117833 ], [ -53.30568306, -24.10111611 ], [ -53.30593833, -24.10102222 ], [ -53.30618472, -24.10092278 ], [ -53.30645972, -24.10096278 ], [ -53.30662556, -24.10112917 ], [ -53.30673806, -24.10090417 ], [ -53.30702306, -24.10093556 ], [ -53.30722722, -24.10088972 ], [ -53.30743222, -24.10088194 ], [ -53.30750694, -24.10085028 ], [ -53.30783778, -24.100725 ], [ -53.30792278, -24.10078028 ], [ -53.30798667, -24.10070278 ], [ -53.30829278, -24.10073694 ], [ -53.30847083, -24.10085833 ], [ -53.30855556, -24.10096944 ], [ -53.30874306, -24.10091861 ], [ -53.30893556, -24.10086806 ], [ -53.30909889, -24.10082972 ], [ -53.30914556, -24.10070667 ], [ -53.30936278, -24.10062833 ], [ -53.30954889, -24.10075917 ], [ -53.3096575, -24.10073417 ], [ -53.30979361, -24.10075417 ], [ -53.30983333, -24.1008825 ], [ -53.31055306, -24.10089611 ], [ -53.31068028, -24.10087361 ], [ -53.31071083, -24.10075 ], [ -53.31088361, -24.10081917 ], [ -53.31098111, -24.10075194 ], [ -53.31115361, -24.10073917 ], [ -53.311365, -24.1007425 ], [ -53.31158639, -24.10093583 ], [ -53.31170639, -24.10086417 ], [ -53.31181, -24.10083778 ], [ -53.31187472, -24.10073972 ], [ -53.31209389, -24.10065556 ], [ -53.31230028, -24.10071833 ], [ -53.31263361, -24.10063583 ], [ -53.31285722, -24.1007075 ], [ -53.31303417, -24.1007475 ], [ -53.31324389, -24.10068444 ], [ -53.31339083, -24.10076389 ], [ -53.31350222, -24.10085806 ], [ -53.31360417, -24.10074833 ], [ -53.3138475, -24.1007775 ], [ -53.313955, -24.10085917 ], [ -53.31427861, -24.10076417 ], [ -53.31457028, -24.100825 ], [ -53.31477917, -24.10092778 ], [ -53.31480583, -24.10102444 ], [ -53.31497333, -24.10093528 ], [ -53.31509222, -24.10096389 ], [ -53.31505111, -24.10142111 ], [ -53.31396667, -24.11343056 ], [ -53.31393806, -24.11374833 ], [ -53.31415278, -24.1137175 ], [ -53.31431167, -24.11372194 ], [ -53.31450472, -24.11371333 ], [ -53.314735, -24.11374 ], [ -53.31498444, -24.11369444 ], [ -53.31529694, -24.11370194 ], [ -53.31551167, -24.1137525 ], [ -53.31566556, -24.11375028 ], [ -53.31578056, -24.11369028 ], [ -53.31601389, -24.11372222 ], [ -53.3162, -24.11371472 ], [ -53.31631, -24.11361167 ], [ -53.31650583, -24.11363889 ], [ -53.31667389, -24.11363889 ], [ -53.31678972, -24.11359667 ], [ -53.31693528, -24.11344556 ], [ -53.31706778, -24.11341028 ], [ -53.31717139, -24.11329639 ], [ -53.31730139, -24.11323611 ], [ -53.31729306, -24.11313083 ], [ -53.31717611, -24.11300639 ], [ -53.317235, -24.11282972 ], [ -53.31741444, -24.11271556 ], [ -53.31759722, -24.11253139 ], [ -53.31768944, -24.11239639 ], [ -53.31787, -24.11221167 ], [ -53.31802639, -24.11211639 ], [ -53.31820972, -24.11203806 ], [ -53.31831417, -24.11215056 ], [ -53.31851556, -24.11220139 ], [ -53.31855139, -24.11239861 ], [ -53.31869, -24.11238389 ], [ -53.31873306, -24.11193917 ], [ -53.31878389, -24.11145028 ], [ -53.31884944, -24.1108275 ], [ -53.31887556, -24.1101875 ], [ -53.31891306, -24.10954389 ], [ -53.31914944, -24.10901917 ], [ -53.31944667, -24.10863639 ], [ -53.31974278, -24.10827139 ], [ -53.32009917, -24.10780444 ], [ -53.3204475, -24.10724556 ], [ -53.32068194, -24.10688194 ], [ -53.32094306, -24.10584417 ], [ -53.32142111, -24.10445556 ], [ -53.32201861, -24.10342917 ], [ -53.32284806, -24.10169194 ], [ -53.32323944, -24.10025611 ], [ -53.32459556, -24.09905222 ], [ -53.32520639, -24.09859639 ], [ -53.32497972, -24.09706778 ], [ -53.32495417, -24.09559056 ], [ -53.32532917, -24.09422833 ], [ -53.32518056, -24.09382889 ], [ -53.324275, -24.09341556 ], [ -53.32309444, -24.09283972 ], [ -53.32223333, -24.09244444 ], [ -53.32099667, -24.09193556 ], [ -53.31993583, -24.09132139 ], [ -53.31858333, -24.09040611 ], [ -53.318025, -24.09026944 ], [ -53.31674639, -24.09052778 ], [ -53.31544667, -24.09027083 ], [ -53.31484917, -24.08983833 ], [ -53.31442111, -24.0882675 ], [ -53.31456861, -24.08757333 ], [ -53.31355833, -24.08660333 ], [ -53.31242583, -24.08550167 ], [ -53.31226722, -24.08495333 ], [ -53.31183, -24.08356556 ], [ -53.31170167, -24.08226694 ], [ -53.31234389, -24.08066667 ], [ -53.31222167, -24.08030889 ], [ -53.3108125, -24.07987 ], [ -53.309715, -24.07984361 ], [ -53.30835889, -24.08120083 ], [ -53.3074975, -24.08252694 ], [ -53.30695694, -24.08319583 ], [ -53.30602944, -24.08342917 ], [ -53.30514611, -24.08292833 ], [ -53.30425972, -24.08254222 ], [ -53.30254556, -24.08179583 ], [ -53.30081, -24.08156361 ], [ -53.29979889, -24.08096139 ], [ -53.29928611, -24.07943722 ], [ -53.29973111, -24.07877972 ], [ -53.30044583, -24.07841306 ], [ -53.30100944, -24.07812361 ], [ -53.30215472, -24.07756167 ], [ -53.30266111, -24.07720278 ], [ -53.30303694, -24.07707556 ], [ -53.3036325, -24.07629806 ], [ -53.30403167, -24.07544222 ], [ -53.30401, -24.07502667 ], [ -53.30384333, -24.074615 ], [ -53.30350639, -24.07428417 ], [ -53.30270528, -24.07432278 ], [ -53.3017225, -24.07429 ], [ -53.30064583, -24.07424917 ], [ -53.29958639, -24.07431667 ], [ -53.29841611, -24.07456667 ], [ -53.29765556, -24.0744725 ], [ -53.29733444, -24.07411 ], [ -53.29728639, -24.07362889 ], [ -53.29768278, -24.07313639 ], [ -53.29866889, -24.07279806 ], [ -53.30008833, -24.07238417 ], [ -53.3003825, -24.07214889 ], [ -53.30101611, -24.07164139 ], [ -53.30166722, -24.07103389 ], [ -53.30205667, -24.07035472 ], [ -53.30221778, -24.06945 ], [ -53.30205528, -24.06813861 ], [ -53.30173333, -24.06726778 ], [ -53.30115889, -24.06634333 ], [ -53.30030139, -24.06532611 ], [ -53.30002778, -24.06515667 ], [ -53.29983528, -24.06503722 ], [ -53.29863694, -24.06506583 ], [ -53.29701194, -24.06528111 ], [ -53.29596278, -24.0655375 ], [ -53.294645, -24.06556278 ], [ -53.29374583, -24.06550417 ], [ -53.29327083, -24.06547333 ], [ -53.29259111, -24.06523194 ], [ -53.29185083, -24.06463778 ], [ -53.29136389, -24.06461194 ], [ -53.29069361, -24.0649225 ], [ -53.29062083, -24.06497889 ], [ -53.28990611, -24.06553278 ], [ -53.28941583, -24.06526333 ], [ -53.28933333, -24.06468639 ], [ -53.28953306, -24.06354111 ], [ -53.28977889, -24.06221139 ], [ -53.28968778, -24.060875 ], [ -53.28948028, -24.06005528 ], [ -53.28954778, -24.05993917 ], [ -53.28977778, -24.05954389 ], [ -53.29068194, -24.05880472 ], [ -53.29153333, -24.05825222 ], [ -53.29196, -24.05796417 ], [ -53.29326, -24.05726 ], [ -53.29363944, -24.05694528 ], [ -53.29392833, -24.05667833 ], [ -53.29423389, -24.05564833 ], [ -53.29455833, -24.05441444 ], [ -53.29453444, -24.05322722 ], [ -53.29412, -24.0523175 ], [ -53.29345306, -24.05226361 ], [ -53.29246306, -24.05261556 ], [ -53.29121583, -24.05280556 ], [ -53.28999694, -24.05249111 ], [ -53.28967472, -24.05165583 ], [ -53.28970833, -24.05162528 ], [ -53.28997833, -24.05125806 ], [ -53.29049611, -24.05080278 ], [ -53.29139611, -24.04971472 ], [ -53.29181444, -24.04911056 ], [ -53.29197472, -24.04804556 ], [ -53.291685, -24.04722472 ], [ -53.29173, -24.04649361 ], [ -53.29174, -24.04633722 ], [ -53.29186083, -24.04552 ], [ -53.29256472, -24.04470611 ], [ -53.29345083, -24.04389667 ], [ -53.29351944, -24.04327139 ], [ -53.29327806, -24.04200611 ], [ -53.29310361, -24.04116611 ], [ -53.29292111, -24.03993361 ], [ -53.29294806, -24.03887667 ], [ -53.29309833, -24.037135 ], [ -53.29273944, -24.03572361 ], [ -53.29208694, -24.03520306 ], [ -53.29104194, -24.03494722 ] ] ] ] } },
{ "type": "Feature", "properties": { "fid": 20, "municipio": "BARRACAO", "nome": "COLETIVO DA FRONTEIRA", "amb": "Ambiental" }, "geometry": { "type": "MultiPolygon", "coordinates": [ [ [ [ -53.474824605244116, -26.281055275878582 ], [ -53.47534777927131, -26.280831171743628 ], [ -53.475597762110347, -26.280464963407255 ], [ -53.475069630670319, -26.279784471458001 ], [ -53.475350732892473, -26.279032504101078 ], [ -53.475920247348647, -26.27733398521044 ], [ -53.473362735791767, -26.276735285349503 ], [ -53.473168808239144, -26.274959204003455 ], [ -53.474660248537432, -26.270415340679712 ], [ -53.474372869530875, -26.270449571568882 ], [ -53.473813183156558, -26.270253177310309 ], [ -53.471777745918352, -26.270265259680709 ], [ -53.471204056965732, -26.270122069248902 ], [ -53.470187188588163, -26.26943826587182 ], [ -53.469688549304109, -26.267743630885828 ], [ -53.468810785851502, -26.26733817981718 ], [ -53.467363459768421, -26.269928112561974 ], [ -53.461543146288228, -26.268572949143707 ], [ -53.461467936684059, -26.268555436044387 ], [ -53.461475095204953, -26.268567411303522 ], [ -53.461545972331805, -26.268639988217789 ], [ -53.461784497378389, -26.26905731882977 ], [ -53.461673474276914, -26.269793513454761 ], [ -53.461713746713535, -26.27028883174377 ], [ -53.461788434089918, -26.271192997401869 ], [ -53.461877354581333, -26.271625212384901 ], [ -53.461717916575275, -26.272477253803874 ], [ -53.461684922002121, -26.272618465415533 ], [ -53.46125033748713, -26.272994658428154 ], [ -53.461047311497794, -26.273666020104354 ], [ -53.460748026510721, -26.274091122685913 ], [ -53.460083057986587, -26.274807242837852 ], [ -53.460241164856519, -26.275071465145508 ], [ -53.460305636878921, -26.275141562272726 ], [ -53.45999829981011, -26.27549900656247 ], [ -53.459727134775939, -26.275814379202018 ], [ -53.45983748580791, -26.276186396118277 ], [ -53.459473056534918, -26.277246588056151 ], [ -53.459037062810488, -26.277567046729629 ], [ -53.459065233361613, -26.277911720968991 ], [ -53.459055312833065, -26.278093967758419 ], [ -53.458339095578786, -26.278818440948768 ], [ -53.45811900299833, -26.278998639785986 ], [ -53.457607107417061, -26.279353632083193 ], [ -53.457898773132747, -26.279930205318959 ], [ -53.458900033003125, -26.280850720272255 ], [ -53.459148516069256, -26.280954257550842 ], [ -53.45974041227592, -26.281442149203006 ], [ -53.460102275454162, -26.281695982413126 ], [ -53.46060883420914, -26.282202155013071 ], [ -53.460465917037645, -26.282904481199232 ], [ -53.461213710710652, -26.28293062449557 ], [ -53.463029299817144, -26.282994082204247 ], [ -53.463221688165326, -26.282999940507811 ], [ -53.4633296888967, -26.283003229064231 ], [ -53.467538895884609, -26.283131332183892 ], [ -53.471224456503535, -26.283186059483683 ], [ -53.471383133636181, -26.283177285151311 ], [ -53.474707047438102, -26.283308185172931 ], [ -53.474714820222268, -26.282302575771098 ], [ -53.474716906479514, -26.281188447236477 ], [ -53.474824605244116, -26.281055275878582 ] ] ] ] } },
{ "type": "Feature", "properties": { "fid": 21, "municipio": "JACAREZINHO", "nome": "JACAREZINHO", "amb": "Ambiental" }, "geometry": { "type": "MultiPolygon", "coordinates": [ [ [ [ -49.938277818531262, -23.125085010074717 ], [ -49.937357933824984, -23.126629016131844 ], [ -49.936270343849593, -23.1266252068767 ], [ -49.935348038810787, -23.128719065134884 ], [ -49.934269178091668, -23.131168179482454 ], [ -49.936946840486094, -23.132347977867099 ], [ -49.937441410605032, -23.131727184945596 ], [ -49.938225700759425, -23.130949825837146 ], [ -49.938492730133554, -23.13057461858671 ], [ -49.93866972381263, -23.130173424320436 ], [ -49.938626655747562, -23.129639691227347 ], [ -49.943594292489678, -23.126243055623661 ], [ -49.94364282025191, -23.125358582440949 ], [ -49.944413362776004, -23.125442773582087 ], [ -49.952337170881201, -23.122932071881877 ], [ -49.952300567007505, -23.121747608979526 ], [ -49.952413304314568, -23.121653970606374 ], [ -49.953262302560219, -23.121190019371198 ], [ -49.954421345936936, -23.12080191238725 ], [ -49.954260750510066, -23.120506124942047 ], [ -49.954174899648216, -23.120343968524633 ], [ -49.954090093375747, -23.120173057690216 ], [ -49.954013106216564, -23.120001295433589 ], [ -49.953940565243094, -23.119822878747442 ], [ -49.953875074752091, -23.119641979751076 ], [ -49.953817102655563, -23.119461220913092 ], [ -49.953766172584444, -23.119279063595954 ], [ -49.953722659699324, -23.119097497392712 ], [ -49.953685062520975, -23.11890865427694 ], [ -49.953655543601549, -23.118723296994368 ], [ -49.953633138332684, -23.118539883665065 ], [ -49.95361696404256, -23.118346305196972 ], [ -49.95360882170025, -23.118162173559078 ], [ -49.953607180813982, -23.117970768903401 ], [ -49.953613318084869, -23.117783751324069 ], [ -49.953626502021372, -23.11759470305649 ], [ -49.953645486608416, -23.117413190039233 ], [ -49.953707858076349, -23.116912944994386 ], [ -49.95372617847589, -23.116741453011862 ], [ -49.953734086700315, -23.116577931390367 ], [ -49.953727104014291, -23.116420542928857 ], [ -49.953715847641845, -23.116272790651831 ], [ -49.953652940053722, -23.116124244204094 ], [ -49.953585545407172, -23.115987680892093 ], [ -49.95350073173821, -23.115868524616708 ], [ -49.953395538973822, -23.115745529878314 ], [ -49.953271660656036, -23.115639572418907 ], [ -49.953134516325584, -23.115544365566631 ], [ -49.952978799931351, -23.115451564385722 ], [ -49.952818175207938, -23.115362072068525 ], [ -49.951750379280149, -23.114782154665431 ], [ -49.951637095325246, -23.114720615150471 ], [ -49.951882875774395, -23.114331331491559 ], [ -49.952619621696925, -23.113302028949359 ], [ -49.953007391437815, -23.113162795867332 ], [ -49.953231601326415, -23.113073599466322 ], [ -49.953217905884372, -23.112686385362061 ], [ -49.953137776648319, -23.111371567505909 ], [ -49.951275530089767, -23.111996634692208 ], [ -49.950784836634554, -23.112153759912673 ], [ -49.947785771425721, -23.113131041172775 ], [ -49.944922404809105, -23.114119829529994 ], [ -49.943526999374853, -23.114506104752053 ], [ -49.943593086643602, -23.114808314809004 ], [ -49.943637522925215, -23.114994767049552 ], [ -49.943815985671094, -23.115786283877394 ], [ -49.943240123720095, -23.116748788102083 ], [ -49.938277818531262, -23.125085010074717 ] ] ] ] } },
{ "type": "Feature", "properties": { "fid": 22, "municipio": "RENASCENCA", "nome": "JACIRETÃ", "amb": "Ambiental" }, "geometry": { "type": "MultiPolygon", "coordinates": [ [ [ [ -52.99550583, -26.22399583 ], [ -52.99490278, -26.22559722 ], [ -52.99466444, -26.22623028 ], [ -52.99371917, -26.22715528 ], [ -52.99371389, -26.22796667 ], [ -52.99341639, -26.22790417 ], [ -52.9931575, -26.22773528 ], [ -52.99296056, -26.22783167 ], [ -52.99221278, -26.22826667 ], [ -52.99105694, -26.22920528 ], [ -52.99074889, -26.2299475 ], [ -52.99053528, -26.23047889 ], [ -52.99015778, -26.23143083 ], [ -52.98988639, -26.233235 ], [ -52.98966167, -26.23571083 ], [ -52.989025, -26.23985083 ], [ -52.98902139, -26.23987056 ], [ -52.98901389, -26.23990889 ], [ -52.98836028, -26.24413639 ], [ -52.98833861, -26.24427833 ], [ -52.98827278, -26.24472722 ], [ -52.98820944, -26.24516056 ], [ -52.9877375, -26.24833528 ], [ -52.98741806, -26.25120222 ], [ -52.98729028, -26.2528475 ], [ -52.98728278, -26.2529625 ], [ -52.98707278, -26.25570861 ], [ -52.98717611, -26.25569083 ], [ -52.98804194, -26.25572639 ], [ -52.98895028, -26.25578528 ], [ -52.99032, -26.25587639 ], [ -52.99100583, -26.25607056 ], [ -52.99101944, -26.25655333 ], [ -52.99102056, -26.25661028 ], [ -52.99102222, -26.2566625 ], [ -52.99103111, -26.25703528 ], [ -52.99103806, -26.25745917 ], [ -52.99106778, -26.25947611 ], [ -52.99108472, -26.25952222 ], [ -52.99111, -26.26110361 ], [ -52.99121, -26.26117694 ], [ -52.99141778, -26.26119222 ], [ -52.99149306, -26.26108278 ], [ -52.99168722, -26.26081333 ], [ -52.99193389, -26.26066222 ], [ -52.99205444, -26.26063889 ], [ -52.99225833, -26.26067944 ], [ -52.99243361, -26.26069583 ], [ -52.99262194, -26.2606975 ], [ -52.99276333, -26.26060333 ], [ -52.99284722, -26.26057639 ], [ -52.99289556, -26.26052056 ], [ -52.993, -26.26047528 ], [ -52.99315667, -26.26030833 ], [ -52.99324, -26.26028444 ], [ -52.99327583, -26.26032472 ], [ -52.99333167, -26.2605825 ], [ -52.99343417, -26.26065 ], [ -52.99349528, -26.2606625 ], [ -52.99372, -26.26060694 ], [ -52.99384694, -26.26062278 ], [ -52.99392444, -26.26055972 ], [ -52.99391806, -26.26049417 ], [ -52.99380083, -26.26040556 ], [ -52.99379194, -26.26027861 ], [ -52.99384417, -26.260235 ], [ -52.9939575, -26.26020889 ], [ -52.99406861, -26.26013167 ], [ -52.99420472, -26.26012139 ], [ -52.99425639, -26.26008 ], [ -52.99434639, -26.25980528 ], [ -52.99441472, -26.25974778 ], [ -52.99452778, -26.25972083 ], [ -52.99466222, -26.25969806 ], [ -52.99471139, -26.25963444 ], [ -52.99494333, -26.25951389 ], [ -52.99522611, -26.25938333 ], [ -52.995305, -26.25936139 ], [ -52.99548139, -26.25923028 ], [ -52.995615, -26.25924639 ], [ -52.9959425, -26.25940361 ], [ -52.99623056, -26.25945639 ], [ -52.99655111, -26.25952278 ], [ -52.996735, -26.25959556 ], [ -52.99681083, -26.25959167 ], [ -52.99718861, -26.25937917 ], [ -52.99725333, -26.25936722 ], [ -52.99733, -26.25933389 ], [ -52.99777194, -26.25917167 ], [ -52.99797389, -26.25913583 ], [ -52.99830917, -26.25901611 ], [ -52.99843472, -26.25893389 ], [ -52.99858833, -26.25885722 ], [ -52.99886778, -26.25876278 ], [ -52.99894778, -26.25870278 ], [ -52.99915611, -26.25854833 ], [ -52.99923639, -26.25845 ], [ -52.99940306, -26.25835722 ], [ -52.99950528, -26.25834806 ], [ -52.9997575, -26.25819889 ], [ -52.99993278, -26.25810444 ], [ -53.0000725, -26.25812472 ], [ -53.00017194, -26.25815861 ], [ -53.00024611, -26.25820556 ], [ -53.00036833, -26.25824222 ], [ -53.00041139, -26.25822917 ], [ -53.00043861, -26.258115 ], [ -53.00042167, -26.25804556 ], [ -53.00049556, -26.25792278 ], [ -53.00049889, -26.25786139 ], [ -53.00047778, -26.25774472 ], [ -53.00049278, -26.25762472 ], [ -53.00060667, -26.2574425 ], [ -53.00083, -26.25723611 ], [ -53.00096528, -26.25707222 ], [ -53.00103667, -26.2569 ], [ -53.00107139, -26.2568075 ], [ -53.00115, -26.25675833 ], [ -53.00136333, -26.25668167 ], [ -53.00139417, -26.25665833 ], [ -53.00162417, -26.25648556 ], [ -53.00174333, -26.25636306 ], [ -53.00193444, -26.25623611 ], [ -53.00209167, -26.25606722 ], [ -53.00223861, -26.25607028 ], [ -53.00252389, -26.25616611 ], [ -53.00258278, -26.25614444 ], [ -53.00263111, -26.25608056 ], [ -53.00266972, -26.25595611 ], [ -53.00269333, -26.25567556 ], [ -53.00267722, -26.25555139 ], [ -53.00264778, -26.2553825 ], [ -53.00266333, -26.25522861 ], [ -53.00288278, -26.25503778 ], [ -53.00307083, -26.25488194 ], [ -53.00317278, -26.25485889 ], [ -53.00329778, -26.25485111 ], [ -53.00338167, -26.25480028 ], [ -53.00351389, -26.25453083 ], [ -53.00362722, -26.25445111 ], [ -53.00377083, -26.25443833 ], [ -53.00386972, -26.25436278 ], [ -53.00388833, -26.25428556 ], [ -53.00390306, -26.25416194 ], [ -53.0040175, -26.25408556 ], [ -53.00410667, -26.25410639 ], [ -53.00431833, -26.25428222 ], [ -53.00443278, -26.25433694 ], [ -53.00446639, -26.25425194 ], [ -53.00457222, -26.25421861 ], [ -53.00396278, -26.25376528 ], [ -53.00349889, -26.25331056 ], [ -53.00311528, -26.25296083 ], [ -53.00235333, -26.25297 ], [ -53.00195444, -26.2531775 ], [ -53.00138778, -26.2539525 ], [ -53.00015778, -26.25402111 ], [ -52.99998167, -26.25468222 ], [ -52.99937722, -26.25480861 ], [ -52.99869222, -26.25470306 ], [ -52.9984175, -26.25475333 ], [ -52.99706833, -26.25498722 ], [ -52.99636028, -26.25504389 ], [ -52.99644722, -26.25460389 ], [ -52.99653, -26.25425556 ], [ -52.996775, -26.25255833 ], [ -52.99760333, -26.252135 ], [ -52.99771778, -26.25111889 ], [ -52.99830389, -26.25038361 ], [ -52.99876694, -26.25005694 ], [ -52.99895556, -26.24968611 ], [ -52.99910028, -26.24967806 ], [ -53.00004222, -26.24962583 ], [ -53.001095, -26.25129139 ], [ -53.0020675, -26.25152444 ], [ -53.00419889, -26.25156972 ], [ -53.00565, -26.25120778 ], [ -53.00515667, -26.25007833 ], [ -53.00446444, -26.24967083 ], [ -53.00466833, -26.24904972 ], [ -53.00466694, -26.24849444 ], [ -53.00465861, -26.24842944 ], [ -53.00473528, -26.24836722 ], [ -53.00479667, -26.24832028 ], [ -53.00484806, -26.24822333 ], [ -53.00489917, -26.24817944 ], [ -53.00500083, -26.24811 ], [ -53.00512056, -26.24807472 ], [ -53.00518361, -26.24810028 ], [ -53.00527028, -26.24811028 ], [ -53.00477472, -26.24764167 ], [ -53.00492389, -26.24740472 ], [ -53.004945, -26.24706667 ], [ -53.00509722, -26.24666389 ], [ -53.00430333, -26.24633167 ], [ -53.00406778, -26.24614139 ], [ -53.00294167, -26.24627111 ], [ -53.00267972, -26.24595056 ], [ -53.00265611, -26.24561778 ], [ -53.00319444, -26.24533056 ], [ -53.00364611, -26.24501417 ], [ -53.00274333, -26.24420806 ], [ -53.00267528, -26.24416917 ], [ -53.00260639, -26.24413 ], [ -53.00163333, -26.24344222 ], [ -53.00151833, -26.24332722 ], [ -53.00143056, -26.24323972 ], [ -53.00167417, -26.2428825 ], [ -53.00186333, -26.24244222 ], [ -53.00115278, -26.24168917 ], [ -53.00088972, -26.24140972 ], [ -53.00024306, -26.24062306 ], [ -52.99977278, -26.24033 ], [ -52.9997625, -26.24031389 ], [ -52.99974083, -26.24028028 ], [ -52.99969778, -26.239315 ], [ -52.99980667, -26.23775778 ], [ -52.9996125, -26.2372975 ], [ -52.99969944, -26.23654278 ], [ -52.99977278, -26.23616083 ], [ -53.00092861, -26.23558694 ], [ -53.00164917, -26.23585917 ], [ -53.00217833, -26.23659639 ], [ -53.00237111, -26.23697222 ], [ -53.00289722, -26.23799778 ], [ -53.00291861, -26.23804167 ], [ -53.00296194, -26.23813028 ], [ -53.00309972, -26.23842306 ], [ -53.00649278, -26.23567194 ], [ -53.00773778, -26.23461361 ], [ -53.00863222, -26.23589167 ], [ -53.00757722, -26.23693861 ], [ -53.00764222, -26.23833583 ], [ -53.007505, -26.23849639 ], [ -53.00765028, -26.23922333 ], [ -53.00813, -26.23972667 ], [ -53.00820944, -26.23981 ], [ -53.00846278, -26.24007611 ], [ -53.00876861, -26.24068417 ], [ -53.00881583, -26.24058667 ], [ -53.00879389, -26.24049639 ], [ -53.00870389, -26.24038667 ], [ -53.00866194, -26.24026944 ], [ -53.0086875, -26.24008139 ], [ -53.0088, -26.23993389 ], [ -53.00898333, -26.23982528 ], [ -53.00910167, -26.23983722 ], [ -53.00916722, -26.23986361 ], [ -53.00924444, -26.2398625 ], [ -53.00935361, -26.239795 ], [ -53.00940472, -26.23971083 ], [ -53.0091625, -26.23949111 ], [ -53.00909917, -26.23935417 ], [ -53.00918306, -26.23918028 ], [ -53.00932944, -26.23899833 ], [ -53.00945056, -26.2389125 ], [ -53.00955722, -26.23881361 ], [ -53.00966917, -26.23869833 ], [ -53.0097225, -26.23860194 ], [ -53.00973472, -26.23850194 ], [ -53.00981694, -26.23843222 ], [ -53.0100475, -26.23836194 ], [ -53.01019167, -26.23832444 ], [ -53.010285, -26.23827333 ], [ -53.01034167, -26.23811028 ], [ -53.01052778, -26.23799611 ], [ -53.01065389, -26.2379525 ], [ -53.01073083, -26.23792333 ], [ -53.01084778, -26.23794611 ], [ -53.01095722, -26.23771611 ], [ -53.01093806, -26.23765472 ], [ -53.01084389, -26.23759306 ], [ -53.01062944, -26.23750139 ], [ -53.01059694, -26.23744972 ], [ -53.01065972, -26.23736111 ], [ -53.01066306, -26.23725972 ], [ -53.0106275, -26.23725167 ], [ -53.01059861, -26.23733861 ], [ -53.01055389, -26.23742194 ], [ -53.01043611, -26.23747333 ], [ -53.01031583, -26.23746028 ], [ -53.01028917, -26.23720111 ], [ -53.01039361, -26.23659667 ], [ -53.01050111, -26.23631444 ], [ -53.01061083, -26.23618 ], [ -53.01062028, -26.2361275 ], [ -53.01054667, -26.23605861 ], [ -53.01032417, -26.23607222 ], [ -53.01026694, -26.23599 ], [ -53.01024556, -26.235895 ], [ -53.01032583, -26.23574611 ], [ -53.01052833, -26.23559639 ], [ -53.01063028, -26.23558083 ], [ -53.01070167, -26.23549861 ], [ -53.01067083, -26.23540194 ], [ -53.01058028, -26.23546472 ], [ -53.01041333, -26.23544111 ], [ -53.01035639, -26.23536083 ], [ -53.01027, -26.23527111 ], [ -53.01014278, -26.23507139 ], [ -53.01017472, -26.23485028 ], [ -53.01015361, -26.23474639 ], [ -53.01005167, -26.23466833 ], [ -53.00982611, -26.23464694 ], [ -53.00967222, -26.23466556 ], [ -53.00955583, -26.23471639 ], [ -53.00936806, -26.23470944 ], [ -53.00933472, -26.23463306 ], [ -53.00927361, -26.23457056 ], [ -53.00927167, -26.23451278 ], [ -53.009275, -26.23445639 ], [ -53.00924694, -26.23441972 ], [ -53.00897667, -26.23451944 ], [ -53.00881806, -26.23422611 ], [ -53.00867167, -26.23412194 ], [ -53.00842778, -26.23402639 ], [ -53.00825861, -26.23399667 ], [ -53.00803972, -26.23402056 ], [ -53.00797667, -26.23399583 ], [ -53.00794389, -26.23395667 ], [ -53.007945, -26.23389611 ], [ -53.007915, -26.2338425 ], [ -53.00783139, -26.23376 ], [ -53.00765167, -26.23368806 ], [ -53.00754833, -26.23356778 ], [ -53.00731306, -26.23337083 ], [ -53.00725056, -26.23330556 ], [ -53.00709389, -26.23320444 ], [ -53.00692667, -26.23306389 ], [ -53.00685333, -26.23297861 ], [ -53.00672806, -26.23286444 ], [ -53.00666083, -26.23278028 ], [ -53.00656833, -26.23268139 ], [ -53.00648861, -26.23259417 ], [ -53.00645861, -26.23254111 ], [ -53.00648306, -26.23244417 ], [ -53.00651944, -26.23237111 ], [ -53.00656583, -26.23229944 ], [ -53.00663972, -26.2323175 ], [ -53.00671528, -26.23223222 ], [ -53.00679111, -26.23216139 ], [ -53.00684306, -26.23208361 ], [ -53.00689556, -26.23188944 ], [ -53.00689417, -26.23169611 ], [ -53.00691056, -26.23142306 ], [ -53.00687472, -26.2313125 ], [ -53.00673361, -26.23122278 ], [ -53.00659667, -26.23114028 ], [ -53.00656778, -26.23100444 ], [ -53.00457139, -26.23058389 ], [ -53.00419556, -26.22938222 ], [ -53.00147667, -26.22739833 ], [ -52.99973056, -26.22613333 ], [ -52.99963417, -26.22606222 ], [ -52.99910556, -26.22567917 ], [ -52.99784194, -26.22497417 ], [ -52.99712222, -26.22464806 ], [ -52.99560778, -26.224035 ], [ -52.99550583, -26.22399583 ] ] ] ] } },
{ "type": "Feature", "properties": { "fid": 23, "municipio": "RENASCENCA", "nome": "JACIRETÃ", "amb": "Ambiental" }, "geometry": { "type": "MultiPolygon", "coordinates": [ [ [ [ -52.975304878952024, -26.297969757560214 ], [ -52.974659337119583, -26.298144729312252 ], [ -52.974468445172768, -26.29819646004594 ], [ -52.97047972, -26.2992775 ], [ -52.97014528, -26.30154861 ], [ -52.97005028, -26.30240389 ], [ -52.96994139, -26.30352167 ], [ -52.9699, -26.30363722 ], [ -52.96980417, -26.30390611 ], [ -52.96835861, -26.30793889 ], [ -52.968215115838071, -26.308310728523828 ], [ -52.966720612780414, -26.31222027331944 ], [ -52.965923970836528, -26.314383862678607 ], [ -52.965452733630798, -26.315623305714333 ], [ -52.964972336872663, -26.316789399573494 ], [ -52.964444945161375, -26.318471172158127 ], [ -52.964389425856361, -26.318611749144562 ], [ -52.963586357006633, -26.320874072151977 ], [ -52.962976708128743, -26.322301073716908 ], [ -52.962723542409108, -26.323117351855895 ], [ -52.962490060677531, -26.323693352919577 ], [ -52.961789501909863, -26.3263898690332 ], [ -52.961031634757532, -26.329348836512921 ], [ -52.962861442789205, -26.330907342871598 ], [ -52.963029536583747, -26.331050452447535 ], [ -52.963085386185817, -26.331077488061126 ], [ -52.963141235812792, -26.33110452365138 ], [ -52.965347583090704, -26.332991715306438 ], [ -52.965406204601898, -26.333034507773753 ], [ -52.968040120337129, -26.335262755300395 ], [ -52.968630944680861, -26.335695297024181 ], [ -52.968723718161598, -26.335778958681008 ], [ -52.970152746182265, -26.336900495524791 ], [ -52.970204973264281, -26.336938138593005 ], [ -52.971438804456838, -26.337859617553349 ], [ -52.971451984710441, -26.337868913668444 ], [ -52.971465164966126, -26.3378782097822 ], [ -52.973201574882786, -26.33921770763714 ], [ -52.975287725745382, -26.340792185574966 ], [ -52.978424968777077, -26.343283254794315 ], [ -52.978612030815341, -26.343367322087644 ], [ -52.978704256383409, -26.34330024759231 ], [ -52.978759342620393, -26.343234769211715 ], [ -52.979749141034311, -26.342795239787261 ], [ -52.979995506299758, -26.342643806019158 ], [ -52.980091533013798, -26.342517647186583 ], [ -52.980235081852356, -26.34242901194818 ], [ -52.980265514074425, -26.342315945038276 ], [ -52.980326151838412, -26.342223581726088 ], [ -52.980360288212033, -26.342175090752121 ], [ -52.980381044293438, -26.342152689768326 ], [ -52.980408320621791, -26.342142564452395 ], [ -52.980440276537614, -26.342130749731393 ], [ -52.980452324099161, -26.342067580721288 ], [ -52.980538340593782, -26.341941921057519 ], [ -52.980563722890068, -26.341938230459238 ], [ -52.980553713126241, -26.341915171673509 ], [ -52.980685072568136, -26.341869668970361 ], [ -52.980882495495074, -26.34173867772946 ], [ -52.980946893840148, -26.341678936800871 ], [ -52.981097326291433, -26.341606362358089 ], [ -52.981094528682917, -26.341477417537458 ], [ -52.981360487639883, -26.34127092196853 ], [ -52.98147646279557, -26.341257403361478 ], [ -52.981563514126222, -26.341186698000605 ], [ -52.981636651925541, -26.341110769374396 ], [ -52.981910058418926, -26.340965186508573 ], [ -52.981975953294693, -26.340911020651884 ], [ -52.982026257638033, -26.340776737865379 ], [ -52.982097560308837, -26.340587285629031 ], [ -52.982145523839421, -26.340503762076136 ], [ -52.982169407393833, -26.340423911361604 ], [ -52.982213281184748, -26.340400197392952 ], [ -52.982412039745476, -26.340447722662919 ], [ -52.982527382389357, -26.340426539781426 ], [ -52.982643439213149, -26.34020632066871 ], [ -52.982823106231685, -26.340103553685825 ], [ -52.982899665876566, -26.340040394216537 ], [ -52.983036839823896, -26.340012951520016 ], [ -52.983130354152429, -26.340021766303817 ], [ -52.983176601443681, -26.339820023859879 ], [ -52.983283775568729, -26.339795704070056 ], [ -52.983396310737263, -26.339668682856566 ], [ -52.983570857354643, -26.339582955009682 ], [ -52.983610703359055, -26.339534564803191 ], [ -52.983644619616598, -26.339443924134827 ], [ -52.983793860007566, -26.33942506901877 ], [ -52.983919521670906, -26.339398145973522 ], [ -52.984036761098551, -26.339382531862341 ], [ -52.984072646424821, -26.339272277134203 ], [ -52.984011982311635, -26.339174912973313 ], [ -52.984037577207545, -26.339031043033149 ], [ -52.984090370630682, -26.338948896191532 ], [ -52.984172047316257, -26.338886297056238 ], [ -52.984193368858655, -26.338879502941037 ], [ -52.984266794800817, -26.338797160541041 ], [ -52.984552467040729, -26.338719279565378 ], [ -52.984632964920991, -26.338628715511266 ], [ -52.984777647508942, -26.33834870638508 ], [ -52.984816786808935, -26.338311788849424 ], [ -52.984896796072626, -26.33835698440955 ], [ -52.984968551949073, -26.338341187385044 ], [ -52.98502089597087, -26.338267982328336 ], [ -52.985072319284882, -26.338099744880225 ], [ -52.985037473951074, -26.337989116043968 ], [ -52.985051676253427, -26.337870406193211 ], [ -52.985352704211913, -26.337765052061737 ], [ -52.985461028944385, -26.337626353754136 ], [ -52.985509687058034, -26.337501570169991 ], [ -52.985620764299519, -26.337483061625651 ], [ -52.986060271797541, -26.337303848532343 ], [ -52.986124532560169, -26.337306748680039 ], [ -52.986180753703145, -26.33739027329435 ], [ -52.986421693981704, -26.337280153806091 ], [ -52.986523927214712, -26.336978437143621 ], [ -52.986617868404004, -26.336848151245857 ], [ -52.98677269333426, -26.336863244231438 ], [ -52.986998529185932, -26.336918691871464 ], [ -52.987036331563019, -26.337079193626867 ], [ -52.987104354662002, -26.337073646864045 ], [ -52.987054545550912, -26.33679082716359 ], [ -52.987303695880101, -26.336528141192684 ], [ -52.987362987239436, -26.336386782030839 ], [ -52.98747418290845, -26.33621112566933 ], [ -52.987742115602558, -26.336039432555435 ], [ -52.988114810168902, -26.335937050091822 ], [ -52.988266493487103, -26.335844593747243 ], [ -52.988133101107728, -26.335799870029682 ], [ -52.987967733451896, -26.335736364211211 ], [ -52.987954395208249, -26.33563581776551 ], [ -52.98821962187737, -26.335552075795132 ], [ -52.988314911329873, -26.335424658540276 ], [ -52.988291515709882, -26.335368660217963 ], [ -52.988171532215084, -26.335282049751054 ], [ -52.988135057416017, -26.335228579681111 ], [ -52.988178422408119, -26.335192866323041 ], [ -52.988372509459893, -26.335213640864826 ], [ -52.98852840318763, -26.335232778958439 ], [ -52.988546452115919, -26.335192813529659 ], [ -52.988514124774369, -26.335135856073656 ], [ -52.98844444846857, -26.334997730561494 ], [ -52.988281098045775, -26.334899807539742 ], [ -52.988245741098808, -26.3348003790218 ], [ -52.98843648652727, -26.334543646656289 ], [ -52.988423716472731, -26.334435329901542 ], [ -52.988450388455028, -26.334378275706836 ], [ -52.988659314534779, -26.334329613635351 ], [ -52.988807912795359, -26.334185750740673 ], [ -52.988893123680867, -26.334101708165111 ], [ -52.9889881297713, -26.333992978523582 ], [ -52.988823284889698, -26.333989219250238 ], [ -52.988795887489253, -26.333904212436881 ], [ -52.988870787690026, -26.33375027029961 ], [ -52.989126171504047, -26.333776601606584 ], [ -52.989186315706839, -26.333620878427059 ], [ -52.989290262553524, -26.333537117095442 ], [ -52.989308995524674, -26.333455170632519 ], [ -52.98946415890272, -26.33344344861867 ], [ -52.989556113113309, -26.333437478242363 ], [ -52.989556437288925, -26.333515008099603 ], [ -52.989602951668061, -26.3335229370308 ], [ -52.989616703294516, -26.333495306678184 ], [ -52.989594445829987, -26.333265720501309 ], [ -52.989697168362909, -26.33316897828648 ], [ -52.989638634593312, -26.333090812554616 ], [ -52.989513891556904, -26.332936663588207 ], [ -52.989563551159783, -26.332864938500336 ], [ -52.98989501545487, -26.332765561403672 ], [ -52.989972045572195, -26.332800686356212 ], [ -52.990061882041751, -26.332834911312137 ], [ -52.990129594080699, -26.332823049258995 ], [ -52.990163843552352, -26.332717148506354 ], [ -52.989936123240554, -26.332674097501556 ], [ -52.989947053742632, -26.332598667874667 ], [ -52.990019926186818, -26.332560558469208 ], [ -52.990437156649293, -26.332544473446465 ], [ -52.990497032925482, -26.332502031280189 ], [ -52.990489074380939, -26.332434987530043 ], [ -52.99040629111775, -26.3323914582177 ], [ -52.990254417442067, -26.332226494376631 ], [ -52.990230505303529, -26.332116888396577 ], [ -52.990357561422059, -26.332060786347476 ], [ -52.990415130409033, -26.332088418941929 ], [ -52.99045473412567, -26.33213742218658 ], [ -52.990566130660909, -26.332214040878508 ], [ -52.990758609253845, -26.332281590011469 ], [ -52.990867785145703, -26.332216709813753 ], [ -52.990960316653691, -26.332226977565313 ], [ -52.991021591044962, -26.332172601294644 ], [ -52.991032794761509, -26.332089766401705 ], [ -52.991122731071613, -26.332047899168924 ], [ -52.991045994213565, -26.331866006116513 ], [ -52.990942263408606, -26.331570036926852 ], [ -52.99082495236425, -26.331405315520676 ], [ -52.990848583807541, -26.331375562054181 ], [ -52.991038978088838, -26.331286265933073 ], [ -52.991159401261086, -26.331293347935038 ], [ -52.991227026059335, -26.331358389119039 ], [ -52.991047984298859, -26.331543294832755 ], [ -52.991194220976674, -26.331677376593635 ], [ -52.991322770916184, -26.331702758782136 ], [ -52.991625783170662, -26.331574167613507 ], [ -52.991768264647021, -26.331412786001646 ], [ -52.991853493367358, -26.331370983775965 ], [ -52.991925667521357, -26.33109323985639 ], [ -52.991987765388465, -26.330946604885447 ], [ -52.992112219039051, -26.330802984244187 ], [ -52.992222811581378, -26.330797565480765 ], [ -52.992286087972779, -26.330906984822722 ], [ -52.992377511857462, -26.330969618548057 ], [ -52.992502613324717, -26.330998387310814 ], [ -52.992588066158469, -26.330981403359402 ], [ -52.99258020734915, -26.330896847717707 ], [ -52.992745280383012, -26.330586671535837 ], [ -52.992763749711301, -26.330524585827117 ], [ -52.992615381088704, -26.330517532704754 ], [ -52.992479203805608, -26.330450286264885 ], [ -52.992401586088505, -26.330293047485373 ], [ -52.992316059287127, -26.330083386637682 ], [ -52.992340444169905, -26.329974824505161 ], [ -52.992249952199451, -26.330048472070548 ], [ -52.992202914358842, -26.330021596383549 ], [ -52.992172263634679, -26.329974815932307 ], [ -52.992292705246292, -26.329883602406309 ], [ -52.992400572356644, -26.329742468693794 ], [ -52.992389067768904, -26.32970237218726 ], [ -52.992433641657605, -26.329661405706194 ], [ -52.992488050197906, -26.329633209808428 ], [ -52.992594531074282, -26.329656821797869 ], [ -52.992712698114524, -26.329742822155193 ], [ -52.992794467001566, -26.329768131551909 ], [ -52.9928586097245, -26.329717595909909 ], [ -52.992854794308904, -26.329646884255222 ], [ -52.992817023345374, -26.329529438250297 ], [ -52.992801023622448, -26.329443280860609 ], [ -52.992975920821181, -26.329250668350511 ], [ -52.993012614746647, -26.329141483629424 ], [ -52.992847621428524, -26.329081859128792 ], [ -52.9927336634398, -26.329159714529169 ], [ -52.992622097954055, -26.329178415535676 ], [ -52.992513616923183, -26.329108166351109 ], [ -52.992565373377253, -26.329012853026047 ], [ -52.992645279595365, -26.328929423769548 ], [ -52.992599321414467, -26.328708200955347 ], [ -52.992410838292422, -26.328516850479794 ], [ -52.992373127033872, -26.328373588787834 ], [ -52.992334232201038, -26.328284048919194 ], [ -52.992335902229165, -26.328188529403295 ], [ -52.992355766546204, -26.328079217759285 ], [ -52.992431982545895, -26.32799674255001 ], [ -52.992527521234237, -26.327978084054553 ], [ -52.992675938245192, -26.327730780834472 ], [ -52.99277964254177, -26.327633300921228 ], [ -52.992902020283033, -26.327731337665327 ], [ -52.993037358395803, -26.327948609523187 ], [ -52.993099018232293, -26.327928616602758 ], [ -52.993142810608852, -26.327701722876142 ], [ -52.993197610195686, -26.327328001703712 ], [ -52.993233862261199, -26.327181364711034 ], [ -52.993241918303021, -26.327072758779217 ], [ -52.993374258896893, -26.326734966086541 ], [ -52.99336515683423, -26.326706479913341 ], [ -52.993264914490496, -26.326479694047809 ], [ -52.992841835866649, -26.325521227707547 ], [ -52.992788282713946, -26.32408420214287 ], [ -52.992648095168356, -26.319435171584477 ], [ -52.990739410676973, -26.319307797622503 ], [ -52.988667127442412, -26.319529632593852 ], [ -52.986985515527913, -26.319590863379677 ], [ -52.986864100061524, -26.319595344540048 ], [ -52.985140443576327, -26.319658039139632 ], [ -52.983191593646303, -26.319742242355336 ], [ -52.981394054056878, -26.319730816578094 ], [ -52.98124485011747, -26.319726831476704 ], [ -52.981154436822308, -26.319622655601485 ], [ -52.981034749076706, -26.319457957663541 ], [ -52.980940125483166, -26.319277027174767 ], [ -52.98082256425301, -26.319031244686034 ], [ -52.980792552108731, -26.318968566539855 ], [ -52.980750139066146, -26.318818686480252 ], [ -52.980729505318912, -26.318600809214722 ], [ -52.980683933437092, -26.318200496691986 ], [ -52.980655228763894, -26.317990944721874 ], [ -52.980649303117097, -26.317819258669982 ], [ -52.980656871969764, -26.317787291722631 ], [ -52.980682661823245, -26.317678350595962 ], [ -52.980765872236525, -26.317494691731437 ], [ -52.98088314230359, -26.317323198793073 ], [ -52.980960648586517, -26.317234032345194 ], [ -52.981101140208224, -26.31710879334786 ], [ -52.981294753445752, -26.316968197616688 ], [ -52.981529457660237, -26.316793907614265 ], [ -52.981720599662452, -26.316637639982442 ], [ -52.981827372725348, -26.316485065884439 ], [ -52.978424144001181, -26.314932908403311 ], [ -52.975002826102696, -26.313295166225274 ], [ -52.974821032580074, -26.311699763999158 ], [ -52.974393629273223, -26.308524277981054 ], [ -52.974457334811746, -26.308318145004211 ], [ -52.97440028464041, -26.308202041367352 ], [ -52.974301534031035, -26.308195909419119 ], [ -52.974241659394657, -26.30816721819323 ], [ -52.97422161108431, -26.308142491673834 ], [ -52.973984946043274, -26.307668986318241 ], [ -52.973814274154584, -26.307585135692243 ], [ -52.973749403598326, -26.307551187555607 ], [ -52.973647629847513, -26.307532099017529 ], [ -52.973562279255475, -26.307430194618387 ], [ -52.973604147390382, -26.30726507069279 ], [ -52.973489086110966, -26.307188758284891 ], [ -52.973368178075113, -26.307133828080794 ], [ -52.973392052342724, -26.306988358180575 ], [ -52.973231808499904, -26.306869702655241 ], [ -52.973144726810389, -26.306724676535758 ], [ -52.973078575175904, -26.30668009477197 ], [ -52.973059027234541, -26.306649403884233 ], [ -52.97300967514439, -26.306615151573624 ], [ -52.972904777056833, -26.306594841787522 ], [ -52.972893995048949, -26.306531806713096 ], [ -52.972824646533169, -26.30648176282407 ], [ -52.972722784633817, -26.306380536330558 ], [ -52.972682309645393, -26.306267272735404 ], [ -52.97256635790594, -26.306215161989481 ], [ -52.97256297612622, -26.306151483501928 ], [ -52.97264379769512, -26.306092513660406 ], [ -52.972791895290435, -26.306109070141183 ], [ -52.973014385768089, -26.305929546577232 ], [ -52.972957197760422, -26.30575784269632 ], [ -52.972888847229584, -26.305642525622236 ], [ -52.97290445059835, -26.305540856393701 ], [ -52.972877707038712, -26.305505119533596 ], [ -52.972849398077116, -26.305530692138522 ], [ -52.972772971952253, -26.305506199468621 ], [ -52.972677662247328, -26.305496137688287 ], [ -52.972604807196461, -26.305422312712441 ], [ -52.972618226529399, -26.305298108032797 ], [ -52.972624676023067, -26.305217686072748 ], [ -52.972668985991582, -26.305078433973062 ], [ -52.972676400093199, -26.304972183790198 ], [ -52.972789565638934, -26.304978118663676 ], [ -52.972903824099518, -26.305001278462747 ], [ -52.973008408109536, -26.305044519197669 ], [ -52.97307676755964, -26.305101256040899 ], [ -52.973564974655652, -26.304911756876994 ], [ -52.973689476777835, -26.304883415962934 ], [ -52.973790034416552, -26.304889974894103 ], [ -52.973983252509221, -26.304939396328042 ], [ -52.974339307569821, -26.305036039107041 ], [ -52.974780982083189, -26.301906801296756 ], [ -52.975304878952024, -26.297969757560214 ] ] ] ] } },
{ "type": "Feature", "properties": { "fid": 24, "municipio": "TEIXEIRA SOARES", "nome": "JOÃO MARIA DE AGUSTINHO", "amb": "Ambiental" }, "geometry": { "type": "MultiPolygon", "coordinates": [ [ [ [ -50.561596686132432, -25.30539298202017 ], [ -50.561534936248165, -25.305408963103655 ], [ -50.561457846201876, -25.305464000824319 ], [ -50.561367538639033, -25.305520353768799 ], [ -50.561289374861474, -25.305570060180198 ], [ -50.56121445193169, -25.305630161326061 ], [ -50.561115666362184, -25.305668247172452 ], [ -50.560975518868304, -25.305771139463491 ], [ -50.560881130559643, -25.305801923496801 ], [ -50.560780408674134, -25.305825915691035 ], [ -50.560678261435292, -25.305859475952008 ], [ -50.560518633339036, -25.305937204830705 ], [ -50.560369138681715, -25.306014783135819 ], [ -50.560309682567414, -25.306083238029515 ], [ -50.56027753075756, -25.306155928377972 ], [ -50.560272413947835, -25.306224906513247 ], [ -50.560299828054653, -25.306253795715438 ], [ -50.560284871110724, -25.306296646220556 ], [ -50.560294116767103, -25.306349863724421 ], [ -50.560348553182344, -25.306433648927648 ], [ -50.56040940662426, -25.306501107948446 ], [ -50.560454547900022, -25.306572945076471 ], [ -50.560600024618338, -25.306728162270357 ], [ -50.560682677946986, -25.306811218684224 ], [ -50.560773597703488, -25.306860976952343 ], [ -50.560866960406059, -25.30703229362334 ], [ -50.560889977493737, -25.307123570709994 ], [ -50.560827641443687, -25.307191656001137 ], [ -50.560737657315684, -25.307212970967083 ], [ -50.560534781865933, -25.307216520493341 ], [ -50.56030173717312, -25.307183767280364 ], [ -50.56018268665764, -25.307165983260113 ], [ -50.559935118053836, -25.307138694779976 ], [ -50.559815705827575, -25.30711106608798 ], [ -50.559724144537462, -25.307073948083882 ], [ -50.559543446306066, -25.307016154744627 ], [ -50.559465581801327, -25.306955146544535 ], [ -50.559410890915771, -25.306886892806414 ], [ -50.559364914335063, -25.306716529596606 ], [ -50.559323862693454, -25.30661282653152 ], [ -50.559318888785484, -25.30650480631439 ], [ -50.559301008091623, -25.306394580189195 ], [ -50.559318895738322, -25.30620074778189 ], [ -50.55920448015592, -25.306165276958552 ], [ -50.558930329969996, -25.305962172878921 ], [ -50.558771101296102, -25.306038997991493 ], [ -50.558710675865001, -25.306155401539261 ], [ -50.558662610065916, -25.306452453004137 ], [ -50.558763644808089, -25.306479485798054 ], [ -50.558915215682518, -25.306487434639212 ], [ -50.558994980819662, -25.30659956171144 ], [ -50.558992909268191, -25.306650397498007 ], [ -50.558863384113231, -25.306727130920194 ], [ -50.558372481304652, -25.306628763665962 ], [ -50.558030788037307, -25.306477471568432 ], [ -50.557857842889135, -25.30658324261676 ], [ -50.557642367585977, -25.306472965504771 ], [ -50.557475062901901, -25.30644799070981 ], [ -50.557328812322631, -25.306370250237944 ], [ -50.557317072136847, -25.3064844514039 ], [ -50.55722180493877, -25.306537987414028 ], [ -50.557112864934837, -25.306526733278371 ], [ -50.557076036309986, -25.306546309244865 ], [ -50.557089035107573, -25.306714497057477 ], [ -50.556870589936025, -25.306792677393084 ], [ -50.556953322013968, -25.30688070290746 ], [ -50.556913001936074, -25.307040783627038 ], [ -50.556737972833268, -25.307090828609358 ], [ -50.556655355994913, -25.307025740908035 ], [ -50.556440451081393, -25.307059049430649 ], [ -50.556278832552195, -25.307136587063098 ], [ -50.556164344280482, -25.30731197688208 ], [ -50.556034531370848, -25.307467001738203 ], [ -50.555645767367785, -25.307555865171196 ], [ -50.555535393667164, -25.307610618816696 ], [ -50.555300401034394, -25.307703466692608 ], [ -50.555304647321151, -25.307819341368994 ], [ -50.555269338912517, -25.307993795271166 ], [ -50.555218081837069, -25.308101194422683 ], [ -50.554928653568915, -25.30811052555887 ], [ -50.554828706041228, -25.308275211834111 ], [ -50.554780093126183, -25.308338549761995 ], [ -50.554845268372063, -25.308418937764937 ], [ -50.554599267137796, -25.308533243943227 ], [ -50.554686943842093, -25.30865451803416 ], [ -50.554682533987545, -25.308773798169415 ], [ -50.554638578511543, -25.308785946940429 ], [ -50.554674560880883, -25.308916637253155 ], [ -50.554767865288916, -25.308966045182384 ], [ -50.554746299756545, -25.309022420941542 ], [ -50.554795187301174, -25.309101495498972 ], [ -50.554711717602252, -25.309215299166617 ], [ -50.554750169948719, -25.309322607814313 ], [ -50.554748452028129, -25.309330549502345 ], [ -50.554807140942884, -25.309446137037636 ], [ -50.554799091318678, -25.309501199029988 ], [ -50.554746967115889, -25.309628101334003 ], [ -50.554644182076288, -25.309617405772119 ], [ -50.554646729415225, -25.309627166450351 ], [ -50.554525512027986, -25.30973968200243 ], [ -50.554553761815463, -25.309811560149537 ], [ -50.554542995646024, -25.309903097298076 ], [ -50.554614565100991, -25.309919478183527 ], [ -50.554669236737219, -25.310046973943187 ], [ -50.554618357702886, -25.310240796248788 ], [ -50.554671088003182, -25.310491733613944 ], [ -50.554626439353896, -25.310584613299604 ], [ -50.554478424896253, -25.31063518864342 ], [ -50.554455399838353, -25.31065588930322 ], [ -50.554485901609908, -25.310791168645071 ], [ -50.554537322049043, -25.310775430270368 ], [ -50.554663698716801, -25.310882462723704 ], [ -50.554792526265786, -25.310916987242901 ], [ -50.554734654499299, -25.310985354263998 ], [ -50.554761868638288, -25.311068878630724 ], [ -50.55470574079478, -25.311149351826483 ], [ -50.554568438522139, -25.31128602063518 ], [ -50.554534904228092, -25.31119209202058 ], [ -50.554475633532945, -25.311208258196014 ], [ -50.554452701766465, -25.31123058463146 ], [ -50.55447599782589, -25.311244471755685 ], [ -50.554471452418966, -25.311319230876791 ], [ -50.554379875705386, -25.311313084257939 ], [ -50.554393981853799, -25.311367761649983 ], [ -50.554441680888296, -25.311446019966471 ], [ -50.554316445825449, -25.311515628100956 ], [ -50.554321853993386, -25.311558087977804 ], [ -50.554262574170465, -25.311576692282202 ], [ -50.554254451749067, -25.311732986331634 ], [ -50.554188043848782, -25.311826161292281 ], [ -50.553904067292613, -25.31172795310497 ], [ -50.553716735622075, -25.311771274561146 ], [ -50.553615097560765, -25.311718228519915 ], [ -50.553534000853432, -25.311753021436797 ], [ -50.553454266927837, -25.311876769223815 ], [ -50.553534817887737, -25.311963796641145 ], [ -50.55354358160681, -25.312093591992269 ], [ -50.553370112212882, -25.312041050680264 ], [ -50.553130593711892, -25.312119071143794 ], [ -50.553109239632747, -25.312063288006954 ], [ -50.55286729073358, -25.3121808544205 ], [ -50.552905728087552, -25.312292046584027 ], [ -50.552787709220858, -25.312371067034558 ], [ -50.552790664233477, -25.31243212241915 ], [ -50.552606235418786, -25.312469129875254 ], [ -50.552575851793236, -25.312518525000336 ], [ -50.55248380022158, -25.312587329196955 ], [ -50.552445969955677, -25.312554343208717 ], [ -50.5524332750688, -25.312440249009359 ], [ -50.552260742987009, -25.312565159254426 ], [ -50.552157770120708, -25.312604942058844 ], [ -50.55214829052948, -25.312616201430377 ], [ -50.552278207771842, -25.312678906729754 ], [ -50.552127484235825, -25.312762794107101 ], [ -50.55211616142843, -25.312870042458901 ], [ -50.552150527593191, -25.312953498694771 ], [ -50.552045020165785, -25.313007000126991 ], [ -50.552000513864321, -25.312925319160549 ], [ -50.551978530265394, -25.312932747697459 ], [ -50.55193416905643, -25.313027704402316 ], [ -50.551830277964946, -25.312992891967891 ], [ -50.551724266976038, -25.313048197744354 ], [ -50.55169541030336, -25.31308748312388 ], [ -50.551710309587016, -25.313115342475328 ], [ -50.551805363705903, -25.313094770955473 ], [ -50.551857767654894, -25.31313610949929 ], [ -50.551848757170347, -25.313235869508279 ], [ -50.551900476065732, -25.313301407785055 ], [ -50.551798682299534, -25.313506542980633 ], [ -50.551794728911766, -25.313581935915344 ], [ -50.551586085865466, -25.313584010588798 ], [ -50.551656436860512, -25.313661977451272 ], [ -50.551477061609305, -25.313728980203631 ], [ -50.551278990041062, -25.313693068059546 ], [ -50.551291538941662, -25.313765621433998 ], [ -50.55116344124626, -25.31388298962775 ], [ -50.551163813413069, -25.313997678522973 ], [ -50.551050206478529, -25.313903234441863 ], [ -50.551008702571963, -25.313923517043772 ], [ -50.551085041806871, -25.314021008361411 ], [ -50.550968260419452, -25.314060025817525 ], [ -50.550912851928928, -25.314025179791983 ], [ -50.550892992243213, -25.313995408840764 ], [ -50.55086762795699, -25.314030460337282 ], [ -50.550779319104869, -25.313972847387351 ], [ -50.550657088846307, -25.314034604933077 ], [ -50.550714841925021, -25.314161027792842 ], [ -50.550720149168889, -25.314284401031319 ], [ -50.550481381046282, -25.314345893516261 ], [ -50.550495249041603, -25.314383954340261 ], [ -50.5504674974989, -25.31441972092729 ], [ -50.550350075097654, -25.314497657519944 ], [ -50.550374067422531, -25.314565188766419 ], [ -50.550470880188762, -25.314553021883452 ], [ -50.550513296089392, -25.314689512238928 ], [ -50.550464874681531, -25.314726570377033 ], [ -50.550346427473002, -25.314812902228898 ], [ -50.550315436938227, -25.314757179627676 ], [ -50.550229948592914, -25.314742831197542 ], [ -50.550266649995756, -25.314866300219013 ], [ -50.550202573809528, -25.314891751429204 ], [ -50.550161905701252, -25.315035303075078 ], [ -50.550056511571235, -25.31497673450589 ], [ -50.549868691531167, -25.315016076061447 ], [ -50.549811554313813, -25.314830685407937 ], [ -50.549733214823313, -25.314951906779285 ], [ -50.549695672102857, -25.314894899764028 ], [ -50.549636766653613, -25.314865370593292 ], [ -50.549586670655117, -25.314898449889245 ], [ -50.549493481095247, -25.314871073538455 ], [ -50.549492083557752, -25.315007159353321 ], [ -50.54932796947476, -25.315030137098105 ], [ -50.549338954687975, -25.315068550432368 ], [ -50.549418867630905, -25.315112954002284 ], [ -50.54941897704677, -25.315190797501849 ], [ -50.54931945824066, -25.315316559473061 ], [ -50.549204055473858, -25.315197364847286 ], [ -50.549116116516778, -25.315120336402344 ], [ -50.548923466783009, -25.314907710206082 ], [ -50.548884895827804, -25.314833361225141 ], [ -50.548736183409687, -25.314936215323176 ], [ -50.548721356705954, -25.315049773993128 ], [ -50.548609260801676, -25.31508401771946 ], [ -50.548549177584398, -25.314970229674021 ], [ -50.5485341226128, -25.315064913818059 ], [ -50.548428390084212, -25.315097822314801 ], [ -50.548385335075771, -25.315241456436958 ], [ -50.548304439958805, -25.315274440931297 ], [ -50.548287458616961, -25.315299132545444 ], [ -50.548403861599752, -25.315282331182807 ], [ -50.548446552640677, -25.315344050164075 ], [ -50.548420882001622, -25.315461458704 ], [ -50.548346683535271, -25.315456806429971 ], [ -50.548329860457663, -25.315545976505128 ], [ -50.548031307076648, -25.315599876745228 ], [ -50.547923161528161, -25.315533261055091 ], [ -50.54787999989783, -25.315571598732046 ], [ -50.54777435054298, -25.315662212077925 ], [ -50.547717709227392, -25.315665108684389 ], [ -50.547737902753511, -25.315711858467431 ], [ -50.547855017191907, -25.315717636046152 ], [ -50.547968820302636, -25.315812534686316 ], [ -50.547895267976308, -25.31592817079104 ], [ -50.547881227980447, -25.315936616425979 ], [ -50.547990310249446, -25.315991856554572 ], [ -50.54800287430357, -25.316086625311875 ], [ -50.547932527503946, -25.316114855755206 ], [ -50.547967111681032, -25.316165803679791 ], [ -50.547930358309891, -25.316270986917264 ], [ -50.547844724815846, -25.316322288584225 ], [ -50.547833893731188, -25.316376257911934 ], [ -50.547779775195359, -25.316395326919785 ], [ -50.547702772810609, -25.316369714892485 ], [ -50.547701622025308, -25.316305052789687 ], [ -50.547617584346987, -25.316327913060462 ], [ -50.547546207776563, -25.316285611742373 ], [ -50.547493717075803, -25.31626766048236 ], [ -50.547498821971054, -25.3163109323757 ], [ -50.547382321559098, -25.316326919962876 ], [ -50.547414342549018, -25.316345711469179 ], [ -50.54742117330602, -25.316379055084163 ], [ -50.547410117484908, -25.316439977193621 ], [ -50.547455390543298, -25.316501975294639 ], [ -50.547449480868494, -25.316568331520486 ], [ -50.547402639381367, -25.316661021517081 ], [ -50.547388240465203, -25.316685811253226 ], [ -50.547486184292353, -25.316663896859858 ], [ -50.547560541364817, -25.316759758375458 ], [ -50.547492702360366, -25.31678140401419 ], [ -50.547485803928843, -25.316899953643894 ], [ -50.547397301338073, -25.316894353919377 ], [ -50.547363653331026, -25.316965772366114 ], [ -50.547267591197333, -25.317015957998859 ], [ -50.547208382243888, -25.316987781508114 ], [ -50.547214662315753, -25.316902010804782 ], [ -50.547096861221902, -25.316973712506073 ], [ -50.547088282989328, -25.3170095373357 ], [ -50.547044103271801, -25.317027552941529 ], [ -50.546987257310384, -25.317005163159816 ], [ -50.546923389843208, -25.317107553634635 ], [ -50.5470685154379, -25.31724896612948 ], [ -50.546960966420357, -25.317288821462103 ], [ -50.546881892316627, -25.317446070766771 ], [ -50.546799354614421, -25.317492775753458 ], [ -50.54668181046091, -25.31738847297423 ], [ -50.546556673690105, -25.317402175703251 ], [ -50.546547186459492, -25.317468611179152 ], [ -50.546476120779971, -25.317422788398009 ], [ -50.546433200449911, -25.317449386690132 ], [ -50.546403877053258, -25.317586560428307 ], [ -50.546355363102741, -25.317727829139439 ], [ -50.54613187434817, -25.317685961979006 ], [ -50.546176891174696, -25.31784332200267 ], [ -50.546005789742239, -25.317873860119068 ], [ -50.545989932126282, -25.31791670626426 ], [ -50.545825008924616, -25.317995576497815 ], [ -50.545751485360512, -25.31791615225028 ], [ -50.545689632365821, -25.318037422162927 ], [ -50.545719646578924, -25.318088175901728 ], [ -50.545708561353912, -25.318236603535418 ], [ -50.54580080884169, -25.318437094504944 ], [ -50.545721331052356, -25.318568785515978 ], [ -50.545663774331878, -25.318550366462727 ], [ -50.545578818095244, -25.318525993079902 ], [ -50.545387411602107, -25.318619320298168 ], [ -50.545290736095311, -25.318593736636529 ], [ -50.545287590149336, -25.318664616529979 ], [ -50.545126320439053, -25.318669356644161 ], [ -50.545077043473576, -25.318642022696817 ], [ -50.544987618729792, -25.318670192819777 ], [ -50.544910295265652, -25.318597348712213 ], [ -50.544875978626642, -25.31860789877301 ], [ -50.544887638757778, -25.318678101929276 ], [ -50.544824572577042, -25.31869831617086 ], [ -50.544773207738039, -25.318804266173039 ], [ -50.544716284920987, -25.318855474028357 ], [ -50.544654840690711, -25.318867023904964 ], [ -50.544571765741118, -25.318844371553194 ], [ -50.544317918468892, -25.318949695626774 ], [ -50.544156626321055, -25.319013403906343 ], [ -50.543760748629488, -25.319159105648669 ], [ -50.543745054280087, -25.319131604287684 ], [ -50.543697554374837, -25.319160354913247 ], [ -50.543640689932197, -25.319116290537586 ], [ -50.543579557432551, -25.319177147567732 ], [ -50.543481208109803, -25.319147493803388 ], [ -50.543446625222643, -25.319255482012693 ], [ -50.543306378806534, -25.319217661189558 ], [ -50.543197973080254, -25.319273224183494 ], [ -50.542914687136424, -25.31928002191362 ], [ -50.542886741313374, -25.319287249970259 ], [ -50.542841342081836, -25.319206286021032 ], [ -50.54277701354755, -25.319245008027785 ], [ -50.542666500704271, -25.319411820086675 ], [ -50.542565910517688, -25.319502625882215 ], [ -50.542345738863723, -25.319582223739623 ], [ -50.5423213079033, -25.31960589814474 ], [ -50.54222381756356, -25.319479890577171 ], [ -50.542145244293124, -25.31955478044064 ], [ -50.542011623931145, -25.319551565855207 ], [ -50.542063831265665, -25.319882786860667 ], [ -50.542008012965297, -25.319983303703705 ], [ -50.541853302973855, -25.320066174575469 ], [ -50.541601981466279, -25.320106301416974 ], [ -50.54155792400735, -25.320117723452515 ], [ -50.541571447012949, -25.319982939888625 ], [ -50.541346806041851, -25.320114447804972 ], [ -50.541223428444731, -25.320029538192024 ], [ -50.541181536010598, -25.320072844579073 ], [ -50.541224089924711, -25.320223154535277 ], [ -50.540978555698992, -25.320230246629549 ], [ -50.540880216371946, -25.320461392478105 ], [ -50.540797611085267, -25.320603907603385 ], [ -50.540751690234849, -25.32076685564612 ], [ -50.540607733204475, -25.32092227372592 ], [ -50.540415697665367, -25.321153939907049 ], [ -50.54017042106824, -25.321092309217882 ], [ -50.540052663073936, -25.321071532822273 ], [ -50.539898773515695, -25.320962866942217 ], [ -50.539794469227274, -25.320931386026409 ], [ -50.539737802770844, -25.320913960798762 ], [ -50.539710045871232, -25.32089734827618 ], [ -50.539614475356679, -25.320868423052733 ], [ -50.539453284066525, -25.320746549352315 ], [ -50.539289432013028, -25.320750281620352 ], [ -50.538967604569535, -25.320806348159014 ], [ -50.538898331703599, -25.320812091599016 ], [ -50.538892834359132, -25.320820743694526 ], [ -50.538909073674475, -25.320861522117184 ], [ -50.538976148361805, -25.320937768866077 ], [ -50.538928279349506, -25.321011037207573 ], [ -50.538830618372351, -25.321035655885744 ], [ -50.538771867385385, -25.321096428015768 ], [ -50.538719484903289, -25.321075945428873 ], [ -50.538712025671352, -25.3209992530211 ], [ -50.538591094267396, -25.321003209137039 ], [ -50.538488495390808, -25.320862644032346 ], [ -50.538308102741119, -25.320747843072922 ], [ -50.53825836231475, -25.320738114911197 ], [ -50.538157765017061, -25.3208034515633 ], [ -50.538136277612281, -25.320731862563182 ], [ -50.538187407135069, -25.320611104192992 ], [ -50.53816186675855, -25.320534084187539 ], [ -50.538213873034785, -25.320522688077251 ], [ -50.538312369468166, -25.32056589158114 ], [ -50.538346750760361, -25.320486169527385 ], [ -50.538289508117778, -25.320463594548553 ], [ -50.538157252513287, -25.320440874823909 ], [ -50.538092239030789, -25.320397685847162 ], [ -50.537899574852844, -25.320505989934784 ], [ -50.537914349665904, -25.320408958231255 ], [ -50.537901832374637, -25.3204085577675 ], [ -50.537852694848574, -25.320554156198522 ], [ -50.537666672302613, -25.320535511778779 ], [ -50.537715999351015, -25.32044472922496 ], [ -50.537703734594665, -25.320430151629797 ], [ -50.537593406349366, -25.320493922190046 ], [ -50.53748388938989, -25.320605647237933 ], [ -50.537349887766382, -25.320545625290105 ], [ -50.537365758323013, -25.320447964950432 ], [ -50.537450201746132, -25.320450306995546 ], [ -50.537443223178926, -25.320404229475848 ], [ -50.537458607122829, -25.320382333605956 ], [ -50.537102611616916, -25.320383473631296 ], [ -50.537041192509307, -25.320414165082173 ], [ -50.536961706900932, -25.320336072372225 ], [ -50.536868095146183, -25.320341015955695 ], [ -50.536851967360597, -25.320323355777834 ], [ -50.536801158648387, -25.32028111392253 ], [ -50.536816710455163, -25.320371829147426 ], [ -50.536693257638952, -25.320385799658414 ], [ -50.536723129481373, -25.320473128308695 ], [ -50.536666618857218, -25.320519367511732 ], [ -50.53655159868088, -25.320588811758014 ], [ -50.536511777707823, -25.320452867631065 ], [ -50.536516000423966, -25.320413688484166 ], [ -50.53646213415967, -25.32044386161127 ], [ -50.536441143890123, -25.320502945454958 ], [ -50.536394121353425, -25.320510112273009 ], [ -50.536366751154944, -25.320392087684873 ], [ -50.536305923267413, -25.320345750413658 ], [ -50.536250042723623, -25.320383051231374 ], [ -50.53623100269639, -25.320425705647878 ], [ -50.536293224274466, -25.320497423074606 ], [ -50.536282231508054, -25.32061848766217 ], [ -50.536257311343554, -25.320639811571301 ], [ -50.536131567125871, -25.32055100716822 ], [ -50.53608140803091, -25.320494769818072 ], [ -50.535952495549743, -25.320455261888778 ], [ -50.535911111197322, -25.320521144633332 ], [ -50.535933115709007, -25.320587046350642 ], [ -50.535941266006461, -25.320638365320754 ], [ -50.535743912917333, -25.32059475858863 ], [ -50.535724425269791, -25.320546293660485 ], [ -50.535733579968529, -25.320490513932459 ], [ -50.53569202133211, -25.320367568056781 ], [ -50.535631669638278, -25.320456960607608 ], [ -50.535605745010386, -25.320455072825602 ], [ -50.535623524450138, -25.32053459734863 ], [ -50.535594942008785, -25.320578305275873 ], [ -50.535511427962554, -25.320644867900864 ], [ -50.535427016503952, -25.320634126468779 ], [ -50.535378743605342, -25.320474224553468 ], [ -50.535359430131059, -25.320458269969798 ], [ -50.535311058047462, -25.320480603447269 ], [ -50.535230347393785, -25.320489469781791 ], [ -50.535254215051012, -25.320535690956291 ], [ -50.535273294658772, -25.320560855938055 ], [ -50.535215331209578, -25.320649172180417 ], [ -50.535123995413699, -25.320682477635202 ], [ -50.535026933322307, -25.320784306548124 ], [ -50.534980215189677, -25.320763750203803 ], [ -50.534929901642649, -25.320696043231752 ], [ -50.534969704522986, -25.32065417694114 ], [ -50.534993390582748, -25.3206438665826 ], [ -50.534930090658001, -25.320646556626656 ], [ -50.534796678449851, -25.320666634864885 ], [ -50.534791182571318, -25.320622819539377 ], [ -50.534758464256456, -25.320552729805705 ], [ -50.534780356080049, -25.32051794113217 ], [ -50.534762827954189, -25.320502804852392 ], [ -50.534729150158704, -25.320579819111455 ], [ -50.534608251197547, -25.320575373689756 ], [ -50.534414038007846, -25.320542250489797 ], [ -50.53438434452476, -25.320616568099627 ], [ -50.534293421841404, -25.320645720307695 ], [ -50.534242904885495, -25.320709225782451 ], [ -50.534197248727494, -25.320696800006889 ], [ -50.534010175708637, -25.3205892874327 ], [ -50.533977118638006, -25.320581868202794 ], [ -50.533938916829158, -25.320672594346426 ], [ -50.533811490174408, -25.32073820438897 ], [ -50.533725461478319, -25.320734681276274 ], [ -50.533705494546183, -25.320707797493817 ], [ -50.533636141719846, -25.320760316247636 ], [ -50.533568956430791, -25.320739785001436 ], [ -50.533531336168274, -25.320678619696135 ], [ -50.533459194630773, -25.320655092646252 ], [ -50.533479415837959, -25.320797116268288 ], [ -50.533448566096624, -25.320835940116773 ], [ -50.533326878641702, -25.320777940223067 ], [ -50.533311689086162, -25.320697069065712 ], [ -50.533188666242545, -25.320702368704453 ], [ -50.533120339619721, -25.320772229041797 ], [ -50.533089787951845, -25.320707383507997 ], [ -50.532888641309619, -25.3206687277257 ], [ -50.53285755694268, -25.320742769692735 ], [ -50.53279400694317, -25.320758823179489 ], [ -50.532746342690089, -25.320751899201284 ], [ -50.532715081427746, -25.320716671413088 ], [ -50.53271892701661, -25.320672524414142 ], [ -50.532692968778825, -25.32067939560736 ], [ -50.532702769559471, -25.320843962559902 ], [ -50.53258097007199, -25.320763475731177 ], [ -50.53257169854033, -25.320771664091478 ], [ -50.532643851974989, -25.320817948495158 ], [ -50.532465808525401, -25.320894955906514 ], [ -50.532387837039671, -25.320914846588185 ], [ -50.53241427963188, -25.320755993520375 ], [ -50.532344975351165, -25.320718116418789 ], [ -50.532332881072776, -25.32081452388034 ], [ -50.532282382168532, -25.320821317131358 ], [ -50.53222211145625, -25.320837200166078 ], [ -50.532125109428485, -25.320871027598162 ], [ -50.531961290870967, -25.320891819481982 ], [ -50.531917580673493, -25.320890145486835 ], [ -50.531847724095378, -25.320840887958283 ], [ -50.531873818798289, -25.320772700195334 ], [ -50.531721724508678, -25.320767611491785 ], [ -50.531659009790175, -25.320695619683597 ], [ -50.531583233142342, -25.320713168982071 ], [ -50.531469937681166, -25.320643454574402 ], [ -50.531419684777056, -25.320637966820833 ], [ -50.531389977069722, -25.32063805298235 ], [ -50.531396358226459, -25.320709685201226 ], [ -50.531446872641297, -25.320802137588895 ], [ -50.531424100919757, -25.320832949533923 ], [ -50.531329918906934, -25.320831024593563 ], [ -50.531248904415698, -25.320867069604351 ], [ -50.531223907777317, -25.320830597157261 ], [ -50.531244669806071, -25.320702429974833 ], [ -50.531227407909299, -25.320669865245439 ], [ -50.531176443353637, -25.320720183685719 ], [ -50.531083371136624, -25.320688100222021 ], [ -50.531051227086252, -25.320701634020942 ], [ -50.531037993559053, -25.320758213200545 ], [ -50.530953500015919, -25.320768871252334 ], [ -50.531043425246772, -25.320947329316386 ], [ -50.531006006622214, -25.320963103948621 ], [ -50.530942081399992, -25.321050677058047 ], [ -50.530804254082753, -25.321081754836964 ], [ -50.530686420707745, -25.321106755406866 ], [ -50.530580681169859, -25.321087364305072 ], [ -50.530546103670531, -25.321036231809874 ], [ -50.530550166871549, -25.320987389707604 ], [ -50.530520867523116, -25.320958850285713 ], [ -50.53048951505334, -25.32089589808508 ], [ -50.530446006133602, -25.320919329105028 ], [ -50.530410866527127, -25.320988210228016 ], [ -50.530342215394562, -25.320961441795969 ], [ -50.530303516909299, -25.320974141798072 ], [ -50.530302330097115, -25.321049994274833 ], [ -50.530202949786023, -25.32105626980799 ], [ -50.530026793282083, -25.321133009348681 ], [ -50.529972570945304, -25.321229191946845 ], [ -50.52991170431234, -25.321244891519708 ], [ -50.529741250843799, -25.321234052991201 ], [ -50.529663244596648, -25.321237055065634 ], [ -50.529622907227356, -25.321211008785362 ], [ -50.529667364792481, -25.321122109868742 ], [ -50.529593426662657, -25.321100832826797 ], [ -50.529508043206, -25.321084576296474 ], [ -50.529456208779777, -25.321025531922043 ], [ -50.529472970638693, -25.320981697172897 ], [ -50.529420708264375, -25.320981981846398 ], [ -50.529297288718595, -25.321038389629926 ], [ -50.529292275732438, -25.321024376335838 ], [ -50.529232056922794, -25.321026712548477 ], [ -50.52920777018808, -25.321063750353563 ], [ -50.529256580970014, -25.321185276258081 ], [ -50.529197812437829, -25.321223648806189 ], [ -50.5291130118189, -25.321159441922756 ], [ -50.529060066238813, -25.321233593821848 ], [ -50.528978829824482, -25.32122403280982 ], [ -50.528919925017618, -25.321246240205259 ], [ -50.528853405030894, -25.321156625575203 ], [ -50.528868227897036, -25.321100412907171 ], [ -50.528945496603079, -25.321031215287885 ], [ -50.528954573252101, -25.320970739906866 ], [ -50.528859022948694, -25.321039969399692 ], [ -50.528733926367451, -25.321016180456411 ], [ -50.528731077764398, -25.321059066250172 ], [ -50.528670407134285, -25.321126781648577 ], [ -50.52864820393976, -25.321190195097561 ], [ -50.528614848137103, -25.321259984532777 ], [ -50.528546250264334, -25.321322165914658 ], [ -50.528494248394523, -25.321332113731724 ], [ -50.528457992119201, -25.321278537150363 ], [ -50.528365088864355, -25.321279865385076 ], [ -50.528361151765353, -25.321321573719842 ], [ -50.528336623669496, -25.321369537514926 ], [ -50.528301848329832, -25.321420990407482 ], [ -50.528264252565215, -25.321379781284545 ], [ -50.528161877282329, -25.321364011419323 ], [ -50.528109999795355, -25.32144439743513 ], [ -50.528182304328972, -25.321579544653712 ], [ -50.52797406778425, -25.321498867627394 ], [ -50.527973781201069, -25.321521533275803 ], [ -50.528001837403586, -25.321563073142073 ], [ -50.528083844649061, -25.321578868210082 ], [ -50.528060646407887, -25.321668195923859 ], [ -50.528098924151891, -25.321841072032974 ], [ -50.52808911306402, -25.32188583192 ], [ -50.52806574906139, -25.321915377162906 ], [ -50.527962144605553, -25.321934641574874 ], [ -50.527858240904294, -25.321979822500943 ], [ -50.527770698113656, -25.321982251187102 ], [ -50.527685653754048, -25.321878489103987 ], [ -50.527602031097786, -25.321869280903428 ], [ -50.52747568016536, -25.321733328011334 ], [ -50.527390235346303, -25.321809632719638 ], [ -50.527178683420331, -25.321661666690527 ], [ -50.526974346349313, -25.321523657070113 ], [ -50.52682422865432, -25.321495541864302 ], [ -50.526698687586681, -25.321509406966481 ], [ -50.526641346646812, -25.321435895130087 ], [ -50.526552432207026, -25.321458998544305 ], [ -50.526499564990125, -25.321538116530107 ], [ -50.526437603903872, -25.321502969411792 ], [ -50.526407208645971, -25.321654222979113 ], [ -50.526394072018711, -25.321634223355421 ], [ -50.526329383069751, -25.321585160451622 ], [ -50.526136457380233, -25.321476716098271 ], [ -50.526073068433824, -25.321476602588721 ], [ -50.525936258852319, -25.321654153820237 ], [ -50.525736384088887, -25.321697308731977 ], [ -50.52535920491303, -25.321728333446458 ], [ -50.52492904265921, -25.321944221398493 ], [ -50.524800557705319, -25.321897571027257 ], [ -50.524582796869474, -25.322017335648958 ], [ -50.524371335383549, -25.322025051756345 ], [ -50.524226825938023, -25.322011039585981 ], [ -50.52408831789969, -25.322063059612564 ], [ -50.523865267618675, -25.322112368177976 ], [ -50.523678032632787, -25.3221750669919 ], [ -50.523655590012666, -25.322324358929059 ], [ -50.523476612323002, -25.322536538935655 ], [ -50.523542909992806, -25.322707520020717 ], [ -50.523444922734996, -25.322839770942878 ], [ -50.523226984188618, -25.323029519302331 ], [ -50.523148742095373, -25.323168516457841 ], [ -50.523063414366931, -25.32313789787943 ], [ -50.523017506897716, -25.323215050377112 ], [ -50.522979324687306, -25.323197046412361 ], [ -50.52297030822681, -25.323241356975092 ], [ -50.522967612437888, -25.323270065233718 ], [ -50.522873239431043, -25.323316447416293 ], [ -50.522727553720742, -25.323298005010809 ], [ -50.522723802233301, -25.323367888915588 ], [ -50.522536929520449, -25.323337573287958 ], [ -50.52254061295811, -25.323310403422887 ], [ -50.52218157277099, -25.323047265083652 ], [ -50.521879056394347, -25.322761913622656 ], [ -50.521571267070797, -25.322352284776152 ], [ -50.520967904102378, -25.322066225478551 ], [ -50.520658387850361, -25.322096464682438 ], [ -50.520307038556268, -25.322051975178102 ], [ -50.520177258436227, -25.322031866242305 ], [ -50.520125006271009, -25.322004243410564 ], [ -50.519959973846078, -25.321903648075743 ], [ -50.51985949524439, -25.321885801614592 ], [ -50.51974942982654, -25.321804710366887 ], [ -50.519650481528025, -25.32180194968096 ], [ -50.51954776583058, -25.321696409590221 ], [ -50.519431751777233, -25.321561838172379 ], [ -50.519304353279864, -25.321467144332509 ], [ -50.518964675678035, -25.321335906639359 ], [ -50.518740092511493, -25.321144449390111 ], [ -50.518321267405355, -25.321129264569898 ], [ -50.518074072429414, -25.32102812769088 ], [ -50.51763972, -25.320965 ], [ -50.516776681417383, -25.324307728556921 ], [ -50.51654105682092, -25.32534492040654 ], [ -50.516229968929103, -25.326768368885496 ], [ -50.516227828497328, -25.326806922043446 ], [ -50.516121661492939, -25.327369353474104 ], [ -50.515237812016032, -25.330969973140384 ], [ -50.515214446191884, -25.331048642071419 ], [ -50.515191810488957, -25.3311435682675 ], [ -50.51422628468088, -25.335052662613855 ], [ -50.513753527644987, -25.336959061822878 ], [ -50.513646920893962, -25.337377633581223 ], [ -50.513077526566775, -25.339614316245157 ], [ -50.5128548869409, -25.340494953954643 ], [ -50.512598078196653, -25.341544618781796 ], [ -50.512555313809685, -25.341677134835649 ], [ -50.512064603066683, -25.343933487692745 ], [ -50.511657496743297, -25.345732451485166 ], [ -50.51090523580271, -25.348940825226578 ], [ -50.510897107279568, -25.348985137773433 ], [ -50.510103441586502, -25.352247911950553 ], [ -50.509394945275503, -25.355278790917048 ], [ -50.509371266061038, -25.355432952062948 ], [ -50.507877066409158, -25.362100469091608 ], [ -50.507923196977828, -25.36214613669971 ], [ -50.507934994792123, -25.362202526067136 ], [ -50.508018977659873, -25.362276495127045 ], [ -50.508042986150947, -25.362262758788923 ], [ -50.508019602547286, -25.362244890682391 ], [ -50.508054138175652, -25.362208613427324 ], [ -50.50818334936843, -25.362231982462788 ], [ -50.508227238022421, -25.362266805961156 ], [ -50.508260640494818, -25.362215805257481 ], [ -50.508309522309197, -25.362220212832973 ], [ -50.508348266233057, -25.362298365216201 ], [ -50.50847512527605, -25.362387287123422 ], [ -50.508602595951601, -25.362521634068166 ], [ -50.508564240607875, -25.362593117408732 ], [ -50.508749386452742, -25.362695779302083 ], [ -50.508975273422216, -25.362653096500384 ], [ -50.509121382252211, -25.362651687372971 ], [ -50.509170954882563, -25.362608145339436 ], [ -50.509352641550763, -25.362656883228119 ], [ -50.509397946957058, -25.362611701416096 ], [ -50.509596605030254, -25.362494064572079 ], [ -50.509724842269904, -25.362512642883303 ], [ -50.509788375370803, -25.362408372273727 ], [ -50.509930563430444, -25.362319354020531 ], [ -50.509958116943594, -25.362289103464278 ], [ -50.510148672710329, -25.362356653207875 ], [ -50.510328462248907, -25.362382897786212 ], [ -50.510440685640056, -25.36230578984836 ], [ -50.510488210791429, -25.36232626637339 ], [ -50.510508013083665, -25.362419074836019 ], [ -50.510574932699697, -25.362485580758147 ], [ -50.510736459047209, -25.362505804032359 ], [ -50.510855255841193, -25.362548732173899 ], [ -50.510866514831648, -25.362665262259465 ], [ -50.510932970910794, -25.362674152273382 ], [ -50.51101759510081, -25.362638672839946 ], [ -50.511224112305072, -25.36276596542697 ], [ -50.511274714577809, -25.362762792163736 ], [ -50.511352058375948, -25.3628076592863 ], [ -50.51155279194289, -25.362840925335668 ], [ -50.511703659673614, -25.362867252889249 ], [ -50.511805521933972, -25.362796159938807 ], [ -50.511875287004884, -25.362797836149571 ], [ -50.511896916761749, -25.362831862323752 ], [ -50.512014957226299, -25.362840561657947 ], [ -50.512035360644113, -25.36288298205686 ], [ -50.512178278954551, -25.362933664965738 ], [ -50.512387815243997, -25.362928218458759 ], [ -50.512548703660492, -25.36293425984795 ], [ -50.51261360275803, -25.362934926249022 ], [ -50.512688847158962, -25.362958202970187 ], [ -50.512763804096188, -25.36295402616047 ], [ -50.512882906627866, -25.362896173962994 ], [ -50.513043871267456, -25.362907994545576 ], [ -50.513094932624391, -25.362889470424705 ], [ -50.513208198244193, -25.362899236663822 ], [ -50.513287279686992, -25.36285786780531 ], [ -50.513329945984715, -25.362875708526964 ], [ -50.513397655110097, -25.362844777325083 ], [ -50.513456055546357, -25.362879827857025 ], [ -50.513527183967796, -25.362863717820893 ], [ -50.513588909089449, -25.362937248969878 ], [ -50.513683929168032, -25.3629364792444 ], [ -50.513738831534518, -25.362901893400945 ], [ -50.513808541875093, -25.362966962219431 ], [ -50.514017011519961, -25.363029418796039 ], [ -50.514139198172842, -25.363045264167354 ], [ -50.514226745509376, -25.362999407521716 ], [ -50.514441994858167, -25.36295713273687 ], [ -50.514544713122582, -25.362820660291298 ], [ -50.514515861503071, -25.36272827402 ], [ -50.514560074655783, -25.362682364560307 ], [ -50.514801172442453, -25.362762627284258 ], [ -50.514942685504806, -25.362841929395081 ], [ -50.51505253311776, -25.362861435832944 ], [ -50.515211057192019, -25.362862228866998 ], [ -50.515292294933154, -25.362878119035685 ], [ -50.515369381053311, -25.362863382288989 ], [ -50.515539372324241, -25.362879745082488 ], [ -50.515666540128258, -25.362792929432825 ], [ -50.515753293206011, -25.36279655608897 ], [ -50.515805263546014, -25.36282417958121 ], [ -50.51589485734597, -25.362788352456931 ], [ -50.51592101181005, -25.362809569701344 ], [ -50.516068760138026, -25.362820801692315 ], [ -50.516160977403189, -25.362924864610275 ], [ -50.516317899839017, -25.362878602574479 ], [ -50.51639357721006, -25.362918133632196 ], [ -50.516505693276706, -25.362842194642756 ], [ -50.516710435933859, -25.362767462723365 ], [ -50.516980420700399, -25.362732046420795 ], [ -50.517078739841487, -25.36272640888583 ], [ -50.517105127378947, -25.362664004764138 ], [ -50.517214370586309, -25.362635555943882 ], [ -50.517396712670326, -25.362695303234169 ], [ -50.517414231499458, -25.362788825774182 ], [ -50.517440475288929, -25.362837676207246 ], [ -50.517543787342362, -25.362751051632948 ], [ -50.517748459327663, -25.362618794088291 ], [ -50.517770009871946, -25.362497856707016 ], [ -50.517898648145696, -25.362340516133088 ], [ -50.517960670290165, -25.362314711544066 ], [ -50.518060510324041, -25.362301402449095 ], [ -50.518000056731502, -25.362157259212367 ], [ -50.518218306039763, -25.362059541746742 ], [ -50.51865397695947, -25.361922259204622 ], [ -50.518726063416729, -25.361864700018028 ], [ -50.518884329538082, -25.361704385049109 ], [ -50.519222522232901, -25.361334789978411 ], [ -50.519579010174127, -25.360912425662768 ], [ -50.519768702127806, -25.360897602483011 ], [ -50.519899704630035, -25.36094580082819 ], [ -50.520017907175223, -25.360938329756163 ], [ -50.520025045667737, -25.36084208843355 ], [ -50.520277696384916, -25.360765250039091 ], [ -50.52046577970853, -25.36070463633169 ], [ -50.520491740102372, -25.360598793702437 ], [ -50.520595672914645, -25.360530139532745 ], [ -50.520628205834022, -25.36037058709373 ], [ -50.520559398736545, -25.360075970329508 ], [ -50.520812468700704, -25.359892302109074 ], [ -50.521030258821476, -25.359934731493091 ], [ -50.521438979165673, -25.359925133767081 ], [ -50.521778985410151, -25.359823923543448 ], [ -50.522072206865303, -25.359892694394592 ], [ -50.522658621829727, -25.359860461742329 ], [ -50.522740538674661, -25.359956269509315 ], [ -50.522666854226181, -25.36006719550798 ], [ -50.522796985585344, -25.360185464774915 ], [ -50.523110991169084, -25.360276877069719 ], [ -50.523233339978219, -25.36020033386772 ], [ -50.523370312893746, -25.359993438155062 ], [ -50.523556959409071, -25.360019779081181 ], [ -50.52368978785892, -25.35993189103208 ], [ -50.523926529420763, -25.360008061048696 ], [ -50.524141396277997, -25.360061312936374 ], [ -50.524247201187904, -25.360148527849592 ], [ -50.524366486903631, -25.360168780268594 ], [ -50.524536851669218, -25.360089049818701 ], [ -50.524658698124533, -25.360115270370965 ], [ -50.524731704409383, -25.360202740258458 ], [ -50.52498462180462, -25.360158313924714 ], [ -50.525067862844438, -25.360220982918619 ], [ -50.525274751824817, -25.360154102371379 ], [ -50.525550032634236, -25.360211159185486 ], [ -50.526018892468784, -25.359918908665772 ], [ -50.526261830545437, -25.359910118298806 ], [ -50.526355679157916, -25.359826798224535 ], [ -50.526540225295562, -25.359856650494148 ], [ -50.526798238412837, -25.359753900662461 ], [ -50.527107365511235, -25.359669194864285 ], [ -50.527200572809235, -25.359571694361986 ], [ -50.527521243943035, -25.359380645961398 ], [ -50.527737415998828, -25.359328330742787 ], [ -50.527983868962352, -25.359079519203959 ], [ -50.528591891138966, -25.358676812369183 ], [ -50.528949700254586, -25.358133962642352 ], [ -50.528895108548781, -25.357782322438183 ], [ -50.529318499681395, -25.357472667446796 ], [ -50.529638912536321, -25.357114911119151 ], [ -50.529813771402097, -25.356950483059009 ], [ -50.529909772842629, -25.356669039146524 ], [ -50.52995139900689, -25.356261988438398 ], [ -50.529839837053764, -25.35617268218158 ], [ -50.529886769456859, -25.355858391276616 ], [ -50.529765811388764, -25.355731759146224 ], [ -50.529783952851375, -25.355563760138644 ], [ -50.529819333918489, -25.35556369251238 ], [ -50.530071950254531, -25.355491352185048 ], [ -50.530131826472356, -25.355324931187404 ], [ -50.530255426455781, -25.355127919578159 ], [ -50.5303501520293, -25.35497027889755 ], [ -50.530277518241512, -25.354863307106651 ], [ -50.530389237863716, -25.354782931087207 ], [ -50.530451618271442, -25.354817084573295 ], [ -50.530551401740972, -25.35476502602938 ], [ -50.530509325701672, -25.354620133505762 ], [ -50.530699295121337, -25.354350366917469 ], [ -50.530819842203357, -25.354248616484515 ], [ -50.531018582758726, -25.354229563175934 ], [ -50.531153994869086, -25.354190260336082 ], [ -50.531309853477893, -25.354106231333184 ], [ -50.531386049753188, -25.353959457827834 ], [ -50.531442460817217, -25.353943653412241 ], [ -50.531516468422929, -25.353977933751871 ], [ -50.531659939520701, -25.353910390715139 ], [ -50.531763575704282, -25.353760814525671 ], [ -50.531763383434864, -25.353475270499992 ], [ -50.531863076992046, -25.353420321003377 ], [ -50.532140597274555, -25.353537966977342 ], [ -50.532300114524446, -25.353510027739578 ], [ -50.532564722278131, -25.353470862960425 ], [ -50.532610517619325, -25.353372666512115 ], [ -50.533028626052172, -25.353345185814138 ], [ -50.533101322526441, -25.353358600817483 ], [ -50.533148740312186, -25.353407154476706 ], [ -50.533143343833075, -25.353492565612413 ], [ -50.533383062807552, -25.353412773638205 ], [ -50.533593890674773, -25.353506636011289 ], [ -50.533717811969382, -25.353638512110301 ], [ -50.533943540649808, -25.353604640016723 ], [ -50.534228588730826, -25.353625770175334 ], [ -50.534386708688785, -25.353651194335111 ], [ -50.534558622794513, -25.353422273562696 ], [ -50.534677381898092, -25.353293242238241 ], [ -50.5347206390541, -25.353156657587341 ], [ -50.534674381159313, -25.353116506430624 ], [ -50.534522474625199, -25.353077737128203 ], [ -50.534561646882544, -25.35294384875009 ], [ -50.534667420359462, -25.352883859484834 ], [ -50.534782793597756, -25.35283437581769 ], [ -50.534773953295904, -25.352677307980233 ], [ -50.534870625272099, -25.352268623265964 ], [ -50.534820337889741, -25.352086861612527 ], [ -50.534913032812156, -25.351990257423811 ], [ -50.535221203527726, -25.351785154987414 ], [ -50.535323119877482, -25.351693907614159 ], [ -50.535484959596921, -25.351447434740496 ], [ -50.535666688370029, -25.351483678238029 ], [ -50.535770151283494, -25.351455739047658 ], [ -50.535874305952667, -25.351246560337927 ], [ -50.535913458875548, -25.351195300328747 ], [ -50.536155128309467, -25.351149645089723 ], [ -50.536354778764419, -25.351072882634302 ], [ -50.536597348812705, -25.350895113640295 ], [ -50.536676995895505, -25.35080551101273 ], [ -50.536860283459248, -25.350562806527329 ], [ -50.53698688378541, -25.35048716800965 ], [ -50.537090368111301, -25.350322777438269 ], [ -50.537386217731836, -25.350245683776354 ], [ -50.537486504246793, -25.350137994266138 ], [ -50.537697407281563, -25.349976198191982 ], [ -50.537835248613391, -25.349897343241679 ], [ -50.537971335172024, -25.349757165707025 ], [ -50.538176889180029, -25.349642762154705 ], [ -50.538335799571755, -25.349458858019673 ], [ -50.53838191502885, -25.349300878887199 ], [ -50.538462992919186, -25.3490955089873 ], [ -50.538488870330241, -25.348849599816859 ], [ -50.53851305170928, -25.348526835931754 ], [ -50.538585032085237, -25.348387901764159 ], [ -50.538672843513005, -25.34831963550587 ], [ -50.538818579680687, -25.348359555141553 ], [ -50.538978081466944, -25.348228661028031 ], [ -50.539198269170157, -25.34805424909479 ], [ -50.539290017131414, -25.347943551512518 ], [ -50.539247599802465, -25.347860338386148 ], [ -50.539347811324504, -25.347640308104751 ], [ -50.539521835217471, -25.347374362778119 ], [ -50.539657185553274, -25.347217384586145 ], [ -50.539717409304899, -25.347007072254829 ], [ -50.539574570245456, -25.346910992968382 ], [ -50.53953337214589, -25.346768272842091 ], [ -50.539435057221191, -25.346566495352679 ], [ -50.539512654705561, -25.346203261020236 ], [ -50.539635875538707, -25.346126164669673 ], [ -50.539818407160851, -25.345948473333141 ], [ -50.539749412313647, -25.345693146559739 ], [ -50.539747260231628, -25.345421502850947 ], [ -50.539828543645022, -25.345134226178459 ], [ -50.540051124828409, -25.34479808429834 ], [ -50.540114713820351, -25.344722246164149 ], [ -50.540103947514105, -25.344573480439799 ], [ -50.540052937456537, -25.344476424040238 ], [ -50.540129055889437, -25.344319531250225 ], [ -50.540067020518215, -25.344168528423953 ], [ -50.54025466042556, -25.344058129540873 ], [ -50.540471303131724, -25.34395152339961 ], [ -50.540723366803121, -25.343833287750396 ], [ -50.540958067204151, -25.343839347370501 ], [ -50.541107116672499, -25.344027104127974 ], [ -50.541177179528518, -25.344052517453999 ], [ -50.54124478385183, -25.343992043149758 ], [ -50.541363854211369, -25.343907888586461 ], [ -50.54154643203708, -25.343716378487951 ], [ -50.541690515489776, -25.34369262516778 ], [ -50.541870344152706, -25.343544813665908 ], [ -50.541991274195865, -25.343467979061234 ], [ -50.542164005997812, -25.343357350737964 ], [ -50.542588967185097, -25.343268456428095 ], [ -50.542767903343979, -25.343172566350365 ], [ -50.543059976965999, -25.343063391025193 ], [ -50.543057727411224, -25.34297443371436 ], [ -50.543141779985127, -25.342899831667776 ], [ -50.543236664808298, -25.34287800122906 ], [ -50.543356527269118, -25.34274101909855 ], [ -50.543445397115804, -25.342627239474183 ], [ -50.543622259984289, -25.342500818844755 ], [ -50.543894804609657, -25.342484324473205 ], [ -50.544011240824858, -25.342492270579193 ], [ -50.544141068450756, -25.342480120039944 ], [ -50.544131700798978, -25.342248549227623 ], [ -50.544143092463266, -25.342099129831634 ], [ -50.544173510874337, -25.341857748589046 ], [ -50.544216150363027, -25.341749424309903 ], [ -50.544326519195273, -25.341626048014771 ], [ -50.544384127817729, -25.341500792658749 ], [ -50.544412689354182, -25.341383574886127 ], [ -50.544473313562442, -25.341355226014148 ], [ -50.544523277089439, -25.341201591203109 ], [ -50.544526916978697, -25.340946039473788 ], [ -50.544514404858184, -25.340784445241059 ], [ -50.544626224550917, -25.340618268633701 ], [ -50.544658151407099, -25.340451393475654 ], [ -50.544684870006414, -25.340375078074473 ], [ -50.544761085047263, -25.340322846450572 ], [ -50.544841687164855, -25.340240105267124 ], [ -50.544994480923719, -25.34014458312538 ], [ -50.5450474815459, -25.34000224559966 ], [ -50.545060311394039, -25.339866466563759 ], [ -50.545162868117529, -25.339785328179104 ], [ -50.545283988653956, -25.339629384208518 ], [ -50.545386247610693, -25.339494874507281 ], [ -50.545350092717349, -25.339251210426216 ], [ -50.545535848784994, -25.339136373850415 ], [ -50.545625592097352, -25.33894710054004 ], [ -50.545700727040526, -25.338864432297079 ], [ -50.545778598892326, -25.338740683686922 ], [ -50.545819720926822, -25.3386654961202 ], [ -50.546178476073692, -25.338525003525273 ], [ -50.546320949091346, -25.338451572878739 ], [ -50.546286797900173, -25.338283048898674 ], [ -50.546433987033645, -25.33803733073572 ], [ -50.546463393597989, -25.337932577171742 ], [ -50.546452322273531, -25.337810360427802 ], [ -50.546295881038574, -25.337739260206444 ], [ -50.546144180714528, -25.337675940655522 ], [ -50.546107801039007, -25.337598798412724 ], [ -50.546102412940655, -25.337524822019613 ], [ -50.546190542377737, -25.337421333078964 ], [ -50.546281602928858, -25.337384498200322 ], [ -50.546418927021797, -25.337359093836099 ], [ -50.546525701286853, -25.337371974935952 ], [ -50.546566432722855, -25.337214698685894 ], [ -50.546592993050943, -25.337127003966913 ], [ -50.546605445080402, -25.337038723993086 ], [ -50.546604170498149, -25.336954104278345 ], [ -50.54659960335475, -25.33679307639142 ], [ -50.546555777852184, -25.336634094994409 ], [ -50.546548508593951, -25.336558216410296 ], [ -50.546555935331298, -25.336485182513432 ], [ -50.546573105809109, -25.336410643419089 ], [ -50.546613499341454, -25.336343942022761 ], [ -50.546686574774284, -25.336306690308952 ], [ -50.54685275249556, -25.336271079528935 ], [ -50.54693969622393, -25.336245429386143 ], [ -50.547021560887558, -25.336196103659812 ], [ -50.547117909816635, -25.336179783745418 ], [ -50.547153828415851, -25.336113881183987 ], [ -50.547231976182964, -25.336021919941661 ], [ -50.547278003928234, -25.335963092206661 ], [ -50.547300971709447, -25.335905999701243 ], [ -50.547290114304516, -25.335859639860129 ], [ -50.547311536532618, -25.335790622339118 ], [ -50.547329566144768, -25.335725387201403 ], [ -50.547337481127293, -25.335654522072229 ], [ -50.547329783652245, -25.335613499938102 ], [ -50.547283433858759, -25.335545267527056 ], [ -50.547219835750354, -25.335519244848193 ], [ -50.54714249669113, -25.335527495817356 ], [ -50.547069813955645, -25.335566193855477 ], [ -50.547003658466245, -25.335613219989298 ], [ -50.546930503683107, -25.335645233933825 ], [ -50.546841526476925, -25.335656699934155 ], [ -50.546733113009303, -25.335657450091666 ], [ -50.546622615082178, -25.335630921637506 ], [ -50.546539795992182, -25.335563118594713 ], [ -50.546461193487922, -25.335483769442998 ], [ -50.546449171231323, -25.335403451265588 ], [ -50.546472090409651, -25.335332812984493 ], [ -50.546459141209638, -25.335261251540604 ], [ -50.546470182467964, -25.335178204903738 ], [ -50.546490297368457, -25.335086787827723 ], [ -50.546519050054656, -25.334997293740326 ], [ -50.546547276924869, -25.334915564260235 ], [ -50.546554557982418, -25.33482826170253 ], [ -50.546576754738368, -25.334738115286925 ], [ -50.546590774365072, -25.334709080211187 ], [ -50.546610702352304, -25.334667781831097 ], [ -50.54672981224585, -25.334489524957409 ], [ -50.546783162981058, -25.334412026746854 ], [ -50.546829735733382, -25.334366836872711 ], [ -50.54686559996113, -25.33434211329341 ], [ -50.546905368200676, -25.33433636577011 ], [ -50.546947046579767, -25.334324663976904 ], [ -50.547006285828317, -25.334320240569117 ], [ -50.546999418962287, -25.334296378924552 ], [ -50.547011256084168, -25.334266343739497 ], [ -50.547027546848398, -25.334241108413263 ], [ -50.547065773722409, -25.3341956218874 ], [ -50.547107380130619, -25.334123144530569 ], [ -50.547176980302346, -25.334084798203204 ], [ -50.547252422513267, -25.334051978402456 ], [ -50.547311626154354, -25.334003666506742 ], [ -50.547353937252133, -25.333955392994898 ], [ -50.547441419368553, -25.333918094831507 ], [ -50.547511620213854, -25.333878485916898 ], [ -50.547597769525765, -25.333825470486534 ], [ -50.547684879177076, -25.333754667856869 ], [ -50.547761974967898, -25.333677874303728 ], [ -50.547833718017685, -25.33359754238402 ], [ -50.547901984864417, -25.333516748235649 ], [ -50.547969351295087, -25.33343757678244 ], [ -50.548042360658627, -25.333364021520328 ], [ -50.548119690023171, -25.333304476754723 ], [ -50.548203587257042, -25.333269063539618 ], [ -50.548284528630823, -25.33322686833387 ], [ -50.548365582384577, -25.333181151529633 ], [ -50.548445360932327, -25.333157736123773 ], [ -50.548517310918378, -25.333155337767113 ], [ -50.548625958861628, -25.333117561911724 ], [ -50.548686602647713, -25.333109349310419 ], [ -50.548779114120933, -25.333108910212442 ], [ -50.548882568128221, -25.333105163272553 ], [ -50.548992475164205, -25.333102971199214 ], [ -50.549102035251707, -25.333113962522997 ], [ -50.549202468511659, -25.333147773025399 ], [ -50.549250390256873, -25.333194065532371 ], [ -50.54923502721644, -25.333290915876375 ], [ -50.549251847731085, -25.333337113228495 ], [ -50.549347120710003, -25.333449653870524 ], [ -50.549387261601758, -25.333450499082335 ], [ -50.549466145379498, -25.333373529478855 ], [ -50.549505273049917, -25.333325968039777 ], [ -50.549538646871937, -25.333275860456247 ], [ -50.549558916174171, -25.333222552124443 ], [ -50.549581436093128, -25.333178642397591 ], [ -50.549603417392568, -25.333146019155169 ], [ -50.5496281718764, -25.333115842623162 ], [ -50.549658216418337, -25.333079270595256 ], [ -50.549664452570404, -25.333058880707902 ], [ -50.549697192972012, -25.333018795013107 ], [ -50.549721898288752, -25.333001893160962 ], [ -50.549726771384528, -25.332973913478192 ], [ -50.549760945615702, -25.332922273099587 ], [ -50.549771766221916, -25.332898194707653 ], [ -50.549772334069544, -25.332852140850537 ], [ -50.5497820150756, -25.332813790772025 ], [ -50.54978624337685, -25.332772082743283 ], [ -50.549800541583259, -25.332721194364471 ], [ -50.549819496403074, -25.332647111804445 ], [ -50.549819730058168, -25.332610809873657 ], [ -50.549797735305255, -25.332539672566764 ], [ -50.549781262701288, -25.332506841487014 ], [ -50.549739573915495, -25.332467882908659 ], [ -50.549664445239223, -25.332443270930646 ], [ -50.549583532400838, -25.332424330453279 ], [ -50.549499785569793, -25.332419378555137 ], [ -50.549397308749256, -25.332427734483012 ], [ -50.549297817829761, -25.332407924286585 ], [ -50.549219762874692, -25.332368583402992 ], [ -50.549190690232365, -25.332303745709005 ], [ -50.549221879888066, -25.3322530896755 ], [ -50.549273484704742, -25.332217035205897 ], [ -50.549335492972553, -25.332189049691024 ], [ -50.549406118481521, -25.332168495519827 ], [ -50.549483737983316, -25.332164398225739 ], [ -50.549689805003872, -25.332168911271996 ], [ -50.549790790123978, -25.332160821495208 ], [ -50.549876518901954, -25.332140313244977 ], [ -50.549983288294825, -25.332099640867419 ], [ -50.550070528621042, -25.332046536980542 ], [ -50.550159018880386, -25.332004724993954 ], [ -50.550253763590256, -25.331991287844975 ], [ -50.550348466239804, -25.331989228948856 ], [ -50.550522211977146, -25.33202804843194 ], [ -50.550587507185341, -25.332078547543745 ], [ -50.550617223387967, -25.332157655139774 ], [ -50.550626199163375, -25.332256385986732 ], [ -50.550638836762865, -25.332359101424007 ], [ -50.550656365581538, -25.332455781334343 ], [ -50.550706489320838, -25.332524746669115 ], [ -50.550789142972228, -25.332556695773107 ], [ -50.550876402382052, -25.33255226591692 ], [ -50.550960048274412, -25.332530757333178 ], [ -50.551106896664187, -25.332426812103925 ], [ -50.551166407749427, -25.332375338881967 ], [ -50.551316757981006, -25.332291722752764 ], [ -50.551405515970529, -25.332231127369976 ], [ -50.551556699506861, -25.332110036908659 ], [ -50.551603868915954, -25.332037033325843 ], [ -50.551620149346739, -25.33196032352765 ], [ -50.551633176361506, -25.331876650333115 ], [ -50.551655445534848, -25.331792644038476 ], [ -50.551640608701632, -25.331720264497577 ], [ -50.551570788006536, -25.331603468122307 ], [ -50.551484345607648, -25.331521207976873 ], [ -50.551358604243994, -25.331479465428874 ], [ -50.551258396428807, -25.331438613284792 ], [ -50.551093776770905, -25.331323334047436 ], [ -50.550930928308176, -25.33121284619671 ], [ -50.550852668795507, -25.331148220119527 ], [ -50.5507563512651, -25.331103406070316 ], [ -50.55065361887322, -25.331073653349911 ], [ -50.550578931674885, -25.331010392599264 ], [ -50.550566291900211, -25.330935220193016 ], [ -50.550663786862309, -25.330822545837052 ], [ -50.550744204920868, -25.330759938687525 ], [ -50.550927686221783, -25.330637321812709 ], [ -50.551107019334822, -25.330534739803401 ], [ -50.5511914788854, -25.330480814006815 ], [ -50.551397258691829, -25.330373796931468 ], [ -50.551507813799297, -25.33032988395836 ], [ -50.551623666880062, -25.330304318963766 ], [ -50.55174192016748, -25.330301518071941 ], [ -50.55185447319942, -25.330308633313152 ], [ -50.551959482953542, -25.33034046913826 ], [ -50.552043771459424, -25.330386871327573 ], [ -50.55211390464666, -25.330445692551269 ], [ -50.552145043117704, -25.330516496114015 ], [ -50.552153206204252, -25.330674374290997 ], [ -50.55217146943049, -25.330760761500823 ], [ -50.552230841770466, -25.330827677425045 ], [ -50.552312813806033, -25.330882651409734 ], [ -50.552405459900548, -25.330899187789505 ], [ -50.552588830760619, -25.330860281353015 ], [ -50.552736647278905, -25.330789389057724 ], [ -50.552874325441323, -25.330746370133717 ], [ -50.553018724445373, -25.330631940105409 ], [ -50.55312714982864, -25.330599668817257 ], [ -50.553229206804176, -25.33062399946089 ], [ -50.553266766783835, -25.330705117048065 ], [ -50.553243465520111, -25.330799957099483 ], [ -50.553168214821184, -25.330889853446653 ], [ -50.553082269914718, -25.330969603142353 ], [ -50.55301579745975, -25.331050134298557 ], [ -50.55296354781693, -25.331126915758784 ], [ -50.552856890374777, -25.331245794901243 ], [ -50.55282817810069, -25.331325808414388 ], [ -50.552820462527258, -25.331424488500577 ], [ -50.552837537109276, -25.331537060503717 ], [ -50.552898893655446, -25.331632067074469 ], [ -50.552988589054955, -25.331694649751906 ], [ -50.553082636576192, -25.3317085711146 ], [ -50.553173975637321, -25.331675344929277 ], [ -50.553274640013377, -25.331619119152652 ], [ -50.553358917287881, -25.331533584772089 ], [ -50.553404515840938, -25.331427975680082 ], [ -50.553443284402789, -25.331315211767084 ], [ -50.553498820141215, -25.331209361841516 ], [ -50.553577368011481, -25.331114508536057 ], [ -50.553670967985482, -25.331033607772063 ], [ -50.553848236586077, -25.330897422648164 ], [ -50.55394399374012, -25.330824294478436 ], [ -50.5540418516335, -25.330747289481405 ], [ -50.554136543679952, -25.330666482021741 ], [ -50.554215078793938, -25.330574879307065 ], [ -50.554252348934703, -25.330464007032244 ], [ -50.554268545493031, -25.330355418933991 ], [ -50.55421463904618, -25.330260886977712 ], [ -50.554122482808665, -25.330192066537379 ], [ -50.554008129193278, -25.330161107019098 ], [ -50.553896545010858, -25.330187860786847 ], [ -50.553787489251867, -25.33022961278051 ], [ -50.553669172470919, -25.330249753711005 ], [ -50.553551091159449, -25.330232779845009 ], [ -50.553444596954222, -25.330172133310541 ], [ -50.553388478413758, -25.330084909070198 ], [ -50.553375632347475, -25.329984270201667 ], [ -50.553381990418231, -25.329876284516761 ], [ -50.553413479851919, -25.329770361711585 ], [ -50.553493332109042, -25.329698901410744 ], [ -50.553596157144206, -25.329649093593609 ], [ -50.553707202004666, -25.329606715621857 ], [ -50.553820718925266, -25.329567596036227 ], [ -50.553911689106805, -25.329498968626602 ], [ -50.553965301621758, -25.329402414095306 ], [ -50.553962368831094, -25.329307946021782 ], [ -50.553909641847106, -25.329217120029707 ], [ -50.553838704919634, -25.329133553601825 ], [ -50.553781203773248, -25.329044067685668 ], [ -50.553807023110302, -25.328966844650154 ], [ -50.553863715468097, -25.328924572876279 ], [ -50.553936537285018, -25.32892759279348 ], [ -50.554080116280133, -25.32903612263355 ], [ -50.554189287828635, -25.329070949534028 ], [ -50.554302540390118, -25.329076710434709 ], [ -50.554395612247497, -25.329030936278862 ], [ -50.554459097858391, -25.328951479088062 ], [ -50.554473498228852, -25.328844872223904 ], [ -50.554512126580356, -25.32874276355744 ], [ -50.554574845376806, -25.328519809073374 ], [ -50.554616780543441, -25.328410034428678 ], [ -50.554722476379219, -25.328199762176311 ], [ -50.554759834418, -25.328091689451259 ], [ -50.554779613025161, -25.327872849448948 ], [ -50.554685003629231, -25.327687347644474 ], [ -50.554515926325656, -25.327650263010575 ], [ -50.554316324276307, -25.327673138813608 ], [ -50.554198898219617, -25.327667816836446 ], [ -50.554110766439564, -25.327613005863384 ], [ -50.554012839667877, -25.327438330217902 ], [ -50.554046310030643, -25.327225311276266 ], [ -50.554155446010178, -25.327025254293403 ], [ -50.554232876165273, -25.326936267006829 ], [ -50.554415518415389, -25.326796033576539 ], [ -50.554637868963646, -25.32671985600162 ], [ -50.55475622674728, -25.326687523168022 ], [ -50.554868981721775, -25.326638557158333 ], [ -50.555151384444343, -25.326415814225676 ], [ -50.555166223581644, -25.32632483137278 ], [ -50.555139283111345, -25.32613826979912 ], [ -50.555150737404183, -25.326049082830441 ], [ -50.555241592802254, -25.325902159567679 ], [ -50.555311880191248, -25.325700900747901 ], [ -50.555292149127673, -25.325607917142783 ], [ -50.555153976321662, -25.325461837814117 ], [ -50.555116668157225, -25.325366272580002 ], [ -50.555091589342986, -25.325159759143133 ], [ -50.555106141501561, -25.325065705035886 ], [ -50.555148884699364, -25.324979050747029 ], [ -50.555282795736211, -25.32482286564408 ], [ -50.55546059679498, -25.324701128795056 ], [ -50.555561657812035, -25.324670458907224 ], [ -50.5556549351858, -25.324703430667871 ], [ -50.555736815412693, -25.324782875206058 ], [ -50.55578467861735, -25.324872241048745 ], [ -50.555827224899751, -25.325084496263571 ], [ -50.555885949661182, -25.325301496088926 ], [ -50.555963915991967, -25.325527945606822 ], [ -50.556014282289489, -25.325639443691681 ], [ -50.556137818124697, -25.325848872402517 ], [ -50.556295923241649, -25.326033390549931 ], [ -50.556457308027234, -25.326217828093998 ], [ -50.556553409713111, -25.326294154298491 ], [ -50.556663875173655, -25.326327899590922 ], [ -50.556764523050958, -25.326301833219119 ], [ -50.556825879021815, -25.326233385779567 ], [ -50.556825614585712, -25.326142267017634 ], [ -50.556793005757498, -25.325929048628566 ], [ -50.556778323351757, -25.325813594395818 ], [ -50.556789373318828, -25.325698669077692 ], [ -50.556849591809332, -25.325478595721236 ], [ -50.556901424549288, -25.325378512770314 ], [ -50.55696852590674, -25.325287415918375 ], [ -50.557022327565036, -25.325192305627262 ], [ -50.55707725998785, -25.324977544275576 ], [ -50.557083966071808, -25.324854839612836 ], [ -50.557073111491022, -25.324752310544429 ], [ -50.557074014377029, -25.3246406959816 ], [ -50.557092685601823, -25.324533740384773 ], [ -50.557141978589868, -25.324448820978333 ], [ -50.557219797270776, -25.324443184959367 ], [ -50.557294258502083, -25.32448648425617 ], [ -50.557380930733096, -25.324587254325188 ], [ -50.557427053576966, -25.324663700771975 ], [ -50.557525189663025, -25.324754210384739 ], [ -50.557628169913251, -25.324824144878093 ], [ -50.557729779885911, -25.324915748446028 ], [ -50.557815200125589, -25.325033130667958 ], [ -50.557853868154098, -25.32521990761667 ], [ -50.557890536369015, -25.325328112995354 ], [ -50.557961870714628, -25.325411859323982 ], [ -50.5580642581888, -25.325426344320501 ], [ -50.558131560748215, -25.325361706969428 ], [ -50.558241960014868, -25.325167159229146 ], [ -50.558336263747599, -25.324944929756025 ], [ -50.558387441789137, -25.324833194920924 ], [ -50.55853033585403, -25.324637209120223 ], [ -50.558681520534677, -25.324456419280491 ], [ -50.558751815874267, -25.324360815887477 ], [ -50.558867920138809, -25.324154274113258 ], [ -50.558952516028242, -25.324087972326144 ], [ -50.559050097770815, -25.324084832721738 ], [ -50.55910500618095, -25.324149926480558 ], [ -50.559192753208144, -25.324338385125682 ], [ -50.559312969685678, -25.32453272034823 ], [ -50.55948040392731, -25.324693603062698 ], [ -50.559568023651551, -25.32478019676968 ], [ -50.559741522701835, -25.324940194261409 ], [ -50.559838747489287, -25.325008484534695 ], [ -50.559946576209555, -25.325056939251269 ], [ -50.560058918252309, -25.325093757984597 ], [ -50.560174818176257, -25.325108372157498 ], [ -50.560285359740156, -25.325093530737242 ], [ -50.560369209800179, -25.32504113292892 ], [ -50.560430685304986, -25.324966362937172 ], [ -50.560448583792862, -25.324879994184887 ], [ -50.560405926716328, -25.324806268161172 ], [ -50.560339104752188, -25.324738249572867 ], [ -50.560185937726203, -25.324588247033034 ], [ -50.560111483538705, -25.324487695669212 ], [ -50.560080372238993, -25.324408495391193 ], [ -50.56006273532843, -25.324312448244644 ], [ -50.56006536581873, -25.324216913123145 ], [ -50.560107288475621, -25.324026313529892 ], [ -50.56011311174349, -25.323927085417012 ], [ -50.560095675217241, -25.32383058734035 ], [ -50.560054934570346, -25.323749100677325 ], [ -50.559986002202258, -25.323715391631776 ], [ -50.559795692503059, -25.323725930868019 ], [ -50.559684675592045, -25.323735171589004 ], [ -50.55945821113788, -25.32371498888001 ], [ -50.559349432708693, -25.323682244089152 ], [ -50.559146303449182, -25.323611108193909 ], [ -50.559068616265961, -25.323553170721492 ], [ -50.559004604561252, -25.323477754907149 ], [ -50.558981380088461, -25.323388463805269 ], [ -50.55899710167278, -25.32329983107325 ], [ -50.559028613806341, -25.323213232301335 ], [ -50.559069367400518, -25.323126299948761 ], [ -50.559171855051289, -25.322947982696437 ], [ -50.559222873583387, -25.322852411692178 ], [ -50.559262083628269, -25.322752651313252 ], [ -50.559280487289783, -25.32255430564285 ], [ -50.55933203276124, -25.322367979357235 ], [ -50.559387974613422, -25.322284614218514 ], [ -50.559534181410584, -25.32213288682475 ], [ -50.559593313516089, -25.322046460757075 ], [ -50.559630712697057, -25.321952745306898 ], [ -50.559639504819984, -25.321856867354374 ], [ -50.559616178854164, -25.321768117859907 ], [ -50.559561394750254, -25.321696342058576 ], [ -50.559489477741423, -25.321636615940768 ], [ -50.559396605257604, -25.321601932017071 ], [ -50.559171662947392, -25.321574077504156 ], [ -50.559065555043063, -25.321545223630082 ], [ -50.558993358946374, -25.321480349035735 ], [ -50.558976467426717, -25.321398301285633 ], [ -50.559001516702054, -25.321312857122546 ], [ -50.559098357285158, -25.321129646480177 ], [ -50.559192284264938, -25.320927824160538 ], [ -50.559283362646141, -25.320716872418839 ], [ -50.559386241057588, -25.320512277258651 ], [ -50.559509344350197, -25.320319662763016 ], [ -50.559570001821072, -25.320223307648668 ], [ -50.559611608927412, -25.320119761469012 ], [ -50.55961596915165, -25.320013033613158 ], [ -50.559603621832323, -25.319910680797033 ], [ -50.55961808973386, -25.319811297868981 ], [ -50.559673328831423, -25.319729555974995 ], [ -50.559763011194285, -25.319684400286853 ], [ -50.559974890566401, -25.319696953272985 ], [ -50.560084471531447, -25.319671633656306 ], [ -50.560180155070292, -25.319615388067803 ], [ -50.560237688956278, -25.319530853337607 ], [ -50.560331874325975, -25.319339145183541 ], [ -50.560370994346087, -25.319236223485891 ], [ -50.560392645321222, -25.319128463493477 ], [ -50.560395032409289, -25.319017665967948 ], [ -50.560359842985797, -25.318912535909067 ], [ -50.560289912090497, -25.318825905106191 ], [ -50.560196236033754, -25.318766656244634 ], [ -50.560087854642831, -25.318735177480352 ], [ -50.559971310169281, -25.318735642356604 ], [ -50.559856782267303, -25.318755438503761 ], [ -50.55962678678091, -25.318807580163412 ], [ -50.559505759250307, -25.318811372574267 ], [ -50.55929708791269, -25.318763880358048 ], [ -50.559259127407785, -25.318710938239025 ], [ -50.559283465068063, -25.318629736211953 ], [ -50.55935048537394, -25.31855949842442 ], [ -50.559439455143057, -25.318491403233271 ], [ -50.559631322429425, -25.318350106891224 ], [ -50.559813211747183, -25.318192977060598 ], [ -50.559895689299083, -25.318106710823628 ], [ -50.559965474699602, -25.318013453138025 ], [ -50.560016905838673, -25.317912916204953 ], [ -50.560031598924617, -25.31780603853192 ], [ -50.559999664312592, -25.317707690992734 ], [ -50.559865869694939, -25.317560635670791 ], [ -50.559858984280716, -25.317486474420154 ], [ -50.559909111583245, -25.317444270879413 ], [ -50.559971056386246, -25.317431090616374 ], [ -50.560054040882072, -25.317451837630603 ], [ -50.56015275230817, -25.317492047178003 ], [ -50.56026198863519, -25.317534094165101 ], [ -50.560384108008812, -25.317557757202618 ], [ -50.560512340401715, -25.31756689920368 ], [ -50.560641391093284, -25.317569541546909 ], [ -50.560894228406923, -25.317546815552955 ], [ -50.560994993469542, -25.317485978962136 ], [ -50.561159017815712, -25.317322834059986 ], [ -50.561258166899009, -25.317269216902194 ], [ -50.56135528653121, -25.317282509911752 ], [ -50.561393165234321, -25.317358298519338 ], [ -50.561387945703679, -25.317455812779432 ], [ -50.561364024483005, -25.317559773373876 ], [ -50.561390604560032, -25.317655485842437 ], [ -50.56147126257391, -25.317715417665486 ], [ -50.561568745018072, -25.317710831155708 ], [ -50.561641888908255, -25.317650182880367 ], [ -50.561690100882799, -25.317560291801986 ], [ -50.561711741271495, -25.317455060094911 ], [ -50.56169971289529, -25.317346477281582 ], [ -50.561659242506224, -25.317245395541363 ], [ -50.561554732734528, -25.317049483299719 ], [ -50.561460101731065, -25.316841770368761 ], [ -50.561401636366405, -25.316633803764667 ], [ -50.561443500320046, -25.316485737203905 ], [ -50.561549064637553, -25.316416154870382 ], [ -50.56161794210864, -25.316436497820735 ], [ -50.561697931278019, -25.316488841881732 ], [ -50.561843906626315, -25.316647219951012 ], [ -50.561929164550385, -25.316726400244519 ], [ -50.562018997670265, -25.316776606057839 ], [ -50.562100115510653, -25.316791476525292 ], [ -50.562259799835154, -25.316729459487913 ], [ -50.562312545459754, -25.31664951524083 ], [ -50.562305741033356, -25.316552416754529 ], [ -50.562256004404375, -25.316458622386612 ], [ -50.56217382537212, -25.316379722339931 ], [ -50.562077405419316, -25.316310171701296 ], [ -50.561967413699691, -25.316257287167261 ], [ -50.561734734289537, -25.316173334010912 ], [ -50.561506787141475, -25.316072055933709 ], [ -50.5612847307221, -25.315962848164936 ], [ -50.561049972170593, -25.315877171945075 ], [ -50.560947043359953, -25.315822050051935 ], [ -50.560814210209585, -25.315656576129431 ], [ -50.560796064093971, -25.315564139662563 ], [ -50.560844640027049, -25.315483461066609 ], [ -50.560932099185031, -25.315420146599163 ], [ -50.561156714546925, -25.31534270128228 ], [ -50.561257699893403, -25.315302906284348 ], [ -50.561332690774933, -25.31525319057836 ], [ -50.561390127771261, -25.315194753287955 ], [ -50.561523953741421, -25.315029350708802 ], [ -50.561695621397071, -25.314866950291059 ], [ -50.561771245377138, -25.314779217664725 ], [ -50.561802798405459, -25.314680065827847 ], [ -50.561777791969519, -25.314588873346487 ], [ -50.561698756552786, -25.314547910644034 ], [ -50.561591693771177, -25.314509844629018 ], [ -50.561491252203979, -25.314454008068846 ], [ -50.561022655330781, -25.314084077107143 ], [ -50.560940702450971, -25.313998223530287 ], [ -50.56087109734694, -25.313904550119872 ], [ -50.560755190886297, -25.313701830412608 ], [ -50.560697533404053, -25.313601148696062 ], [ -50.560623292847147, -25.313525703046135 ], [ -50.560444481734166, -25.313465297524978 ], [ -50.560401808991429, -25.31339698970573 ], [ -50.56043048712371, -25.31332383753583 ], [ -50.560604744644522, -25.313214365032163 ], [ -50.560784439367538, -25.313139856710198 ], [ -50.561005529689673, -25.313046958829499 ], [ -50.561117009537561, -25.312989224368927 ], [ -50.561217104846115, -25.312920167761842 ], [ -50.561263434085113, -25.312828465037494 ], [ -50.561223272460794, -25.312752488960324 ], [ -50.561139213290105, -25.312699951916468 ], [ -50.561035078646498, -25.312649341769987 ], [ -50.560927293264292, -25.312591767160544 ], [ -50.560853175957917, -25.312509819998059 ], [ -50.560849017835658, -25.312423114410624 ], [ -50.560911861214372, -25.312380406520159 ], [ -50.561004557667076, -25.312379418298345 ], [ -50.561116281474035, -25.312391671254822 ], [ -50.561366819691401, -25.312425017144861 ], [ -50.561498705430331, -25.312438955295811 ], [ -50.561630512977764, -25.312447023243969 ], [ -50.561758377153318, -25.312446590642377 ], [ -50.561880528175116, -25.312432504832298 ], [ -50.561996644578862, -25.312411266863176 ], [ -50.562100312538355, -25.312370666465309 ], [ -50.562259420125585, -25.312218703408501 ], [ -50.562348518645777, -25.31214067312273 ], [ -50.562448521326139, -25.312069357746253 ], [ -50.562559749670037, -25.312025889683163 ], [ -50.56267721300182, -25.312016756096725 ], [ -50.562789088686536, -25.312042012217937 ], [ -50.563010621387754, -25.312129452555016 ], [ -50.56321030281125, -25.312160025701644 ], [ -50.563318660202235, -25.312141382554902 ], [ -50.563415822645219, -25.312086222777744 ], [ -50.563478835513344, -25.311995923312978 ], [ -50.563538125443202, -25.311780088227128 ], [ -50.563548267920957, -25.311666694611013 ], [ -50.563543814695485, -25.311550909841671 ], [ -50.563509839739787, -25.311439372331431 ], [ -50.563452376786081, -25.311339504974132 ], [ -50.563307253441117, -25.311166320857993 ], [ -50.563235432331837, -25.311081040369423 ], [ -50.563114730597484, -25.310885352046771 ], [ -50.563086387570436, -25.310782590753 ], [ -50.563080506699052, -25.310677186857525 ], [ -50.563116593495721, -25.310587530171372 ], [ -50.563199583425408, -25.310550208996965 ], [ -50.563303398852909, -25.310551058365551 ], [ -50.563398026786295, -25.31059287913321 ], [ -50.563588475039339, -25.310704247793616 ], [ -50.56369479960739, -25.310753508042264 ], [ -50.563816412624981, -25.310778160055893 ], [ -50.563914661818131, -25.310752081500361 ], [ -50.563973414418975, -25.310685971060032 ], [ -50.563992165413296, -25.310609899007485 ], [ -50.563978948059159, -25.310527772251156 ], [ -50.563954115886915, -25.310443172894285 ], [ -50.563869494866324, -25.310353429881207 ], [ -50.563788698114003, -25.310305509565854 ], [ -50.563642667387334, -25.310302639189494 ], [ -50.563536754239557, -25.310305034848668 ], [ -50.563437542299098, -25.310267174037318 ], [ -50.563375184758037, -25.310202601584244 ], [ -50.56334763378949, -25.31015601267594 ], [ -50.563301862631505, -25.310120477368436 ], [ -50.563251855638207, -25.310019458036319 ], [ -50.563262798571792, -25.309849084034951 ], [ -50.563310997404422, -25.309789354275406 ], [ -50.563330711668954, -25.309749497647349 ], [ -50.563459108914323, -25.309654966818268 ], [ -50.563439895978391, -25.309610389332494 ], [ -50.563532672703367, -25.309392305374882 ], [ -50.56353552421217, -25.309289636489176 ], [ -50.563498670143524, -25.309205452985829 ], [ -50.563488746882335, -25.309146815351788 ], [ -50.563463743165151, -25.309082534127999 ], [ -50.563467356812936, -25.309044435914739 ], [ -50.563436913719492, -25.308973275364686 ], [ -50.563344090775885, -25.308927125308294 ], [ -50.563266721435191, -25.30889339282043 ], [ -50.563147900959365, -25.308810862829148 ], [ -50.563089784660143, -25.308782786232296 ], [ -50.562968046470566, -25.308710542275918 ], [ -50.56290625837557, -25.308681371057901 ], [ -50.562836994468022, -25.308659131170653 ], [ -50.56276706239403, -25.308629303609365 ], [ -50.562698586664879, -25.308581238627699 ], [ -50.562557970874884, -25.308537294265225 ], [ -50.562458490434764, -25.308464032259714 ], [ -50.562350410972421, -25.308406186900626 ], [ -50.562299135906372, -25.308382013436471 ], [ -50.562237085475559, -25.308342997864138 ], [ -50.562148043157578, -25.308323227484951 ], [ -50.562105452374475, -25.308259977470506 ], [ -50.562056179260686, -25.30825928929259 ], [ -50.562023851265209, -25.308242938280838 ], [ -50.56197095079208, -25.308173516830369 ], [ -50.561933695514249, -25.308173677063493 ], [ -50.561895208205463, -25.30812967424739 ], [ -50.561843885642105, -25.308091141913884 ], [ -50.561815761011744, -25.308093857803875 ], [ -50.561806412301223, -25.308041452842691 ], [ -50.561768346171078, -25.307990858945299 ], [ -50.561731655303959, -25.307944603788957 ], [ -50.561735640313515, -25.307858644816648 ], [ -50.561699276513309, -25.307776719958948 ], [ -50.561642749419008, -25.30769374178745 ], [ -50.561690769759458, -25.307573146112951 ], [ -50.561711695345252, -25.30744515513846 ], [ -50.561716261267883, -25.307308175287357 ], [ -50.561742486923492, -25.307253347503281 ], [ -50.56173584852791, -25.307193184316429 ], [ -50.561749902103067, -25.30704232561364 ], [ -50.561734595519283, -25.306961547009017 ], [ -50.561760895948659, -25.306803048734078 ], [ -50.561780880217547, -25.306632882270023 ], [ -50.561789570654796, -25.306536823048837 ], [ -50.561780348735134, -25.306449199308855 ], [ -50.561785229358328, -25.306362791451221 ], [ -50.561770549420096, -25.306273525988857 ], [ -50.561726465218904, -25.306183811906635 ], [ -50.561703175423354, -25.306030133021423 ], [ -50.56168449489865, -25.30594835101277 ], [ -50.561656312564445, -25.305856787760373 ], [ -50.561650455009833, -25.305690066383658 ], [ -50.561698533761849, -25.305497768265273 ], [ -50.561675186165054, -25.30541543054478 ], [ -50.561596686132432, -25.30539298202017 ] ] ] ] } },
{ "type": "Feature", "properties": { "fid": 25, "municipio": "JARDIM OLINDA", "nome": "MÃE DE DEUS", "amb": "Ambiental" }, "geometry": { "type": "MultiPolygon", "coordinates": [ [ [ [ -52.13387111, -22.55319861 ], [ -52.13221278, -22.55510417 ], [ -52.13058833, -22.55695861 ], [ -52.12782833, -22.56014833 ], [ -52.12465833, -22.56381444 ], [ -52.12287361, -22.56588556 ], [ -52.12119889, -22.56781611 ], [ -52.12033944, -22.56880417 ], [ -52.11722722, -22.5723775 ], [ -52.11701333, -22.57262278 ], [ -52.11537972, -22.57450333 ], [ -52.11370056, -22.57642389 ], [ -52.10477056, -22.58674583 ], [ -52.1019875, -22.58999028 ], [ -52.10037889, -22.59186556 ], [ -52.09871083, -22.59381028 ], [ -52.09700972, -22.59578667 ], [ -52.09526778, -22.59781111 ], [ -52.09428472, -22.59894444 ], [ -52.09354444, -22.59980167 ], [ -52.09171, -22.60192444 ], [ -52.08984806, -22.60407667 ], [ -52.08789667, -22.60633111 ], [ -52.08594361, -22.60858944 ], [ -52.08382944, -22.61102861 ], [ -52.08172667, -22.61345722 ], [ -52.07954694, -22.61597889 ], [ -52.07728611, -22.61858917 ], [ -52.07503917, -22.62117889 ], [ -52.07268778, -22.62388972 ], [ -52.07286472, -22.62438472 ], [ -52.07418611, -22.62813639 ], [ -52.07426583, -22.62836222 ], [ -52.07523944, -22.63112722 ], [ -52.07534639, -22.63142611 ], [ -52.07546417, -22.63174639 ], [ -52.07553056, -22.63192306 ], [ -52.07559806, -22.63209722 ], [ -52.07566611, -22.63226611 ], [ -52.07574056, -22.63244333 ], [ -52.07581667, -22.63262056 ], [ -52.07583778, -22.63266944 ], [ -52.07808611, -22.63041583 ], [ -52.08027444, -22.62821444 ], [ -52.08237917, -22.62609778 ], [ -52.08483861, -22.62362389 ], [ -52.08687944, -22.62157417 ], [ -52.08887694, -22.61956917 ], [ -52.09081917, -22.61761806 ], [ -52.09268528, -22.61574639 ], [ -52.09462333, -22.61380917 ], [ -52.09628556, -22.61214361 ], [ -52.09804889, -22.61038917 ], [ -52.09977806, -22.60865694 ], [ -52.1015325, -22.60690583 ], [ -52.10320333, -22.60524139 ], [ -52.10518556, -22.60325722 ], [ -52.10716444, -22.60128528 ], [ -52.11278194, -22.59563083 ], [ -52.11664722, -22.59173722 ], [ -52.11772083, -22.59065583 ], [ -52.12051944, -22.58782556 ], [ -52.12059889, -22.58774528 ], [ -52.120715, -22.58762944 ], [ -52.12223694, -22.58608333 ], [ -52.12457417, -22.58371111 ], [ -52.12557, -22.58270222 ], [ -52.12599139, -22.58228167 ], [ -52.12712139, -22.58113556 ], [ -52.12866667, -22.57959278 ], [ -52.13022444, -22.57803194 ], [ -52.13173028, -22.57651944 ], [ -52.13270139, -22.57555972 ], [ -52.13558167, -22.57271194 ], [ -52.13748861, -22.5708275 ], [ -52.13889306, -22.56943472 ], [ -52.1402525, -22.56807528 ], [ -52.14159917, -22.56674111 ], [ -52.14326444, -22.56507111 ], [ -52.14421583, -22.564115 ], [ -52.14406361, -22.56375 ], [ -52.14384056, -22.56348222 ], [ -52.14367361, -22.56320528 ], [ -52.14348306, -22.56290028 ], [ -52.14331611, -22.56262222 ], [ -52.14316444, -22.56234694 ], [ -52.14304833, -22.56214028 ], [ -52.14290056, -22.56188417 ], [ -52.14279417, -22.56169667 ], [ -52.14267417, -22.56159361 ], [ -52.14231111, -22.56136 ], [ -52.14223722, -22.5613 ], [ -52.14215778, -22.56107278 ], [ -52.14203306, -22.56091472 ], [ -52.14172361, -22.56078972 ], [ -52.14156028, -22.56072194 ], [ -52.14127944, -22.56074194 ], [ -52.14092278, -22.56072417 ], [ -52.14057639, -22.56063944 ], [ -52.14029167, -22.56055833 ], [ -52.14012611, -22.56040333 ], [ -52.14000806, -22.56034 ], [ -52.13982944, -22.56023333 ], [ -52.13947306, -22.56015833 ], [ -52.13911083, -22.56003889 ], [ -52.13878472, -22.55986167 ], [ -52.13858889, -22.55960556 ], [ -52.13846806, -22.55930111 ], [ -52.13843583, -22.55897722 ], [ -52.13851972, -22.55869028 ], [ -52.13839194, -22.55842917 ], [ -52.13825028, -22.55834417 ], [ -52.13814917, -22.55825861 ], [ -52.13809778, -22.55824694 ], [ -52.13784639, -22.55800472 ], [ -52.13761667, -22.55774472 ], [ -52.1374, -22.55755472 ], [ -52.13723194, -22.55723361 ], [ -52.13711167, -22.55694778 ], [ -52.13703111, -22.55659889 ], [ -52.13691139, -22.55640139 ], [ -52.13666806, -22.55613722 ], [ -52.13648, -22.55592444 ], [ -52.13626028, -22.55561917 ], [ -52.13604083, -22.55533694 ], [ -52.135795, -22.55505417 ], [ -52.13553111, -22.55482472 ], [ -52.13520944, -22.55464861 ], [ -52.134935, -22.55439056 ], [ -52.13476722, -22.55413639 ], [ -52.13456417, -22.5538775 ], [ -52.13430222, -22.55361972 ], [ -52.13401111, -22.55340417 ], [ -52.13387111, -22.55319861 ] ] ] ] } },
{ "type": "Feature", "properties": { "fid": 26, "municipio": "VENTANIA", "nome": "BELA VISTA", "amb": "Ambiental" }, "geometry": { "type": "MultiPolygon", "coordinates": [ [ [ [ -50.260929606832761, -24.046163415915117 ], [ -50.260593255259764, -24.046387314293561 ], [ -50.260347011065669, -24.046504350267195 ], [ -50.260160371944117, -24.04674035081452 ], [ -50.260004796791343, -24.046858546856512 ], [ -50.259421080929705, -24.046999419322194 ], [ -50.259232869717181, -24.046754742434366 ], [ -50.259082867185668, -24.046741462504041 ], [ -50.258730680093024, -24.046742106027548 ], [ -50.258448820856877, -24.046895274007468 ], [ -50.25879598690296, -24.047135483039238 ], [ -50.259040202228775, -24.047063959716976 ], [ -50.259225328727211, -24.047280623548616 ], [ -50.258833907895209, -24.047416824325431 ], [ -50.258729421602212, -24.047766478568537 ], [ -50.259082149417111, -24.047963451931857 ], [ -50.259301066206, -24.048119044080178 ], [ -50.259572224716564, -24.048220065995999 ], [ -50.259609060889396, -24.048433663882399 ], [ -50.259716830119658, -24.048540307831399 ], [ -50.259723571721139, -24.048668139383292 ], [ -50.259259100767487, -24.048833882926189 ], [ -50.258666310289016, -24.049063309614279 ], [ -50.258150124633737, -24.049379629110948 ], [ -50.257866201806131, -24.049445810331921 ], [ -50.257890472253074, -24.049603621895113 ], [ -50.257688130044826, -24.049832317657319 ], [ -50.257564435617653, -24.049929712036995 ], [ -50.25788345042448, -24.049747282592367 ], [ -50.25777793048924, -24.049950888008052 ], [ -50.257896860483065, -24.050169038796213 ], [ -50.258086513020103, -24.050505576883449 ], [ -50.257965151962246, -24.050710279753975 ], [ -50.258299157963926, -24.051085721405627 ], [ -50.258474682223756, -24.050971507565102 ], [ -50.258891367988703, -24.051336058770929 ], [ -50.259065727407766, -24.051544722748538 ], [ -50.259470866952221, -24.051693809912521 ], [ -50.259741590906174, -24.052163504514965 ], [ -50.260055086158268, -24.052275297538706 ], [ -50.260313427857739, -24.052554994144113 ], [ -50.260399341928853, -24.052597316466027 ], [ -50.260572674067717, -24.052402255716391 ], [ -50.260630010406473, -24.052316911907848 ], [ -50.260731615612713, -24.052315596280554 ], [ -50.26094256669672, -24.052489843379437 ], [ -50.260920100404533, -24.052634603783908 ], [ -50.261538931741029, -24.052703612251843 ], [ -50.262005339578394, -24.053112831128512 ], [ -50.262002199109311, -24.053404089148092 ], [ -50.262110678320902, -24.053748901490533 ], [ -50.262119898697222, -24.054286604537083 ], [ -50.262269465178598, -24.054394983618195 ], [ -50.262818262715314, -24.054587203530918 ], [ -50.262874295184744, -24.054902319320711 ], [ -50.263561359828579, -24.054891536989999 ], [ -50.263754749648335, -24.05483529648037 ], [ -50.264606833168891, -24.054845082573763 ], [ -50.265339683588678, -24.054738866208975 ], [ -50.265381649953312, -24.054813398751534 ], [ -50.265912467886885, -24.055089877741342 ], [ -50.266364601089897, -24.055574610756622 ], [ -50.266593558856165, -24.056251732901544 ], [ -50.266725710235605, -24.056414214641727 ], [ -50.266858437117421, -24.056527385788907 ], [ -50.26723310477135, -24.056660320665983 ], [ -50.267553171302652, -24.05684781595571 ], [ -50.267747320241533, -24.057004722886255 ], [ -50.268020713683192, -24.057340475551367 ], [ -50.26824278770539, -24.057551073572533 ], [ -50.268633717851941, -24.057782980279175 ], [ -50.269216632393665, -24.05838122659641 ], [ -50.269801490451187, -24.059071513350549 ], [ -50.270002264966493, -24.059431843656725 ], [ -50.270066369085292, -24.059644936956079 ], [ -50.269948173850551, -24.059909602523174 ], [ -50.269415787958884, -24.062866339734786 ], [ -50.268295082429113, -24.06817127542357 ], [ -50.268344566538858, -24.068274112368659 ], [ -50.269273014735546, -24.069179282572975 ], [ -50.271014595578777, -24.070914816369378 ], [ -50.272482391645575, -24.072192656391884 ], [ -50.277155208645027, -24.076953570276842 ], [ -50.277375877068643, -24.077212920082218 ], [ -50.277310324727509, -24.077781157056169 ], [ -50.275733710698645, -24.082931169185684 ], [ -50.273655589745374, -24.086097131997313 ], [ -50.269976166018722, -24.091895571008351 ], [ -50.270944202053009, -24.091260475284699 ], [ -50.271145878069774, -24.091174732556663 ], [ -50.271454838637055, -24.091184785186005 ], [ -50.271452817742762, -24.091316006078237 ], [ -50.271538397920239, -24.091439967430567 ], [ -50.271601046769426, -24.091948298710502 ], [ -50.271444293398723, -24.092510406959931 ], [ -50.271676163767857, -24.092583223361117 ], [ -50.272382884273348, -24.092489768635712 ], [ -50.272765752075031, -24.092758025278535 ], [ -50.272949161449496, -24.092910810695727 ], [ -50.273055886931424, -24.092862095456454 ], [ -50.273400882655892, -24.093007700677934 ], [ -50.273431990466335, -24.093039278816043 ], [ -50.274170682959749, -24.093173566534553 ], [ -50.274361608464176, -24.09300539949119 ], [ -50.274717254876442, -24.093094423586887 ], [ -50.27485544799169, -24.093240579746212 ], [ -50.275291612854645, -24.093305056923636 ], [ -50.275713586973744, -24.093058775225632 ], [ -50.27600806532935, -24.092828145680123 ], [ -50.275538062315995, -24.092500416851646 ], [ -50.275548713359079, -24.092285874159867 ], [ -50.27580214698505, -24.092145909364767 ], [ -50.276546050812023, -24.092245257573651 ], [ -50.27686722775325, -24.091972393938942 ], [ -50.277400621397483, -24.092259595057179 ], [ -50.277425825671692, -24.092431768087529 ], [ -50.277750761605084, -24.092593796777646 ], [ -50.277826670808018, -24.092250318473528 ], [ -50.27782884985799, -24.091949302135021 ], [ -50.277946188660167, -24.091761816287303 ], [ -50.277781654504153, -24.090943760363569 ], [ -50.278031856985692, -24.090852818640268 ], [ -50.278338421964136, -24.090500132790574 ], [ -50.278882063436377, -24.090256583786005 ], [ -50.279366059526687, -24.089894255706252 ], [ -50.279510762543609, -24.089897014929587 ], [ -50.279611189326381, -24.08975984490613 ], [ -50.279886386015242, -24.089632078138035 ], [ -50.280326321666735, -24.089530555755022 ], [ -50.280479272196374, -24.089236661239301 ], [ -50.280820680165554, -24.089090689294565 ], [ -50.280906181750375, -24.088948029141264 ], [ -50.281104664650677, -24.088621653272273 ], [ -50.281405963252929, -24.088540519704008 ], [ -50.281402614922683, -24.088188267231121 ], [ -50.281775513009819, -24.088093018634027 ], [ -50.28232036654893, -24.087823180418898 ], [ -50.283051679843453, -24.087370509495248 ], [ -50.283721075198898, -24.087189218939312 ], [ -50.284106273078123, -24.087163566386955 ], [ -50.28442955423553, -24.087197593727975 ], [ -50.284720628400862, -24.087309232820047 ], [ -50.285170703769758, -24.087186699771873 ], [ -50.28510205588239, -24.087023356343604 ], [ -50.287038500887952, -24.086746994907653 ], [ -50.287063548630911, -24.086433891613616 ], [ -50.287223596859938, -24.086365183777957 ], [ -50.287944629884443, -24.086077089268674 ], [ -50.288255058040043, -24.085641399039012 ], [ -50.288666166410806, -24.085376334158319 ], [ -50.289127716521485, -24.085294033784951 ], [ -50.290446120898096, -24.08398116332954 ], [ -50.290729870967048, -24.083742958154264 ], [ -50.290939236454186, -24.08338157603994 ], [ -50.290940819927741, -24.083248378126807 ], [ -50.289386614200978, -24.080820738423078 ], [ -50.288270509204025, -24.079029975617583 ], [ -50.287728006293598, -24.078634028051081 ], [ -50.28612500078971, -24.077483770099313 ], [ -50.286015800533264, -24.077378582662721 ], [ -50.285069164545654, -24.076066908500501 ], [ -50.284560536381221, -24.075828170069556 ], [ -50.282568922344829, -24.076112548231396 ], [ -50.282583914181892, -24.07599936068657 ], [ -50.283190433069997, -24.071439469802204 ], [ -50.283461799257111, -24.069585346033019 ], [ -50.284846395838294, -24.069709061981669 ], [ -50.285300346329173, -24.069816854547412 ], [ -50.285807422993123, -24.069958762803335 ], [ -50.286883005101622, -24.07023446114621 ], [ -50.287557600133731, -24.070376873431034 ], [ -50.288123164771754, -24.070526904052713 ], [ -50.288509397354169, -24.070554170218802 ], [ -50.289745566120075, -24.070500846411836 ], [ -50.29034544329096, -24.070600992301856 ], [ -50.290747158130287, -24.070639253054257 ], [ -50.291087272367442, -24.070520707197627 ], [ -50.291667888419902, -24.070456471221526 ], [ -50.292728139676768, -24.066516940472475 ], [ -50.29283093245926, -24.06615750026673 ], [ -50.292711674257475, -24.064119837136509 ], [ -50.292632489071686, -24.063995013540982 ], [ -50.292558738722526, -24.063847725962422 ], [ -50.292681651706644, -24.063531821458259 ], [ -50.292727900363012, -24.063384817613528 ], [ -50.292879127537979, -24.063286618769951 ], [ -50.29305830827613, -24.063148989819897 ], [ -50.293129648716885, -24.063143719684817 ], [ -50.293130801557524, -24.063023060748865 ], [ -50.292898184734632, -24.062788605496017 ], [ -50.292876358091512, -24.062733049658032 ], [ -50.292806474925264, -24.062741668163561 ], [ -50.292710275700948, -24.062652441409487 ], [ -50.292648755274648, -24.062732449366642 ], [ -50.292600797806458, -24.062563243532683 ], [ -50.292423756315131, -24.062418458852207 ], [ -50.292325626020393, -24.062412405404654 ], [ -50.292249948143159, -24.062276037181729 ], [ -50.291932719805573, -24.062099895570224 ], [ -50.291648094731713, -24.061915504695566 ], [ -50.291489603557999, -24.061724562233344 ], [ -50.291047641909714, -24.060942623354915 ], [ -50.29057256396122, -24.060585473828493 ], [ -50.290457859270298, -24.060648435306085 ], [ -50.286998947959823, -24.059757002266533 ], [ -50.286910356995627, -24.05973382949967 ], [ -50.28338168198399, -24.058809385836771 ], [ -50.281255758320185, -24.05824938356626 ], [ -50.281345990364613, -24.058048128383987 ], [ -50.281149625654045, -24.05798551940498 ], [ -50.281544200085982, -24.0575850077885 ], [ -50.281557258894104, -24.057412382078876 ], [ -50.281388741023584, -24.056853158013148 ], [ -50.281560524957094, -24.056666645989633 ], [ -50.281646073808432, -24.056387605220994 ], [ -50.281509138335714, -24.055932665518718 ], [ -50.281543202602307, -24.055820651091384 ], [ -50.281526398467136, -24.055429316827848 ], [ -50.281398062732443, -24.055045954901153 ], [ -50.28153175121215, -24.054838755818754 ], [ -50.281684241381178, -24.0546899960272 ], [ -50.281712034044162, -24.054255608907095 ], [ -50.281897708482788, -24.054011268019909 ], [ -50.281799893316901, -24.053631656164679 ], [ -50.281685103336642, -24.05335095259078 ], [ -50.281742906950726, -24.053161557025408 ], [ -50.281705922765106, -24.05309147771974 ], [ -50.28172218561707, -24.05280244762282 ], [ -50.281552075704774, -24.052724518160382 ], [ -50.281486525703208, -24.05259162436521 ], [ -50.281509475030489, -24.052373615245287 ], [ -50.281490379024646, -24.05223616510867 ], [ -50.281218827719002, -24.052411809869991 ], [ -50.28091933553813, -24.052501714331878 ], [ -50.280884706505717, -24.052591598228851 ], [ -50.280706389869493, -24.052751074042234 ], [ -50.280525902090993, -24.052823563666379 ], [ -50.280331205544613, -24.052816055276327 ], [ -50.280212420374028, -24.052829225041766 ], [ -50.279559596188541, -24.05278659492544 ], [ -50.278739085559984, -24.051898251857107 ], [ -50.27796945394023, -24.05144592641231 ], [ -50.27324840733742, -24.049484290301848 ], [ -50.270120239125859, -24.048118079285647 ], [ -50.26845453722536, -24.047573824452048 ], [ -50.266723825794386, -24.046997719613106 ], [ -50.264364746986963, -24.048051334891035 ], [ -50.260929606832761, -24.046163415915117 ] ] ] ] } },
{ "type": "Feature", "properties": { "fid": 27, "municipio": "CARLOPOLIS", "nome": "RIBEIRÃO BONITO", "amb": "Ambiental" }, "geometry": { "type": "MultiPolygon", "coordinates": [ [ [ [ -49.722941882129, -23.507589925377825 ], [ -49.722664658919712, -23.509800777760137 ], [ -49.725750863029333, -23.509758060823923 ], [ -49.726027881678057, -23.507715814457679 ], [ -49.726084767867498, -23.507289549300562 ], [ -49.72616326951588, -23.506682834198767 ], [ -49.726549416968048, -23.503392805263083 ], [ -49.726644146256639, -23.502411602107458 ], [ -49.72661136343055, -23.502327703824303 ], [ -49.726716772699355, -23.501417032257329 ], [ -49.727075071492486, -23.49938077377017 ], [ -49.727228112294377, -23.498485663273172 ], [ -49.727238932673636, -23.49840925617767 ], [ -49.727740518351787, -23.494838835708713 ], [ -49.727908179483343, -23.493256015122203 ], [ -49.728060235711744, -23.49242113379821 ], [ -49.728363206658116, -23.490390016242557 ], [ -49.728767338863946, -23.487121161517337 ], [ -49.729151849863527, -23.48372100824125 ], [ -49.729291878944558, -23.482514385109713 ], [ -49.729864960699508, -23.479101224082214 ], [ -49.72975630928461, -23.47908787526638 ], [ -49.726124128931957, -23.47857649738873 ], [ -49.726110550779929, -23.47868441647902 ], [ -49.725841698632458, -23.480822906924374 ], [ -49.725765472717455, -23.481449602189297 ], [ -49.725591151261867, -23.482808209522069 ], [ -49.725454603056058, -23.483985324008113 ], [ -49.724973922145978, -23.488089665226035 ], [ -49.724852913058953, -23.489522944042292 ], [ -49.72435878420734, -23.493580118089952 ], [ -49.723985768031525, -23.497106600140324 ], [ -49.723893125303611, -23.498113738794121 ], [ -49.723791971383633, -23.499099493518539 ], [ -49.72354834781077, -23.501394617653204 ], [ -49.723303795523449, -23.503696212882268 ], [ -49.722989382331434, -23.506655301553078 ], [ -49.722941882129, -23.507589925377825 ] ] ] ] } },
{ "type": "Feature", "properties": { "fid": 28, "municipio": "ITAGUAJE", "nome": "UNIÃO SANTA ADÉLIA", "amb": "Ambiental" }, "geometry": { "type": "MultiPolygon", "coordinates": [ [ [ [ -51.933943112090205, -22.768672811431465 ], [ -51.933910081238373, -22.768583611223374 ], [ -51.932065403797104, -22.762408498272301 ], [ -51.935016047943712, -22.761594998484203 ], [ -51.935779780823651, -22.755909115680208 ], [ -51.935816958610928, -22.755476222865468 ], [ -51.935899695624052, -22.755125984895489 ], [ -51.936049954266757, -22.753879289317535 ], [ -51.935998606279071, -22.753833251566373 ], [ -51.936247722641895, -22.751829923972995 ], [ -51.936626613700689, -22.749377623025548 ], [ -51.937004945141723, -22.747002103648128 ], [ -51.937336305051566, -22.744709419250185 ], [ -51.937582992240102, -22.742497262142734 ], [ -51.937736640863172, -22.740866013719899 ], [ -51.937981976895934, -22.74088705804677 ], [ -51.94146327355304, -22.741100173695788 ], [ -51.942605117726075, -22.741172750235876 ], [ -51.942859363883862, -22.740984540547263 ], [ -51.94381537292859, -22.740273338326535 ], [ -51.945449889667842, -22.739045140412419 ], [ -51.946566867408428, -22.738195760474522 ], [ -51.949336747351353, -22.736099239439056 ], [ -51.95136495758716, -22.734559719895657 ], [ -51.950591415371306, -22.733645684178107 ], [ -51.949662713698999, -22.734308889090979 ], [ -51.945428349918714, -22.732311078856817 ], [ -51.94456003498756, -22.731900970778181 ], [ -51.944398053436366, -22.73291586988412 ], [ -51.940329004961221, -22.732719549174799 ], [ -51.940286383241741, -22.736013735645535 ], [ -51.940279013519294, -22.736103746629016 ], [ -51.938544327102392, -22.736098316727926 ], [ -51.938236583078613, -22.736052610731946 ], [ -51.93179327965391, -22.73612698267581 ], [ -51.93167396234697, -22.738250231089392 ], [ -51.931553152414104, -22.740397876510965 ], [ -51.931429260919039, -22.742594136363607 ], [ -51.931301753697333, -22.744817696077565 ], [ -51.931170632698318, -22.747126366165709 ], [ -51.931036121811431, -22.749524481043938 ], [ -51.930897268392599, -22.752000845401675 ], [ -51.930816755013687, -22.753370972141919 ], [ -51.93080838659337, -22.753515818168651 ], [ -51.930488196983021, -22.759244354972761 ], [ -51.929466157595193, -22.768864184764713 ], [ -51.929498063719251, -22.768886671507346 ], [ -51.929520881144498, -22.768947871880336 ], [ -51.929626553644596, -22.76906125142639 ], [ -51.929760822043711, -22.769010336976514 ], [ -51.929873696436943, -22.768892703755036 ], [ -51.930086161368195, -22.768752720997711 ], [ -51.930226112178168, -22.76870674114091 ], [ -51.930404785440594, -22.768654212464668 ], [ -51.93048373107306, -22.768560713697106 ], [ -51.930640107791355, -22.768552666145517 ], [ -51.930836505711007, -22.768499762675209 ], [ -51.931008549687391, -22.768518270387872 ], [ -51.931218526623482, -22.768586147117237 ], [ -51.931291525551146, -22.768621220456907 ], [ -51.931366961635014, -22.768771448686042 ], [ -51.931558210393213, -22.768935814978789 ], [ -51.931550040706092, -22.769023752512418 ], [ -51.931516431527299, -22.769080494428081 ], [ -51.931619812733601, -22.769171755436151 ], [ -51.931753007490393, -22.769178023678876 ], [ -51.931791291216797, -22.769121164101197 ], [ -51.931861546793108, -22.769153814303792 ], [ -51.931901040723034, -22.76916044873051 ], [ -51.931947583693791, -22.76917237138861 ], [ -51.932014724654486, -22.769248397492412 ], [ -51.93207612343857, -22.769339451661615 ], [ -51.932122501005537, -22.769341348744273 ], [ -51.932130157422314, -22.769306979122454 ], [ -51.932154294094474, -22.769261041517197 ], [ -51.932201406924328, -22.769213434145968 ], [ -51.932302286463596, -22.769194417940717 ], [ -51.932386077557339, -22.769197812678758 ], [ -51.932464347170217, -22.769234390264369 ], [ -51.932562751968433, -22.769281237982504 ], [ -51.932695699790877, -22.769322825402192 ], [ -51.932808907320499, -22.769283232228233 ], [ -51.932886582666065, -22.769304005551056 ], [ -51.932948710949866, -22.769215662296197 ], [ -51.932998625394639, -22.769207692625038 ], [ -51.933009002875117, -22.769186766039727 ], [ -51.933041062438328, -22.769102753615275 ], [ -51.933086532531611, -22.768971149897382 ], [ -51.933225732505591, -22.768800518208888 ], [ -51.933364596205003, -22.768652109232477 ], [ -51.933585950839429, -22.76863112316995 ], [ -51.933768941319286, -22.768612077462766 ], [ -51.933874780505022, -22.768606309586989 ], [ -51.933897839778311, -22.768659829930002 ], [ -51.933943112090205, -22.768672811431465 ] ] ] ] } },
{ "type": "Feature", "properties": { "fid": 29, "municipio": "GOIOXIM", "nome": "COLONIA PIQUIRI", "amb": "Ambiental" }, "geometry": { "type": "MultiPolygon", "coordinates": [ [ [ [ -52.080435907961949, -25.030987400521298 ], [ -52.074291878066816, -25.030911904445496 ], [ -52.072309233663901, -25.030919188643001 ], [ -52.071507605073549, -25.030876993883343 ], [ -52.070111119130686, -25.030829444183311 ], [ -52.070011895492918, -25.036658559426062 ], [ -52.069977754874934, -25.038916602138688 ], [ -52.069975317239752, -25.040285229024789 ], [ -52.069917280769282, -25.043320178519934 ], [ -52.069873513988888, -25.045822361154617 ], [ -52.06992632036517, -25.04583069480373 ], [ -52.0702748389376, -25.045590694657363 ], [ -52.070352725588407, -25.045519338117558 ], [ -52.070665244288463, -25.045380190908478 ], [ -52.071495196066088, -25.045321832791277 ], [ -52.071799847890404, -25.045361173162103 ], [ -52.072483254655474, -25.045343869752735 ], [ -52.073056174257324, -25.045228211745556 ], [ -52.073212953338007, -25.045144544841932 ], [ -52.07337641522755, -25.044974592832055 ], [ -52.073757099733534, -25.044797174131432 ], [ -52.074111102186826, -25.044847648274498 ], [ -52.074404419830252, -25.045008248060906 ], [ -52.074623765410365, -25.045029326847619 ], [ -52.074979267007897, -25.045000387138753 ], [ -52.075246412192001, -25.045012630894181 ], [ -52.076149987611679, -25.045201858680251 ], [ -52.076186704348174, -25.045206559199944 ], [ -52.076799043166517, -25.045428233351327 ], [ -52.077013591590593, -25.045399317097701 ], [ -52.077200834956713, -25.045229007993893 ], [ -52.077396599187793, -25.044842819649546 ], [ -52.077546725764499, -25.044724250367523 ], [ -52.078099938493011, -25.044384952426022 ], [ -52.078575926467273, -25.043897759848427 ], [ -52.079003121691777, -25.043736632576081 ], [ -52.08002104938781, -25.043573847483781 ], [ -52.080100154769212, -25.043568865733494 ], [ -52.080159406985246, -25.043565129951809 ], [ -52.080491708125265, -25.043574651148614 ], [ -52.080771793729561, -25.043559520302558 ], [ -52.081379947165651, -25.043586609494671 ], [ -52.081837980319698, -25.043555910966543 ], [ -52.082330202569317, -25.043461536416096 ], [ -52.082718245447417, -25.043377931040002 ], [ -52.082934104888224, -25.043374732300229 ], [ -52.083564717056696, -25.043485104093637 ], [ -52.087290414097573, -25.041313494622401 ], [ -52.0893889273448, -25.040116502701579 ], [ -52.09223027600882, -25.038535215242554 ], [ -52.092811361818619, -25.038240781969275 ], [ -52.092867025486676, -25.036320199745671 ], [ -52.092868513097471, -25.036268844284947 ], [ -52.092939471510945, -25.033820508622959 ], [ -52.089297132915888, -25.033814211770935 ], [ -52.089201407897214, -25.033805161029012 ], [ -52.086529995453198, -25.033783820519773 ], [ -52.08207320282262, -25.033802460919681 ], [ -52.082019653693386, -25.033804981917736 ], [ -52.081170050650584, -25.033845046288125 ], [ -52.080910248572444, -25.033662525289085 ], [ -52.080819537313126, -25.033569543810046 ], [ -52.080636237016847, -25.033418088989173 ], [ -52.080375954493427, -25.033156756505257 ], [ -52.080414632522682, -25.032978403369 ], [ -52.080489970361533, -25.032809987601176 ], [ -52.080636276832266, -25.03247228472577 ], [ -52.080771477055883, -25.032134030381936 ], [ -52.080910438654968, -25.031795297060903 ], [ -52.081004956292333, -25.031463207916762 ], [ -52.081080386037918, -25.031294159092027 ], [ -52.081220599171843, -25.031166267307757 ], [ -52.081310324934059, -25.030998866187396 ], [ -52.080435907961949, -25.030987400521298 ] ] ] ] } },
{ "type": "Feature", "properties": { "fid": 30, "municipio": "ITAGUAJE", "nome": "AGUSTINHO EDERLI", "amb": "Ambiental" }, "geometry": { "type": "MultiPolygon", "coordinates": [ [ [ [ -51.965044151907435, -22.724094623667 ], [ -51.964823105532936, -22.724259542841271 ], [ -51.961826228339511, -22.726563727392389 ], [ -51.961630880482012, -22.726714667426876 ], [ -51.959378228117437, -22.728445439857218 ], [ -51.958519177920856, -22.72910132079263 ], [ -51.957726687053963, -22.729709827611625 ], [ -51.956813574244769, -22.730407303836834 ], [ -51.954946853655116, -22.731836356439477 ], [ -51.952169365974477, -22.733948462543776 ], [ -51.952079178036037, -22.734016656026483 ], [ -51.951364957587195, -22.734559719895639 ], [ -51.949336747351381, -22.736099239439028 ], [ -51.946566867408478, -22.73819576047449 ], [ -51.945449889667877, -22.739045140412415 ], [ -51.943815372928619, -22.74027333832651 ], [ -51.942859363883898, -22.740984540547263 ], [ -51.942606466189964, -22.741170574389969 ], [ -51.94260511772611, -22.741172750235851 ], [ -51.941463273553083, -22.741100173695745 ], [ -51.937981976895962, -22.740887058046717 ], [ -51.937718384951403, -22.743446447491028 ], [ -51.937426140645783, -22.745961201013646 ], [ -51.937051455862182, -22.748327304304556 ], [ -51.936691314347513, -22.750585468538922 ], [ -51.942035579604941, -22.750914450224435 ], [ -51.944385315971729, -22.751009691594955 ], [ -51.944515085218526, -22.751016060235838 ], [ -51.945982561297811, -22.751084064746582 ], [ -51.949741556620623, -22.751292005013799 ], [ -51.949659930955725, -22.75269935721898 ], [ -51.949645351535487, -22.752929059009642 ], [ -51.949408307000965, -22.759088432511245 ], [ -51.949307285088935, -22.760663548344088 ], [ -51.949290796288899, -22.761096229273551 ], [ -51.949238878147618, -22.761292821630079 ], [ -51.94916875255538, -22.761856707288942 ], [ -51.948858252829439, -22.767989051231499 ], [ -51.948640865463446, -22.767949243828426 ], [ -51.948442273687533, -22.76810633064504 ], [ -51.947759244254563, -22.767903625677071 ], [ -51.947234005191191, -22.767671979702953 ], [ -51.946373136422572, -22.767754045400011 ], [ -51.945870651803688, -22.767926479667995 ], [ -51.945682586758089, -22.767759854003135 ], [ -51.945529987894432, -22.767821097330941 ], [ -51.945477361836808, -22.767689710176072 ], [ -51.945000974250902, -22.767776355798254 ], [ -51.944733130221607, -22.767778573458457 ], [ -51.944284673574295, -22.767663619203752 ], [ -51.943679884104768, -22.767505959251242 ], [ -51.946073379453296, -22.771831710638843 ], [ -51.946126839537087, -22.771928316101878 ], [ -51.949568178795673, -22.778147305643735 ], [ -51.949574525958553, -22.778163617286879 ], [ -51.949799467388956, -22.778039883830353 ], [ -51.949927202657022, -22.777819083909591 ], [ -51.950539651370349, -22.777542103769882 ], [ -51.950830260600007, -22.777336230693059 ], [ -51.951070861405235, -22.777462430727404 ], [ -51.95123993406515, -22.777429808118811 ], [ -51.951517181291393, -22.777320032368177 ], [ -51.951622501599047, -22.777322927152976 ], [ -51.951679724963903, -22.777343271067153 ], [ -51.951696841483873, -22.777339284876852 ], [ -51.951739006422088, -22.777393501324461 ], [ -51.951744291407365, -22.777397082933319 ], [ -51.95176099989142, -22.777460664672393 ], [ -51.951934359195171, -22.777723027692009 ], [ -51.952057648761567, -22.777872869301898 ], [ -51.952183368375501, -22.778007882481891 ], [ -51.952173131851765, -22.778217233994731 ], [ -51.95238893722366, -22.778475730041354 ], [ -51.952565214396181, -22.778652895381335 ], [ -51.95266187659567, -22.778783565182369 ], [ -51.952742126674657, -22.779061748493302 ], [ -51.952736179624175, -22.779075062242644 ], [ -51.952900795321383, -22.779270091440107 ], [ -51.953153354031876, -22.779588435078672 ], [ -51.953212576177769, -22.779503714812599 ], [ -51.953362790177067, -22.779672724682673 ], [ -51.953329223172759, -22.779776621955012 ], [ -51.953394978010095, -22.779818954310986 ], [ -51.953446287860451, -22.779983406286419 ], [ -51.953581015549794, -22.780054502410128 ], [ -51.953834950345083, -22.780163997964433 ], [ -51.953777339974977, -22.780298389296906 ], [ -51.95385528723736, -22.78039900054975 ], [ -51.953849471336717, -22.780459193858029 ], [ -51.953909008675019, -22.780672012348205 ], [ -51.954002200206482, -22.780807489368634 ], [ -51.954184971418435, -22.780895189050618 ], [ -51.954227331360556, -22.780963133468006 ], [ -51.954348910343128, -22.780978304091626 ], [ -51.954426884837559, -22.781054706934327 ], [ -51.954405853307279, -22.78112610162389 ], [ -51.95447245373591, -22.781191823426646 ], [ -51.95455552258386, -22.781258349960165 ], [ -51.954617060994849, -22.781240548472464 ], [ -51.95466613806304, -22.781307820277096 ], [ -51.954835222139202, -22.781360282777737 ], [ -51.954820001536326, -22.781510770166125 ], [ -51.95484818749788, -22.781613575540074 ], [ -51.95517518437763, -22.781764814807378 ], [ -51.955200046243604, -22.781879834299946 ], [ -51.955212224692239, -22.781964037508455 ], [ -51.955388915595286, -22.782073541205001 ], [ -51.955536114505094, -22.782116559188918 ], [ -51.955584394168859, -22.782097210819703 ], [ -51.955781496392156, -22.782018348088126 ], [ -51.956201410296821, -22.781845654034388 ], [ -51.961601100849201, -22.779828335740497 ], [ -51.961687738253445, -22.779792134053309 ], [ -51.960767747847576, -22.777909007261233 ], [ -51.960048744197096, -22.776416598553563 ], [ -51.958859066751693, -22.773918410724672 ], [ -51.957113869056641, -22.7703079910676 ], [ -51.95700945118913, -22.770112424307701 ], [ -51.955463091968603, -22.767025235948573 ], [ -51.955245510912867, -22.766845610556643 ], [ -51.955365742496554, -22.766724935135944 ], [ -51.955374781059973, -22.766722080867922 ], [ -51.955510113982371, -22.76675595695032 ], [ -51.955822066660211, -22.766528178501733 ], [ -51.956113255097833, -22.766591742113519 ], [ -51.956178085208471, -22.766502109509172 ], [ -51.956708889367725, -22.766426757068199 ], [ -51.956706876610227, -22.766585204864892 ], [ -51.956754519450854, -22.76658708721628 ], [ -51.956757039750393, -22.766417616333396 ], [ -51.957020607599645, -22.766123824655018 ], [ -51.957056618228684, -22.766063901809218 ], [ -51.957182647679666, -22.766090605997643 ], [ -51.957145124255696, -22.766212954751676 ], [ -51.957193150258647, -22.766255843697 ], [ -51.95736635997698, -22.766078394019075 ], [ -51.957389623158406, -22.765740878552783 ], [ -51.957379734217014, -22.7654122333964 ], [ -51.958180923805124, -22.764458167367287 ], [ -51.958160811709114, -22.764311775672272 ], [ -51.958749618228737, -22.763951895969853 ], [ -51.958877140530682, -22.763704443730148 ], [ -51.959131519145714, -22.763058604485483 ], [ -51.959246514553399, -22.76273309329633 ], [ -51.959617969905885, -22.762408750681217 ], [ -51.959963104925272, -22.762123225970505 ], [ -51.960126443166359, -22.762067504928371 ], [ -51.960181535492801, -22.762034565137075 ], [ -51.960164842549084, -22.761889869376244 ], [ -51.960502184937027, -22.761757767735254 ], [ -51.960985030103416, -22.761693800483187 ], [ -51.96136395383089, -22.761866846450779 ], [ -51.961505627128517, -22.761972128993811 ], [ -51.961573694063361, -22.761900450128312 ], [ -51.961597036470401, -22.761742686837145 ], [ -51.961729935933448, -22.76176338449957 ], [ -51.961862149603114, -22.761672259873162 ], [ -51.961843131373641, -22.761515655015952 ], [ -51.961817371995814, -22.761300467756595 ], [ -51.962165262806025, -22.76090887654674 ], [ -51.962429988521286, -22.760783441149041 ], [ -51.9628639902689, -22.760421679695295 ], [ -51.963080665920636, -22.760305656146713 ], [ -51.963300627582207, -22.760213820442811 ], [ -51.963347134246064, -22.760262317086102 ], [ -51.963502110605319, -22.760111979190416 ], [ -51.963836306161909, -22.760115472274048 ], [ -51.963900609229832, -22.760340452910746 ], [ -51.963936118509501, -22.760404010238734 ], [ -51.964100553710743, -22.760366344233606 ], [ -51.964270388859354, -22.760348698304455 ], [ -51.964304553515696, -22.759790715530698 ], [ -51.964707263630139, -22.759509439961267 ], [ -51.964876505851137, -22.759365969864326 ], [ -51.964842822475092, -22.759312789448828 ], [ -51.964892871167628, -22.759186117920752 ], [ -51.964998090002503, -22.759051796395788 ], [ -51.964971100774342, -22.759022602842649 ], [ -51.965039818233564, -22.758766739497503 ], [ -51.965251612344026, -22.758802132614402 ], [ -51.965401117012703, -22.758788402213987 ], [ -51.965712212168903, -22.758346622961628 ], [ -51.965766756744436, -22.758153081147384 ], [ -51.966226618666106, -22.757856281123338 ], [ -51.966461165092596, -22.757249663116763 ], [ -51.966678543354227, -22.757096234758937 ], [ -51.966876803838574, -22.756786654156816 ], [ -51.966945940025376, -22.756535574911911 ], [ -51.967220313465596, -22.756426603502874 ], [ -51.967314055141969, -22.756502543658147 ], [ -51.967422157173687, -22.756460157211762 ], [ -51.967858546203189, -22.756261320265285 ], [ -51.968104779416848, -22.756056770082608 ], [ -51.968090211562483, -22.755979718159793 ], [ -51.968235243307667, -22.755718784184559 ], [ -51.968458603145052, -22.755350697567486 ], [ -51.968561873496469, -22.755203378377466 ], [ -51.968806282321111, -22.754933892301363 ], [ -51.968969439909102, -22.754743845658631 ], [ -51.969308101954589, -22.754526448266141 ], [ -51.969562404834143, -22.754251662004453 ], [ -51.970038455079148, -22.754126376633163 ], [ -51.970260103071361, -22.753930644099331 ], [ -51.970530839555231, -22.753886996516741 ], [ -51.971001445580939, -22.753625616945438 ], [ -51.971372159015409, -22.753548119346814 ], [ -51.971494206382708, -22.753563907041787 ], [ -51.971634799585907, -22.753227482860979 ], [ -51.971912034229767, -22.75324910066988 ], [ -51.971949053059781, -22.753126571141358 ], [ -51.9721715350151, -22.753324571159645 ], [ -51.972610895606934, -22.753369047411702 ], [ -51.972850956061812, -22.753105995178988 ], [ -51.973000632085444, -22.752649920172683 ], [ -51.97298059380126, -22.75243334515989 ], [ -51.973326373251012, -22.752232516537145 ], [ -51.973250733833389, -22.752168573542384 ], [ -51.9733344944515, -22.75192164809566 ], [ -51.973428959689414, -22.751522364204561 ], [ -51.973423397169135, -22.75143830265112 ], [ -51.9736621366714, -22.751099472059927 ], [ -51.974097589945366, -22.750607509735559 ], [ -51.974635699089831, -22.750528803205221 ], [ -51.974842965179299, -22.750394214114575 ], [ -51.974590573544468, -22.749988555294834 ], [ -51.974003001789441, -22.749326692153108 ], [ -51.973784284540244, -22.749082152552273 ], [ -51.973393045117788, -22.748638587229685 ], [ -51.972718091519312, -22.747875361215389 ], [ -51.972656820444953, -22.747804646051417 ], [ -51.971336810568467, -22.74634358051653 ], [ -51.969486113950936, -22.744225786199248 ], [ -51.967130675782059, -22.741560473234806 ], [ -51.96619058866667, -22.740474633141851 ], [ -51.964064544150283, -22.73804933077642 ], [ -51.962842748915818, -22.736680633780352 ], [ -51.959524271070734, -22.732853230388088 ], [ -51.95943517467812, -22.732756210419623 ], [ -51.959930146920215, -22.732170077159783 ], [ -51.960285046669924, -22.731759569836932 ], [ -51.96074806523643, -22.731214274001818 ], [ -51.962528790930293, -22.729139643616087 ], [ -51.963102916122367, -22.728777852101612 ], [ -51.963235770336823, -22.728546352497716 ], [ -51.963650642487693, -22.72808146020472 ], [ -51.963980503001743, -22.727769283143427 ], [ -51.964182307230061, -22.726955922217403 ], [ -51.964382267017029, -22.726824281621798 ], [ -51.964543629903936, -22.726354141672342 ], [ -51.96474549070696, -22.726202165257309 ], [ -51.964872735092314, -22.725768542963472 ], [ -51.965683623069459, -22.72458431743344 ], [ -51.965808293763004, -22.72443659979454 ], [ -51.965824987511077, -22.724165332683729 ], [ -51.965844164966974, -22.724123033400527 ], [ -51.965044151907435, -22.724094623667 ] ] ] ] } },
{ "type": "Feature", "properties": { "fid": 31, "municipio": "NOVA CANTU", "nome": "SANTO REI", "amb": "Ambiental" }, "geometry": { "type": "MultiPolygon", "coordinates": [ [ [ [ -52.5036275, -24.64464306 ], [ -52.50363694, -24.64485722 ], [ -52.50360528, -24.64559361 ], [ -52.50361222, -24.64636333 ], [ -52.50360889, -24.64652944 ], [ -52.50359028, -24.64668083 ], [ -52.50354556, -24.64691167 ], [ -52.503435, -24.64729778 ], [ -52.50339028, -24.64748556 ], [ -52.50333028, -24.64791167 ], [ -52.50328444, -24.64819417 ], [ -52.50323, -24.64852278 ], [ -52.50311889, -24.64910389 ], [ -52.5030675, -24.64954083 ], [ -52.50304028, -24.6501275 ], [ -52.50304722, -24.65032778 ], [ -52.50303417, -24.65061778 ], [ -52.50302194, -24.65074361 ], [ -52.502985, -24.65097111 ], [ -52.50294194, -24.6511325 ], [ -52.50287583, -24.65131333 ], [ -52.50255861, -24.65194222 ], [ -52.50250444, -24.65203611 ], [ -52.50220972, -24.65245722 ], [ -52.50215028, -24.65255611 ], [ -52.50212472, -24.65263528 ], [ -52.50212139, -24.65267222 ], [ -52.50210417, -24.6528575 ], [ -52.50211056, -24.65298278 ], [ -52.50211472, -24.65304139 ], [ -52.50213028, -24.65315667 ], [ -52.50219861, -24.65335917 ], [ -52.50229944, -24.65360833 ], [ -52.5023775, -24.65377889 ], [ -52.50260639, -24.65416083 ], [ -52.50268861, -24.65435194 ], [ -52.50273667, -24.65456528 ], [ -52.50274833, -24.65471806 ], [ -52.50273972, -24.6548675 ], [ -52.50270889, -24.65508111 ], [ -52.50262639, -24.65544833 ], [ -52.50259833, -24.65561306 ], [ -52.50258944, -24.655715 ], [ -52.50259194, -24.6561825 ], [ -52.50257528, -24.65634861 ], [ -52.50253667, -24.65691972 ], [ -52.502465, -24.65732972 ], [ -52.50244722, -24.65750111 ], [ -52.50245139, -24.65773722 ], [ -52.50246222, -24.65801028 ], [ -52.50245806, -24.65874556 ], [ -52.50258028, -24.65974333 ], [ -52.50262361, -24.65991917 ], [ -52.50270556, -24.66019083 ], [ -52.50277417, -24.66037972 ], [ -52.50281333, -24.66052361 ], [ -52.50295778, -24.66077306 ], [ -52.50303333, -24.66088222 ], [ -52.5031075, -24.66098806 ], [ -52.50330528, -24.66128417 ], [ -52.50342694, -24.66142889 ], [ -52.50350444, -24.66154639 ], [ -52.50358, -24.66170111 ], [ -52.50363111, -24.66185667 ], [ -52.50368389, -24.66207139 ], [ -52.5037375, -24.66222194 ], [ -52.50381139, -24.6623725 ], [ -52.50407139, -24.66281778 ], [ -52.50419611, -24.66306889 ], [ -52.50429583, -24.66328111 ], [ -52.50444028, -24.66363167 ], [ -52.50450278, -24.66377861 ], [ -52.50927778, -24.66379444 ], [ -52.51159889, -24.66526278 ], [ -52.51339778, -24.66641028 ], [ -52.51525111, -24.66760389 ], [ -52.51716861, -24.66886056 ], [ -52.52000444, -24.67066083 ], [ -52.52517, -24.67399222 ], [ -52.52524194, -24.67399 ], [ -52.525425, -24.67396778 ], [ -52.52550444, -24.67376639 ], [ -52.52578222, -24.67340972 ], [ -52.525865, -24.6733575 ], [ -52.52582778, -24.67330861 ], [ -52.52581694, -24.67320611 ], [ -52.52588, -24.67300722 ], [ -52.52585778, -24.67294611 ], [ -52.52570444, -24.67274056 ], [ -52.52566833, -24.67272806 ], [ -52.52551556, -24.67260222 ], [ -52.52537861, -24.67242583 ], [ -52.52531917, -24.67230861 ], [ -52.52528361, -24.67229389 ], [ -52.52522917, -24.67206222 ], [ -52.52529333, -24.67190778 ], [ -52.52540361, -24.67181361 ], [ -52.525345, -24.67167361 ], [ -52.52535333, -24.67153056 ], [ -52.52551833, -24.67143222 ], [ -52.52572444, -24.6713525 ], [ -52.525275, -24.67102583 ], [ -52.52517639, -24.67086028 ], [ -52.52504833, -24.67069389 ], [ -52.52497722, -24.67059194 ], [ -52.52506306, -24.67045306 ], [ -52.52505139, -24.67037361 ], [ -52.52511, -24.67028639 ], [ -52.52508417, -24.67025556 ], [ -52.524905, -24.67021972 ], [ -52.52484333, -24.6701125 ], [ -52.52452667, -24.67002778 ], [ -52.52437583, -24.67002694 ], [ -52.52428639, -24.67000333 ], [ -52.52408, -24.66991667 ], [ -52.52385639, -24.66987389 ], [ -52.52385111, -24.66977472 ], [ -52.52378861, -24.66948 ], [ -52.52380167, -24.66938028 ], [ -52.52369889, -24.66938333 ], [ -52.5235725, -24.66950194 ], [ -52.5234825, -24.66947833 ], [ -52.52342778, -24.66938028 ], [ -52.52347417, -24.66932528 ], [ -52.52341222, -24.66923278 ], [ -52.52336889, -24.669095 ], [ -52.52321611, -24.66910083 ], [ -52.52313639, -24.66908111 ], [ -52.52306611, -24.66899444 ], [ -52.52297944, -24.6689275 ], [ -52.52279556, -24.66888444 ], [ -52.52264472, -24.66855833 ], [ -52.52247, -24.66833306 ], [ -52.52246806, -24.668145 ], [ -52.52242639, -24.66810167 ], [ -52.52230139, -24.66805 ], [ -52.52199111, -24.66810972 ], [ -52.52189472, -24.66808889 ], [ -52.52177333, -24.66809583 ], [ -52.5216425, -24.66800972 ], [ -52.52156694, -24.66776694 ], [ -52.52150528, -24.66763972 ], [ -52.52152556, -24.66745861 ], [ -52.52136056, -24.66729722 ], [ -52.52132639, -24.66719667 ], [ -52.52129944, -24.6671175 ], [ -52.521125, -24.66693139 ], [ -52.52098583, -24.66683111 ], [ -52.52089139, -24.66678806 ], [ -52.52084278, -24.66669528 ], [ -52.52075083, -24.66636778 ], [ -52.52070694, -24.666245 ], [ -52.52061306, -24.66612722 ], [ -52.52059639, -24.6660525 ], [ -52.52056472, -24.66593472 ], [ -52.52049778, -24.66586528 ], [ -52.52046889, -24.66579611 ], [ -52.52041722, -24.6656425 ], [ -52.52033111, -24.66560861 ], [ -52.52032528, -24.66541917 ], [ -52.52024611, -24.66533889 ], [ -52.52010472, -24.66522694 ], [ -52.52007417, -24.66514861 ], [ -52.520045, -24.66494056 ], [ -52.52001972, -24.66479639 ], [ -52.51997917, -24.66469917 ], [ -52.51987806, -24.66468139 ], [ -52.51981083, -24.66465194 ], [ -52.51975778, -24.66458056 ], [ -52.51978167, -24.66445333 ], [ -52.51985861, -24.66434694 ], [ -52.51973472, -24.66431056 ], [ -52.51969611, -24.66427583 ], [ -52.51966278, -24.66420333 ], [ -52.51966528, -24.66417194 ], [ -52.51967306, -24.66406833 ], [ -52.51969639, -24.66390694 ], [ -52.51979861, -24.66391 ], [ -52.51981333, -24.66386278 ], [ -52.5197875, -24.663825 ], [ -52.5197025, -24.66382611 ], [ -52.51962139, -24.66374944 ], [ -52.51967528, -24.66369389 ], [ -52.51975222, -24.66370139 ], [ -52.51975528, -24.66367528 ], [ -52.51969833, -24.66363083 ], [ -52.51970889, -24.66356917 ], [ -52.51965028, -24.66354833 ], [ -52.51962222, -24.66366056 ], [ -52.51953639, -24.66364639 ], [ -52.51945111, -24.66355833 ], [ -52.519515, -24.66351083 ], [ -52.51953278, -24.66339889 ], [ -52.51950639, -24.66337222 ], [ -52.51943417, -24.66336833 ], [ -52.5193625, -24.66333472 ], [ -52.51933333, -24.66328278 ], [ -52.51929778, -24.66321944 ], [ -52.51929833, -24.66318917 ], [ -52.51923056, -24.66318139 ], [ -52.51915472, -24.66315694 ], [ -52.51912639, -24.66312417 ], [ -52.51915806, -24.66303028 ], [ -52.51914111, -24.66289472 ], [ -52.51907444, -24.66287417 ], [ -52.51903194, -24.66284417 ], [ -52.51904111, -24.66274528 ], [ -52.51905806, -24.66253972 ], [ -52.51906417, -24.66247056 ], [ -52.51902583, -24.66245417 ], [ -52.51897944, -24.66241083 ], [ -52.51888556, -24.66236361 ], [ -52.51882167, -24.66227833 ], [ -52.51876361, -24.66227944 ], [ -52.51872056, -24.66233611 ], [ -52.51872417, -24.66238417 ], [ -52.5186, -24.66234028 ], [ -52.51856111, -24.66228222 ], [ -52.51858472, -24.66221528 ], [ -52.5185725, -24.6621525 ], [ -52.51844611, -24.66205556 ], [ -52.51841361, -24.66202 ], [ -52.51833889, -24.66193861 ], [ -52.51830833, -24.66195111 ], [ -52.51830306, -24.66203833 ], [ -52.51817444, -24.66200222 ], [ -52.51801556, -24.66190056 ], [ -52.51798167, -24.661925 ], [ -52.5177375, -24.66199944 ], [ -52.51753472, -24.66207028 ], [ -52.51751111, -24.66203139 ], [ -52.5175, -24.66196472 ], [ -52.51750917, -24.66190139 ], [ -52.51757194, -24.66185694 ], [ -52.51759, -24.66177083 ], [ -52.51758694, -24.66171389 ], [ -52.51750083, -24.66173639 ], [ -52.51745333, -24.66166056 ], [ -52.51741889, -24.66158722 ], [ -52.51737639, -24.66150556 ], [ -52.51733944, -24.66150833 ], [ -52.51738861, -24.66159944 ], [ -52.51735222, -24.66163306 ], [ -52.51723722, -24.66170917 ], [ -52.51718444, -24.66168472 ], [ -52.51713556, -24.66160389 ], [ -52.51715083, -24.6615625 ], [ -52.51712694, -24.66152944 ], [ -52.51705028, -24.66159083 ], [ -52.51703694, -24.66173389 ], [ -52.51699, -24.66178 ], [ -52.51676028, -24.66168444 ], [ -52.51682583, -24.661615 ], [ -52.51684333, -24.66151722 ], [ -52.51682056, -24.66143861 ], [ -52.516775, -24.66145083 ], [ -52.51670639, -24.66141444 ], [ -52.51663028, -24.66139639 ], [ -52.51655889, -24.66142278 ], [ -52.51629861, -24.66146667 ], [ -52.51629639, -24.66138528 ], [ -52.51629528, -24.66134528 ], [ -52.51626333, -24.66129917 ], [ -52.51631806, -24.66128167 ], [ -52.51633972, -24.66127389 ], [ -52.516305, -24.66123639 ], [ -52.51619917, -24.66127611 ], [ -52.51613833, -24.661305 ], [ -52.516105, -24.66128639 ], [ -52.51610333, -24.66124417 ], [ -52.51619028, -24.66118944 ], [ -52.51622222, -24.66113167 ], [ -52.51620194, -24.6611 ], [ -52.51613, -24.66109639 ], [ -52.51602028, -24.66111861 ], [ -52.51601889, -24.66102333 ], [ -52.51595972, -24.66086694 ], [ -52.51594806, -24.66074028 ], [ -52.51592583, -24.66067778 ], [ -52.51587944, -24.66064528 ], [ -52.51576361, -24.66066306 ], [ -52.51575028, -24.66054778 ], [ -52.51564722, -24.66053806 ], [ -52.51558389, -24.66044167 ], [ -52.51559639, -24.66039389 ], [ -52.51555306, -24.66034639 ], [ -52.51552, -24.66035639 ], [ -52.51541472, -24.66021472 ], [ -52.51537722, -24.66020028 ], [ -52.51530833, -24.66021889 ], [ -52.51519833, -24.66016667 ], [ -52.51510167, -24.66011278 ], [ -52.51506444, -24.66020222 ], [ -52.51496861, -24.660275 ], [ -52.51491722, -24.66028861 ], [ -52.51487028, -24.66022 ], [ -52.51489417, -24.66017417 ], [ -52.51493944, -24.66012972 ], [ -52.51493028, -24.66010222 ], [ -52.51487917, -24.66011833 ], [ -52.51484417, -24.66012639 ], [ -52.51475111, -24.66006889 ], [ -52.51471056, -24.65996528 ], [ -52.51474667, -24.65993056 ], [ -52.51480694, -24.65986028 ], [ -52.51478917, -24.65977722 ], [ -52.51478083, -24.65973722 ], [ -52.51473278, -24.65970528 ], [ -52.51466833, -24.65971528 ], [ -52.51460111, -24.65953722 ], [ -52.51463222, -24.65942889 ], [ -52.51462083, -24.65937417 ], [ -52.51458611, -24.65931611 ], [ -52.51432, -24.65922167 ], [ -52.51419778, -24.65921722 ], [ -52.51415833, -24.65920194 ], [ -52.51418222, -24.65907639 ], [ -52.5142375, -24.65895917 ], [ -52.51409778, -24.65887583 ], [ -52.51402833, -24.65889778 ], [ -52.51394444, -24.65880806 ], [ -52.51391444, -24.65876667 ], [ -52.513855, -24.65865 ], [ -52.51376389, -24.65857194 ], [ -52.51370972, -24.65849083 ], [ -52.51365111, -24.65844028 ], [ -52.51359667, -24.65837444 ], [ -52.51362778, -24.65831889 ], [ -52.51357778, -24.65825306 ], [ -52.51351611, -24.65826528 ], [ -52.51339667, -24.65819944 ], [ -52.51335417, -24.65817944 ], [ -52.51328528, -24.65813556 ], [ -52.51329222, -24.65804917 ], [ -52.51342361, -24.65798528 ], [ -52.51347389, -24.65794861 ], [ -52.51337361, -24.65790806 ], [ -52.51337139, -24.65782556 ], [ -52.51330611, -24.65778944 ], [ -52.51319556, -24.65778306 ], [ -52.51311861, -24.65772167 ], [ -52.51311556, -24.65758139 ], [ -52.51305306, -24.65756611 ], [ -52.51305167, -24.65751472 ], [ -52.51307667, -24.65746 ], [ -52.5130375, -24.65738917 ], [ -52.51295444, -24.65732944 ], [ -52.51282722, -24.65727361 ], [ -52.5127525, -24.65719417 ], [ -52.51279222, -24.65712028 ], [ -52.51283194, -24.65702194 ], [ -52.51291417, -24.65697583 ], [ -52.51290556, -24.65690333 ], [ -52.51284917, -24.65686444 ], [ -52.51280139, -24.65683806 ], [ -52.51278139, -24.65672333 ], [ -52.51271111, -24.65668833 ], [ -52.51260583, -24.65672556 ], [ -52.51258833, -24.65664778 ], [ -52.51254167, -24.65660167 ], [ -52.51255361, -24.65656667 ], [ -52.51245389, -24.65650222 ], [ -52.51233222, -24.65640694 ], [ -52.5123725, -24.65635222 ], [ -52.51239306, -24.65632444 ], [ -52.51229528, -24.65617306 ], [ -52.51230306, -24.65609778 ], [ -52.51228056, -24.65604028 ], [ -52.51219583, -24.65605111 ], [ -52.51211139, -24.656025 ], [ -52.51200944, -24.65580389 ], [ -52.51191444, -24.65572111 ], [ -52.51187972, -24.65564306 ], [ -52.51182806, -24.65561111 ], [ -52.51183556, -24.65553194 ], [ -52.51177778, -24.65539889 ], [ -52.51167278, -24.65532806 ], [ -52.51167278, -24.65521639 ], [ -52.5115825, -24.65525056 ], [ -52.51152278, -24.65518778 ], [ -52.51141972, -24.65504972 ], [ -52.51136083, -24.65500278 ], [ -52.51124333, -24.65486694 ], [ -52.5111675, -24.65472194 ], [ -52.51113583, -24.6547025 ], [ -52.51115639, -24.65462417 ], [ -52.51109056, -24.65460667 ], [ -52.51102389, -24.65452889 ], [ -52.51104361, -24.65441028 ], [ -52.511015, -24.65439583 ], [ -52.51093583, -24.65439778 ], [ -52.51094306, -24.65432694 ], [ -52.511005, -24.6542375 ], [ -52.51100722, -24.65415583 ], [ -52.510965, -24.65413 ], [ -52.51091833, -24.65407222 ], [ -52.51082111, -24.6540825 ], [ -52.51080833, -24.65404333 ], [ -52.51083944, -24.65389833 ], [ -52.51082417, -24.65388417 ], [ -52.51076778, -24.653895 ], [ -52.51069583, -24.6538775 ], [ -52.51067806, -24.65374583 ], [ -52.51070194, -24.65368806 ], [ -52.5106225, -24.6536475 ], [ -52.51058806, -24.65349056 ], [ -52.51049528, -24.65345889 ], [ -52.51043083, -24.65339972 ], [ -52.51047611, -24.65334944 ], [ -52.51055306, -24.65336778 ], [ -52.51053306, -24.65330111 ], [ -52.51050056, -24.65325472 ], [ -52.51047667, -24.6531675 ], [ -52.51038556, -24.65314167 ], [ -52.51032139, -24.65315722 ], [ -52.51018361, -24.65311444 ], [ -52.51014306, -24.65305694 ], [ -52.510205, -24.65299806 ], [ -52.51014917, -24.65292667 ], [ -52.51013944, -24.65277 ], [ -52.51023472, -24.65270917 ], [ -52.51018444, -24.65267528 ], [ -52.51016917, -24.65249583 ], [ -52.51016167, -24.65243083 ], [ -52.51013028, -24.65237917 ], [ -52.5101825, -24.65235583 ], [ -52.51013583, -24.65230639 ], [ -52.510215, -24.65230639 ], [ -52.51021222, -24.65221639 ], [ -52.51011139, -24.65223972 ], [ -52.51012833, -24.65215917 ], [ -52.51007583, -24.65205667 ], [ -52.51000444, -24.65196361 ], [ -52.51006222, -24.65182583 ], [ -52.51000806, -24.65173694 ], [ -52.50997444, -24.65158361 ], [ -52.50990333, -24.65154333 ], [ -52.50993806, -24.65145861 ], [ -52.50984194, -24.65121917 ], [ -52.50971861, -24.65086528 ], [ -52.5097025, -24.650695 ], [ -52.50977611, -24.65051028 ], [ -52.50971417, -24.65037222 ], [ -52.50977056, -24.65013583 ], [ -52.50973028, -24.64931306 ], [ -52.50959444, -24.64910222 ], [ -52.50950444, -24.64899306 ], [ -52.50952889, -24.64889694 ], [ -52.50958472, -24.64878111 ], [ -52.50960861, -24.64864417 ], [ -52.50963167, -24.64845917 ], [ -52.509735, -24.64837944 ], [ -52.50949583, -24.64811972 ], [ -52.50976361, -24.64718639 ], [ -52.51037472, -24.64582833 ], [ -52.50916167, -24.64532972 ], [ -52.50907139, -24.6452925 ], [ -52.50882528, -24.64519306 ], [ -52.50864583, -24.64512417 ], [ -52.50846583, -24.64505778 ], [ -52.50828472, -24.64499556 ], [ -52.50810167, -24.64493611 ], [ -52.50791806, -24.64488028 ], [ -52.50773167, -24.6448275 ], [ -52.50754611, -24.64477722 ], [ -52.50735917, -24.64473167 ], [ -52.50716972, -24.64468889 ], [ -52.50698139, -24.64464944 ], [ -52.50679028, -24.64461417 ], [ -52.5066, -24.64458056 ], [ -52.50640889, -24.64455222 ], [ -52.50621667, -24.6445275 ], [ -52.50548, -24.64444278 ], [ -52.50497583, -24.64438472 ], [ -52.50421861, -24.6442975 ], [ -52.5041475, -24.6447525 ], [ -52.50366139, -24.64469528 ], [ -52.50373361, -24.644245 ], [ -52.50355083, -24.64422306 ], [ -52.50354972, -24.64425833 ], [ -52.5036275, -24.64464306 ] ] ], [ [ [ -52.4994225, -24.64382722 ], [ -52.49920222, -24.64383278 ], [ -52.49895861, -24.64384444 ], [ -52.49636222, -24.64404694 ], [ -52.49413694, -24.64422083 ], [ -52.49413583, -24.64433167 ], [ -52.49407944, -24.65006972 ], [ -52.49403778, -24.65406722 ], [ -52.49400972, -24.65597889 ], [ -52.49389833, -24.66375333 ], [ -52.49470806, -24.66367917 ], [ -52.49695694, -24.66367417 ], [ -52.49768028, -24.6637125 ], [ -52.49834278, -24.66374583 ], [ -52.49883139, -24.66375306 ], [ -52.49988556, -24.66373333 ], [ -52.50025944, -24.66374222 ], [ -52.50057194, -24.66373889 ], [ -52.50102028, -24.66375222 ], [ -52.50331722, -24.66374 ], [ -52.50389944, -24.66375194 ], [ -52.5040325, -24.6637375 ], [ -52.50416889, -24.66370694 ], [ -52.50429139, -24.66366194 ], [ -52.50431111, -24.66362583 ], [ -52.50418583, -24.66332139 ], [ -52.5040875, -24.6631125 ], [ -52.503965, -24.66286556 ], [ -52.50370472, -24.66242028 ], [ -52.50362667, -24.66226083 ], [ -52.50356944, -24.66210028 ], [ -52.50351611, -24.66188417 ], [ -52.50346861, -24.66173889 ], [ -52.50339917, -24.66159667 ], [ -52.50332667, -24.66148667 ], [ -52.50320722, -24.66134556 ], [ -52.50300806, -24.66104722 ], [ -52.50286028, -24.66083667 ], [ -52.50270167, -24.6605625 ], [ -52.50266028, -24.66041 ], [ -52.50259222, -24.66022222 ], [ -52.50250861, -24.65994556 ], [ -52.50246306, -24.65976139 ], [ -52.50234806, -24.65882056 ], [ -52.50233972, -24.65873056 ], [ -52.50234361, -24.65801222 ], [ -52.50233278, -24.65774028 ], [ -52.50232861, -24.65749694 ], [ -52.50234722, -24.65731611 ], [ -52.50241889, -24.6569075 ], [ -52.50245694, -24.65634028 ], [ -52.50247361, -24.65617917 ], [ -52.50247083, -24.65571083 ], [ -52.50248056, -24.65560056 ], [ -52.50250972, -24.65542917 ], [ -52.50259194, -24.65506306 ], [ -52.50262139, -24.6548575 ], [ -52.50262944, -24.65471889 ], [ -52.50261917, -24.65458 ], [ -52.50258111, -24.65440861 ], [ -52.50254833, -24.65432222 ], [ -52.50249861, -24.65420694 ], [ -52.50227056, -24.65382611 ], [ -52.50218889, -24.65364806 ], [ -52.50208611, -24.65339389 ], [ -52.50201389, -24.65317944 ], [ -52.50199667, -24.65305139 ], [ -52.50198417, -24.65287 ], [ -52.5020075, -24.65261528 ], [ -52.50204028, -24.65251417 ], [ -52.50210778, -24.65240167 ], [ -52.50240194, -24.65198139 ], [ -52.5024525, -24.65189417 ], [ -52.50276528, -24.65127333 ], [ -52.50282806, -24.65110222 ], [ -52.50286861, -24.65095028 ], [ -52.50290417, -24.65073083 ], [ -52.50291583, -24.65061056 ], [ -52.50292889, -24.65032444 ], [ -52.50292167, -24.65012722 ], [ -52.50294917, -24.64953389 ], [ -52.50300139, -24.64908889 ], [ -52.50310444, -24.64854806 ], [ -52.50316722, -24.64817861 ], [ -52.50321278, -24.64789667 ], [ -52.50327333, -24.64746667 ], [ -52.50331972, -24.6472725 ], [ -52.50342972, -24.64688833 ], [ -52.50347278, -24.64666528 ], [ -52.50349028, -24.6465225 ], [ -52.50349361, -24.64636278 ], [ -52.50348667, -24.64559194 ], [ -52.50351833, -24.64485722 ], [ -52.50350944, -24.64465528 ], [ -52.50343083, -24.64426667 ], [ -52.5034325, -24.64420889 ], [ -52.50287556, -24.64414222 ], [ -52.50070806, -24.64388333 ], [ -52.50053194, -24.64386611 ], [ -52.50035028, -24.64385167 ], [ -52.500175, -24.64384083 ], [ -52.49999222, -24.6438325 ], [ -52.49980389, -24.64382694 ], [ -52.49962222, -24.64382639 ], [ -52.49954583, -24.64382806 ], [ -52.4994225, -24.64382722 ] ] ], [ [ [ -52.52303639, -24.61441639 ], [ -52.52198444, -24.61603139 ], [ -52.52193389, -24.61610222 ], [ -52.52086333, -24.61777194 ], [ -52.51970278, -24.61957722 ], [ -52.5185425, -24.62137528 ], [ -52.51806417, -24.6221225 ], [ -52.51449778, -24.62757611 ], [ -52.514455, -24.62767139 ], [ -52.51442, -24.62775861 ], [ -52.51438972, -24.62775667 ], [ -52.51435083, -24.62781278 ], [ -52.51422306, -24.62786639 ], [ -52.51415917, -24.62798306 ], [ -52.5140475, -24.62799167 ], [ -52.51399583, -24.62803972 ], [ -52.5138725, -24.62798944 ], [ -52.51373222, -24.62804083 ], [ -52.51358028, -24.62808861 ], [ -52.51349556, -24.628135 ], [ -52.51338472, -24.62818028 ], [ -52.51345111, -24.62835472 ], [ -52.51361028, -24.62878944 ], [ -52.51360556, -24.62898722 ], [ -52.51353389, -24.62916389 ], [ -52.51348583, -24.62941667 ], [ -52.51354778, -24.62956278 ], [ -52.51353278, -24.62967694 ], [ -52.51362278, -24.62975944 ], [ -52.5137975, -24.62963667 ], [ -52.51392333, -24.62962361 ], [ -52.51390167, -24.629815 ], [ -52.51378889, -24.62993194 ], [ -52.51359361, -24.63006944 ], [ -52.51354333, -24.63020222 ], [ -52.51346944, -24.63021278 ], [ -52.51341556, -24.63033417 ], [ -52.51326861, -24.63027583 ], [ -52.51321944, -24.63033528 ], [ -52.51327778, -24.63074889 ], [ -52.51323056, -24.63082528 ], [ -52.51314306, -24.63082806 ], [ -52.51308028, -24.63109306 ], [ -52.51299944, -24.63108278 ], [ -52.51300806, -24.63123056 ], [ -52.51285889, -24.63133556 ], [ -52.51278222, -24.63133861 ], [ -52.51278167, -24.6315675 ], [ -52.51268222, -24.63157917 ], [ -52.51267444, -24.63164556 ], [ -52.51273028, -24.63173944 ], [ -52.51267694, -24.63180194 ], [ -52.51269361, -24.63185583 ], [ -52.51265583, -24.63195056 ], [ -52.51252861, -24.63200528 ], [ -52.51243139, -24.63222833 ], [ -52.51246528, -24.63231556 ], [ -52.51237972, -24.63246417 ], [ -52.51227944, -24.63263139 ], [ -52.51221278, -24.63278194 ], [ -52.51219056, -24.63288667 ], [ -52.51213194, -24.63295806 ], [ -52.5120225, -24.63309111 ], [ -52.51195639, -24.63334722 ], [ -52.51179417, -24.63347111 ], [ -52.51173472, -24.63355139 ], [ -52.511795, -24.633695 ], [ -52.51176389, -24.63375556 ], [ -52.51166889, -24.63393917 ], [ -52.51160583, -24.63399333 ], [ -52.51152972, -24.63425139 ], [ -52.51141694, -24.63444278 ], [ -52.51136139, -24.63459861 ], [ -52.51123778, -24.63489833 ], [ -52.51124194, -24.63504028 ], [ -52.51111556, -24.63517361 ], [ -52.51113389, -24.63538389 ], [ -52.51096333, -24.63570167 ], [ -52.51101167, -24.63576889 ], [ -52.51095806, -24.63586167 ], [ -52.51095944, -24.63599583 ], [ -52.51088472, -24.63617889 ], [ -52.51085806, -24.63629583 ], [ -52.51079, -24.63642361 ], [ -52.51077861, -24.63644528 ], [ -52.51066667, -24.63680306 ], [ -52.51054639, -24.63698833 ], [ -52.50956139, -24.63865833 ], [ -52.50801083, -24.64036472 ], [ -52.50778583, -24.64066333 ], [ -52.50714111, -24.64213278 ], [ -52.50543611, -24.64367056 ], [ -52.50510833, -24.6441775 ], [ -52.50624944, -24.64430389 ], [ -52.50644583, -24.64432889 ], [ -52.50664333, -24.64435833 ], [ -52.50683806, -24.64439278 ], [ -52.50703333, -24.64442889 ], [ -52.50722694, -24.64446917 ], [ -52.50742056, -24.64451278 ], [ -52.50761306, -24.64456 ], [ -52.50780333, -24.64461139 ], [ -52.50799361, -24.64466528 ], [ -52.50818222, -24.6447225 ], [ -52.50836944, -24.64478361 ], [ -52.50855556, -24.6448475 ], [ -52.50874, -24.64491556 ], [ -52.50892278, -24.64498583 ], [ -52.50908944, -24.64505278 ], [ -52.50918306, -24.64509111 ], [ -52.51046889, -24.64561944 ], [ -52.51138861, -24.64599722 ], [ -52.51336889, -24.64681056 ], [ -52.51563333, -24.64774028 ], [ -52.51703083, -24.64831389 ], [ -52.51721028, -24.6483825 ], [ -52.5173925, -24.64844306 ], [ -52.5175775, -24.64849667 ], [ -52.51776472, -24.64854556 ], [ -52.51795361, -24.64858639 ], [ -52.51814361, -24.64862028 ], [ -52.51833528, -24.64864611 ], [ -52.51852806, -24.64866694 ], [ -52.51872111, -24.64867917 ], [ -52.51891528, -24.64868472 ], [ -52.51910944, -24.64868361 ], [ -52.5193025, -24.648675 ], [ -52.51949528, -24.64865778 ], [ -52.52086222, -24.6485025 ], [ -52.52104639, -24.64848444 ], [ -52.52124833, -24.64847417 ], [ -52.52144722, -24.64847 ], [ -52.52164667, -24.64847194 ], [ -52.52184306, -24.64847972 ], [ -52.52204417, -24.64849806 ], [ -52.52223917, -24.64852139 ], [ -52.52242083, -24.64855111 ], [ -52.52260194, -24.64858444 ], [ -52.52282722, -24.64863639 ], [ -52.5229075, -24.64857583 ], [ -52.52350833, -24.64835139 ], [ -52.52427417, -24.6481375 ], [ -52.52512722, -24.64792667 ], [ -52.52605278, -24.64763528 ], [ -52.52616, -24.64763222 ], [ -52.52649139, -24.64750667 ], [ -52.52667889, -24.64739722 ], [ -52.52682722, -24.6473125 ], [ -52.52700056, -24.64720889 ], [ -52.52711167, -24.6471625 ], [ -52.52733806, -24.64713778 ], [ -52.52762083, -24.64708833 ], [ -52.52777389, -24.64704861 ], [ -52.52849306, -24.64672167 ], [ -52.52921722, -24.64622583 ], [ -52.52972722, -24.64572917 ], [ -52.53013306, -24.64492833 ], [ -52.53022222, -24.64432972 ], [ -52.53045417, -24.64385528 ], [ -52.53072667, -24.64331056 ], [ -52.53086278, -24.64284083 ], [ -52.53101889, -24.64235278 ], [ -52.53126972, -24.64203028 ], [ -52.53190778, -24.64133806 ], [ -52.53226278, -24.64065778 ], [ -52.53246583, -24.64034222 ], [ -52.53256889, -24.64012917 ], [ -52.53264528, -24.64007917 ], [ -52.53283583, -24.64000667 ], [ -52.53329944, -24.63988861 ], [ -52.53336222, -24.63978722 ], [ -52.53339694, -24.63973083 ], [ -52.53334722, -24.63967111 ], [ -52.53315194, -24.63952444 ], [ -52.53306611, -24.63952333 ], [ -52.53300917, -24.63949667 ], [ -52.53291278, -24.63944167 ], [ -52.532735, -24.63946417 ], [ -52.53268611, -24.63937417 ], [ -52.53269889, -24.63926972 ], [ -52.53268111, -24.63925194 ], [ -52.53261083, -24.63928611 ], [ -52.53234944, -24.63934694 ], [ -52.53234833, -24.63944694 ], [ -52.53216889, -24.63952361 ], [ -52.53212972, -24.63949556 ], [ -52.53214528, -24.63937056 ], [ -52.53208917, -24.63934944 ], [ -52.53199583, -24.63933194 ], [ -52.53191528, -24.63927389 ], [ -52.53188917, -24.63933694 ], [ -52.53179528, -24.63936306 ], [ -52.53176361, -24.63931083 ], [ -52.53176861, -24.63923472 ], [ -52.53177139, -24.63910056 ], [ -52.53173306, -24.63897417 ], [ -52.53163194, -24.63881167 ], [ -52.5315975, -24.63868417 ], [ -52.53160694, -24.63858583 ], [ -52.53157583, -24.6384475 ], [ -52.53150444, -24.63834417 ], [ -52.53141333, -24.63831667 ], [ -52.53133444, -24.63833528 ], [ -52.53128611, -24.63840083 ], [ -52.53123083, -24.63839444 ], [ -52.53116972, -24.63833306 ], [ -52.53085889, -24.63828972 ], [ -52.53077361, -24.63829111 ], [ -52.53069111, -24.63828861 ], [ -52.53069361, -24.63840056 ], [ -52.530805, -24.63845667 ], [ -52.53077944, -24.63859056 ], [ -52.53060972, -24.63851194 ], [ -52.53057667, -24.63834 ], [ -52.53052139, -24.63832333 ], [ -52.5304875, -24.638355 ], [ -52.53048472, -24.63845111 ], [ -52.53044056, -24.63849139 ], [ -52.53034944, -24.63840028 ], [ -52.53024917, -24.63836417 ], [ -52.53003694, -24.63837194 ], [ -52.52987528, -24.63845611 ], [ -52.52972417, -24.63847889 ], [ -52.52950389, -24.63844389 ], [ -52.52956556, -24.63854139 ], [ -52.52954361, -24.63861639 ], [ -52.5293775, -24.63859139 ], [ -52.52926, -24.63851833 ], [ -52.52909417, -24.63838694 ], [ -52.52898139, -24.638345 ], [ -52.528925, -24.63829889 ], [ -52.52885139, -24.63826722 ], [ -52.52878, -24.63825444 ], [ -52.52870556, -24.63821333 ], [ -52.52866444, -24.63814 ], [ -52.52858861, -24.63808139 ], [ -52.52863917, -24.63799472 ], [ -52.52860417, -24.63792528 ], [ -52.52849667, -24.63785361 ], [ -52.52828556, -24.63768583 ], [ -52.52809417, -24.63754611 ], [ -52.52804389, -24.63726278 ], [ -52.5279125, -24.637215 ], [ -52.52791778, -24.63709 ], [ -52.52801167, -24.63694361 ], [ -52.52808667, -24.63672556 ], [ -52.52804556, -24.63658611 ], [ -52.52805167, -24.636465 ], [ -52.5280525, -24.63633 ], [ -52.52808139, -24.636265 ], [ -52.52802306, -24.63594028 ], [ -52.52799444, -24.63575722 ], [ -52.5279225, -24.63571306 ], [ -52.52783861, -24.63568028 ], [ -52.52767972, -24.63552278 ], [ -52.52761972, -24.63551778 ], [ -52.52752694, -24.63545556 ], [ -52.52740139, -24.63526056 ], [ -52.52733139, -24.63519028 ], [ -52.52716028, -24.63506806 ], [ -52.52699111, -24.63496722 ], [ -52.52688083, -24.63487333 ], [ -52.52667167, -24.63479028 ], [ -52.52650972, -24.63466861 ], [ -52.52630861, -24.63445167 ], [ -52.52620583, -24.63429889 ], [ -52.52617361, -24.63427833 ], [ -52.52603694, -24.63419139 ], [ -52.52603972, -24.6341 ], [ -52.5259075, -24.63391833 ], [ -52.52582167, -24.63376639 ], [ -52.5257875, -24.63370556 ], [ -52.52573861, -24.6334625 ], [ -52.52569139, -24.63335583 ], [ -52.52562361, -24.63327056 ], [ -52.52565194, -24.63314111 ], [ -52.52560278, -24.63292583 ], [ -52.52551694, -24.63287889 ], [ -52.52539917, -24.63259694 ], [ -52.52536806, -24.6325375 ], [ -52.52519472, -24.63242278 ], [ -52.52524222, -24.63223444 ], [ -52.52521306, -24.63219472 ], [ -52.52516972, -24.63219472 ], [ -52.52503611, -24.63229 ], [ -52.52496028, -24.63231056 ], [ -52.52492083, -24.63223556 ], [ -52.52483944, -24.63217778 ], [ -52.52484194, -24.63207778 ], [ -52.524745, -24.63195722 ], [ -52.52478167, -24.63190472 ], [ -52.52482361, -24.631885 ], [ -52.52484278, -24.63185528 ], [ -52.52483778, -24.63178444 ], [ -52.52477417, -24.63176889 ], [ -52.52471028, -24.63171472 ], [ -52.52466583, -24.63169028 ], [ -52.52466056, -24.63159306 ], [ -52.52462778, -24.63155611 ], [ -52.52457333, -24.63147917 ], [ -52.52451611, -24.63151056 ], [ -52.52441472, -24.63145583 ], [ -52.52437806, -24.63135889 ], [ -52.52442361, -24.63131972 ], [ -52.52772389, -24.62848583 ], [ -52.52937222, -24.62707111 ], [ -52.53096389, -24.62570167 ], [ -52.53249611, -24.62438306 ], [ -52.53718917, -24.62034528 ], [ -52.53724917, -24.62021694 ], [ -52.53727611, -24.62012056 ], [ -52.53728472, -24.61992528 ], [ -52.53723444, -24.61953889 ], [ -52.53704083, -24.61881306 ], [ -52.536805, -24.61813583 ], [ -52.53677778, -24.61804722 ], [ -52.53660472, -24.61745944 ], [ -52.53647278, -24.61690889 ], [ -52.53635167, -24.61651611 ], [ -52.53626528, -24.61617611 ], [ -52.5361525, -24.61570194 ], [ -52.5358675, -24.61475028 ], [ -52.53586111, -24.6147325 ], [ -52.53579722, -24.61452139 ], [ -52.53553528, -24.61358167 ], [ -52.53543111, -24.61324278 ], [ -52.53515944, -24.61248444 ], [ -52.53497444, -24.61192389 ], [ -52.53484083, -24.611455 ], [ -52.53467111, -24.61099 ], [ -52.53398194, -24.60913583 ], [ -52.53327417, -24.60731444 ], [ -52.53312722, -24.60685222 ], [ -52.53303111, -24.60637306 ], [ -52.53302111, -24.60603111 ], [ -52.53313778, -24.60557417 ], [ -52.53340417, -24.60440639 ], [ -52.53345333, -24.60398389 ], [ -52.53344694, -24.60375806 ], [ -52.53342333, -24.60357917 ], [ -52.53330833, -24.60322306 ], [ -52.53319194, -24.60298528 ], [ -52.53308667, -24.60271333 ], [ -52.53276306, -24.60163972 ], [ -52.53257139, -24.60111 ], [ -52.53239417, -24.60074111 ], [ -52.53223667, -24.60049222 ], [ -52.52407194, -24.61282 ], [ -52.52303639, -24.61441639 ] ] ], [ [ [ -52.53230667, -24.60038639 ], [ -52.5325, -24.60069194 ], [ -52.53268222, -24.60107111 ], [ -52.53287667, -24.60160806 ], [ -52.5332, -24.60268083 ], [ -52.53330194, -24.602945 ], [ -52.53341972, -24.60318528 ], [ -52.53353972, -24.60355722 ], [ -52.53356528, -24.60375 ], [ -52.53357194, -24.60398833 ], [ -52.53352139, -24.60442333 ], [ -52.53325361, -24.6055975 ], [ -52.53314, -24.60604222 ], [ -52.53314917, -24.60636167 ], [ -52.53324278, -24.60682722 ], [ -52.53338722, -24.60728139 ], [ -52.53409389, -24.60910028 ], [ -52.53478333, -24.61095528 ], [ -52.53495444, -24.61142389 ], [ -52.53508861, -24.61189444 ], [ -52.5352725, -24.61245194 ], [ -52.53554472, -24.61321139 ], [ -52.53565, -24.613555 ], [ -52.53595278, -24.61464 ], [ -52.53598111, -24.61471889 ], [ -52.53600556, -24.61479444 ], [ -52.5362675, -24.61567611 ], [ -52.53638083, -24.61615222 ], [ -52.53646639, -24.61648917 ], [ -52.53658778, -24.61688278 ], [ -52.53672, -24.61743361 ], [ -52.5369125, -24.61808778 ], [ -52.537155, -24.61878361 ], [ -52.53735139, -24.61951944 ], [ -52.53740361, -24.61992111 ], [ -52.53739611, -24.62008917 ], [ -52.53738306, -24.62017556 ], [ -52.53914639, -24.61863306 ], [ -52.54275083, -24.61548944 ], [ -52.54276722, -24.61547528 ], [ -52.54271917, -24.61535861 ], [ -52.54273806, -24.61518167 ], [ -52.54267167, -24.61506444 ], [ -52.54257806, -24.61495139 ], [ -52.54250167, -24.61493 ], [ -52.54238278, -24.61479278 ], [ -52.54235306, -24.61471194 ], [ -52.54230472, -24.61463861 ], [ -52.54228361, -24.6144825 ], [ -52.54223889, -24.61449139 ], [ -52.54221083, -24.61462972 ], [ -52.54225278, -24.61468333 ], [ -52.54225472, -24.61478861 ], [ -52.54212806, -24.61492611 ], [ -52.54172944, -24.61510722 ], [ -52.54156139, -24.61512556 ], [ -52.54144917, -24.61510083 ], [ -52.54120556, -24.61524556 ], [ -52.54093389, -24.6154425 ], [ -52.5408075, -24.61549389 ], [ -52.54064972, -24.61543361 ], [ -52.54085667, -24.61509889 ], [ -52.54093194, -24.61501278 ], [ -52.54104417, -24.61485444 ], [ -52.54127889, -24.61475667 ], [ -52.54113389, -24.61469472 ], [ -52.54014028, -24.61451917 ], [ -52.54004583, -24.61448889 ], [ -52.53988028, -24.61444611 ], [ -52.53973278, -24.61431 ], [ -52.53973167, -24.61421833 ], [ -52.53983778, -24.61397556 ], [ -52.53987806, -24.61336278 ], [ -52.53993556, -24.61321111 ], [ -52.53988667, -24.6131 ], [ -52.53944, -24.61301917 ], [ -52.53925389, -24.61304806 ], [ -52.53919083, -24.61298333 ], [ -52.53903139, -24.61294 ], [ -52.53895361, -24.61295361 ], [ -52.53899806, -24.61299722 ], [ -52.53896083, -24.61304028 ], [ -52.5388625, -24.61304778 ], [ -52.53861861, -24.61298056 ], [ -52.53848722, -24.61286917 ], [ -52.53838111, -24.61283083 ], [ -52.53829333, -24.61271556 ], [ -52.53812972, -24.61249917 ], [ -52.53819194, -24.61199417 ], [ -52.53835861, -24.61156889 ], [ -52.53836722, -24.61137833 ], [ -52.53846417, -24.61127722 ], [ -52.53862972, -24.61097944 ], [ -52.53881417, -24.61083556 ], [ -52.53887417, -24.61072389 ], [ -52.53898139, -24.61064639 ], [ -52.53896722, -24.61058194 ], [ -52.53891778, -24.61045889 ], [ -52.53904222, -24.61025222 ], [ -52.53905806, -24.61003417 ], [ -52.53923667, -24.60988667 ], [ -52.53937028, -24.60986472 ], [ -52.53950944, -24.60992167 ], [ -52.53968833, -24.60992111 ], [ -52.53986417, -24.60985389 ], [ -52.53994083, -24.60967722 ], [ -52.54006694, -24.60951694 ], [ -52.54039472, -24.60925278 ], [ -52.54038139, -24.6092125 ], [ -52.54005528, -24.60915583 ], [ -52.54001472, -24.60920444 ], [ -52.53996583, -24.60940389 ], [ -52.53974556, -24.60950556 ], [ -52.53964417, -24.60939056 ], [ -52.53931778, -24.60910778 ], [ -52.53921806, -24.60910667 ], [ -52.53912528, -24.60918583 ], [ -52.53905222, -24.60928139 ], [ -52.53905889, -24.609355 ], [ -52.53876028, -24.60944 ], [ -52.53869111, -24.60947889 ], [ -52.53857361, -24.6094575 ], [ -52.53835194, -24.60920056 ], [ -52.5383375, -24.60912972 ], [ -52.53816944, -24.60882056 ], [ -52.53811306, -24.60877389 ], [ -52.53794, -24.60879889 ], [ -52.53782389, -24.60881194 ], [ -52.53758, -24.60871139 ], [ -52.53745667, -24.6086725 ], [ -52.53747833, -24.60859583 ], [ -52.53765889, -24.60842528 ], [ -52.53767528, -24.60833444 ], [ -52.53762333, -24.60819111 ], [ -52.53767583, -24.60808583 ], [ -52.53779944, -24.60796694 ], [ -52.53790944, -24.6078725 ], [ -52.53768111, -24.60773806 ], [ -52.53765417, -24.6074475 ], [ -52.53759917, -24.60731 ], [ -52.53753944, -24.60720333 ], [ -52.53748333, -24.60708167 ], [ -52.53742333, -24.60690417 ], [ -52.53736583, -24.60660861 ], [ -52.53721, -24.6062875 ], [ -52.53709944, -24.60603694 ], [ -52.53702139, -24.60594694 ], [ -52.53686833, -24.60588722 ], [ -52.53673528, -24.60586222 ], [ -52.53650667, -24.60589889 ], [ -52.53639167, -24.60591361 ], [ -52.53612056, -24.60598278 ], [ -52.53599583, -24.60598083 ], [ -52.535715, -24.606055 ], [ -52.53555056, -24.60614361 ], [ -52.5354675, -24.60624056 ], [ -52.53533389, -24.60623611 ], [ -52.53527361, -24.6062 ], [ -52.53525, -24.60606917 ], [ -52.53545639, -24.6058125 ], [ -52.5355975, -24.60555111 ], [ -52.53563028, -24.60537722 ], [ -52.53542417, -24.60533778 ], [ -52.5352, -24.60532722 ], [ -52.53500472, -24.60528361 ], [ -52.53480472, -24.6053525 ], [ -52.53469222, -24.60538944 ], [ -52.5345475, -24.60540889 ], [ -52.53442389, -24.60540667 ], [ -52.53421667, -24.60529861 ], [ -52.53427361, -24.6052725 ], [ -52.53421417, -24.60506972 ], [ -52.53437472, -24.60500694 ], [ -52.53438528, -24.60490389 ], [ -52.53440472, -24.60479278 ], [ -52.53436222, -24.60463389 ], [ -52.53435667, -24.60428306 ], [ -52.5343625, -24.60397556 ], [ -52.53429806, -24.60380583 ], [ -52.53413611, -24.60367889 ], [ -52.53413389, -24.60360778 ], [ -52.53416694, -24.60342 ], [ -52.53410389, -24.60330472 ], [ -52.5339925, -24.60328 ], [ -52.53385889, -24.60318694 ], [ -52.53361444, -24.60304361 ], [ -52.53341833, -24.60274278 ], [ -52.53330833, -24.60265972 ], [ -52.53324333, -24.60256556 ], [ -52.53321222, -24.60235972 ], [ -52.53321472, -24.60223167 ], [ -52.53318639, -24.6020525 ], [ -52.53327694, -24.60193667 ], [ -52.53338611, -24.60184056 ], [ -52.53367722, -24.6016725 ], [ -52.53369639, -24.60138472 ], [ -52.53372222, -24.60115361 ], [ -52.53379306, -24.60087889 ], [ -52.53367667, -24.60055333 ], [ -52.53347, -24.600335 ], [ -52.53346222, -24.60020028 ], [ -52.53352694, -24.60009306 ], [ -52.53351694, -24.59972722 ], [ -52.53343833, -24.59965472 ], [ -52.53304417, -24.5996 ], [ -52.53302944, -24.59948083 ], [ -52.53293694, -24.59943444 ], [ -52.53292389, -24.59945444 ], [ -52.53230667, -24.60038639 ] ] ] ] } },
{ "type": "Feature", "properties": { "fid": 32, "municipio": "WENCESLAU BRAZ", "nome": "SANTA MADALENA", "amb": "Ambiental" }, "geometry": { "type": "MultiPolygon", "coordinates": [ [ [ [ -49.82868056391829, -23.896097138131353 ], [ -49.828165128754577, -23.896000022007843 ], [ -49.827397974521574, -23.896053912895532 ], [ -49.827126055999834, -23.895954714999856 ], [ -49.82676237162066, -23.895929591570422 ], [ -49.826548462971381, -23.896066351186963 ], [ -49.826299505676744, -23.896007103927865 ], [ -49.825957423651118, -23.895851764999751 ], [ -49.825743498365085, -23.89555861416266 ], [ -49.825432950992358, -23.895412873687224 ], [ -49.824771257999828, -23.895554517999834 ], [ -49.824638426999812, -23.895514672999834 ], [ -49.824431827999852, -23.895369724999803 ], [ -49.824247820937963, -23.895274587862531 ], [ -49.824040445206641, -23.895215654850581 ], [ -49.823654892400043, -23.895269686173314 ], [ -49.82300842780861, -23.895532732106009 ], [ -49.822783780999835, -23.895840992999812 ], [ -49.822545866999818, -23.895925790999812 ], [ -49.821964538940655, -23.896012196552093 ], [ -49.821849070769304, -23.896135565559554 ], [ -49.821684614848891, -23.896072378252548 ], [ -49.821645114407808, -23.895842684786768 ], [ -49.821514362194499, -23.895740757063745 ], [ -49.821126676574963, -23.895695343008828 ], [ -49.820799214999802, -23.895620336999809 ], [ -49.820577922682602, -23.895452187559748 ], [ -49.820152866658354, -23.895324674461193 ], [ -49.819633442904305, -23.895095510124317 ], [ -49.819346886999817, -23.894922416999812 ], [ -49.819064044999841, -23.894874844999862 ], [ -49.818772975834207, -23.895027345631483 ], [ -49.818551610028955, -23.895221384330704 ], [ -49.818267826590585, -23.895563290445235 ], [ -49.818000034319986, -23.895432399725447 ], [ -49.817835543673461, -23.895230418794515 ], [ -49.817556016888354, -23.895104016995308 ], [ -49.817180272013836, -23.894936731492983 ], [ -49.816883164584809, -23.894743287716402 ], [ -49.816390180111782, -23.894655863163113 ], [ -49.816210190488277, -23.894491515195238 ], [ -49.815788191575578, -23.894362102187067 ], [ -49.815140923162964, -23.894094274496474 ], [ -49.814864377183682, -23.893879002069934 ], [ -49.814234664890414, -23.893728868580887 ], [ -49.813740705617107, -23.893748954976218 ], [ -49.813400716076828, -23.893509096775347 ], [ -49.813087920545456, -23.893611820905143 ], [ -49.812651786149019, -23.893560665459614 ], [ -49.812537196286598, -23.893349984271648 ], [ -49.812106526206854, -23.893127503706232 ], [ -49.812072332360621, -23.892887813408517 ], [ -49.811953294770674, -23.892784863175702 ], [ -49.811828626609376, -23.892776731857559 ], [ -49.811756836793116, -23.892669845336595 ], [ -49.811841640584461, -23.892490094360355 ], [ -49.811594095213806, -23.892277907658126 ], [ -49.811344200286698, -23.891991150542641 ], [ -49.810882920163067, -23.891611719929394 ], [ -49.810013523252188, -23.89091324201328 ], [ -49.810012722934566, -23.890148601259778 ], [ -49.809788746907103, -23.889917478268028 ], [ -49.80964548802632, -23.889554482885945 ], [ -49.809593381287343, -23.889399838381387 ], [ -49.80918041360588, -23.889090788653295 ], [ -49.809020019903315, -23.888727540434584 ], [ -49.808780369337754, -23.888505852660657 ], [ -49.808759477057478, -23.888233289845651 ], [ -49.808675531097414, -23.888035507512381 ], [ -49.808724273800017, -23.887820831456484 ], [ -49.80843588401175, -23.887615054114626 ], [ -49.808416785565903, -23.887345332697901 ], [ -49.808564486025055, -23.88719311153174 ], [ -49.80843728064702, -23.886611482029021 ], [ -49.807989300781038, -23.88635277543225 ], [ -49.807959150235021, -23.886041470971865 ], [ -49.807839303560151, -23.885706452864955 ], [ -49.80714205390715, -23.885227931352436 ], [ -49.80669215694968, -23.884980715646694 ], [ -49.80598208781138, -23.884201014880428 ], [ -49.805689023995768, -23.883854655029069 ], [ -49.805433737489885, -23.883441244350845 ], [ -49.805230000665375, -23.883228271845507 ], [ -49.804261366306939, -23.883677040309191 ], [ -49.805890690306761, -23.885460601308942 ], [ -49.804847512306729, -23.886232518308979 ], [ -49.805190205306666, -23.886626767308936 ], [ -49.805554849306624, -23.887133534308859 ], [ -49.805840460306605, -23.887647814308806 ], [ -49.805887135306584, -23.887763142308764 ], [ -49.80609332530652, -23.888273645308722 ], [ -49.806256734306494, -23.888907992308688 ], [ -49.806375502306416, -23.889654883308626 ], [ -49.806476383306347, -23.89031755430856 ], [ -49.80611529730637, -23.890545316308607 ], [ -49.802240614306413, -23.892783717308678 ], [ -49.801326074306431, -23.893315930308678 ], [ -49.801267226306472, -23.893114891308695 ], [ -49.79907959430647, -23.894511192308759 ], [ -49.798835277306516, -23.894047164308791 ], [ -49.797852269306524, -23.894598870308805 ], [ -49.7979507313065, -23.894870571308815 ], [ -49.798015504306484, -23.895089087308754 ], [ -49.79803887630645, -23.89535523530877 ], [ -49.79801892030649, -23.895590880308724 ], [ -49.797976009306439, -23.895972017308665 ], [ -49.800619050306203, -23.89747130730845 ], [ -49.801021138306176, -23.897636188308411 ], [ -49.801688314306105, -23.897910333308324 ], [ -49.802133763306074, -23.898092167308306 ], [ -49.805573877305754, -23.900108558307998 ], [ -49.807955722305593, -23.900620496307774 ], [ -49.810010479305433, -23.901068817307653 ], [ -49.812291339305304, -23.901564103307443 ], [ -49.814186830304948, -23.90500260030711 ], [ -49.812658286304853, -23.907847972307032 ], [ -49.811753560304808, -23.909534131306966 ], [ -49.8150601943046, -23.910186227306703 ], [ -49.815775648304523, -23.910336598306678 ], [ -49.817983493304368, -23.910801079306506 ], [ -49.820028549304389, -23.908564159306497 ], [ -49.820111956304423, -23.908487764306489 ], [ -49.820413233304386, -23.908607570306508 ], [ -49.820872763304394, -23.908738705306416 ], [ -49.821510953304326, -23.908938037306402 ], [ -49.823139292304205, -23.909480455306266 ], [ -49.823882679304162, -23.909649426306189 ], [ -49.824295467304104, -23.909681663306177 ], [ -49.824928083304044, -23.909629513306147 ], [ -49.825005689304049, -23.909618636306146 ], [ -49.825140084304074, -23.909563309306115 ], [ -49.825650167304062, -23.909362651306111 ], [ -49.826084631304028, -23.909072367306088 ], [ -49.82618096630403, -23.909043390306095 ], [ -49.826553963304029, -23.908902101306069 ], [ -49.82700133430405, -23.90870511430607 ], [ -49.82748993730403, -23.908587101306036 ], [ -49.827568371304018, -23.908571533306063 ], [ -49.827678624304021, -23.908535075306016 ], [ -49.828386161303939, -23.908442119305992 ], [ -49.828773569303927, -23.908216403305993 ], [ -49.829163264303965, -23.908039534306013 ], [ -49.829337845303982, -23.907960297305969 ], [ -49.829471430303975, -23.907899667305969 ], [ -49.82954590330398, -23.907876572305955 ], [ -49.82993466730391, -23.907718055305939 ], [ -49.830200235303963, -23.907593459305954 ], [ -49.830531901303928, -23.907404702305964 ], [ -49.830864201303932, -23.907287296305928 ], [ -49.832239743303901, -23.906623123305881 ], [ -49.832801349303878, -23.906250427305864 ], [ -49.833119009303907, -23.905717111305893 ], [ -49.833334287303884, -23.905613080305869 ], [ -49.833583646303865, -23.90556421730588 ], [ -49.834617733303816, -23.905542977305835 ], [ -49.834953708303843, -23.905212003305806 ], [ -49.835629521303829, -23.905028281305828 ], [ -49.835874049303797, -23.905058038305786 ], [ -49.836714500303735, -23.905214315305685 ], [ -49.837040893303737, -23.905217958305688 ], [ -49.837344724303719, -23.905163179305685 ], [ -49.837668975303707, -23.905054908305694 ], [ -49.838012314303676, -23.904997897305655 ], [ -49.838335143303709, -23.904946039305653 ], [ -49.838940171303662, -23.904848847305598 ], [ -49.839235015303657, -23.904876270305596 ], [ -49.839602471303586, -23.904868658305549 ], [ -49.84023629430358, -23.904524024305569 ], [ -49.840144663303661, -23.903806349305572 ], [ -49.840075811303663, -23.903651307305591 ], [ -49.839892582303698, -23.903478333305657 ], [ -49.839898200303729, -23.903388154305638 ], [ -49.838711978303806, -23.902594846305785 ], [ -49.835770169304183, -23.899831740306109 ], [ -49.835707920304202, -23.899729939306138 ], [ -49.835022067304308, -23.898768076306279 ], [ -49.835400153304256, -23.898284522306259 ], [ -49.835693434304304, -23.898056990306245 ], [ -49.836053862304276, -23.897855614306245 ], [ -49.83668141730422, -23.89776950830624 ], [ -49.836854739304265, -23.897663753306187 ], [ -49.836926440304218, -23.897620004306205 ], [ -49.837044578304251, -23.897547920306213 ], [ -49.837452173304236, -23.897322242306213 ], [ -49.83814876230425, -23.896908099306181 ], [ -49.838336444304232, -23.896735305306201 ], [ -49.838406081304207, -23.896768885306187 ], [ -49.839167200304146, -23.897135697306155 ], [ -49.840253859304056, -23.897743383306015 ], [ -49.840401807304076, -23.897399869305993 ], [ -49.840574994304092, -23.897288104306025 ], [ -49.840627293304102, -23.897107063306013 ], [ -49.84055107330412, -23.89657798430607 ], [ -49.840554993304181, -23.896215413306106 ], [ -49.840739570304159, -23.89597178830611 ], [ -49.840979233304189, -23.895520772306135 ], [ -49.8408994173042, -23.895416944306117 ], [ -49.841093231304235, -23.895073504306147 ], [ -49.841053523304204, -23.894855915306156 ], [ -49.841178048304208, -23.894560992306179 ], [ -49.841321093304245, -23.893852040306225 ], [ -49.841362334304279, -23.893500676306221 ], [ -49.841383977304289, -23.893287528306221 ], [ -49.84139980330432, -23.893131674306225 ], [ -49.841088260244277, -23.89296814299313 ], [ -49.840745564304385, -23.892588849306318 ], [ -49.840585301897136, -23.892342060511769 ], [ -49.840615740009731, -23.892134403395509 ], [ -49.840356302966626, -23.892084657924663 ], [ -49.839794080487792, -23.892474686214218 ], [ -49.83935432451203, -23.89273119716346 ], [ -49.838726548459711, -23.892700802157538 ], [ -49.838364930999845, -23.892780944999824 ], [ -49.838117313797859, -23.892825234806857 ], [ -49.837854816715677, -23.893020953089103 ], [ -49.837445069820596, -23.893020873780152 ], [ -49.837011829702298, -23.893129278185615 ], [ -49.836682732937334, -23.893313170619919 ], [ -49.836144379935853, -23.893792971650104 ], [ -49.835445972475213, -23.893378514460277 ], [ -49.834899848871885, -23.893468136976118 ], [ -49.834366982442859, -23.893769955640749 ], [ -49.834022845670333, -23.894066262229234 ], [ -49.833538605331249, -23.89456654686968 ], [ -49.833046023687203, -23.895012035860656 ], [ -49.83281691075328, -23.895058087441047 ], [ -49.832447830999811, -23.894921038999836 ], [ -49.832132403642682, -23.894880848325318 ], [ -49.831882415393544, -23.894936297994548 ], [ -49.831798484914891, -23.895021682402277 ], [ -49.83175372032364, -23.895183111191706 ], [ -49.831786160332896, -23.895680044013929 ], [ -49.831736845333452, -23.895788630022643 ], [ -49.831650728303643, -23.895828120037621 ], [ -49.831524714241617, -23.895795621059367 ], [ -49.831253234586256, -23.895543229893626 ], [ -49.831046284582271, -23.895436518865047 ], [ -49.830711968166447, -23.895476789615042 ], [ -49.830440930854408, -23.895560750791329 ], [ -49.830159764200964, -23.895759529238131 ], [ -49.829909644548195, -23.895829311572676 ], [ -49.829554612333894, -23.895848813625655 ], [ -49.829252744401032, -23.895905356746606 ], [ -49.828980931275765, -23.896027172880096 ], [ -49.82868056391829, -23.896097138131353 ] ] ] ] } },
{ "type": "Feature", "properties": { "fid": 33, "municipio": "SAO JOAO DO CAIUA", "nome": "TAPERIVA", "amb": "Ambiental" }, "geometry": { "type": "MultiPolygon", "coordinates": [ [ [ [ -52.393277044200659, -22.83283640188165 ], [ -52.388049194880296, -22.8284209552221 ], [ -52.38551772183564, -22.826282807334792 ], [ -52.382986684453499, -22.824145252176095 ], [ -52.380463944704388, -22.822010010539088 ], [ -52.377941668928543, -22.819875408196822 ], [ -52.375434011049947, -22.817753669223748 ], [ -52.372899235393561, -22.815613080922049 ], [ -52.370381638622348, -22.813482334662694 ], [ -52.367866546213918, -22.811353529221378 ], [ -52.365357925682474, -22.809233901032712 ], [ -52.362853722945147, -22.807110777474009 ], [ -52.359251208636124, -22.804065457603429 ], [ -52.359199084705324, -22.810521881794557 ], [ -52.359205303589988, -22.810703857045155 ], [ -52.35917502659504, -22.813776245282497 ], [ -52.359088831679401, -22.814484961796552 ], [ -52.358905682784098, -22.815148108405992 ], [ -52.358765674274764, -22.815481349942274 ], [ -52.358478276608366, -22.81601312267594 ], [ -52.356136642625643, -22.820402265409939 ], [ -52.35605377041793, -22.820543217356317 ], [ -52.353671135992045, -22.824812362669036 ], [ -52.351285964326962, -22.829266452463344 ], [ -52.351111663803749, -22.829730851401109 ], [ -52.354776259202481, -22.83077644079458 ], [ -52.358975050447043, -22.831984114891384 ], [ -52.358956268661132, -22.832023843075149 ], [ -52.362715695453517, -22.833107154991012 ], [ -52.367043607362575, -22.834362213732675 ], [ -52.367753570542845, -22.834575817687437 ], [ -52.369422719060822, -22.835030257643666 ], [ -52.369547641133977, -22.835101641016081 ], [ -52.369702305903047, -22.835137333197054 ], [ -52.369797484363517, -22.835196819505654 ], [ -52.370068742518924, -22.835186508891638 ], [ -52.37025315090068, -22.835281687323004 ], [ -52.370570809125638, -22.835309843590949 ], [ -52.370915245366632, -22.835212308738846 ], [ -52.371290596114704, -22.835303895059042 ], [ -52.371680232310609, -22.83533641428221 ], [ -52.372099613028695, -22.835440714203287 ], [ -52.37229529376782, -22.835447677411139 ], [ -52.372586806915933, -22.835393521352671 ], [ -52.372819399104628, -22.835458559799008 ], [ -52.373079355675145, -22.835422074887902 ], [ -52.37322926197885, -22.835265030851588 ], [ -52.373357752443553, -22.835236477316357 ], [ -52.373493381521257, -22.83530786074698 ], [ -52.373657565050962, -22.835243615962099 ], [ -52.374007345206337, -22.835386383638252 ], [ -52.374310399231035, -22.835395626549143 ], [ -52.375043610394641, -22.835458582616411 ], [ -52.375414806392655, -22.835306297114585 ], [ -52.37569792235081, -22.83533227321459 ], [ -52.375855006543134, -22.835219447326381 ], [ -52.376047703422955, -22.835168090590741 ], [ -52.37619760972666, -22.835296581033617 ], [ -52.376525974956166, -22.83536082674982 ], [ -52.376947179600393, -22.835363404185046 ], [ -52.377154152793082, -22.835442918061744 ], [ -52.377314766101335, -22.835442918061744 ], [ -52.37743254956149, -22.83536082674982 ], [ -52.377578886556876, -22.835317996912636 ], [ -52.37768239279103, -22.835342981154099 ], [ -52.377784750049614, -22.835277743579354 ], [ -52.378431962668401, -22.835384820005856 ], [ -52.378816704309429, -22.835448158788495 ], [ -52.379223133961204, -22.835628714703489 ], [ -52.379586001268763, -22.835598971112631 ], [ -52.379935782340908, -22.835744118026923 ], [ -52.380317051487509, -22.835961343371309 ], [ -52.380513356947631, -22.835991086089052 ], [ -52.380739406016801, -22.835955394839402 ], [ -52.381030294443917, -22.836136828467716 ], [ -52.381589468128368, -22.836089239281137 ], [ -52.381773876510124, -22.836208211898338 ], [ -52.382149236389523, -22.83627067290945 ], [ -52.382315243845369, -22.836191456764936 ], [ -52.382702817732934, -22.836335453845095 ], [ -52.383048117077124, -22.8363128095516 ], [ -52.383315806837345, -22.836372295860201 ], [ -52.383529957915016, -22.836336603679229 ], [ -52.383715556370589, -22.836436541518196 ], [ -52.384077234521101, -22.83660429349402 ], [ -52.384387476478878, -22.836606712895446 ], [ -52.384872766979242, -22.836763320316095 ], [ -52.385329623590223, -22.836813289672136 ], [ -52.385665247078578, -22.836969818570651 ], [ -52.385803255390783, -22.836993612756487 ], [ -52.386279028956778, -22.837198761990294 ], [ -52.386372541499441, -22.837274984223768 ], [ -52.386501032877277, -22.83741775189992 ], [ -52.386665215490211, -22.837574795936234 ], [ -52.386825174853584, -22.837624388106633 ], [ -52.387267754238565, -22.837957512703724 ], [ -52.387510162021499, -22.838057648739778 ], [ -52.387792842320778, -22.838044978037942 ], [ -52.387857087098382, -22.837945040198974 ], [ -52.387835672172514, -22.837895071774255 ], [ -52.387885640637251, -22.837852241005749 ], [ -52.387928471398482, -22.837887933128513 ], [ -52.387978439863218, -22.837880794540979 ], [ -52.388014132015087, -22.837795133935288 ], [ -52.388049824166956, -22.837752304039896 ], [ -52.388049010383838, -22.837713419809006 ], [ -52.388099792628054, -22.837638089898974 ], [ -52.388156899705791, -22.837638089898974 ], [ -52.388278252470627, -22.837638089898974 ], [ -52.388328220931726, -22.837602397776209 ], [ -52.388385328009463, -22.837616675009485 ], [ -52.388492403548298, -22.83762381359702 ], [ -52.388692278316739, -22.837630951311439 ], [ -52.388863599542674, -22.837673782079946 ], [ -52.389042059385247, -22.8376880583819 ], [ -52.389099166459346, -22.83765950484667 ], [ -52.389191964775819, -22.837609536363743 ], [ -52.389277625388786, -22.837516737170517 ], [ -52.389291902614787, -22.837331139598973 ], [ -52.389377563227754, -22.837216925458051 ], [ -52.38941325446649, -22.837216925458051 ], [ -52.389477500157227, -22.837174094689544 ], [ -52.389513192305458, -22.837174094689544 ], [ -52.389577437996195, -22.837152679741848 ], [ -52.38967737492203, -22.836924251460005 ], [ -52.38974875922213, -22.83685286808759 ], [ -52.389813003999734, -22.836845729441848 ], [ -52.389991463842307, -22.836760068836156 ], [ -52.390027155990538, -22.836588747624774 ], [ -52.390177062294242, -22.836567332677078 ], [ -52.390248445684847, -22.836453118536156 ], [ -52.390334106297814, -22.836381734232418 ], [ -52.390355521223682, -22.836310350860003 ], [ -52.390426905523782, -22.836303212214261 ], [ -52.390512566140387, -22.836267520091496 ], [ -52.390541119675618, -22.836210413021035 ], [ -52.390591088140354, -22.836153305950575 ], [ -52.390583949527354, -22.836117614700925 ], [ -52.390612503066222, -22.836039091809653 ], [ -52.390648195218091, -22.835924877610523 ], [ -52.390626780292223, -22.83586063288385 ], [ -52.39069816367919, -22.835753556399141 ], [ -52.390783824295795, -22.835589373775292 ], [ -52.390905177060631, -22.835360945493449 ], [ -52.390898038447631, -22.835246731352527 ], [ -52.390933730595862, -22.835189624282066 ], [ -52.390940869208862, -22.835146794386674 ], [ -52.391019391212467, -22.835053995193448 ], [ -52.391047944751335, -22.834932642406784 ], [ -52.391105051825434, -22.834875535336323 ], [ -52.391140743977303, -22.834789874730632 ], [ -52.39122640459027, -22.834689937822986 ], [ -52.391269234442007, -22.834497201663908 ], [ -52.391204988751269, -22.834404402412474 ], [ -52.391290649367875, -22.834354433929548 ], [ -52.391312065203238, -22.834140281949658 ], [ -52.391304926593875, -22.834033206396271 ], [ -52.391376309980842, -22.833904715953395 ], [ -52.391597599671513, -22.833776224579196 ], [ -52.391647569049383, -22.833697702561039 ], [ -52.391740367362218, -22.833590627007652 ], [ -52.391890273665922, -22.833526381349657 ], [ -52.39198307289189, -22.833412167208735 ], [ -52.392132979195594, -22.833355060138274 ], [ -52.392161532734463, -22.833297953067813 ], [ -52.392268608273298, -22.833212292403914 ], [ -52.392332853964035, -22.833105216908734 ], [ -52.392482759350969, -22.833040971192531 ], [ -52.392646942880674, -22.833033832604997 ], [ -52.392775433345378, -22.833040971192531 ], [ -52.392970133165363, -22.832994750118814 ], [ -52.393048655168968, -22.833051857247483 ], [ -52.393177145633672, -22.833023303654045 ], [ -52.393277044200659, -22.83283640188165 ] ] ] ] } },
{ "type": "Feature", "properties": { "fid": 34, "municipio": "RAMILANDIA", "nome": "SANTA IZABEL", "amb": "Ambiental" }, "geometry": { "type": "MultiPolygon", "coordinates": [ [ [ [ -54.171604252133278, -25.09037534872423 ], [ -54.169879772517298, -25.09078686473552 ], [ -54.169252535453921, -25.090936416764645 ], [ -54.166483367927917, -25.091598475789922 ], [ -54.160797690266151, -25.092807172999283 ], [ -54.16073556, -25.09282028 ], [ -54.16038917, -25.09288722 ], [ -54.15592417, -25.09389528 ], [ -54.15199611, -25.09479833 ], [ -54.15174778, -25.09485722 ], [ -54.14618889, -25.09619028 ], [ -54.14560222, -25.09633778 ], [ -54.14286056, -25.0970925 ], [ -54.14068222, -25.0976925 ], [ -54.1399325, -25.09784056 ], [ -54.13957861, -25.09791028 ], [ -54.13786667, -25.09835722 ], [ -54.13506778, -25.09910111 ], [ -54.13504111, -25.09910972 ], [ -54.13268389, -25.09980167 ], [ -54.13277444, -25.09988833 ], [ -54.13204972, -25.10001944 ], [ -54.1313925, -25.10018861 ], [ -54.12996889, -25.10056583 ], [ -54.12897639, -25.10082056 ], [ -54.12849722, -25.10094583 ], [ -54.12821639, -25.10123472 ], [ -54.12791917, -25.10870722 ], [ -54.12801778, -25.11126528 ], [ -54.12957333, -25.11128306 ], [ -54.13250583, -25.1114425 ], [ -54.13662611, -25.11168111 ], [ -54.13707889, -25.1117 ], [ -54.13791111, -25.11174611 ], [ -54.14114111, -25.11185139 ], [ -54.14401528, -25.11206278 ], [ -54.14655444, -25.11213806 ], [ -54.15110944, -25.11236472 ], [ -54.15270972, -25.11244333 ], [ -54.15360028, -25.11249083 ], [ -54.15899556, -25.11278333 ], [ -54.15930139, -25.11279694 ], [ -54.16034667, -25.1128425 ], [ -54.16309389, -25.11297389 ], [ -54.166375, -25.11315833 ], [ -54.16792472, -25.11324083 ], [ -54.16986556, -25.11333306 ], [ -54.1715, -25.11340944 ], [ -54.17276528, -25.11345639 ], [ -54.17419472, -25.11353667 ], [ -54.17499556, -25.11359389 ], [ -54.17509194, -25.11360194 ], [ -54.17755194, -25.11372389 ], [ -54.17765, -25.11372528 ], [ -54.17928278, -25.11379833 ], [ -54.17737389, -25.10800389 ], [ -54.17611222, -25.10418556 ], [ -54.17552889, -25.10226722 ], [ -54.17515611, -25.10116583 ], [ -54.17476278, -25.10000639 ], [ -54.17445778, -25.09908 ], [ -54.17410083, -25.09799583 ], [ -54.17353139, -25.09626333 ], [ -54.17304778, -25.09479889 ], [ -54.17297361, -25.09458472 ], [ -54.17260167, -25.09341806 ], [ -54.17247972, -25.09307333 ], [ -54.1724525, -25.09298944 ], [ -54.171604252133278, -25.09037534872423 ] ] ] ] } },
{ "type": "Feature", "properties": { "fid": 35, "municipio": "HONORIO SERPA", "nome": "CHOPIM", "amb": "Ambiental" }, "geometry": { "type": "MultiPolygon", "coordinates": [ [ [ [ -52.405834332307514, -26.247787863562458 ], [ -52.405795778816405, -26.247828685809015 ], [ -52.406492920961682, -26.248189657141939 ], [ -52.406912784271846, -26.248429027214819 ], [ -52.407062948247933, -26.248926888342538 ], [ -52.407216466294443, -26.248963482038931 ], [ -52.407586929463847, -26.249049408634747 ], [ -52.407732147716125, -26.249252918287869 ], [ -52.407844910878794, -26.249471551608842 ], [ -52.407902562532342, -26.249719433690061 ], [ -52.408179818443585, -26.249954690539276 ], [ -52.40827112980098, -26.250071338223904 ], [ -52.408388623096037, -26.250383182608928 ], [ -52.408457818362386, -26.250517199975466 ], [ -52.408436878169439, -26.250574010091174 ], [ -52.408434068085093, -26.250847401683593 ], [ -52.408344772695131, -26.251047432204338 ], [ -52.408448952984465, -26.25132618443083 ], [ -52.408651535958057, -26.251587179629848 ], [ -52.40881867135009, -26.251855925073045 ], [ -52.409065065430838, -26.251988926039662 ], [ -52.409132169415685, -26.2519826703994 ], [ -52.409188922810877, -26.251857077549264 ], [ -52.408976697212566, -26.251568733033562 ], [ -52.40885501333338, -26.25141600148552 ], [ -52.408805439509948, -26.251348327317334 ], [ -52.408921569551097, -26.251289680622211 ], [ -52.408773490979293, -26.251040338828151 ], [ -52.408884681961524, -26.250995553259859 ], [ -52.408992409779088, -26.251086941901924 ], [ -52.409215970956531, -26.251418689559134 ], [ -52.409364534143556, -26.251517260637044 ], [ -52.409437941865598, -26.25155220037562 ], [ -52.409789448754765, -26.251568160426409 ], [ -52.409983470571234, -26.251550998726849 ], [ -52.410337624202974, -26.251587153875668 ], [ -52.410553955270217, -26.251651474545611 ], [ -52.410586841017881, -26.251729964856562 ], [ -52.410817756422347, -26.25191583752877 ], [ -52.410942915044309, -26.25209074172453 ], [ -52.411044454925801, -26.252249808241753 ], [ -52.411324060084738, -26.252405048590692 ], [ -52.411577828060977, -26.25264251532229 ], [ -52.411740026599823, -26.252924576554602 ], [ -52.411693511196574, -26.253134931614746 ], [ -52.411628990027175, -26.253429422771248 ], [ -52.411714882013726, -26.253726678552361 ], [ -52.412093324612428, -26.25399903008703 ], [ -52.412126723479588, -26.254243988690391 ], [ -52.412092036016489, -26.254331268064536 ], [ -52.41202274576974, -26.254504562056319 ], [ -52.411783933967158, -26.254643320865231 ], [ -52.4113822182535, -26.254847778176025 ], [ -52.411143197306849, -26.254886509291214 ], [ -52.410992505512375, -26.254794551529908 ], [ -52.410894437342144, -26.254583269934276 ], [ -52.41055547742809, -26.254612148412438 ], [ -52.41022830791848, -26.254572749933608 ], [ -52.409971043848927, -26.254584845468802 ], [ -52.409565808528804, -26.254564357896566 ], [ -52.409213414220616, -26.254915298835389 ], [ -52.409159240294926, -26.255097109994068 ], [ -52.409098344700766, -26.255194847360862 ], [ -52.408888219186395, -26.255446168365474 ], [ -52.408489969167043, -26.255838995410301 ], [ -52.408151294583107, -26.25613265292899 ], [ -52.408031249917023, -26.256240719947794 ], [ -52.40775668150799, -26.256395711908304 ], [ -52.407417272256012, -26.256570568214485 ], [ -52.407171611434826, -26.256698463009037 ], [ -52.407006729993725, -26.256750002688079 ], [ -52.406691960276049, -26.256875955696316 ], [ -52.406598120008795, -26.256940340819479 ], [ -52.406168910039781, -26.257099643101739 ], [ -52.40585627642163, -26.257162017186072 ], [ -52.405573432298389, -26.257345253087976 ], [ -52.40530998840989, -26.257518277663955 ], [ -52.405071053281411, -26.257656304657488 ], [ -52.404817714150262, -26.257812166813498 ], [ -52.404779667605254, -26.257945339043296 ], [ -52.404660552961488, -26.258039581623141 ], [ -52.404418932371534, -26.258312420019919 ], [ -52.404135706199696, -26.258747354112703 ], [ -52.403783774243003, -26.258972609863697 ], [ -52.403580676100461, -26.259168694510254 ], [ -52.403366369055576, -26.259490195350963 ], [ -52.403251048843565, -26.259758728028654 ], [ -52.403125460784267, -26.260156008184822 ], [ -52.403195204680515, -26.260577199278124 ], [ -52.403053275986707, -26.26077295631487 ], [ -52.402917172231319, -26.261020205477372 ], [ -52.402746295356863, -26.261156751362485 ], [ -52.40265735214669, -26.26146249159515 ], [ -52.402541596114666, -26.261361697611409 ], [ -52.402493778452666, -26.261248593998012 ], [ -52.402545347009521, -26.261148873938737 ], [ -52.402636900228643, -26.260860351509297 ], [ -52.402380321031586, -26.261122409086287 ], [ -52.402149480360336, -26.261201671225628 ], [ -52.401974569207098, -26.261294199578412 ], [ -52.401787568103003, -26.261263795783176 ], [ -52.401380409477106, -26.261185074737163 ], [ -52.401335002627967, -26.261172608019422 ], [ -52.401194315546874, -26.261146807049609 ], [ -52.401049847631192, -26.261047917005943 ], [ -52.40064653234424, -26.26108913686987 ], [ -52.400398465097254, -26.261226523259104 ], [ -52.400268871419783, -26.261307503299207 ], [ -52.40011006732238, -26.261666194849862 ], [ -52.399971975219479, -26.261798355314227 ], [ -52.399670631768444, -26.261960274104521 ], [ -52.399155769590301, -26.262210218503487 ], [ -52.398886214531196, -26.262317839197642 ], [ -52.398790550151716, -26.26233935475927 ], [ -52.397962773196916, -26.262513078215818 ], [ -52.397956850981643, -26.262528573559347 ], [ -52.397694066339717, -26.262524451200122 ], [ -52.397569272857979, -26.262563402492116 ], [ -52.397339228506496, -26.262659531460546 ], [ -52.397027667087769, -26.262871739352647 ], [ -52.396928360580233, -26.262881823715681 ], [ -52.396815223498912, -26.26293266805278 ], [ -52.396725754941897, -26.26309549870626 ], [ -52.396443135763683, -26.263166047114048 ], [ -52.395882760140488, -26.263244983135902 ], [ -52.395648859152658, -26.263311896599841 ], [ -52.395318036178118, -26.263345535906666 ], [ -52.395230714186745, -26.263244188752278 ], [ -52.395006592535232, -26.263040259688026 ], [ -52.394789446323003, -26.262967528036715 ], [ -52.394388114265126, -26.263074976035941 ], [ -52.39414496260521, -26.263230901652506 ], [ -52.394019973435206, -26.263404547983903 ], [ -52.393828449966335, -26.263431595175696 ], [ -52.393404045908568, -26.263409894732163 ], [ -52.393159231869276, -26.263535771974031 ], [ -52.392720467465452, -26.263485409864739 ], [ -52.392548927223196, -26.263542504977845 ], [ -52.392390480571365, -26.263580875445932 ], [ -52.39200510884266, -26.263700440063403 ], [ -52.391718480996268, -26.263897047614456 ], [ -52.391407769669264, -26.264181729465115 ], [ -52.391279497389647, -26.264340780162506 ], [ -52.391101587470764, -26.264535701060094 ], [ -52.390896057053212, -26.264631131040915 ], [ -52.390729292014505, -26.264879117862638 ], [ -52.390588904616685, -26.265147613194141 ], [ -52.390481678589381, -26.265325237408749 ], [ -52.39049663943085, -26.265496803160072 ], [ -52.390581145689325, -26.265740189359949 ], [ -52.390742839462632, -26.265822763177724 ], [ -52.390888938015735, -26.265966245641724 ], [ -52.390942215761235, -26.266067744729249 ], [ -52.390896038788689, -26.266242791631917 ], [ -52.390837508943363, -26.266456778148235 ], [ -52.390820351068498, -26.266546230269583 ], [ -52.390736579634471, -26.266793142259459 ], [ -52.390692353718109, -26.266989114919099 ], [ -52.390693691727634, -26.267227438435011 ], [ -52.390724541472458, -26.267371044267989 ], [ -52.390773891815691, -26.267546249062043 ], [ -52.390851128836687, -26.267700419506745 ], [ -52.390966313771962, -26.26789638250526 ], [ -52.391081276768254, -26.268006492265236 ], [ -52.391208692510268, -26.268153224781219 ], [ -52.391385111039455, -26.268277905584632 ], [ -52.391575688017959, -26.268372295753679 ], [ -52.391745516468831, -26.268481692549862 ], [ -52.391911863543648, -26.268559434986088 ], [ -52.392103397578587, -26.268717190944056 ], [ -52.392218014527643, -26.268781351113255 ], [ -52.392395540610686, -26.268889589100283 ], [ -52.392586914707145, -26.268949934985873 ], [ -52.392694642181425, -26.26903248820452 ], [ -52.392779173453754, -26.269075995063798 ], [ -52.392976981075293, -26.269180334093949 ], [ -52.393121834050184, -26.269277603306801 ], [ -52.393258102923447, -26.269318441095496 ], [ -52.393392778555089, -26.269360016446903 ], [ -52.393540286744859, -26.269444800961043 ], [ -52.393619020285875, -26.269497481750108 ], [ -52.393891095650922, -26.269674495191495 ], [ -52.394149029055775, -26.269765699958139 ], [ -52.394388393102524, -26.269869904213479 ], [ -52.394595447021985, -26.270060638235861 ], [ -52.394812392813762, -26.270391930245481 ], [ -52.395228928610209, -26.270582523594374 ], [ -52.395312867116431, -26.270609784462895 ], [ -52.395525015866724, -26.270824391402922 ], [ -52.395708603118528, -26.271003525291 ], [ -52.395850348545466, -26.271141988934108 ], [ -52.396026076133928, -26.271367150709178 ], [ -52.396167430107219, -26.271523041620448 ], [ -52.396457385689118, -26.27175422380552 ], [ -52.396596658991626, -26.271844953220743 ], [ -52.396700325048471, -26.271964195927243 ], [ -52.396990729995451, -26.272065461445678 ], [ -52.397177397790486, -26.272075019812508 ], [ -52.397225191561311, -26.272186139159377 ], [ -52.397311502775111, -26.272244160763005 ], [ -52.397765172390145, -26.27244919061431 ], [ -52.398040101992322, -26.272704529862054 ], [ -52.398234945156581, -26.272970037654613 ], [ -52.398552645867085, -26.273176118415869 ], [ -52.398719270858464, -26.273217648099383 ], [ -52.398920223894898, -26.273140668217273 ], [ -52.398983943579623, -26.273076581285874 ], [ -52.399121449853922, -26.272861009716483 ], [ -52.399386393062052, -26.272759301068948 ], [ -52.399563891968803, -26.272713965950381 ], [ -52.399808885659063, -26.272760688654778 ], [ -52.40011118370748, -26.272901373784563 ], [ -52.400266678822469, -26.272958357600817 ], [ -52.400400034173416, -26.27312298885607 ], [ -52.400641659190306, -26.273155930328329 ], [ -52.401111926713654, -26.273183028662096 ], [ -52.401300786496847, -26.273183171221412 ], [ -52.401484364982331, -26.273127121501489 ], [ -52.401580502, -26.273060911376746 ], [ -52.401927873289914, -26.273118998916459 ], [ -52.402110476466483, -26.273140146160259 ], [ -52.402367458965657, -26.273176094450214 ], [ -52.402619211858038, -26.273160183171388 ], [ -52.402625785382597, -26.273157230022811 ], [ -52.40272273975782, -26.273167386872647 ], [ -52.403058251322058, -26.273155170229217 ], [ -52.403394553370653, -26.2730088813551 ], [ -52.403852987055672, -26.272818153881325 ], [ -52.40402603331021, -26.272752453877139 ], [ -52.404332455018547, -26.272578107652922 ], [ -52.404642155770517, -26.27235181852938 ], [ -52.404899299667463, -26.271935555358272 ], [ -52.405087531109245, -26.271567723672426 ], [ -52.405198336780835, -26.271447651878304 ], [ -52.405414782973466, -26.271061397605884 ], [ -52.405638712661272, -26.270714611769762 ], [ -52.405852850667038, -26.27038633833045 ], [ -52.40608950128594, -26.270164733916666 ], [ -52.406236472228152, -26.269913312932012 ], [ -52.406409469422471, -26.26979416576966 ], [ -52.406718804077862, -26.269505222693731 ], [ -52.406843654734629, -26.26934610201997 ], [ -52.407274493175763, -26.269094064584362 ], [ -52.407657940914916, -26.269005894767183 ], [ -52.407740651816987, -26.268989375258379 ], [ -52.407840614032779, -26.268975214323952 ], [ -52.407889482832744, -26.268958936328151 ], [ -52.408122368234601, -26.268981839929818 ], [ -52.408304022006234, -26.268908196318563 ], [ -52.408637741678511, -26.268740344411206 ], [ -52.409092307580295, -26.268588007182998 ], [ -52.409435878750763, -26.268390355148792 ], [ -52.409908334977558, -26.268094567775741 ], [ -52.410058900393494, -26.267959205991975 ], [ -52.41032175840234, -26.267769566937531 ], [ -52.410507203306594, -26.267545930802129 ], [ -52.410799413817585, -26.267374148502025 ], [ -52.410981189467677, -26.267079047283133 ], [ -52.411232729770447, -26.26683977442908 ], [ -52.411310730301047, -26.266781680839909 ], [ -52.411691784071856, -26.266488230812566 ], [ -52.411892069610374, -26.266250183066635 ], [ -52.412080630267624, -26.26607761199601 ], [ -52.412410308339062, -26.26569276197187 ], [ -52.412588994301245, -26.265440752082583 ], [ -52.412898612069661, -26.265193953598672 ], [ -52.413177853991506, -26.265035204132797 ], [ -52.413380730668436, -26.264879282327229 ], [ -52.41358464984728, -26.264693738650568 ], [ -52.413883846483003, -26.264363984567165 ], [ -52.414218188215742, -26.264075682649128 ], [ -52.414395433999978, -26.263969755364723 ], [ -52.414704174713677, -26.263692537979551 ], [ -52.414968142598831, -26.26359586668779 ], [ -52.415139641405446, -26.263462008842374 ], [ -52.415462035564168, -26.263344899544339 ], [ -52.415645875140655, -26.263303996513731 ], [ -52.415809195942472, -26.263288483262496 ], [ -52.415812248076158, -26.263284210080379 ], [ -52.416102273552092, -26.263173196371095 ], [ -52.416395136299485, -26.262990743880383 ], [ -52.41653223616099, -26.26286905024104 ], [ -52.416890896755014, -26.262745621645578 ], [ -52.417241590236017, -26.262526846552451 ], [ -52.417318640652056, -26.262498189979297 ], [ -52.417332987097723, -26.262492270546709 ], [ -52.417603838496468, -26.262410422526898 ], [ -52.418134163866732, -26.262118010112978 ], [ -52.418476659925055, -26.261966570462786 ], [ -52.418876789452533, -26.261737823902063 ], [ -52.419176751782516, -26.261752915115576 ], [ -52.419337555210795, -26.261761166014427 ], [ -52.419333704603147, -26.261724460787338 ], [ -52.419292331210528, -26.261525083750819 ], [ -52.419230020949058, -26.261250711760557 ], [ -52.419209277120686, -26.261117485370949 ], [ -52.41916232836607, -26.260854787959236 ], [ -52.419132718146471, -26.260593453889719 ], [ -52.419130627242779, -26.260577946674474 ], [ -52.419086146393362, -26.260180529477275 ], [ -52.419087484154005, -26.259796381747325 ], [ -52.41907186779158, -26.259376561027945 ], [ -52.419056119910287, -26.258912956559101 ], [ -52.419023906338609, -26.258626821545477 ], [ -52.418929568120369, -26.258163722766028 ], [ -52.418823939349913, -26.257883729770406 ], [ -52.418648363250128, -26.257573913595042 ], [ -52.418447955332248, -26.257230939424893 ], [ -52.418224793093778, -26.256852710218212 ], [ -52.417978170418678, -26.256471733064298 ], [ -52.417846967282571, -26.2562867840659 ], [ -52.417603422303792, -26.255944685796475 ], [ -52.417448567929561, -26.255741282207161 ], [ -52.417319521775617, -26.255552429393386 ], [ -52.41705212718783, -26.255175356824438 ], [ -52.417009641214008, -26.255114747781807 ], [ -52.416752228211827, -26.25472674266339 ], [ -52.416524101496286, -26.254375823454204 ], [ -52.416258095393708, -26.253955943472018 ], [ -52.416218210911957, -26.25389512794753 ], [ -52.41619051457841, -26.253848636787822 ], [ -52.416053173454628, -26.253644155992713 ], [ -52.415809574259107, -26.253271901730933 ], [ -52.415622944350829, -26.252982232011423 ], [ -52.415576652036741, -26.252913083535613 ], [ -52.415336040015156, -26.2525640004873 ], [ -52.415136651833095, -26.252303615740818 ], [ -52.414873778883333, -26.251959716469258 ], [ -52.414567778082628, -26.251559727031559 ], [ -52.414327208373727, -26.251238447442308 ], [ -52.414145864358098, -26.250996119727475 ], [ -52.413998946440692, -26.250793897654528 ], [ -52.413747072672557, -26.250456568376187 ], [ -52.413533538601598, -26.250168333972088 ], [ -52.413316137881452, -26.249866595458634 ], [ -52.413164662095063, -26.24965150741609 ], [ -52.413110737381757, -26.249580176155913 ], [ -52.413013187616571, -26.249453030449143 ], [ -52.412770660989722, -26.249143051980312 ], [ -52.412534721681851, -26.248856119608011 ], [ -52.412332925118903, -26.248619046034904 ], [ -52.412107360332556, -26.248353677749915 ], [ -52.411867982839922, -26.248038791558251 ], [ -52.41164895424771, -26.247742482903551 ], [ -52.411466318988829, -26.247500073764861 ], [ -52.411310369665209, -26.247303624872973 ], [ -52.411096578258686, -26.247034527979359 ], [ -52.410920711641076, -26.24682184354322 ], [ -52.410737398687559, -26.246597676318554 ], [ -52.410560728409536, -26.246392943811056 ], [ -52.410405057712083, -26.246211025957475 ], [ -52.410180345856709, -26.245974083716881 ], [ -52.409986703228689, -26.245797954853803 ], [ -52.409759576216551, -26.245617911224098 ], [ -52.409502692688363, -26.245435902217938 ], [ -52.409315517594457, -26.245297806566064 ], [ -52.409056348447685, -26.245125388686471 ], [ -52.408842941481097, -26.244987008012252 ], [ -52.408623657344314, -26.244842726232182 ], [ -52.408421029632926, -26.244718142131521 ], [ -52.405834332307514, -26.247787863562458 ] ] ], [ [ [ -52.411120929780083, -26.241666043138753 ], [ -52.40857821697265, -26.244553015706963 ], [ -52.408762180113342, -26.244665685272537 ], [ -52.408983886075632, -26.244811568113558 ], [ -52.409197796637358, -26.244950214482305 ], [ -52.409462921619792, -26.245126726502868 ], [ -52.40965302457122, -26.245266869649157 ], [ -52.409913240683323, -26.245451283212049 ], [ -52.410151586685224, -26.245640154069587 ], [ -52.410357175278023, -26.245827269713963 ], [ -52.410591620096966, -26.246074317602091 ], [ -52.41075064329381, -26.246260264871591 ], [ -52.410928937116047, -26.246466786772515 ], [ -52.411116931232208, -26.246697227276012 ], [ -52.411290556485902, -26.246906683457382 ], [ -52.411505670132549, -26.247177482362503 ], [ -52.411518651222899, -26.247191257724296 ], [ -52.411578972995542, -26.247270200494913 ], [ -52.411663447623376, -26.247376079762795 ], [ -52.411848321338709, -26.247621445843144 ], [ -52.412067146699435, -26.247917485351518 ], [ -52.412301947763929, -26.248226457811384 ], [ -52.412523553007475, -26.248487260514722 ], [ -52.412726567324157, -26.248725676021806 ], [ -52.412965352305989, -26.24901610095139 ], [ -52.413210318788082, -26.249329124556876 ], [ -52.413365150387968, -26.249531991932567 ], [ -52.413410711946277, -26.249598891459044 ], [ -52.41351835764069, -26.249749500243638 ], [ -52.413734231932352, -26.250049177061985 ], [ -52.413946646517971, -26.250335887447573 ], [ -52.414199030931272, -26.250674023850756 ], [ -52.414346048035974, -26.250876154460695 ], [ -52.414526375892741, -26.251117228026757 ], [ -52.414766233096437, -26.251437521232049 ], [ -52.415071623733212, -26.251836703746449 ], [ -52.415334496952518, -26.252180602649048 ], [ -52.415537242474635, -26.252445377676931 ], [ -52.415829039891427, -26.252870782838773 ], [ -52.416016895474293, -26.253162426327368 ], [ -52.416037600369734, -26.253193819671921 ], [ -52.416067604417783, -26.253240739510606 ], [ -52.41626008478373, -26.253533871764496 ], [ -52.416465724231976, -26.253847006042808 ], [ -52.416732136703075, -26.254267333014479 ], [ -52.416959039493761, -26.254616368112607 ], [ -52.417214107671299, -26.255000875130655 ], [ -52.41728169652059, -26.255067465592525 ], [ -52.417523071233063, -26.255437211167159 ], [ -52.417650078120481, -26.255623014457402 ], [ -52.417803612610435, -26.255824896123386 ], [ -52.418049296375081, -26.256169952117457 ], [ -52.418183249796463, -26.256358755740617 ], [ -52.418434669069072, -26.256747178266945 ], [ -52.418660386067842, -26.257129624985161 ], [ -52.41886171405303, -26.257474124491583 ], [ -52.419045885297422, -26.257799112512171 ], [ -52.419162790937747, -26.25810896631652 ], [ -52.419262030353075, -26.258596301365138 ], [ -52.419296044917822, -26.258898758896169 ], [ -52.419311982751694, -26.259369673981599 ], [ -52.4193278440992, -26.25979310336211 ], [ -52.419326418232153, -26.260169939392707 ], [ -52.419369759366653, -26.260555902404086 ], [ -52.419400692199652, -26.260827153955617 ], [ -52.41946665421689, -26.261212441883131 ], [ -52.419528123474961, -26.261483481770714 ], [ -52.419569918563859, -26.261684569847841 ], [ -52.419583424589177, -26.261749527008472 ], [ -52.419586256120027, -26.261760061580777 ], [ -52.41972397655298, -26.261747415124912 ], [ -52.420052067822411, -26.261663191037048 ], [ -52.420396968815183, -26.261643890603228 ], [ -52.420555639004625, -26.261707231020061 ], [ -52.420761248625318, -26.261777148513001 ], [ -52.420994128758679, -26.26172663538734 ], [ -52.421199187454881, -26.261710161353644 ], [ -52.421384410782863, -26.261544833900203 ], [ -52.421621696393615, -26.261239510793814 ], [ -52.42172168791604, -26.261146256345363 ], [ -52.42194302136361, -26.260920625874192 ], [ -52.422205678576894, -26.260750287499707 ], [ -52.422336603248006, -26.260631990006583 ], [ -52.422549015711105, -26.26037286349381 ], [ -52.422632583951263, -26.260230208366604 ], [ -52.422798444811477, -26.26005387651464 ], [ -52.422921887033652, -26.259847541048781 ], [ -52.423167924952452, -26.259661205880324 ], [ -52.423280183814065, -26.259588863664366 ], [ -52.423386681689578, -26.259413570948681 ], [ -52.423485400840541, -26.259158729824971 ], [ -52.42349906869952, -26.258752342041017 ], [ -52.423483202239602, -26.258485726975469 ], [ -52.423157791567782, -26.258164672725854 ], [ -52.422860642596248, -26.257960699451612 ], [ -52.422467655538625, -26.257738535893623 ], [ -52.422254769583922, -26.257646123103711 ], [ -52.422045939006814, -26.257705788826005 ], [ -52.421859086802762, -26.257720368299061 ], [ -52.421582840389881, -26.257686901653393 ], [ -52.421392186438389, -26.257331647736205 ], [ -52.421246891921911, -26.257091771739663 ], [ -52.42115731548499, -26.256773704779842 ], [ -52.421203520705461, -26.256662566231839 ], [ -52.421411578349094, -26.256465505749912 ], [ -52.421593854357489, -26.256453500012864 ], [ -52.421656327671165, -26.256420381349852 ], [ -52.421735842543001, -26.256191641295175 ], [ -52.421714417967102, -26.255986199288291 ], [ -52.421620591674206, -26.255754932171858 ], [ -52.421573554084944, -26.255616730222432 ], [ -52.421588359507695, -26.255410117024205 ], [ -52.421631304452745, -26.255187516827345 ], [ -52.421681485421921, -26.255180971416749 ], [ -52.421829206535946, -26.255052938692682 ], [ -52.422148636247577, -26.25481821180357 ], [ -52.42240117098747, -26.254672800159259 ], [ -52.422645937367214, -26.254522590010033 ], [ -52.422830794597388, -26.254320069894383 ], [ -52.423103733935243, -26.254066391719398 ], [ -52.423923267498566, -26.253446723040241 ], [ -52.424356666812962, -26.253149833288191 ], [ -52.424513248462731, -26.252977112565929 ], [ -52.424847232647593, -26.252639679407643 ], [ -52.425115684083231, -26.252379903205817 ], [ -52.425289987273629, -26.252174595921307 ], [ -52.425483495858437, -26.251967924204976 ], [ -52.425591493686625, -26.251760476027311 ], [ -52.425753855273101, -26.251413640061433 ], [ -52.425911507582995, -26.251156767887824 ], [ -52.426031851741378, -26.250935655082255 ], [ -52.426241156783817, -26.250547095320286 ], [ -52.426294309315637, -26.250431552922805 ], [ -52.426410658883604, -26.250088423202101 ], [ -52.426512872289699, -26.249825691219424 ], [ -52.426589236565981, -26.249643383062047 ], [ -52.426645368968785, -26.249394830977227 ], [ -52.42666001763827, -26.249184336979916 ], [ -52.426713097906308, -26.249038371360655 ], [ -52.426821661506246, -26.248484247928232 ], [ -52.426822075762743, -26.248468986775279 ], [ -52.426797570991297, -26.248192256266925 ], [ -52.426320869139609, -26.246875947554468 ], [ -52.426343564275385, -26.246816048200937 ], [ -52.426359401863195, -26.246711077757688 ], [ -52.426360251522865, -26.246641284145973 ], [ -52.426386417059348, -26.24644746751088 ], [ -52.4264206402976, -26.24634782146882 ], [ -52.426433299532157, -26.24618754193785 ], [ -52.426550603614288, -26.245693366867538 ], [ -52.42652053468484, -26.245428156783735 ], [ -52.426485107029585, -26.245175006918522 ], [ -52.426424582681655, -26.244949009197995 ], [ -52.426291644496381, -26.244712084532225 ], [ -52.426184026164307, -26.244556429733141 ], [ -52.426030647875642, -26.244375409484594 ], [ -52.425762490513229, -26.244026075715752 ], [ -52.425559756588413, -26.243877683869606 ], [ -52.425372793940099, -26.243602384328113 ], [ -52.425226434064683, -26.243512294137453 ], [ -52.424937201375364, -26.243379926267131 ], [ -52.424710973289542, -26.243275009554242 ], [ -52.424490008055493, -26.243043379619241 ], [ -52.42429172375175, -26.242931233677798 ], [ -52.424018720167069, -26.242733883027448 ], [ -52.42399492770074, -26.242753077346713 ], [ -52.422160411223167, -26.243427574759846 ], [ -52.422313094748858, -26.243724794694259 ], [ -52.422631891965544, -26.24416409281427 ], [ -52.423454793128755, -26.245099531502358 ], [ -52.424256852580761, -26.246040588302503 ], [ -52.4242606121419, -26.24694008516105 ], [ -52.424381601856467, -26.247962371696978 ], [ -52.419582173351458, -26.246855854435296 ], [ -52.419512207179153, -26.246840476296303 ], [ -52.418350076351778, -26.246551057605327 ], [ -52.418063627237615, -26.245608939950053 ], [ -52.417699293841359, -26.244435664414244 ], [ -52.415502315503161, -26.244251765020199 ], [ -52.41428779126862, -26.243187515108886 ], [ -52.414181810190819, -26.242570239626776 ], [ -52.412836579138528, -26.242533009935517 ], [ -52.412703501018186, -26.241785275910242 ], [ -52.412310581912408, -26.241579150740918 ], [ -52.411837197877844, -26.241515643177475 ], [ -52.411120929780083, -26.241666043138753 ] ] ] ] } },
{ "type": "Feature", "properties": { "fid": 36, "municipio": "SANTA CRUZ DE MONTE CASTELO", "nome": "TEIXEIRINHA", "amb": "Ambiental" }, "geometry": { "type": "MultiPolygon", "coordinates": [ [ [ [ -53.344919387999937, -23.010140239999942 ], [ -53.342917621999902, -23.011552703999939 ], [ -53.340891227999919, -23.013007101999904 ], [ -53.339653917999954, -23.013892610999903 ], [ -53.338954171999944, -23.014385881999942 ], [ -53.337028026999917, -23.01574877999991 ], [ -53.335064731999921, -23.017143441999906 ], [ -53.333106081999915, -23.018523567999921 ], [ -53.331178969999939, -23.019884835999903 ], [ -53.331073941999932, -23.019933457999912 ], [ -53.330229610999936, -23.020299692999913 ], [ -53.329707507999956, -23.020589720999908 ], [ -53.329675012999928, -23.02011897299991 ], [ -53.32956473899992, -23.01972517899992 ], [ -53.329574966999928, -23.019560976999912 ], [ -53.329516317999946, -23.019275492999952 ], [ -53.329410105999955, -23.018774058999952 ], [ -53.329233459999955, -23.018508467999936 ], [ -53.329249691999905, -23.018413224999904 ], [ -53.329329767999923, -23.018359790999909 ], [ -53.329338622999956, -23.018115645999956 ], [ -53.329402228999925, -23.017832649999946 ], [ -53.329545111999948, -23.017652952999924 ], [ -53.329550243999904, -23.017636620999951 ], [ -53.329310182999905, -23.017562623999936 ], [ -53.327864443999943, -23.017089750999958 ], [ -53.327435746999925, -23.01694361999995 ], [ -53.325169381999956, -23.016250635999938 ], [ -53.323220922999951, -23.015613353999925 ], [ -53.321410084999911, -23.015056943999923 ], [ -53.31246602899995, -23.012245772999904 ], [ -53.313154625999914, -23.01375298499994 ], [ -53.320604992999904, -23.017273885999941 ], [ -53.326017228999945, -23.019810374999906 ], [ -53.328238814999906, -23.020821447999936 ], [ -53.329231313999912, -23.021315152999932 ], [ -53.329365877999919, -23.021664268999928 ], [ -53.329262978999907, -23.021789316999957 ], [ -53.329265682999903, -23.022050499999921 ], [ -53.329185698999936, -23.022073028999955 ], [ -53.329027278999945, -23.022241128999951 ], [ -53.328899365999916, -23.022452781999959 ], [ -53.32892243799995, -23.022870800999954 ], [ -53.328979955999955, -23.023184035999918 ], [ -53.328942954999945, -23.023432964999927 ], [ -53.328614591999951, -23.023828747999914 ], [ -53.328474564999908, -23.023956526999939 ], [ -53.328514150999922, -23.024107220999952 ], [ -53.328444062999949, -23.02418918099994 ], [ -53.328244638999934, -23.024131049999937 ], [ -53.32818834099993, -23.024168631999942 ], [ -53.328075701999921, -23.024236719999919 ], [ -53.328047082999944, -23.024333218999914 ], [ -53.327911910999944, -23.024663591999911 ], [ -53.327919998999903, -23.024887389999947 ], [ -53.327813108999919, -23.025335082999959 ], [ -53.327859460999946, -23.025741103999906 ], [ -53.32814815699993, -23.026068370999951 ], [ -53.32826044199993, -23.026383778999957 ], [ -53.328312098999902, -23.026637442999913 ], [ -53.328275385999916, -23.026777206999952 ], [ -53.328221418999931, -23.026816506999921 ], [ -53.32820150099991, -23.026909049999915 ], [ -53.328173337999942, -23.026970233999918 ], [ -53.328245231999915, -23.027145956999959 ], [ -53.328267893999907, -23.027597439999909 ], [ -53.327993834999916, -23.027779933999909 ], [ -53.3279303999999, -23.027857508999944 ], [ -53.327822190999939, -23.027854956999931 ], [ -53.327570946999913, -23.028097721999927 ], [ -53.327549182999917, -23.028158332999908 ], [ -53.327219929999956, -23.028419145999919 ], [ -53.327179187999945, -23.02871112999992 ], [ -53.327245656999935, -23.029040692999956 ], [ -53.32734290399992, -23.029269291999924 ], [ -53.327438902999916, -23.029442303999929 ], [ -53.32758470999994, -23.029717052999956 ], [ -53.327728754999953, -23.02980858299992 ], [ -53.327831318999927, -23.030091082999945 ], [ -53.327912520999917, -23.030272554999954 ], [ -53.327790268999934, -23.030421306999926 ], [ -53.327837032999923, -23.030460522999931 ], [ -53.327756172999955, -23.030750308999927 ], [ -53.327616846999945, -23.030999334999933 ], [ -53.327633919999926, -23.031238538999958 ], [ -53.327550734999932, -23.03133512799991 ], [ -53.327557563999903, -23.031650246999959 ], [ -53.327512888999934, -23.032095949999928 ], [ -53.327468559999943, -23.032239906999905 ], [ -53.327187421999952, -23.032338018999951 ], [ -53.327125021999905, -23.032864902999904 ], [ -53.327108289999956, -23.03316456999994 ], [ -53.327143525999929, -23.033569525999951 ], [ -53.327246855999931, -23.033778415999905 ], [ -53.327308711999933, -23.033792682999945 ], [ -53.327367651999907, -23.033887621999952 ], [ -53.327559565999934, -23.034014261999914 ], [ -53.327696418999949, -23.034445916999914 ], [ -53.327881956999931, -23.034662967999907 ], [ -53.32807105899991, -23.034914779999951 ], [ -53.328322421999928, -23.034864980999942 ], [ -53.328532323999923, -23.035488563999934 ], [ -53.328342673999941, -23.035689570999921 ], [ -53.328215003999901, -23.035824643999945 ], [ -53.328094749999934, -23.035996811999951 ], [ -53.328039675999946, -23.03664837599996 ], [ -53.3280885449999, -23.036761140999943 ], [ -53.327860951999924, -23.036938636999935 ], [ -53.327594086999909, -23.037450058999923 ], [ -53.327659188999917, -23.037822803999916 ], [ -53.32763732199993, -23.037933685999917 ], [ -53.327692776999925, -23.038162835999913 ], [ -53.327811842999949, -23.038757412999928 ], [ -53.327771810999934, -23.038889795999921 ], [ -53.328335539999955, -23.038511067999934 ], [ -53.328368755999918, -23.038474240999903 ], [ -53.339592495999909, -23.030450676999919 ], [ -53.343197446999909, -23.027857770999958 ], [ -53.345742892999908, -23.026034707999941 ], [ -53.347735132999901, -23.024525521999919 ], [ -53.349660732999951, -23.023279812999931 ], [ -53.350949585999899, -23.022375465999914 ], [ -53.353987878999931, -23.020247103999907 ], [ -53.356327938999925, -23.018597457999931 ], [ -53.358651291999934, -23.016947803999926 ], [ -53.354834858999936, -23.011788767999917 ], [ -53.354814892652435, -23.011763001949525 ], [ -53.354764056569842, -23.011697473036861 ], [ -53.354423137706505, -23.011239404060813 ], [ -53.353567246029385, -23.010098386133677 ], [ -53.350631861999943, -23.006185170999913 ], [ -53.348757273999922, -23.007499112999938 ], [ -53.348719892999952, -23.007519980999916 ], [ -53.348597029999951, -23.007548202999942 ], [ -53.346628775999932, -23.008943265999903 ], [ -53.344919387999937, -23.010140239999942 ] ] ] ] } }
]
}
