{
"type": "FeatureCollection",
"name": "irenoalves",
"crs": { "type": "name", "properties": { "name": "urn:ogc:def:crs:EPSG::4674" } },
"features": [
{ "type": "Feature", "properties": { "NUM_LOTE": "075", "NOME_PA": "IRENO ALVES DOS SANTOS", "COD_SIPRA": "PR0134000", "A_UTM": 14.739371481899999, "Obs": null }, "geometry": { "type": "MultiPolygon", "coordinates": [ [ [ [ -52.6372422, -25.651553400000012, 0.0 ], [ -52.637246600000026, -25.652282500000013, 0.0 ], [ -52.637346, -25.653260100000011, 0.0 ], [ -52.637351799999976, -25.65331470000001, 0.0 ], [ -52.637354099999982, -25.653314200000011, 0.0 ], [ -52.6373941, -25.6532942, 0.0 ], [ -52.637494899999979, -25.653254, 0.0 ], [ -52.637563, -25.653203500000018, 0.0 ], [ -52.637607100000025, -25.653178200000013, 0.0 ], [ -52.637680400000022, -25.6531496, 0.0 ], [ -52.637734, -25.653133700000012, 0.0 ], [ -52.637798, -25.65308060000001, 0.0 ], [ -52.637889299999983, -25.6530459, 0.0 ], [ -52.638031099999978, -25.652960399999984, 0.0 ], [ -52.638151199999982, -25.652962100000025, 0.0 ], [ -52.6382299, -25.652934500000015, 0.0 ], [ -52.6383045, -25.65290490000001, 0.0 ], [ -52.638401699999974, -25.652909099999988, 0.0 ], [ -52.6384802, -25.652879, 0.0 ], [ -52.638598600000023, -25.6528781, 0.0 ], [ -52.63863379999998, -25.652872399999978, 0.0 ], [ -52.638743299999987, -25.652850100000023, 0.0 ], [ -52.6388728, -25.652839799999981, 0.0 ], [ -52.638976800000023, -25.652817700000014, 0.0 ], [ -52.639040099999988, -25.652804899999978, 0.0 ], [ -52.639125499999977, -25.652786900000024, 0.0 ], [ -52.6392265, -25.652776599999981, 0.0 ], [ -52.63930670000002, -25.652768900000012, 0.0 ], [ -52.639399700000013, -25.65275170000001, 0.0 ], [ -52.639476399999978, -25.652738600000021, 0.0 ], [ -52.639555299999984, -25.652724, 0.0 ], [ -52.639673500000015, -25.652718, 0.0 ], [ -52.639782200000013, -25.65270240000001, 0.0 ], [ -52.639897599999983, -25.652690399999983, 0.0 ], [ -52.639984299999981, -25.652697, 0.0 ], [ -52.640049499999975, -25.652669899999978, 0.0 ], [ -52.6401406, -25.6526566, 0.0 ], [ -52.640218899999979, -25.652657, 0.0 ], [ -52.640298700000017, -25.652653699999973, 0.0 ], [ -52.640365299999985, -25.652646899999979, 0.0 ], [ -52.6404599, -25.6526159, 0.0 ], [ -52.640528800000027, -25.652595799999972, 0.0 ], [ -52.6406086, -25.6525747, 0.0 ], [ -52.6406462, -25.652568700000018, 0.0 ], [ -52.64073430000002, -25.652540400000021, 0.0 ], [ -52.640809900000022, -25.6525216, 0.0 ], [ -52.640913399999988, -25.652484099999981, 0.0 ], [ -52.641024099999981, -25.652455799999984, 0.0 ], [ -52.641109700000015, -25.652441099999976, 0.0 ], [ -52.6411991, -25.652431700000022, 0.0 ], [ -52.641285700000026, -25.652405699999974, 0.0 ], [ -52.641373699999974, -25.652402100000018, 0.0 ], [ -52.641441900000018, -25.652400399999976, 0.0 ], [ -52.641540799999973, -25.6523871, 0.0 ], [ -52.641631500000017, -25.652384499999982, 0.0 ], [ -52.6417227, -25.652368299999978, 0.0 ], [ -52.641800699999976, -25.652368799999977, 0.0 ], [ -52.6418764, -25.6523378, 0.0 ], [ -52.641958499999987, -25.6523274, 0.0 ], [ -52.642043100000024, -25.652311699999984, 0.0 ], [ -52.642141, -25.6523201, 0.0 ], [ -52.642215799999974, -25.6523173, 0.0 ], [ -52.6423365, -25.6523183, 0.0 ], [ -52.642483500000026, -25.652314100000012, 0.0 ], [ -52.642621799999972, -25.6523381, 0.0 ], [ -52.6427256, -25.652342499999975, 0.0 ], [ -52.642866700000013, -25.652355100000023, 0.0 ], [ -52.642984800000022, -25.652354600000024, 0.0 ], [ -52.643101600000023, -25.6523805, 0.0 ], [ -52.643155700000023, -25.652380400000027, 0.0 ], [ -52.643254300000024, -25.652381400000024, 0.0 ], [ -52.6433538, -25.652347299999974, 0.0 ], [ -52.643401700000027, -25.652353, 0.0 ], [ -52.643415100000027, -25.6523264, 0.0 ], [ -52.643592399999989, -25.6522607, 0.0 ], [ -52.6437649, -25.652231, 0.0 ], [ -52.644071, -25.652212799999973, 0.0 ], [ -52.644359599999973, -25.652211500000021, 0.0 ], [ -52.6445845, -25.652236800000026, 0.0 ], [ -52.644794400000023, -25.652293900000018, 0.0 ], [ -52.644905600000016, -25.6523244, 0.0 ], [ -52.6450731, -25.652325099999985, 0.0 ], [ -52.645238, -25.6523282, 0.0 ], [ -52.6453785, -25.652318900000012, 0.0 ], [ -52.645537400000023, -25.652305399999989, 0.0 ], [ -52.645677299999988, -25.652287399999977, 0.0 ], [ -52.645861200000013, -25.652263100000027, 0.0 ], [ -52.6460009, -25.6522716, 0.0 ], [ -52.646134800000027, -25.652275, 0.0 ], [ -52.646353200000021, -25.652229200000022, 0.0 ], [ -52.64658750000001, -25.6522182, 0.0 ], [ -52.646858, -25.652207200000021, 0.0 ], [ -52.647083899999984, -25.6521864, 0.0 ], [ -52.647293199999979, -25.652117799999985, 0.0 ], [ -52.647519100000011, -25.652046, 0.0 ], [ -52.647619799999973, -25.652039699999989, 0.0 ], [ -52.6477377, -25.652022199999976, 0.0 ], [ -52.647859499999981, -25.651999400000022, 0.0 ], [ -52.6481389, -25.651885199999981, 0.0 ], [ -52.648475500000018, -25.651809500000013, 0.0 ], [ -52.648780499999987, -25.651829099999986, 0.0 ], [ -52.6489927, -25.6519156, 0.0 ], [ -52.649204199999986, -25.651993899999979, 0.0 ], [ -52.649234, -25.652026, 0.0 ], [ -52.6492973, -25.652078500000016, 0.0 ], [ -52.649397500000021, -25.6521452, 0.0 ], [ -52.649474699999985, -25.6522119, 0.0 ], [ -52.649561899999981, -25.6522685, 0.0 ], [ -52.649677, -25.6523315, 0.0 ], [ -52.6497693, -25.6524005, 0.0 ], [ -52.649976700000025, -25.652467, 0.0 ], [ -52.6502018, -25.652514199999985, 0.0 ], [ -52.650342299999977, -25.652556, 0.0 ], [ -52.6505105, -25.652603199999987, 0.0 ], [ -52.6506761, -25.6526806, 0.0 ], [ -52.650854, -25.652716199999986, 0.0 ], [ -52.6510346, -25.652787199999977, 0.0 ], [ -52.651209400000027, -25.652849300000014, 0.0 ], [ -52.6513612, -25.65297, 0.0 ], [ -52.6515559, -25.6530661, 0.0 ], [ -52.6516583, -25.6531718, 0.0 ], [ -52.651813300000015, -25.6532413, 0.0 ], [ -52.652007, -25.6532714, 0.0 ], [ -52.652276500000028, -25.6532815, 0.0 ], [ -52.6524369, -25.653287400000011, 0.0 ], [ -52.652475900000013, -25.653286799999989, 0.0 ], [ -52.652574, -25.6532805, 0.0 ], [ -52.65264860000002, -25.653269599999987, 0.0 ], [ -52.65271580000001, -25.653320099999974, 0.0 ], [ -52.652802099999974, -25.6533796, 0.0 ], [ -52.652852199999984, -25.653409, 0.0 ], [ -52.652911, -25.6534256, 0.0 ], [ -52.652967100000012, -25.653455800000017, 0.0 ], [ -52.6529979, -25.653479300000015, 0.0 ], [ -52.653055199999983, -25.6535086, 0.0 ], [ -52.653122199999984, -25.653535299999987, 0.0 ], [ -52.653203, -25.6535814, 0.0 ], [ -52.653267700000015, -25.653612800000019, 0.0 ], [ -52.6533488, -25.653664100000015, 0.0 ], [ -52.6533943, -25.653692299999989, 0.0 ], [ -52.6534261, -25.653709400000025, 0.0 ], [ -52.653502800000012, -25.653748399999984, 0.0 ], [ -52.653554199999974, -25.653776900000025, 0.0 ], [ -52.653671499999973, -25.653841300000011, 0.0 ], [ -52.6537639, -25.653946500000018, 0.0 ], [ -52.653856299999973, -25.654025499999989, 0.0 ], [ -52.653928800000017, -25.6540769, 0.0 ], [ -52.6540496, -25.6541755, 0.0 ], [ -52.654298499999982, -25.6543145, 0.0 ], [ -52.6545233, -25.654451900000026, 0.0 ], [ -52.654671099999973, -25.654523, 0.0 ], [ -52.654828, -25.6545964, 0.0 ], [ -52.6549738, -25.654711599999985, 0.0 ], [ -52.654985399999987, -25.654754500000024, 0.0 ], [ -52.655060600000013, -25.65480580000002, 0.0 ], [ -52.655177, -25.6548649, 0.0 ], [ -52.655277300000023, -25.6549248, 0.0 ], [ -52.655449799999985, -25.655010300000015, 0.0 ], [ -52.6556377, -25.655107, 0.0 ], [ -52.655736400000023, -25.655185599999982, 0.0 ], [ -52.655844899999977, -25.655257300000017, 0.0 ], [ -52.65604350000001, -25.6553288, 0.0 ], [ -52.656226800000013, -25.655371600000024, 0.0 ], [ -52.6563574, -25.655418699999984, 0.0 ], [ -52.6564553, -25.655486199999984, 0.0 ], [ -52.656582899999989, -25.655525, 0.0 ], [ -52.656689299999982, -25.655589599999985, 0.0 ], [ -52.65681330000001, -25.655648400000018, 0.0 ], [ -52.6569991, -25.655748099999983, 0.0 ], [ -52.6571389, -25.655835599999989, 0.0 ], [ -52.657232099999987, -25.655871100000013, 0.0 ], [ -52.657482800000025, -25.6559863, 0.0 ], [ -52.657713100000024, -25.656056499999977, 0.0 ], [ -52.657862299999977, -25.656094699999983, 0.0 ], [ -52.6579678, -25.656140199999982, 0.0 ], [ -52.6581587, -25.6562353, 0.0 ], [ -52.658281499999987, -25.656325200000026, 0.0 ], [ -52.6584755, -25.656415400000014, 0.0 ], [ -52.6586767, -25.6565056, 0.0 ], [ -52.6589141, -25.6565837, 0.0 ], [ -52.659136199999978, -25.6566416, 0.0 ], [ -52.659423600000025, -25.656643, 0.0 ], [ -52.659588499999984, -25.6566413, 0.0 ], [ -52.659746499999983, -25.656625799999972, 0.0 ], [ -52.659808600000019, -25.656594900000016, 0.0 ], [ -52.659938399999987, -25.656579299999976, 0.0 ], [ -52.660149499999989, -25.656577200000015, 0.0 ], [ -52.6602461, -25.656608100000028, 0.0 ], [ -52.6603882, -25.656610600000022, 0.0 ], [ -52.660656500000016, -25.6566406, 0.0 ], [ -52.6609062, -25.6566831, 0.0 ], [ -52.661194, -25.656709499999977, 0.0 ], [ -52.661416700000018, -25.6567058, 0.0 ], [ -52.661589100000015, -25.656723, 0.0 ], [ -52.661810300000013, -25.656753900000012, 0.0 ], [ -52.66201719999998, -25.6567627, 0.0 ], [ -52.6621889, -25.656765600000028, 0.0 ], [ -52.662401100000011, -25.656777499999976, 0.0 ], [ -52.662700299999983, -25.656787300000019, 0.0 ], [ -52.662867399999982, -25.6568173, 0.0 ], [ -52.662981600000023, -25.656832399999985, 0.0 ], [ -52.663148400000011, -25.656851300000028, 0.0 ], [ -52.6634285, -25.656878800000015, 0.0 ], [ -52.663699099999974, -25.656882900000028, 0.0 ], [ -52.663922599999978, -25.656901600000026, 0.0 ], [ -52.6640792, -25.6569164, 0.0 ], [ -52.664266600000019, -25.6569354, 0.0 ], [ -52.6644207, -25.656916200000012, 0.0 ], [ -52.6646351, -25.6568916, 0.0 ], [ -52.664881400000013, -25.656893599999989, 0.0 ], [ -52.665073099999972, -25.656912299999988, 0.0 ], [ -52.6652408, -25.656926699999985, 0.0 ], [ -52.665400700000021, -25.6569432, 0.0 ], [ -52.665550100000019, -25.6569609, 0.0 ], [ -52.665616699999987, -25.656946, 0.0 ], [ -52.665679399999988, -25.656878899999981, 0.0 ], [ -52.665821400000027, -25.6568191, 0.0 ], [ -52.6659752, -25.6567844, 0.0 ], [ -52.666085899999985, -25.65676910000002, 0.0 ], [ -52.6662187, -25.656767, 0.0 ], [ -52.666430900000023, -25.656726600000013, 0.0 ], [ -52.666632900000025, -25.65669650000001, 0.0 ], [ -52.666821500000026, -25.6566608, 0.0 ], [ -52.666989600000022, -25.656643499999973, 0.0 ], [ -52.6673786, -25.656547, 0.0 ], [ -52.66768350000001, -25.656553499999973, 0.0 ], [ -52.667832200000021, -25.656551, 0.0 ], [ -52.6680131, -25.65651, 0.0 ], [ -52.668249800000012, -25.656485299999986, 0.0 ], [ -52.6684024, -25.6564634, 0.0 ], [ -52.6685789, -25.656467799999973, 0.0 ], [ -52.668675599999972, -25.656474600000024, 0.0 ], [ -52.668812300000013, -25.656466, 0.0 ], [ -52.668972199999985, -25.656444599999986, 0.0 ], [ -52.6691358, -25.6564007, 0.0 ], [ -52.6693249, -25.656354, 0.0 ], [ -52.6694293, -25.656298600000014, 0.0 ], [ -52.6695906, -25.656243599999982, 0.0 ], [ -52.669757, -25.656196299999976, 0.0 ], [ -52.669919600000014, -25.656193499999972, 0.0 ], [ -52.6700859, -25.656160699999987, 0.0 ], [ -52.670320600000025, -25.6561534, 0.0 ], [ -52.67055449999998, -25.656099900000015, 0.0 ], [ -52.670722399999988, -25.656027900000026, 0.0 ], [ -52.6709108, -25.655967, 0.0 ], [ -52.671105300000022, -25.655943700000023, 0.0 ], [ -52.671372599999984, -25.655874200000028, 0.0 ], [ -52.671573, -25.6558571, 0.0 ], [ -52.671672199999989, -25.655859, 0.0 ], [ -52.6719781, -25.655766799999981, 0.0 ], [ -52.6723255, -25.655707800000016, 0.0 ], [ -52.672518299999979, -25.6556946, 0.0 ], [ -52.672614099999976, -25.655687100000023, 0.0 ], [ -52.672916699999973, -25.6556792, 0.0 ], [ -52.673387600000012, -25.6556771, 0.0 ], [ -52.673634100000015, -25.655650200000025, 0.0 ], [ -52.6739066, -25.6555947, 0.0 ], [ -52.674247400000013, -25.655579199999977, 0.0 ], [ -52.674590599999988, -25.655506100000025, 0.0 ], [ -52.674797, -25.655442600000015, 0.0 ], [ -52.675006199999984, -25.655353, 0.0 ], [ -52.675164900000027, -25.6552984, 0.0 ], [ -52.675343, -25.655275099999983, 0.0 ], [ -52.675522899999976, -25.655220499999984, 0.0 ], [ -52.675659199999984, -25.65516580000002, 0.0 ], [ -52.675824200000022, -25.655114700000013, 0.0 ], [ -52.675991899999985, -25.6550441, 0.0 ], [ -52.6761811, -25.6549736, 0.0 ], [ -52.676395599999978, -25.654963899999984, 0.0 ], [ -52.676643, -25.654917099999977, 0.0 ], [ -52.676760800000011, -25.6548067, 0.0 ], [ -52.676804300000015, -25.654695100000026, 0.0 ], [ -52.676742100000013, -25.654515800000013, 0.0 ], [ -52.676701700000024, -25.654333800000018, 0.0 ], [ -52.6767132, -25.654235700000015, 0.0 ], [ -52.6766116, -25.654109, 0.0 ], [ -52.676526, -25.653877299999976, 0.0 ], [ -52.676606900000024, -25.653697099999988, 0.0 ], [ -52.676456299999984, -25.653642199999979, 0.0 ], [ -52.6761646, -25.6536436, 0.0 ], [ -52.675940299999979, -25.6536711, 0.0 ], [ -52.675856899999985, -25.653543099999979, 0.0 ], [ -52.675977199999977, -25.653380500000026, 0.0 ], [ -52.676126899999986, -25.6534117, 0.0 ], [ -52.6764728, -25.653298600000028, 0.0 ], [ -52.676669, -25.653128700000025, 0.0 ], [ -52.676985699999989, -25.653053100000022, 0.0 ], [ -52.677183300000024, -25.653007600000024, 0.0 ], [ -52.677378499999975, -25.6528765, 0.0 ], [ -52.67761680000001, -25.6527226, 0.0 ], [ -52.677718299999981, -25.652630400000021, 0.0 ], [ -52.6775452, -25.6524814, 0.0 ], [ -52.677406500000018, -25.652316499999984, 0.0 ], [ -52.677234, -25.6522119, 0.0 ], [ -52.6770618, -25.652129, 0.0 ], [ -52.676942600000018, -25.6519942, 0.0 ], [ -52.6770373, -25.651798199999973, 0.0 ], [ -52.6772211, -25.65175290000002, 0.0 ], [ -52.6772403, -25.651290099999983, 0.0 ], [ -52.6772975, -25.650766499999975, 0.0 ], [ -52.6773096, -25.650655799999981, 0.0 ], [ -52.67733, -25.650468499999988, 0.0 ], [ -52.677341399999989, -25.650363700000014, 0.0 ], [ -52.677744, -25.649773200000027, 0.0 ], [ -52.6782174, -25.649249399999974, 0.0 ], [ -52.6786237, -25.6486117, 0.0 ], [ -52.678692, -25.6484115, 0.0 ], [ -52.678991699999983, -25.648029599999973, 0.0 ], [ -52.678929400000015, -25.647543400000018, 0.0 ], [ -52.678871300000026, -25.647467899999981, 0.0 ], [ -52.6786381, -25.6473054, 0.0 ], [ -52.678280200000017, -25.647125500000016, 0.0 ], [ -52.677991500000019, -25.646969399999989, 0.0 ], [ -52.6777366, -25.646690200000023, 0.0 ], [ -52.677598900000021, -25.6463799, 0.0 ], [ -52.6773574, -25.6459542, 0.0 ], [ -52.677027899999985, -25.645737199999985, 0.0 ], [ -52.6765254, -25.6460075, 0.0 ], [ -52.6761181, -25.646142600000019, 0.0 ], [ -52.6756375, -25.6460796, 0.0 ], [ -52.675274100000024, -25.6458753, 0.0 ], [ -52.675324199999977, -25.645764499999984, 0.0 ], [ -52.6753266, -25.645759199999986, 0.0 ], [ -52.675436400000024, -25.645516499999985, 0.0 ], [ -52.675864499999989, -25.645201, 0.0 ], [ -52.6761816, -25.645049, 0.0 ], [ -52.6763636, -25.6449273, 0.0 ], [ -52.676292199999978, -25.644710799999984, 0.0 ], [ -52.6759662, -25.6444009, 0.0 ], [ -52.6756294, -25.6442573, 0.0 ], [ -52.6755569, -25.643945700000017, 0.0 ], [ -52.675443700000017, -25.643852400000014, 0.0 ], [ -52.675143400000024, -25.6440561, 0.0 ], [ -52.674605400000019, -25.643920799999989, 0.0 ], [ -52.674251700000013, -25.643828199999973, 0.0 ], [ -52.673757500000022, -25.643778899999973, 0.0 ], [ -52.673500600000011, -25.6437024, 0.0 ], [ -52.673433499999987, -25.643682500000011, 0.0 ], [ -52.673095499999988, -25.643488400000024, 0.0 ], [ -52.673019899999986, -25.643087400000013, 0.0 ], [ -52.673246, -25.642412499999978, 0.0 ], [ -52.673501, -25.641984400000013, 0.0 ], [ -52.673544100000015, -25.6416734, 0.0 ], [ -52.673557500000015, -25.641633, 0.0 ], [ -52.673574200000019, -25.641582700000015, 0.0 ], [ -52.6735989, -25.6415083, 0.0 ], [ -52.673449100000028, -25.641329900000017, 0.0 ], [ -52.673381800000016, -25.641075300000011, 0.0 ], [ -52.6738739, -25.641083900000012, 0.0 ], [ -52.673989800000015, -25.641047, 0.0 ], [ -52.674115500000028, -25.64086930000002, 0.0 ], [ -52.6743323, -25.640730599999983, 0.0 ], [ -52.674510399999974, -25.6406318, 0.0 ], [ -52.674884, -25.640361, 0.0 ], [ -52.6751901, -25.640121299999976, 0.0 ], [ -52.675396700000022, -25.6399308, 0.0 ], [ -52.6757531, -25.63963339999998, 0.0 ], [ -52.6760332, -25.639570400000025, 0.0 ], [ -52.676347299999975, -25.6394798, 0.0 ], [ -52.676434500000028, -25.639408, 0.0 ], [ -52.676506300000028, -25.63920730000001, 0.0 ], [ -52.6767731, -25.638855700000022, 0.0 ], [ -52.677105900000015, -25.6387545, 0.0 ], [ -52.6774699, -25.6387732, 0.0 ], [ -52.677073099999973, -25.638471700000025, 0.0 ], [ -52.6766462, -25.6383869, 0.0 ], [ -52.676002499999981, -25.638204299999984, 0.0 ], [ -52.675963599999989, -25.638452, 0.0 ], [ -52.675904600000024, -25.638432, 0.0 ], [ -52.6758198, -25.638403200000027, 0.0 ], [ -52.6756684, -25.638351899999975, 0.0 ], [ -52.675243, -25.638044200000024, 0.0 ], [ -52.6750351, -25.6379905, 0.0 ], [ -52.674730099999977, -25.6379417, 0.0 ], [ -52.674601, -25.63783890000002, 0.0 ], [ -52.674366500000019, -25.6377326, 0.0 ], [ -52.674426900000014, -25.6375926, 0.0 ], [ -52.674460300000021, -25.637567699999977, 0.0 ], [ -52.674812700000018, -25.637474, 0.0 ], [ -52.6751865, -25.6373802, 0.0 ], [ -52.6756648, -25.637200600000028, 0.0 ], [ -52.675895299999979, -25.637077, 0.0 ], [ -52.676155199999982, -25.636642900000027, 0.0 ], [ -52.6761378, -25.636516, 0.0 ], [ -52.676067199999977, -25.636210399999982, 0.0 ], [ -52.676091400000018, -25.635916899999984, 0.0 ], [ -52.67618779999998, -25.635559199999989, 0.0 ], [ -52.676352899999983, -25.6354907, 0.0 ], [ -52.6767549, -25.6355686, 0.0 ], [ -52.676784600000019, -25.6355044, 0.0 ], [ -52.676811499999985, -25.6353724, 0.0 ], [ -52.6768144, -25.635358100000023, 0.0 ], [ -52.676805300000012, -25.6353092, 0.0 ], [ -52.676792, -25.6353011, 0.0 ], [ -52.676687800000025, -25.635237599999982, 0.0 ], [ -52.6766005, -25.635208299999988, 0.0 ], [ -52.6764488, -25.6351828, 0.0 ], [ -52.6761894, -25.6351305, 0.0 ], [ -52.675844499999982, -25.6351659, 0.0 ], [ -52.675642400000015, -25.63512750000001, 0.0 ], [ -52.675379599999985, -25.635047, 0.0 ], [ -52.6751605, -25.6349937, 0.0 ], [ -52.6748624, -25.6348304, 0.0 ], [ -52.6745985, -25.63476, 0.0 ], [ -52.674400600000013, -25.634654800000021, 0.0 ], [ -52.674167800000021, -25.634601299999986, 0.0 ], [ -52.673994900000025, -25.6344818, 0.0 ], [ -52.6737544, -25.63452430000001, 0.0 ], [ -52.673744100000022, -25.634524199999987, 0.0 ], [ -52.673702, -25.634523899999976, 0.0 ], [ -52.673621799999978, -25.634523300000012, 0.0 ], [ -52.6733079, -25.634395199999972, 0.0 ], [ -52.673014099999989, -25.634168, 0.0 ], [ -52.672970799999973, -25.634169400000019, 0.0 ], [ -52.672878799999978, -25.634227099999976, 0.0 ], [ -52.6725396, -25.634294300000022, 0.0 ], [ -52.672134200000016, -25.6343336, 0.0 ], [ -52.67183510000001, -25.634391900000026, 0.0 ], [ -52.671715300000017, -25.6343812, 0.0 ], [ -52.671582399999977, -25.634188400000028, 0.0 ], [ -52.6712005, -25.633945200000028, 0.0 ], [ -52.6711014, -25.6338791, 0.0 ], [ -52.670909199999983, -25.6337939, 0.0 ], [ -52.6709156, -25.633756800000015, 0.0 ], [ -52.670929600000022, -25.633675, 0.0 ], [ -52.670852799999977, -25.6336531, 0.0 ], [ -52.670856800000024, -25.633604600000012, 0.0 ], [ -52.6708908, -25.633571500000016, 0.0 ], [ -52.6708974, -25.633569599999987, 0.0 ], [ -52.670943299999976, -25.6335563, 0.0 ], [ -52.671028400000012, -25.633580600000016, 0.0 ], [ -52.67141479999998, -25.6332911, 0.0 ], [ -52.671586100000013, -25.633171300000015, 0.0 ], [ -52.67194, -25.6330752, 0.0 ], [ -52.672295500000018, -25.632920500000012, 0.0 ], [ -52.672552600000017, -25.632938299999978, 0.0 ], [ -52.672771599999976, -25.632856100000026, 0.0 ], [ -52.6730392, -25.6327857, 0.0 ], [ -52.673385399999972, -25.632697899999982, 0.0 ], [ -52.6737086, -25.632682100000011, 0.0 ], [ -52.6738613, -25.632716099999982, 0.0 ], [ -52.6739417, -25.632734, 0.0 ], [ -52.674078099999974, -25.6326555, 0.0 ], [ -52.6742031, -25.632607800000017, 0.0 ], [ -52.674339799999984, -25.6324227, 0.0 ], [ -52.674442399999975, -25.6321314, 0.0 ], [ -52.674589799999978, -25.631845699999985, 0.0 ], [ -52.6746384, -25.631647699999974, 0.0 ], [ -52.674578199999985, -25.631298300000026, 0.0 ], [ -52.674479599999984, -25.6310798, 0.0 ], [ -52.674407, -25.630732200000011, 0.0 ], [ -52.674445, -25.6304609, 0.0 ], [ -52.674707, -25.630180699999983, 0.0 ], [ -52.675012700000025, -25.629989, 0.0 ], [ -52.675175599999989, -25.629950899999983, 0.0 ], [ -52.6752596, -25.62993130000001, 0.0 ], [ -52.6752811, -25.629926300000022, 0.0 ], [ -52.675326900000016, -25.629889100000014, 0.0 ], [ -52.675395900000012, -25.629940200000021, 0.0 ], [ -52.675496599999974, -25.630154800000014, 0.0 ], [ -52.67556159999998, -25.630456400000014, 0.0 ], [ -52.6755837, -25.630625599999973, 0.0 ], [ -52.675555200000019, -25.63090840000001, 0.0 ], [ -52.6755372, -25.6310785, 0.0 ], [ -52.6757624, -25.6312749, 0.0 ], [ -52.6759015, -25.63110690000002, 0.0 ], [ -52.6760165, -25.630898399999978, 0.0 ], [ -52.676231, -25.630751, 0.0 ], [ -52.6764167, -25.630644500000017, 0.0 ], [ -52.6766781, -25.630427, 0.0 ], [ -52.6769142, -25.63044020000001, 0.0 ], [ -52.6770401, -25.630407600000012, 0.0 ], [ -52.677123900000026, -25.63020419999998, 0.0 ], [ -52.6771243, -25.630203100000017, 0.0 ], [ -52.6770889, -25.630000600000017, 0.0 ], [ -52.67696890000002, -25.629755699999976, 0.0 ], [ -52.676963600000022, -25.6296777, 0.0 ], [ -52.676990100000012, -25.629545099999973, 0.0 ], [ -52.677069500000016, -25.629497, 0.0 ], [ -52.677306499999986, -25.6295351, 0.0 ], [ -52.677436600000021, -25.6295336, 0.0 ], [ -52.6775285, -25.62949930000002, 0.0 ], [ -52.677642699999979, -25.6293121, 0.0 ], [ -52.677679099999978, -25.629165, 0.0 ], [ -52.677550699999983, -25.629073100000028, 0.0 ], [ -52.677547300000015, -25.6289481, 0.0 ], [ -52.6775394, -25.62882639999998, 0.0 ], [ -52.6777131, -25.6286498, 0.0 ], [ -52.677982699999973, -25.628719100000012, 0.0 ], [ -52.677996300000018, -25.628686300000027, 0.0 ], [ -52.67785520000001, -25.628557899999976, 0.0 ], [ -52.6777356, -25.62844, 0.0 ], [ -52.677617, -25.6282491, 0.0 ], [ -52.67752, -25.6282875, 0.0 ], [ -52.677431, -25.628321200000016, 0.0 ], [ -52.677391, -25.628424600000017, 0.0 ], [ -52.677232300000014, -25.6285886, 0.0 ], [ -52.6771521, -25.6286096, 0.0 ], [ -52.677057699999978, -25.6285057, 0.0 ], [ -52.6768583, -25.628355899999974, 0.0 ], [ -52.676758399999983, -25.628205700000024, 0.0 ], [ -52.676756300000022, -25.6282026, 0.0 ], [ -52.676752799999974, -25.628201, 0.0 ], [ -52.676650900000027, -25.628154600000016, 0.0 ], [ -52.676533, -25.628124500000013, 0.0 ], [ -52.6763841, -25.628081599999973, 0.0 ], [ -52.6763575, -25.627962, 0.0 ], [ -52.676324799999975, -25.62781050000001, 0.0 ], [ -52.6763368, -25.627554799999984, 0.0 ], [ -52.676329899999985, -25.627417799999989, 0.0 ], [ -52.676421300000015, -25.627289099999985, 0.0 ], [ -52.676685500000019, -25.627222500000016, 0.0 ], [ -52.6767228, -25.6271683, 0.0 ], [ -52.676705500000025, -25.6270735, 0.0 ], [ -52.6766156, -25.626961, 0.0 ], [ -52.676569500000028, -25.626837500000022, 0.0 ], [ -52.676577, -25.626539700000023, 0.0 ], [ -52.676513199999988, -25.626513699999975, 0.0 ], [ -52.676340400000015, -25.626564299999984, 0.0 ], [ -52.6761535, -25.626641, 0.0 ], [ -52.676033800000027, -25.62673860000001, 0.0 ], [ -52.6758484, -25.626862300000028, 0.0 ], [ -52.675733700000023, -25.626775099999975, 0.0 ], [ -52.67570760000001, -25.6265558, 0.0 ], [ -52.675657100000024, -25.626432200000011, 0.0 ], [ -52.6756792, -25.6262691, 0.0 ], [ -52.675729, -25.6261065, 0.0 ], [ -52.675807299999974, -25.626017100000013, 0.0 ], [ -52.675812800000017, -25.625803800000028, 0.0 ], [ -52.675814699999989, -25.6257309, 0.0 ], [ -52.67579, -25.625731299999984, 0.0 ], [ -52.675763800000027, -25.625731799999983, 0.0 ], [ -52.675736299999983, -25.625679600000012, 0.0 ], [ -52.675709400000017, -25.6256313, 0.0 ], [ -52.675866, -25.625520199999983, 0.0 ], [ -52.6761237, -25.625375299999973, 0.0 ], [ -52.6763335, -25.6252338, 0.0 ], [ -52.676398899999981, -25.6250966, 0.0 ], [ -52.6763183, -25.624790099999984, 0.0 ], [ -52.67642410000002, -25.624605700000018, 0.0 ], [ -52.676376600000026, -25.6244494, 0.0 ], [ -52.676100299999973, -25.624114299999974, 0.0 ], [ -52.676097200000015, -25.6239291, 0.0 ], [ -52.6758939, -25.623781099999974, 0.0 ], [ -52.675725300000011, -25.623552099999984, 0.0 ], [ -52.6756011, -25.6232963, 0.0 ], [ -52.675695, -25.623096700000019, 0.0 ], [ -52.6755771, -25.6227513, 0.0 ], [ -52.675375200000019, -25.622633, 0.0 ], [ -52.675259, -25.622564800000021, 0.0 ], [ -52.675258900000017, -25.622482900000023, 0.0 ], [ -52.6752588, -25.622441499999979, 0.0 ], [ -52.675258699999972, -25.622329, 0.0 ], [ -52.675559, -25.6220674, 0.0 ], [ -52.6756765, -25.6221397, 0.0 ], [ -52.675805200000013, -25.6219506, 0.0 ], [ -52.675553900000011, -25.621691199999987, 0.0 ], [ -52.6756641, -25.6214306, 0.0 ], [ -52.675905399999976, -25.621420699999987, 0.0 ], [ -52.676190500000018, -25.621498, 0.0 ], [ -52.676308399999982, -25.621573, 0.0 ], [ -52.676481299999978, -25.6217044, 0.0 ], [ -52.676703499999974, -25.621841, 0.0 ], [ -52.6766771, -25.621533199999988, 0.0 ], [ -52.676757399999985, -25.621337200000028, 0.0 ], [ -52.67688, -25.6212473, 0.0 ], [ -52.677008199999989, -25.6211801, 0.0 ], [ -52.677083400000015, -25.621140700000012, 0.0 ], [ -52.677126199999975, -25.621118, 0.0 ], [ -52.677207399999986, -25.620929199999978, 0.0 ], [ -52.67705239999998, -25.6208004, 0.0 ], [ -52.6767994, -25.620647799999972, 0.0 ], [ -52.67672060000001, -25.6205124, 0.0 ], [ -52.6766536, -25.620397299999979, 0.0 ], [ -52.676595, -25.6202965, 0.0 ], [ -52.676714899999979, -25.620003699999984, 0.0 ], [ -52.67689009999998, -25.61991949999998, 0.0 ], [ -52.676833199999976, -25.619821699999989, 0.0 ], [ -52.676834, -25.619732100000022, 0.0 ], [ -52.6768343, -25.6196991, 0.0 ], [ -52.676835499999981, -25.619551100000024, 0.0 ], [ -52.676968100000011, -25.619427499999972, 0.0 ], [ -52.677177200000017, -25.619226799999979, 0.0 ], [ -52.677467700000022, -25.6192926, 0.0 ], [ -52.6776595, -25.6194051, 0.0 ], [ -52.677609800000027, -25.6194405, 0.0 ], [ -52.6775098, -25.619511499999987, 0.0 ], [ -52.677573600000017, -25.6195644, 0.0 ], [ -52.677710600000012, -25.619574699999987, 0.0 ], [ -52.6777262, -25.619575899999973, 0.0 ], [ -52.678219099999978, -25.6195073, 0.0 ], [ -52.6786533, -25.619367, 0.0 ], [ -52.6781904, -25.6191435, 0.0 ], [ -52.678133399999979, -25.619116, 0.0 ], [ -52.678057200000012, -25.619079199999987, 0.0 ], [ -52.678099799999984, -25.6190707, 0.0 ], [ -52.678176099999973, -25.619055399999979, 0.0 ], [ -52.678190500000028, -25.6190525, 0.0 ], [ -52.678435799999988, -25.61888110000001, 0.0 ], [ -52.678511500000013, -25.6188282, 0.0 ], [ -52.6786818, -25.618709200000012, 0.0 ], [ -52.6789152, -25.618546, 0.0 ], [ -52.678917399999989, -25.618544499999985, 0.0 ], [ -52.678893300000027, -25.618518699999981, 0.0 ], [ -52.67862, -25.6182258, 0.0 ], [ -52.6786348, -25.6182063, 0.0 ], [ -52.678638, -25.618202100000019, 0.0 ], [ -52.678716800000018, -25.618097799999987, 0.0 ], [ -52.678708299999983, -25.617986799999983, 0.0 ], [ -52.678746400000023, -25.617989599999987, 0.0 ], [ -52.6789397, -25.618004, 0.0 ], [ -52.6790954, -25.618015599999978, 0.0 ], [ -52.6791867, -25.617948, 0.0 ], [ -52.6793242, -25.617846400000019, 0.0 ], [ -52.67946, -25.617745899999989, 0.0 ], [ -52.679564200000016, -25.617432800000017, 0.0 ], [ -52.679601600000012, -25.617401, 0.0 ], [ -52.679819800000018, -25.617215900000019, 0.0 ], [ -52.679871400000025, -25.6171721, 0.0 ], [ -52.680235900000014, -25.61701260000001, 0.0 ], [ -52.680288599999983, -25.6169648, 0.0 ], [ -52.680349400000011, -25.616909799999974, 0.0 ], [ -52.680338899999981, -25.616861500000027, 0.0 ], [ -52.680323699999974, -25.616791200000023, 0.0 ], [ -52.680321600000013, -25.616781600000024, 0.0 ], [ -52.680313800000022, -25.6167815, 0.0 ], [ -52.680056900000011, -25.616779300000019, 0.0 ], [ -52.680039500000021, -25.616661799999974, 0.0 ], [ -52.679982900000027, -25.6165853, 0.0 ], [ -52.679957800000011, -25.616551300000026, 0.0 ], [ -52.679939400000023, -25.6165264, 0.0 ], [ -52.679901, -25.616474499999981, 0.0 ], [ -52.679958100000022, -25.6163649, 0.0 ], [ -52.6800126, -25.6159222, 0.0 ], [ -52.6803018, -25.615698599999973, 0.0 ], [ -52.680165699999975, -25.615553799999986, 0.0 ], [ -52.680132500000013, -25.615445799999975, 0.0 ], [ -52.6801269, -25.615427599999975, 0.0 ], [ -52.6801029, -25.615349700000024, 0.0 ], [ -52.68039570000002, -25.6151913, 0.0 ], [ -52.680528900000013, -25.615336500000012, 0.0 ], [ -52.6803645, -25.6146943, 0.0 ], [ -52.680335, -25.61455, 0.0 ], [ -52.680297, -25.6143636, 0.0 ], [ -52.679941199999973, -25.614119500000015, 0.0 ], [ -52.6800371, -25.613766699999985, 0.0 ], [ -52.680196500000022, -25.613706900000011, 0.0 ], [ -52.6803079, -25.6135236, 0.0 ], [ -52.6800179, -25.6134788, 0.0 ], [ -52.679819, -25.613688299999978, 0.0 ], [ -52.6797724, -25.61343260000001, 0.0 ], [ -52.6796445, -25.613321, 0.0 ], [ -52.6796352, -25.6132862, 0.0 ], [ -52.6795828, -25.6130908, 0.0 ], [ -52.6795189, -25.61285220000002, 0.0 ], [ -52.6795224, -25.612413100000026, 0.0 ], [ -52.679194600000017, -25.6121154, 0.0 ], [ -52.679191399999979, -25.611892800000021, 0.0 ], [ -52.679189899999983, -25.611793200000022, 0.0 ], [ -52.6791705, -25.6116245, 0.0 ], [ -52.679163800000026, -25.611566200000027, 0.0 ], [ -52.679156700000021, -25.611504799999977, 0.0 ], [ -52.679544099999987, -25.611469399999976, 0.0 ], [ -52.679849499999989, -25.611362, 0.0 ], [ -52.679892600000017, -25.6112536, 0.0 ], [ -52.6799059, -25.611182400000018, 0.0 ], [ -52.6799072, -25.6111725, 0.0 ], [ -52.679877200000021, -25.61105520000001, 0.0 ], [ -52.67971510000001, -25.610807299999976, 0.0 ], [ -52.6797507, -25.610673299999974, 0.0 ], [ -52.680036200000018, -25.6104709, 0.0 ], [ -52.680230699999981, -25.610211699999979, 0.0 ], [ -52.680440200000021, -25.609946400000013, 0.0 ], [ -52.680616699999973, -25.6097474, 0.0 ], [ -52.680859199999986, -25.609425400000021, 0.0 ], [ -52.680969100000027, -25.609222, 0.0 ], [ -52.6810666, -25.608953199999974, 0.0 ], [ -52.6812127, -25.6086775, 0.0 ], [ -52.6813735, -25.6084282, 0.0 ], [ -52.681454700000018, -25.608174299999973, 0.0 ], [ -52.68139739999998, -25.607827499999985, 0.0 ], [ -52.6814119, -25.6077732, 0.0 ], [ -52.681796500000019, -25.6077123, 0.0 ], [ -52.681784600000015, -25.6075813, 0.0 ], [ -52.681774099999984, -25.607464100000016, 0.0 ], [ -52.6819195, -25.6073634, 0.0 ], [ -52.681991700000026, -25.607164800000021, 0.0 ], [ -52.682112, -25.6069592, 0.0 ], [ -52.6820224, -25.606704900000011, 0.0 ], [ -52.68180510000002, -25.606435299999987, 0.0 ], [ -52.68160469999998, -25.606291100000021, 0.0 ], [ -52.68136770000001, -25.6061793, 0.0 ], [ -52.6811558, -25.606238599999983, 0.0 ], [ -52.6809892, -25.606179, 0.0 ], [ -52.68086, -25.606104800000026, 0.0 ], [ -52.6807473, -25.606118700000025, 0.0 ], [ -52.6806252, -25.6059644, 0.0 ], [ -52.680584, -25.605912400000022, 0.0 ], [ -52.68052160000002, -25.605882899999983, 0.0 ], [ -52.6803974, -25.605824199999972, 0.0 ], [ -52.680260799999985, -25.605592699999988, 0.0 ], [ -52.680214200000023, -25.605304600000011, 0.0 ], [ -52.680224, -25.605290200000013, 0.0 ], [ -52.680319899999972, -25.6051508, 0.0 ], [ -52.680348700000025, -25.6050851, 0.0 ], [ -52.680285500000025, -25.60504370000001, 0.0 ], [ -52.6803827, -25.604862200000014, 0.0 ], [ -52.6803314, -25.6047046, 0.0 ], [ -52.6803617, -25.6045714, 0.0 ], [ -52.680224599999974, -25.6045964, 0.0 ], [ -52.680152, -25.604413799999975, 0.0 ], [ -52.680197099999987, -25.604306899999983, 0.0 ], [ -52.680268399999989, -25.604188, 0.0 ], [ -52.68027410000002, -25.604178499999989, 0.0 ], [ -52.6802679, -25.6041732, 0.0 ], [ -52.680201, -25.6041166, 0.0 ], [ -52.680280900000014, -25.603947800000014, 0.0 ], [ -52.680214200000023, -25.6037437, 0.0 ], [ -52.6799431, -25.6036871, 0.0 ], [ -52.679997300000025, -25.6034391, 0.0 ], [ -52.68000619999998, -25.60324, 0.0 ], [ -52.679876400000012, -25.6032277, 0.0 ], [ -52.679883599999982, -25.602858, 0.0 ], [ -52.6799471, -25.602773, 0.0 ], [ -52.680018299999972, -25.6026776, 0.0 ], [ -52.679914199999985, -25.6025803, 0.0 ], [ -52.679631299999983, -25.602535100000011, 0.0 ], [ -52.679580699999974, -25.6024109, 0.0 ], [ -52.67944940000001, -25.6021189, 0.0 ], [ -52.679253300000028, -25.602116299999977, 0.0 ], [ -52.6791285, -25.60201330000001, 0.0 ], [ -52.6790719, -25.601837199999977, 0.0 ], [ -52.679149199999983, -25.6016325, 0.0 ], [ -52.679086499999983, -25.601538600000026, 0.0 ], [ -52.6790964, -25.6014275, 0.0 ], [ -52.679250299999978, -25.60132040000002, 0.0 ], [ -52.679228500000022, -25.6011924, 0.0 ], [ -52.679120599999976, -25.60114040000002, 0.0 ], [ -52.678843299999983, -25.600982199999976, 0.0 ], [ -52.678861499999982, -25.600790800000027, 0.0 ], [ -52.678969199999983, -25.6005245, 0.0 ], [ -52.678895300000022, -25.60050990000002, 0.0 ], [ -52.678802800000028, -25.600666, 0.0 ], [ -52.678644299999974, -25.600546399999985, 0.0 ], [ -52.6785655, -25.600403200000017, 0.0 ], [ -52.678534800000023, -25.600380200000018, 0.0 ], [ -52.678340100000014, -25.600234300000011, 0.0 ], [ -52.678353300000026, -25.600184099999979, 0.0 ], [ -52.6785016, -25.600144699999987, 0.0 ], [ -52.678588600000012, -25.600258899999972, 0.0 ], [ -52.6786055, -25.600281199999984, 0.0 ], [ -52.6786879, -25.6003076, 0.0 ], [ -52.678869799999973, -25.600366, 0.0 ], [ -52.678937, -25.6002967, 0.0 ], [ -52.678946100000019, -25.6002873, 0.0 ], [ -52.67893909999998, -25.600280199999986, 0.0 ], [ -52.6787554, -25.6000917, 0.0 ], [ -52.6784753, -25.599926700000026, 0.0 ], [ -52.678513399999986, -25.5997719, 0.0 ], [ -52.678575500000022, -25.599683500000026, 0.0 ], [ -52.678806, -25.599530800000025, 0.0 ], [ -52.6789498, -25.599501499999974, 0.0 ], [ -52.678939599999978, -25.599400399999979, 0.0 ], [ -52.6787493, -25.599395800000025, 0.0 ], [ -52.6785385, -25.599307599999975, 0.0 ], [ -52.678223600000024, -25.599356899999975, 0.0 ], [ -52.678178800000012, -25.5993257, 0.0 ], [ -52.678214200000014, -25.599142200000017, 0.0 ], [ -52.678175300000021, -25.5990888, 0.0 ], [ -52.677976, -25.5990817, 0.0 ], [ -52.677928399999985, -25.599037599999974, 0.0 ], [ -52.677997399999981, -25.598958499999981, 0.0 ], [ -52.678009499999973, -25.5989447, 0.0 ], [ -52.678015800000026, -25.59889579999998, 0.0 ], [ -52.6780314, -25.5987745, 0.0 ], [ -52.678103599999986, -25.598510200000021, 0.0 ], [ -52.6782614, -25.598433, 0.0 ], [ -52.678263, -25.5984322, 0.0 ], [ -52.6782561, -25.598429800000019, 0.0 ], [ -52.677992800000027, -25.598338300000023, 0.0 ], [ -52.677944299999979, -25.598259199999973, 0.0 ], [ -52.678222100000028, -25.598158800000022, 0.0 ], [ -52.678332099999977, -25.598124400000017, 0.0 ], [ -52.678305500000022, -25.598035400000015, 0.0 ], [ -52.678203100000019, -25.597981800000014, 0.0 ], [ -52.678208700000027, -25.597942900000021, 0.0 ], [ -52.678463799999975, -25.597930799999972, 0.0 ], [ -52.6785375, -25.597843800000021, 0.0 ], [ -52.678513800000019, -25.597797, 0.0 ], [ -52.6784161, -25.597604, 0.0 ], [ -52.6784144, -25.597600699999987, 0.0 ], [ -52.678402, -25.5976018, 0.0 ], [ -52.678250699999978, -25.5976147, 0.0 ], [ -52.6782007, -25.5975563, 0.0 ], [ -52.678286, -25.597455700000012, 0.0 ], [ -52.678263500000014, -25.597352300000011, 0.0 ], [ -52.678130300000021, -25.5972822, 0.0 ], [ -52.6778445, -25.597274700000014, 0.0 ], [ -52.677835, -25.5971639, 0.0 ], [ -52.677925500000015, -25.597106199999985, 0.0 ], [ -52.678122700000017, -25.597094299999981, 0.0 ], [ -52.678229699999974, -25.597044, 0.0 ], [ -52.678236, -25.597041, 0.0 ], [ -52.6782308, -25.597037899999975, 0.0 ], [ -52.678135399999974, -25.596981500000027, 0.0 ], [ -52.6781777, -25.59684, 0.0 ], [ -52.6781782, -25.5968383, 0.0 ], [ -52.678174500000011, -25.596837100000016, 0.0 ], [ -52.6781143, -25.5968178, 0.0 ], [ -52.678107899999986, -25.596815699999979, 0.0 ], [ -52.677821600000016, -25.5968638, 0.0 ], [ -52.677858500000013, -25.597008099999982, 0.0 ], [ -52.677866100000017, -25.59703780000001, 0.0 ], [ -52.677785500000027, -25.597080300000016, 0.0 ], [ -52.6776188, -25.596908499999984, 0.0 ], [ -52.677503800000011, -25.5968724, 0.0 ], [ -52.677489700000024, -25.596838, 0.0 ], [ -52.677566300000024, -25.596766699999989, 0.0 ], [ -52.677570100000025, -25.59676810000002, 0.0 ], [ -52.677658800000017, -25.59680179999998, 0.0 ], [ -52.677746, -25.596763800000019, 0.0 ], [ -52.677741700000013, -25.596634900000026, 0.0 ], [ -52.677741500000025, -25.5966285, 0.0 ], [ -52.67759460000002, -25.596667700000012, 0.0 ], [ -52.677391699999987, -25.596605099999977, 0.0 ], [ -52.677478300000018, -25.59656080000002, 0.0 ], [ -52.67749520000001, -25.596552200000019, 0.0 ], [ -52.6774914, -25.596506, 0.0 ], [ -52.6774772, -25.5963322, 0.0 ], [ -52.677523, -25.5962702, 0.0 ], [ -52.6775326, -25.595992700000011, 0.0 ], [ -52.677382599999987, -25.595844199999988, 0.0 ], [ -52.677389800000014, -25.595804699999974, 0.0 ], [ -52.677635099999975, -25.5957507, 0.0 ], [ -52.6776721, -25.5956577, 0.0 ], [ -52.6776759, -25.5956481, 0.0 ], [ -52.677634500000011, -25.5956319, 0.0 ], [ -52.677479800000015, -25.595571399999983, 0.0 ], [ -52.677478099999973, -25.595572300000015, 0.0 ], [ -52.677421, -25.59560190000002, 0.0 ], [ -52.6773842, -25.5956976, 0.0 ], [ -52.67736020000001, -25.595760199999972, 0.0 ], [ -52.677263200000027, -25.5957957, 0.0 ], [ -52.677210800000012, -25.5956883, 0.0 ], [ -52.677294, -25.5955027, 0.0 ], [ -52.6773872, -25.5954137, 0.0 ], [ -52.6772724, -25.595351100000016, 0.0 ], [ -52.6772456, -25.595431, 0.0 ], [ -52.6771094, -25.5955194, 0.0 ], [ -52.6769314, -25.595504399999982, 0.0 ], [ -52.676830199999984, -25.5953836, 0.0 ], [ -52.676677499999983, -25.595368099999973, 0.0 ], [ -52.676493, -25.595398699999976, 0.0 ], [ -52.67641279999998, -25.5952565, 0.0 ], [ -52.676446899999974, -25.5951809, 0.0 ], [ -52.676490100000024, -25.59517169999998, 0.0 ], [ -52.676526500000023, -25.5952044, 0.0 ], [ -52.676636499999972, -25.595303100000024, 0.0 ], [ -52.676643, -25.595233300000018, 0.0 ], [ -52.6766452, -25.595209399999987, 0.0 ], [ -52.676562100000012, -25.594943300000011, 0.0 ], [ -52.676648199999988, -25.594869599999981, 0.0 ], [ -52.676691100000028, -25.5948755, 0.0 ], [ -52.676917600000024, -25.594906900000012, 0.0 ], [ -52.676988400000027, -25.594848300000024, 0.0 ], [ -52.676895, -25.594761800000015, 0.0 ], [ -52.676893899999982, -25.594758899999988, 0.0 ], [ -52.676852199999985, -25.594646099999977, 0.0 ], [ -52.676837499999976, -25.5944713, 0.0 ], [ -52.676727, -25.594462, 0.0 ], [ -52.676644099999976, -25.594551599999988, 0.0 ], [ -52.67656740000001, -25.594501799999989, 0.0 ], [ -52.6765706, -25.5943446, 0.0 ], [ -52.6764897, -25.5942652, 0.0 ], [ -52.676467600000024, -25.594243600000027, 0.0 ], [ -52.676458799999978, -25.594247199999984, 0.0 ], [ -52.676298499999973, -25.59431330000001, 0.0 ], [ -52.6762349, -25.594307, 0.0 ], [ -52.6761411, -25.5942243, 0.0 ], [ -52.676160700000025, -25.594088, 0.0 ], [ -52.676088199999981, -25.59399, 0.0 ], [ -52.6759975, -25.5939535, 0.0 ], [ -52.675973899999974, -25.5938918, 0.0 ], [ -52.6758989, -25.5936959, 0.0 ], [ -52.675846299999989, -25.5936974, 0.0 ], [ -52.675814699999989, -25.593698300000028, 0.0 ], [ -52.675826799999982, -25.5937384, 0.0 ], [ -52.675840199999982, -25.59378270000002, 0.0 ], [ -52.675814100000025, -25.593817899999976, 0.0 ], [ -52.675809500000014, -25.5938241, 0.0 ], [ -52.675795, -25.593809099999987, 0.0 ], [ -52.6757935, -25.5938081, 0.0 ], [ -52.675643400000013, -25.593652500000019, 0.0 ], [ -52.675565099999972, -25.593570600000021, 0.0 ], [ -52.675703699999985, -25.593358099999989, 0.0 ], [ -52.6757647, -25.5932125, 0.0 ], [ -52.675720500000011, -25.593130499999972, 0.0 ], [ -52.675706699999978, -25.593104900000014, 0.0 ], [ -52.6755895, -25.5930808, 0.0 ], [ -52.6753013, -25.5929547, 0.0 ], [ -52.675008400000024, -25.5927231, 0.0 ], [ -52.674874699999975, -25.5926503, 0.0 ], [ -52.6748263, -25.592691, 0.0 ], [ -52.67479830000002, -25.5927663, 0.0 ], [ -52.674634200000014, -25.592654700000026, 0.0 ], [ -52.674616599999979, -25.592642500000011, 0.0 ], [ -52.674534199999982, -25.592497, 0.0 ], [ -52.674362200000019, -25.592577100000028, 0.0 ], [ -52.6743141, -25.592554300000018, 0.0 ], [ -52.674111900000014, -25.592458599999986, 0.0 ], [ -52.674095, -25.5925441, 0.0 ], [ -52.674091799999985, -25.59256, 0.0 ], [ -52.674000799999988, -25.5925335, 0.0 ], [ -52.6739579, -25.592520900000011, 0.0 ], [ -52.6739308, -25.592472199999975, 0.0 ], [ -52.673998499999982, -25.592370300000027, 0.0 ], [ -52.674029299999972, -25.592156100000011, 0.0 ], [ -52.673993900000028, -25.592098299999975, 0.0 ], [ -52.673720899999978, -25.592179199999975, 0.0 ], [ -52.6735521, -25.592235800000026, 0.0 ], [ -52.6732505, -25.592060100000026, 0.0 ], [ -52.673381, -25.591969600000027, 0.0 ], [ -52.6734224, -25.591745, 0.0 ], [ -52.673379800000021, -25.591450599999973, 0.0 ], [ -52.6732027, -25.591428599999972, 0.0 ], [ -52.67305060000001, -25.59150870000002, 0.0 ], [ -52.672926800000027, -25.591309599999988, 0.0 ], [ -52.6729231, -25.591187900000023, 0.0 ], [ -52.672886, -25.591130599999985, 0.0 ], [ -52.672780400000022, -25.5910427, 0.0 ], [ -52.672526300000015, -25.590885300000025, 0.0 ], [ -52.6724413, -25.590629799999988, 0.0 ], [ -52.672336799999982, -25.5904592, 0.0 ], [ -52.6720765, -25.5902082, 0.0 ], [ -52.6718927, -25.590039499999989, 0.0 ], [ -52.671825599999977, -25.589897599999972, 0.0 ], [ -52.671793, -25.589828399999988, 0.0 ], [ -52.6717837, -25.589514, 0.0 ], [ -52.6716988, -25.589199099999973, 0.0 ], [ -52.671811600000012, -25.588988, 0.0 ], [ -52.6718778, -25.58876570000001, 0.0 ], [ -52.671789600000011, -25.5886319, 0.0 ], [ -52.6716518, -25.588437699999986, 0.0 ], [ -52.6714943, -25.587991699999975, 0.0 ], [ -52.671583199999986, -25.5876427, 0.0 ], [ -52.671540100000016, -25.587373300000024, 0.0 ], [ -52.671418800000026, -25.587087699999984, 0.0 ], [ -52.671230400000013, -25.586906199999987, 0.0 ], [ -52.6711027, -25.586783200000013, 0.0 ], [ -52.670951399999979, -25.586531799999989, 0.0 ], [ -52.670771, -25.586249, 0.0 ], [ -52.670730900000024, -25.586051699999985, 0.0 ], [ -52.670717799999977, -25.585944499999982, 0.0 ], [ -52.6707194, -25.585845099999972, 0.0 ], [ -52.670771, -25.585669100000018, 0.0 ], [ -52.670750199999986, -25.5854819, 0.0 ], [ -52.6706469, -25.585152600000015, 0.0 ], [ -52.670637, -25.5850413, 0.0 ], [ -52.67065, -25.5848231, 0.0 ], [ -52.67078859999998, -25.5846055, 0.0 ], [ -52.670792600000027, -25.584482700000024, 0.0 ], [ -52.670819100000017, -25.5842533, 0.0 ], [ -52.670797900000025, -25.584195099999988, 0.0 ], [ -52.670677099999978, -25.584047, 0.0 ], [ -52.6707154, -25.5839828, 0.0 ], [ -52.670616100000018, -25.583893900000021, 0.0 ], [ -52.6706046, -25.583829700000024, 0.0 ], [ -52.670601, -25.5838094, 0.0 ], [ -52.6705864, -25.5837894, 0.0 ], [ -52.670509200000026, -25.5836842, 0.0 ], [ -52.670450099999982, -25.583570899999984, 0.0 ], [ -52.6704004, -25.583562500000028, 0.0 ], [ -52.670392400000026, -25.58356120000002, 0.0 ], [ -52.670367199999987, -25.583556900000019, 0.0 ], [ -52.670379, -25.583522099999982, 0.0 ], [ -52.670396200000027, -25.5834711, 0.0 ], [ -52.670352400000013, -25.5834448, 0.0 ], [ -52.6701921, -25.583348699999988, 0.0 ], [ -52.670187100000021, -25.5832886, 0.0 ], [ -52.6701506, -25.583187, 0.0 ], [ -52.670095800000013, -25.5831602, 0.0 ], [ -52.670057199999974, -25.583046700000011, 0.0 ], [ -52.670027399999981, -25.5829501, 0.0 ], [ -52.6699334, -25.582911500000023, 0.0 ], [ -52.669930599999986, -25.5828593, 0.0 ], [ -52.6698384, -25.5827885, 0.0 ], [ -52.669829100000015, -25.582773700000018, 0.0 ], [ -52.669781699999987, -25.582698400000027, 0.0 ], [ -52.669699700000024, -25.5826975, 0.0 ], [ -52.6696758, -25.58263119999998, 0.0 ], [ -52.669669100000021, -25.5826126, 0.0 ], [ -52.66955, -25.5825213, 0.0 ], [ -52.669477799999981, -25.582401899999979, 0.0 ], [ -52.669485800000018, -25.58232670000001, 0.0 ], [ -52.669379900000024, -25.5822134, 0.0 ], [ -52.6693376, -25.582132100000024, 0.0 ], [ -52.669105800000011, -25.58198440000001, 0.0 ], [ -52.669079399999987, -25.581903399999987, 0.0 ], [ -52.6690635, -25.5818547, 0.0 ], [ -52.6690398, -25.581835599999977, 0.0 ], [ -52.668962, -25.581772899999976, 0.0 ], [ -52.669022400000017, -25.581701399999986, 0.0 ], [ -52.668996400000026, -25.581639399999972, 0.0 ], [ -52.668989300000021, -25.581629799999973, 0.0 ], [ -52.6689098, -25.581522, 0.0 ], [ -52.668909, -25.5815225, 0.0 ], [ -52.668812699999989, -25.5815791, 0.0 ], [ -52.6687761, -25.5814929, 0.0 ], [ -52.6687733, -25.5814878, 0.0 ], [ -52.668759099999988, -25.581462699999975, 0.0 ], [ -52.668725400000028, -25.5814029, 0.0 ], [ -52.668675399999984, -25.5813746, 0.0 ], [ -52.668657699999983, -25.5813645, 0.0 ], [ -52.668642, -25.581223099999988, 0.0 ], [ -52.6685905, -25.5811842, 0.0 ], [ -52.668628300000023, -25.5810864, 0.0 ], [ -52.6685837, -25.581043299999976, 0.0 ], [ -52.668502600000011, -25.581064700000013, 0.0 ], [ -52.668419700000015, -25.58102580000002, 0.0 ], [ -52.668348400000013, -25.5809949, 0.0 ], [ -52.668292300000019, -25.5809782, 0.0 ], [ -52.66821520000002, -25.580955300000031, 0.0 ], [ -52.668209900000022, -25.580953799999975, 0.0 ], [ -52.6681939, -25.580949, 0.0 ], [ -52.668093699999986, -25.580712399999982, 0.0 ], [ -52.6679871, -25.5805085, 0.0 ], [ -52.668062299999974, -25.580373099999974, 0.0 ], [ -52.668078400000013, -25.580344, 0.0 ], [ -52.6680606, -25.5803166, 0.0 ], [ -52.667905099999984, -25.580077800000026, 0.0 ], [ -52.667772800000023, -25.580031, 0.0 ], [ -52.667611099999988, -25.5797607, 0.0 ], [ -52.667520500000023, -25.579626299999973, 0.0 ], [ -52.667580199999975, -25.579522, 0.0 ], [ -52.6675816, -25.5795195, 0.0 ], [ -52.667577600000016, -25.579514800000027, 0.0 ], [ -52.667492700000025, -25.579415200000028, 0.0 ], [ -52.667319, -25.579098199999976, 0.0 ], [ -52.667327100000023, -25.579009699999972, 0.0 ], [ -52.667337499999974, -25.578893900000025, 0.0 ], [ -52.667326899999978, -25.578811, 0.0 ], [ -52.667318099999989, -25.578741799999989, 0.0 ], [ -52.667292700000019, -25.578723700000012, 0.0 ], [ -52.6672522, -25.578694900000016, 0.0 ], [ -52.66705330000002, -25.578671199999974, 0.0 ], [ -52.6669544, -25.5784501, 0.0 ], [ -52.666819700000019, -25.5782309, 0.0 ], [ -52.666695800000014, -25.578181, 0.0 ], [ -52.666663799999981, -25.578168100000028, 0.0 ], [ -52.666614700000025, -25.5781483, 0.0 ], [ -52.666699600000015, -25.578056100000026, 0.0 ], [ -52.666577099999984, -25.5777817, 0.0 ], [ -52.666599500000018, -25.577669300000025, 0.0 ], [ -52.6666689, -25.5776742, 0.0 ], [ -52.666660200000024, -25.577537, 0.0 ], [ -52.6667316, -25.577460700000017, 0.0 ], [ -52.666651399999978, -25.5773307, 0.0 ], [ -52.666479900000013, -25.577190299999984, 0.0 ], [ -52.666461, -25.577068199999985, 0.0 ], [ -52.666394299999979, -25.576900099999989, 0.0 ], [ -52.6663651, -25.576826499999981, 0.0 ], [ -52.666380600000025, -25.5767596, 0.0 ], [ -52.6663858, -25.576737200000025, 0.0 ], [ -52.665596199999982, -25.5761728, 0.0 ], [ -52.665795399999965, -25.5759471, 0.0 ], [ -52.665929, -25.575814200000025, 0.0 ], [ -52.666157699999971, -25.575584, 0.0 ], [ -52.666385199999979, -25.575355399999967, 0.0 ], [ -52.6666561, -25.57509929999997, 0.0 ], [ -52.666816799999985, -25.574950899999962, 0.0 ], [ -52.666986899999969, -25.574798400000013, 0.0 ], [ -52.6671864, -25.574609399999968, 0.0 ], [ -52.667326100000025, -25.574480600000012, 0.0 ], [ -52.6675397, -25.574275, 0.0 ], [ -52.667676700000015, -25.574135, 0.0 ], [ -52.667747099999971, -25.57404839999997, 0.0 ], [ -52.667817099999972, -25.573973799999955, 0.0 ], [ -52.6678966, -25.573864800000017, 0.0 ], [ -52.667982199999976, -25.5737386, 0.0 ], [ -52.668113, -25.573535900000028, 0.0 ], [ -52.6682182, -25.573365, 0.0 ], [ -52.6682619, -25.573274200000021, 0.0 ], [ -52.6683315, -25.5731882, 0.0 ], [ -52.668459, -25.572980099999985, 0.0 ], [ -52.668555799999965, -25.572816, 0.0 ], [ -52.668649699999989, -25.5726493, 0.0 ], [ -52.6687587, -25.572432600000013, 0.0 ], [ -52.668821700000017, -25.572289899999973, 0.0 ], [ -52.6688715, -25.57216069999998, 0.0 ], [ -52.6689134, -25.572017099999979, 0.0 ], [ -52.6689437, -25.5718824, 0.0 ], [ -52.668959, -25.5717427, 0.0 ], [ -52.668967599999959, -25.571588500000018, 0.0 ], [ -52.668953499999986, -25.571306400000022, 0.0 ], [ -52.6689399, -25.571154400000012, 0.0 ], [ -52.668932, -25.571066499999969, 0.0 ], [ -52.66890189999998, -25.570848599999984, 0.0 ], [ -52.6688979, -25.570619200000017, 0.0 ], [ -52.668888200000026, -25.570416599999987, 0.0 ], [ -52.668879100000019, -25.570192099999979, 0.0 ], [ -52.668872099999987, -25.569965799999974, 0.0 ], [ -52.668867499999969, -25.569742, 0.0 ], [ -52.668867399999989, -25.569734700000023, 0.0 ], [ -52.6688658, -25.5695884, 0.0 ], [ -52.6688694, -25.569421799999969, 0.0 ], [ -52.668877899999977, -25.569255399999967, 0.0 ], [ -52.668882499999981, -25.569004399999979, 0.0 ], [ -52.668882399999958, -25.568769299999985, 0.0 ], [ -52.668873799999965, -25.5685325, 0.0 ], [ -52.6688615, -25.568324, 0.0 ], [ -52.668841, -25.5681641, 0.0 ], [ -52.66882709999998, -25.568091200000026, 0.0 ], [ -52.668798299999978, -25.567950699999983, 0.0 ], [ -52.6687715, -25.567820499999968, 0.0 ], [ -52.668701699999971, -25.5675354, 0.0 ], [ -52.668682100000019, -25.567456900000028, 0.0 ], [ -52.6686456, -25.567311, 0.0 ], [ -52.668590199999969, -25.5670892, 0.0 ], [ -52.668535, -25.566859500000028, 0.0 ], [ -52.668487700000021, -25.566651, 0.0 ], [ -52.668443200000013, -25.566466199999969, 0.0 ], [ -52.668389199999979, -25.566277800000019, 0.0 ], [ -52.668314099999968, -25.5660649, 0.0 ], [ -52.6682667, -25.5659263, 0.0 ], [ -52.6682513, -25.565881400000031, 0.0 ], [ -52.6682437, -25.565859199999981, 0.0 ], [ -52.668234, -25.565830699999985, 0.0 ], [ -52.668176200000012, -25.5656492, 0.0 ], [ -52.6681219, -25.565490599999983, 0.0 ], [ -52.668071199999979, -25.5653722, 0.0 ], [ -52.668014500000027, -25.565268300000014, 0.0 ], [ -52.667964499999975, -25.565164900000013, 0.0 ], [ -52.6678698, -25.564978600000011, 0.0 ], [ -52.667771200000011, -25.564785, 0.0 ], [ -52.667654799999951, -25.564576099999989, 0.0 ], [ -52.667512699999975, -25.564348600000013, 0.0 ], [ -52.667408599999973, -25.564156, 0.0 ], [ -52.6673931, -25.564127299999988, 0.0 ], [ -52.667392399999962, -25.56412610000001, 0.0 ], [ -52.667372600000022, -25.564091099999967, 0.0 ], [ -52.667272399999987, -25.56391450000001, 0.0 ], [ -52.6671258, -25.5636414, 0.0 ], [ -52.6670178, -25.5634288, 0.0 ], [ -52.666934099999978, -25.5632486, 0.0 ], [ -52.666867299999979, -25.563098700000015, 0.0 ], [ -52.666771, -25.562840199999968, 0.0 ], [ -52.666671099999967, -25.562521899999972, 0.0 ], [ -52.666601099999973, -25.562299900000031, 0.0 ], [ -52.6665218, -25.562060200000023, 0.0 ], [ -52.666443300000012, -25.561834200000014, 0.0 ], [ -52.6663901, -25.5616594, 0.0 ], [ -52.66636410000001, -25.5615485, 0.0 ], [ -52.6663352, -25.5614334, 0.0 ], [ -52.666311399999984, -25.5612236, 0.0 ], [ -52.666288899999984, -25.5610522, 0.0 ], [ -52.6662668, -25.5608856, 0.0 ], [ -52.666248199999977, -25.5607, 0.0 ], [ -52.666229499999979, -25.560489099999977, 0.0 ], [ -52.6662036, -25.560213200000021, 0.0 ], [ -52.666188299999988, -25.560014700000014, 0.0 ], [ -52.666183900000021, -25.5598759, 0.0 ], [ -52.6661765, -25.55965250000002, 0.0 ], [ -52.666175, -25.55961079999997, 0.0 ], [ -52.666167, -25.5594668, 0.0 ], [ -52.666154300000024, -25.559317899999982, 0.0 ], [ -52.666111600000022, -25.5591109, 0.0 ], [ -52.6660276, -25.558857400000019, 0.0 ], [ -52.6659206, -25.558611499999977, 0.0 ], [ -52.665867400000018, -25.558492399999981, 0.0 ], [ -52.665791, -25.558367200000017, 0.0 ], [ -52.6656757, -25.558234099999986, 0.0 ], [ -52.66556359999997, -25.55813060000003, 0.0 ], [ -52.665343099999951, -25.557972600000031, 0.0 ], [ -52.665187300000014, -25.557869900000014, 0.0 ], [ -52.6650203, -25.557747800000016, 0.0 ], [ -52.664780599999972, -25.5575802, 0.0 ], [ -52.664650699999981, -25.557483900000012, 0.0 ], [ -52.66447670000003, -25.5573481, 0.0 ], [ -52.6642638, -25.5571531, 0.0 ], [ -52.6641136, -25.5569909, 0.0 ], [ -52.663955, -25.556795599999973, 0.0 ], [ -52.663756700000015, -25.5565159, 0.0 ], [ -52.663702300000011, -25.55644, 0.0 ], [ -52.663598899999982, -25.556292699999979, 0.0 ], [ -52.663480900000025, -25.556097700000016, 0.0 ], [ -52.663331799999966, -25.555869799999972, 0.0 ], [ -52.6632591, -25.555748, 0.0 ], [ -52.663147, -25.555548900000026, 0.0 ], [ -52.663077799999989, -25.555404899999978, 0.0 ], [ -52.663051199999977, -25.555332899999989, 0.0 ], [ -52.663037700000018, -25.5552244, 0.0 ], [ -52.6630448, -25.5551087, 0.0 ], [ -52.663075600000013, -25.5549216, 0.0 ], [ -52.6631244, -25.554641100000019, 0.0 ], [ -52.663199099999972, -25.554315599999978, 0.0 ], [ -52.6632406, -25.554122399999972, 0.0 ], [ -52.663297100000023, -25.5538555, 0.0 ], [ -52.663336099999967, -25.553663200000031, 0.0 ], [ -52.663377599999983, -25.553395, 0.0 ], [ -52.66340780000003, -25.553078299999981, 0.0 ], [ -52.6634388, -25.552867699999968, 0.0 ], [ -52.663432399999969, -25.5526352, 0.0 ], [ -52.663395799999968, -25.55247, 0.0 ], [ -52.663306200000022, -25.552234100000021, 0.0 ], [ -52.663182, -25.552009800000011, 0.0 ], [ -52.663046099999974, -25.5518086, 0.0 ], [ -52.662904, -25.551620500000016, 0.0 ], [ -52.6627194, -25.551368500000017, 0.0 ], [ -52.662610200000017, -25.551190099999989, 0.0 ], [ -52.662509600000014, -25.550991500000013, 0.0 ], [ -52.662439699999979, -25.55085039999998, 0.0 ], [ -52.662394799999987, -25.55070779999998, 0.0 ], [ -52.662338700000014, -25.550511, 0.0 ], [ -52.662304199999987, -25.5503099, 0.0 ], [ -52.662259, -25.549927, 0.0 ], [ -52.6622385, -25.5496617, 0.0 ], [ -52.6622249, -25.549428700000021, 0.0 ], [ -52.662218100000018, -25.5490514, 0.0 ], [ -52.662239600000014, -25.548528299999983, 0.0 ], [ -52.662251099999985, -25.548368200000024, 0.0 ], [ -52.6622638, -25.5479459, 0.0 ], [ -52.6622663, -25.5476643, 0.0 ], [ -52.662277, -25.547479399999986, 0.0 ], [ -52.662305600000025, -25.547303100000011, 0.0 ], [ -52.6624, -25.547023, 0.0 ], [ -52.662487199999973, -25.546795799999973, 0.0 ], [ -52.662591, -25.546576099999971, 0.0 ], [ -52.662712800000016, -25.546384699999962, 0.0 ], [ -52.66289189999997, -25.546057599999969, 0.0 ], [ -52.66307769999996, -25.545711, 0.0 ], [ -52.6632088, -25.5454674, 0.0 ], [ -52.663295699999978, -25.545252899999983, 0.0 ], [ -52.663454399999964, -25.544997599999981, 0.0 ], [ -52.6635966, -25.5447274, 0.0 ], [ -52.6638767, -25.544213399999986, 0.0 ], [ -52.664037, -25.543903600000018, 0.0 ], [ -52.6641743, -25.543620499999982, 0.0 ], [ -52.664269499999975, -25.54338910000001, 0.0 ], [ -52.664315499999965, -25.543223300000026, 0.0 ], [ -52.664336, -25.5430621, 0.0 ], [ -52.664332499999986, -25.542924500000012, 0.0 ], [ -52.664274, -25.542589099999987, 0.0 ], [ -52.66419, -25.542227299999979, 0.0 ], [ -52.6641045, -25.5418632, 0.0 ], [ -52.664064, -25.54166679999997, 0.0 ], [ -52.664025, -25.5415183, 0.0 ], [ -52.6639177, -25.541162, 0.0 ], [ -52.66390710000001, -25.541061899999974, 0.0 ], [ -52.6639023, -25.541034500000013, 0.0 ], [ -52.6638679, -25.5407323, 0.0 ], [ -52.663814499999987, -25.540424, 0.0 ], [ -52.663807, -25.540380700000018, 0.0 ], [ -52.6638047, -25.540376499999976, 0.0 ], [ -52.663756299999989, -25.540285700000027, 0.0 ], [ -52.663684600000011, -25.5403172, 0.0 ], [ -52.662825399999974, -25.5407937, 0.0 ], [ -52.662750500000016, -25.540792800000016, 0.0 ], [ -52.662539, -25.540766299999973, 0.0 ], [ -52.66238729999997, -25.540717700000013, 0.0 ], [ -52.66225270000001, -25.54066169999998, 0.0 ], [ -52.662188399999977, -25.540635300000016, 0.0 ], [ -52.662084499999978, -25.540580200000012, 0.0 ], [ -52.6620103, -25.540536700000011, 0.0 ], [ -52.661943300000011, -25.540491799999984, 0.0 ], [ -52.6618729, -25.540446299999985, 0.0 ], [ -52.6618047, -25.540404799999973, 0.0 ], [ -52.661784399999988, -25.540370399999986, 0.0 ], [ -52.661761, -25.540319, 0.0 ], [ -52.661737099999975, -25.540268799999964, 0.0 ], [ -52.661704, -25.540202099999988, 0.0 ], [ -52.661682499999984, -25.5401478, 0.0 ], [ -52.661662799999981, -25.540086700000014, 0.0 ], [ -52.661643, -25.5400065, 0.0 ], [ -52.6616272, -25.5399145, 0.0 ], [ -52.6616169, -25.539819, 0.0 ], [ -52.661608600000022, -25.5397491, 0.0 ], [ -52.661609299999988, -25.539594799999975, 0.0 ], [ -52.6615934, -25.539423, 0.0 ], [ -52.661580699999988, -25.539236899999985, 0.0 ], [ -52.661559899999979, -25.5390382, 0.0 ], [ -52.661543900000026, -25.538898899999968, 0.0 ], [ -52.661536399999981, -25.5387697, 0.0 ], [ -52.6615347, -25.538668500000018, 0.0 ], [ -52.6615438, -25.53855609999998, 0.0 ], [ -52.6615485, -25.538430100000021, 0.0 ], [ -52.66155040000001, -25.538317, 0.0 ], [ -52.661549799999982, -25.5382045, 0.0 ], [ -52.6615273, -25.537983699999977, 0.0 ], [ -52.6615003, -25.537816399999986, 0.0 ], [ -52.661478400000014, -25.537723799999977, 0.0 ], [ -52.6614687, -25.5376432, 0.0 ], [ -52.6612017, -25.53620890000002, 0.0 ], [ -52.661151299999965, -25.536063, 0.0 ], [ -52.661134600000032, -25.5359031, 0.0 ], [ -52.661112399999972, -25.535730899999976, 0.0 ], [ -52.6610884, -25.535570800000016, 0.0 ], [ -52.661057500000013, -25.535388899999976, 0.0 ], [ -52.661032700000014, -25.5352987, 0.0 ], [ -52.661033299999978, -25.5352358, 0.0 ], [ -52.660997899999984, -25.535041299999989, 0.0 ], [ -52.660963400000014, -25.534833499999984, 0.0 ], [ -52.660931899999973, -25.5346265, 0.0 ], [ -52.6608991, -25.534460899999988, 0.0 ], [ -52.6608701, -25.5343704, 0.0 ], [ -52.660816899999979, -25.534266, 0.0 ], [ -52.660770199999988, -25.534200199999972, 0.0 ], [ -52.660612, -25.534001499999988, 0.0 ], [ -52.6605139, -25.533874299999979, 0.0 ], [ -52.660388599999983, -25.5337154, 0.0 ], [ -52.660207199999988, -25.533482400000018, 0.0 ], [ -52.659977399999988, -25.533242, 0.0 ], [ -52.6598732, -25.533046800000026, 0.0 ], [ -52.6597572, -25.532891699999979, 0.0 ], [ -52.659617299999979, -25.532719299999986, 0.0 ], [ -52.659453400000018, -25.532503, 0.0 ], [ -52.659322799999984, -25.5323342, 0.0 ], [ -52.65917730000001, -25.532143799999965, 0.0 ], [ -52.658945099999983, -25.531843400000014, 0.0 ], [ -52.658754, -25.531594600000016, 0.0 ], [ -52.6585758, -25.531373799999979, 0.0 ], [ -52.658357500000015, -25.5310933, 0.0 ], [ -52.658258, -25.530958199999979, 0.0 ], [ -52.65814610000001, -25.5308093, 0.0 ], [ -52.6580103, -25.530627299999978, 0.0 ], [ -52.657907200000011, -25.5305047, 0.0 ], [ -52.6577595, -25.5303, 0.0 ], [ -52.6575869, -25.53007760000003, 0.0 ], [ -52.6573887, -25.5298225, 0.0 ], [ -52.6571429, -25.5295105, 0.0 ], [ -52.6569417, -25.529259, 0.0 ], [ -52.656726, -25.528975399999958, 0.0 ], [ -52.656470099999986, -25.528646900000016, 0.0 ], [ -52.6562495, -25.528365599999972, 0.0 ], [ -52.6560038, -25.5280467, 0.0 ], [ -52.6558193, -25.5278018, 0.0 ], [ -52.6556443, -25.5275705, 0.0 ], [ -52.655415300000016, -25.5272779, 0.0 ], [ -52.6552408, -25.527050299999978, 0.0 ], [ -52.6550876, -25.5268547, 0.0 ], [ -52.654923, -25.526650099999987, 0.0 ], [ -52.654831399999971, -25.526525900000024, 0.0 ], [ -52.654767199999981, -25.526422799999974, 0.0 ], [ -52.6547201, -25.526317, 0.0 ], [ -52.654699900000018, -25.526231699999983, 0.0 ], [ -52.654683, -25.526114199999981, 0.0 ], [ -52.654664799999971, -25.525837799999987, 0.0 ], [ -52.654626, -25.5257049, 0.0 ], [ -52.654583899999977, -25.5256289, 0.0 ], [ -52.6545231, -25.5255633, 0.0 ], [ -52.654408, -25.525506399999987, 0.0 ], [ -52.654349399999987, -25.525480099999982, 0.0 ], [ -52.6542402, -25.5254594, 0.0 ], [ -52.654047699999985, -25.525437599999965, 0.0 ], [ -52.6538491, -25.525434800000028, 0.0 ], [ -52.653657, -25.5254403, 0.0 ], [ -52.6535061, -25.525426799999988, 0.0 ], [ -52.65320220000001, -25.525350300000014, 0.0 ], [ -52.653046300000028, -25.525316299999979, 0.0 ], [ -52.6528619, -25.525252500000015, 0.0 ], [ -52.652759199999977, -25.5252023, 0.0 ], [ -52.652530300000024, -25.525047, 0.0 ], [ -52.6523505, -25.5249293, 0.0 ], [ -52.6521574, -25.524802200000011, 0.0 ], [ -52.651892700000019, -25.5246394, 0.0 ], [ -52.651806599999979, -25.524593, 0.0 ], [ -52.6517002, -25.524549700000023, 0.0 ], [ -52.6515887, -25.524516199999983, 0.0 ], [ -52.651368699999971, -25.524481900000016, 0.0 ], [ -52.651165499999983, -25.5244386, 0.0 ], [ -52.6509378, -25.5243949, 0.0 ], [ -52.6507684, -25.524349899999986, 0.0 ], [ -52.6506268, -25.5242983, 0.0 ], [ -52.6503773, -25.524160400000014, 0.0 ], [ -52.650294499999966, -25.5241195, 0.0 ], [ -52.6502178, -25.5240503, 0.0 ], [ -52.650055099999975, -25.523922, 0.0 ], [ -52.6498222, -25.523739400000011, 0.0 ], [ -52.6496437, -25.523599, 0.0 ], [ -52.649456699999966, -25.5234507, 0.0 ], [ -52.649239500000022, -25.5232876, 0.0 ], [ -52.6490182, -25.523129499999957, 0.0 ], [ -52.6489383, -25.523055100000015, 0.0 ], [ -52.6487568, -25.5229145, 0.0 ], [ -52.648566899999985, -25.5227661, 0.0 ], [ -52.6484057, -25.5226406, 0.0 ], [ -52.6482725, -25.522537, 0.0 ], [ -52.648071399999985, -25.5223833, 0.0 ], [ -52.6479226, -25.5222673, 0.0 ], [ -52.6477666, -25.5221479, 0.0 ], [ -52.647569299999986, -25.522004100000011, 0.0 ], [ -52.647460799999962, -25.521929399999962, 0.0 ], [ -52.647332199999987, -25.5218507, 0.0 ], [ -52.647173599999967, -25.5217652, 0.0 ], [ -52.64698149999996, -25.521674800000028, 0.0 ], [ -52.646900099999982, -25.5216356, 0.0 ], [ -52.6467371, -25.521557899999983, 0.0 ], [ -52.64652419999998, -25.5214601, 0.0 ], [ -52.6463688, -25.521391, 0.0 ], [ -52.64620409999997, -25.5213116, 0.0 ], [ -52.6460399, -25.52123260000003, 0.0 ], [ -52.645817299999976, -25.5211276, 0.0 ], [ -52.645560499999974, -25.5210106, 0.0 ], [ -52.645349399999972, -25.520909399999979, 0.0 ], [ -52.645023700000017, -25.52075330000002, 0.0 ], [ -52.644915799999964, -25.520697199999976, 0.0 ], [ -52.6448087, -25.520634500000014, 0.0 ], [ -52.644679900000021, -25.520544099999988, 0.0 ], [ -52.644565, -25.5204549, 0.0 ], [ -52.6443542, -25.520286100000021, 0.0 ], [ -52.64422009999997, -25.520177199999981, 0.0 ], [ -52.644007299999977, -25.519996600000013, 0.0 ], [ -52.64387040000004, -25.5198813, 0.0 ], [ -52.6437085, -25.519746699999985, 0.0 ], [ -52.643522699999984, -25.51959870000001, 0.0 ], [ -52.643335799999981, -25.5194452, 0.0 ], [ -52.643194400000013, -25.5193322, 0.0 ], [ -52.643029099999964, -25.5191999, 0.0 ], [ -52.642866500000032, -25.519070399999972, 0.0 ], [ -52.642720199999978, -25.518947299999962, 0.0 ], [ -52.642574099999983, -25.518828, 0.0 ], [ -52.6423755, -25.5186625, 0.0 ], [ -52.64220089999997, -25.518519799999957, 0.0 ], [ -52.642015800000024, -25.51836789999998, 0.0 ], [ -52.64186680000001, -25.518247599999988, 0.0 ], [ -52.6416699, -25.5180843, 0.0 ], [ -52.641566, -25.5180019, 0.0 ], [ -52.6414575, -25.5179112, 0.0 ], [ -52.6413548, -25.517825800000015, 0.0 ], [ -52.6412497, -25.517737899999982, 0.0 ], [ -52.641210899999969, -25.5177072, 0.0 ], [ -52.6411481, -25.517657699999965, 0.0 ], [ -52.641093399999981, -25.517615499999962, 0.0 ], [ -52.641019799999967, -25.517555, 0.0 ], [ -52.640931599999988, -25.517484899999989, 0.0 ], [ -52.6408353, -25.517405699999973, 0.0 ], [ -52.640744499999983, -25.517330500000018, 0.0 ], [ -52.640660799999957, -25.5172564, 0.0 ], [ -52.640576300000021, -25.5171765, 0.0 ], [ -52.640501500000028, -25.5170989, 0.0 ], [ -52.640422, -25.517014399999987, 0.0 ], [ -52.64032509999997, -25.516916900000016, 0.0 ], [ -52.6402365, -25.5168294, 0.0 ], [ -52.640149300000012, -25.516748099999962, 0.0 ], [ -52.6400674, -25.516674299999973, 0.0 ], [ -52.6400201, -25.516631800000024, 0.0 ], [ -52.639978199999966, -25.5165867, 0.0 ], [ -52.6399306, -25.516533, 0.0 ], [ -52.639890700000024, -25.516479399999973, 0.0 ], [ -52.6398522, -25.5164201, 0.0 ], [ -52.639805, -25.5163329, 0.0 ], [ -52.639751499999988, -25.5162313, 0.0 ], [ -52.6396957, -25.5161251, 0.0 ], [ -52.639616499999981, -25.515967799999988, 0.0 ], [ -52.6395801, -25.5158947, 0.0 ], [ -52.639536799999959, -25.51580910000002, 0.0 ], [ -52.639488, -25.515714300000013, 0.0 ], [ -52.639436299999979, -25.515615599999972, 0.0 ], [ -52.639388, -25.5155224, 0.0 ], [ -52.63933279999997, -25.5154124, 0.0 ], [ -52.6392765, -25.515300599999989, 0.0 ], [ -52.639233199999971, -25.515212299999977, 0.0 ], [ -52.6391827, -25.515119299999984, 0.0 ], [ -52.639135, -25.515024100000016, 0.0 ], [ -52.6390933, -25.514936599999988, 0.0 ], [ -52.63904680000001, -25.514845700000016, 0.0 ], [ -52.639006400000014, -25.5147632, 0.0 ], [ -52.638954099999964, -25.514665200000017, 0.0 ], [ -52.638904899999986, -25.51456, 0.0 ], [ -52.6388519, -25.514451300000012, 0.0 ], [ -52.638801, -25.5143526, 0.0 ], [ -52.638754600000027, -25.5142553, 0.0 ], [ -52.638715199999965, -25.5141714, 0.0 ], [ -52.638665600000024, -25.5140675, 0.0 ], [ -52.63861480000002, -25.513961199999972, 0.0 ], [ -52.638564700000011, -25.513859700000015, 0.0 ], [ -52.638516700000032, -25.5137645, 0.0 ], [ -52.638447799999987, -25.513627, 0.0 ], [ -52.638393099999973, -25.5135189, 0.0 ], [ -52.638336499999966, -25.513408599999973, 0.0 ], [ -52.638287100000014, -25.51331290000002, 0.0 ], [ -52.6382416, -25.513218600000013, 0.0 ], [ -52.638213, -25.5131584, 0.0 ], [ -52.6381801, -25.513093099999988, 0.0 ], [ -52.638139, -25.513005799999977, 0.0 ], [ -52.6380972, -25.512915200000013, 0.0 ], [ -52.638032899999978, -25.512793, 0.0 ], [ -52.637989199999978, -25.5127068, 0.0 ], [ -52.637934799999982, -25.512609, 0.0 ], [ -52.637878100000037, -25.512503, 0.0 ], [ -52.6378229, -25.512401099999988, 0.0 ], [ -52.63776189999998, -25.5122884, 0.0 ], [ -52.6377137, -25.5121952, 0.0 ], [ -52.6376791, -25.5121294, 0.0 ], [ -52.637635199999977, -25.5120397, 0.0 ], [ -52.6375873, -25.511934900000025, 0.0 ], [ -52.63754770000002, -25.511845499999989, 0.0 ], [ -52.6375261, -25.511793099999963, 0.0 ], [ -52.6375071, -25.511737, 0.0 ], [ -52.637482099999986, -25.51166169999998, 0.0 ], [ -52.63746170000001, -25.511590800000029, 0.0 ], [ -52.6374409, -25.51151440000001, 0.0 ], [ -52.6374234, -25.51145009999998, 0.0 ], [ -52.637409, -25.51138909999997, 0.0 ], [ -52.637397, -25.511331199999976, 0.0 ], [ -52.6373833, -25.511257899999954, 0.0 ], [ -52.637374500000021, -25.511206099999978, 0.0 ], [ -52.637365699999968, -25.511156700000019, 0.0 ], [ -52.637357800000018, -25.511096, 0.0 ], [ -52.637354399999978, -25.511045799999966, 0.0 ], [ -52.63735129999997, -25.510989, 0.0 ], [ -52.6373501, -25.510933700000017, 0.0 ], [ -52.637356599999976, -25.5108409, 0.0 ], [ -52.6373625, -25.5107451, 0.0 ], [ -52.63736849999998, -25.5106494, 0.0 ], [ -52.637372099999979, -25.510576899999979, 0.0 ], [ -52.637375899999981, -25.5104997, 0.0 ], [ -52.6373694, -25.5104167, 0.0 ], [ -52.6373684, -25.5103616, 0.0 ], [ -52.6373575, -25.5102936, 0.0 ], [ -52.63734119999998, -25.510233200000012, 0.0 ], [ -52.63731030000001, -25.510157400000026, 0.0 ], [ -52.637271899999966, -25.5100668, 0.0 ], [ -52.637234200000023, -25.5099818, 0.0 ], [ -52.6371853, -25.509880899999981, 0.0 ], [ -52.6371348, -25.509778799999985, 0.0 ], [ -52.637081799999955, -25.509679399999978, 0.0 ], [ -52.637030700000018, -25.5095801, 0.0 ], [ -52.6369744, -25.509480699999969, 0.0 ], [ -52.636911800000014, -25.509377500000024, 0.0 ], [ -52.636885399999969, -25.509328499999981, 0.0 ], [ -52.636846299999988, -25.509256, 0.0 ], [ -52.636795199999987, -25.509161600000024, 0.0 ], [ -52.636744799999953, -25.509046800000021, 0.0 ], [ -52.6366939, -25.5089201, 0.0 ], [ -52.636636300000013, -25.508744900000011, 0.0 ], [ -52.636591899999985, -25.508603699999966, 0.0 ], [ -52.636547899999982, -25.508455799999968, 0.0 ], [ -52.636510799999975, -25.5083201, 0.0 ], [ -52.6364752, -25.5081846, 0.0 ], [ -52.636437199999989, -25.508054599999973, 0.0 ], [ -52.636403299999984, -25.5079258, 0.0 ], [ -52.636354299999979, -25.5077597, 0.0 ], [ -52.636317, -25.50758839999996, 0.0 ], [ -52.6362593, -25.507377200000018, 0.0 ], [ -52.636210100000035, -25.5071987, 0.0 ], [ -52.636156700000015, -25.507009400000019, 0.0 ], [ -52.6361117, -25.5068751, 0.0 ], [ -52.636084, -25.5067909, 0.0 ], [ -52.636058400000024, -25.506707, 0.0 ], [ -52.636045299999985, -25.506645, 0.0 ], [ -52.6360333, -25.506569800000026, 0.0 ], [ -52.636031, -25.5064964, 0.0 ], [ -52.6360379, -25.506408599999986, 0.0 ], [ -52.636045099999976, -25.5063786, 0.0 ], [ -52.6360573, -25.506318700000012, 0.0 ], [ -52.636073300000014, -25.506247499999972, 0.0 ], [ -52.636094699999987, -25.5061693, 0.0 ], [ -52.636120600000027, -25.506065499999966, 0.0 ], [ -52.636141199999976, -25.5059858, 0.0 ], [ -52.636162800000015, -25.505901699999981, 0.0 ], [ -52.6361835, -25.5058199, 0.0 ], [ -52.6362064, -25.50574, 0.0 ], [ -52.6362279, -25.50565940000001, 0.0 ], [ -52.636251899999984, -25.505576899999983, 0.0 ], [ -52.6362727, -25.5054968, 0.0 ], [ -52.636296300000019, -25.505412599999985, 0.0 ], [ -52.6363177, -25.5053276, 0.0 ], [ -52.6363394, -25.505252400000014, 0.0 ], [ -52.636358799999975, -25.505176600000027, 0.0 ], [ -52.63638, -25.505093699999964, 0.0 ], [ -52.63639749999998, -25.505017300000016, 0.0 ], [ -52.63641530000001, -25.504936499999975, 0.0 ], [ -52.636428899999977, -25.504863199999988, 0.0 ], [ -52.636437899999983, -25.50479990000003, 0.0 ], [ -52.6364514, -25.5047495, 0.0 ], [ -52.6364959, -25.504677300000019, 0.0 ], [ -52.636507100000017, -25.504640600000016, 0.0 ], [ -52.636885899999982, -25.503586900000016, 0.0 ], [ -52.636908800000015, -25.50357120000001, 0.0 ], [ -52.636946500000022, -25.503555399999982, 0.0 ], [ -52.636975099999972, -25.503519499999982, 0.0 ], [ -52.637012500000026, -25.5034741, 0.0 ], [ -52.63705520000002, -25.5034359, 0.0 ], [ -52.6370895, -25.503411200000016, 0.0 ], [ -52.637094100000013, -25.503363400000012, 0.0 ], [ -52.637100499999974, -25.503311699999983, 0.0 ], [ -52.637129500000015, -25.503253200000017, 0.0 ], [ -52.6371704, -25.5032233, 0.0 ], [ -52.6371979, -25.503198699999984, 0.0 ], [ -52.637262, -25.503070700000023, 0.0 ], [ -52.6372943, -25.5030466, 0.0 ], [ -52.637331, -25.50303150000002, 0.0 ], [ -52.637355, -25.502977499999986, 0.0 ], [ -52.637392299999988, -25.502911200000028, 0.0 ], [ -52.637442299999975, -25.502862900000025, 0.0 ], [ -52.637464799999975, -25.502837699999986, 0.0 ], [ -52.637480499999981, -25.502806, 0.0 ], [ -52.637508200000013, -25.5027553, 0.0 ], [ -52.637557800000025, -25.502712299999985, 0.0 ], [ -52.6375933, -25.5026671, 0.0 ], [ -52.637634400000024, -25.502605300000027, 0.0 ], [ -52.637636900000018, -25.502561300000025, 0.0 ], [ -52.637664200000017, -25.502479400000027, 0.0 ], [ -52.6377063, -25.5024578, 0.0 ], [ -52.637717099999975, -25.502408399999979, 0.0 ], [ -52.6377607, -25.502363399999979, 0.0 ], [ -52.637806800000021, -25.502314099999978, 0.0 ], [ -52.637811699999986, -25.5023089, 0.0 ], [ -52.6378421, -25.5022641, 0.0 ], [ -52.637913, -25.5022169, 0.0 ], [ -52.637926600000014, -25.50216, 0.0 ], [ -52.637933799999985, -25.502132500000016, 0.0 ], [ -52.637971400000026, -25.5020963, 0.0 ], [ -52.638024700000017, -25.502059700000018, 0.0 ], [ -52.638059399999975, -25.5020242, 0.0 ], [ -52.638132400000018, -25.501967, 0.0 ], [ -52.638182799999981, -25.501936300000011, 0.0 ], [ -52.638238300000012, -25.50187840000001, 0.0 ], [ -52.63832, -25.501825399999973, 0.0 ], [ -52.6383945, -25.501819800000021, 0.0 ], [ -52.638483800000017, -25.50179270000001, 0.0 ], [ -52.6385211, -25.501738199999977, 0.0 ], [ -52.6385894, -25.5016994, 0.0 ], [ -52.63867620000002, -25.5016622, 0.0 ], [ -52.638785900000016, -25.501657200000011, 0.0 ], [ -52.638857299999984, -25.501637500000015, 0.0 ], [ -52.638945700000022, -25.501653799999985, 0.0 ], [ -52.639003300000013, -25.501632, 0.0 ], [ -52.639046099999973, -25.501601900000026, 0.0 ], [ -52.639097199999981, -25.5015189, 0.0 ], [ -52.639148, -25.501473, 0.0 ], [ -52.639245800000026, -25.501417300000014, 0.0 ], [ -52.639317300000016, -25.501353, 0.0 ], [ -52.6393364, -25.501335, 0.0 ], [ -52.639369, -25.5013042, 0.0 ], [ -52.63943230000001, -25.5012815, 0.0 ], [ -52.6394803, -25.501269400000012, 0.0 ], [ -52.639550900000017, -25.501284, 0.0 ], [ -52.63961089999998, -25.501252599999987, 0.0 ], [ -52.639625799999976, -25.501255300000025, 0.0 ], [ -52.63966, -25.5012615, 0.0 ], [ -52.6397528, -25.501310100000012, 0.0 ], [ -52.63978, -25.5012908, 0.0 ], [ -52.6398314, -25.5012618, 0.0 ], [ -52.6398858, -25.5012355, 0.0 ], [ -52.639924800000017, -25.5012408, 0.0 ], [ -52.639951399999973, -25.5012562, 0.0 ], [ -52.639981400000011, -25.501261600000021, 0.0 ], [ -52.639988599999981, -25.50120290000001, 0.0 ], [ -52.640019100000018, -25.501171600000021, 0.0 ], [ -52.6400673, -25.501186599999983, 0.0 ], [ -52.640104899999983, -25.5011581, 0.0 ], [ -52.640128899999979, -25.501130699999976, 0.0 ], [ -52.640170800000021, -25.501143500000012, 0.0 ], [ -52.640222400000027, -25.501203499999974, 0.0 ], [ -52.640287, -25.501194899999973, 0.0 ], [ -52.6403479, -25.501199400000019, 0.0 ], [ -52.6403694, -25.501171, 0.0 ], [ -52.640399600000023, -25.5011637, 0.0 ], [ -52.6404948, -25.5011768, 0.0 ], [ -52.640585499999986, -25.501203499999974, 0.0 ], [ -52.64062, -25.501235399999985, 0.0 ], [ -52.6407709, -25.5012562, 0.0 ], [ -52.640812, -25.5012099, 0.0 ], [ -52.640954299999976, -25.5011571, 0.0 ], [ -52.6409721, -25.5011505, 0.0 ], [ -52.6410601, -25.501145099999974, 0.0 ], [ -52.64123189999998, -25.501195, 0.0 ], [ -52.6412881, -25.501072299999976, 0.0 ], [ -52.6412737, -25.5009341, 0.0 ], [ -52.641349, -25.5008699, 0.0 ], [ -52.6413968, -25.500854600000025, 0.0 ], [ -52.641364399999986, -25.5007994, 0.0 ], [ -52.641448200000013, -25.5006656, 0.0 ], [ -52.64148849999998, -25.500666200000012, 0.0 ], [ -52.6416112, -25.500723100000016, 0.0 ], [ -52.641718500000025, -25.500720199999989, 0.0 ], [ -52.64178720000001, -25.500717399999985, 0.0 ], [ -52.641941200000019, -25.5007013, 0.0 ], [ -52.6420981, -25.5006707, 0.0 ], [ -52.642142299999989, -25.5005994, 0.0 ], [ -52.642172099999982, -25.500495, 0.0 ], [ -52.642271400000027, -25.500379099999975, 0.0 ], [ -52.6423127, -25.5002634, 0.0 ], [ -52.6423373, -25.500220099999979, 0.0 ], [ -52.642340600000011, -25.500211, 0.0 ], [ -52.64235530000002, -25.500170700000012, 0.0 ], [ -52.6424121, -25.499983499999985, 0.0 ], [ -52.642408900000021, -25.4998675, 0.0 ], [ -52.6424012, -25.499783200000024, 0.0 ], [ -52.642357300000015, -25.49946319999998, 0.0 ], [ -52.642383100000018, -25.4993599, 0.0 ], [ -52.642379300000016, -25.499328900000023, 0.0 ], [ -52.6423418, -25.4991321, 0.0 ], [ -52.642390299999988, -25.4990558, 0.0 ], [ -52.6424475, -25.498936300000025, 0.0 ], [ -52.64252110000001, -25.4988434, 0.0 ], [ -52.6426234, -25.498716, 0.0 ], [ -52.6426818, -25.498625800000013, 0.0 ], [ -52.6427488, -25.498559199999988, 0.0 ], [ -52.6428489, -25.4984258, 0.0 ], [ -52.642944699999987, -25.4982695, 0.0 ], [ -52.643043299999988, -25.49816340000001, 0.0 ], [ -52.6431177, -25.498075700000015, 0.0 ], [ -52.643064200000026, -25.4980013, 0.0 ], [ -52.6431341, -25.497888199999977, 0.0 ], [ -52.64323760000002, -25.497762799999975, 0.0 ], [ -52.6432843, -25.4975796, 0.0 ], [ -52.643301899999983, -25.497527100000013, 0.0 ], [ -52.6433834, -25.497411699999986, 0.0 ], [ -52.6434243, -25.497332700000015, 0.0 ], [ -52.643468900000016, -25.497246800000028, 0.0 ], [ -52.643586299999981, -25.497070599999972, 0.0 ], [ -52.643550100000027, -25.496928299999979, 0.0 ], [ -52.643568800000025, -25.4967512, 0.0 ], [ -52.643590500000016, -25.496634700000016, 0.0 ], [ -52.6437563, -25.496598600000027, 0.0 ], [ -52.643850199999974, -25.49646, 0.0 ], [ -52.643910399999982, -25.49631770000002, 0.0 ], [ -52.644131500000015, -25.496234800000025, 0.0 ], [ -52.64422159999998, -25.4962794, 0.0 ], [ -52.644291, -25.4964106, 0.0 ], [ -52.644380099999978, -25.496284300000013, 0.0 ], [ -52.6445314, -25.496115299999985, 0.0 ], [ -52.644547, -25.495909400000016, 0.0 ], [ -52.644513599999982, -25.495726600000012, 0.0 ], [ -52.644568199999981, -25.49551839999998, 0.0 ], [ -52.644644, -25.495447300000023, 0.0 ], [ -52.644725400000027, -25.495370900000012, 0.0 ], [ -52.6447756, -25.495241, 0.0 ], [ -52.644926699999985, -25.495128200000011, 0.0 ], [ -52.645081800000014, -25.495096699999976, 0.0 ], [ -52.6451892, -25.4948895, 0.0 ], [ -52.645217300000013, -25.494672499999979, 0.0 ], [ -52.645302500000014, -25.494499099999985, 0.0 ], [ -52.645351300000016, -25.4943149, 0.0 ], [ -52.645559600000013, -25.494331100000011, 0.0 ], [ -52.645627900000022, -25.4943169, 0.0 ], [ -52.645579, -25.494219499999986, 0.0 ], [ -52.64565140000002, -25.4941255, 0.0 ], [ -52.645811, -25.4940439, 0.0 ], [ -52.645924799999989, -25.494155299999989, 0.0 ], [ -52.6460677, -25.494271700000013, 0.0 ], [ -52.646127, -25.494246200000021, 0.0 ], [ -52.6460821, -25.494076899999982, 0.0 ], [ -52.646144900000024, -25.4939867, 0.0 ], [ -52.6462899, -25.4939713, 0.0 ], [ -52.6463544, -25.4938929, 0.0 ], [ -52.6462191, -25.493765399999972, 0.0 ], [ -52.646206, -25.493680900000015, 0.0 ], [ -52.6463503, -25.4936272, 0.0 ], [ -52.64642379999998, -25.4936217, 0.0 ], [ -52.646603700000014, -25.4934336, 0.0 ], [ -52.6467503, -25.4933188, 0.0 ], [ -52.646924599999977, -25.4932586, 0.0 ], [ -52.646992800000021, -25.49329419999998, 0.0 ], [ -52.64722949999998, -25.49328220000001, 0.0 ], [ -52.647319900000014, -25.493281599999989, 0.0 ], [ -52.647473100000013, -25.4932081, 0.0 ], [ -52.6475249, -25.493064600000025, 0.0 ], [ -52.6475678, -25.4929411, 0.0 ], [ -52.647681299999988, -25.492866600000013, 0.0 ], [ -52.647770400000013, -25.492830500000025, 0.0 ], [ -52.6478232, -25.4927851, 0.0 ], [ -52.6478649, -25.492742099999987, 0.0 ], [ -52.647877, -25.492668400000014, 0.0 ], [ -52.647927700000025, -25.4926403, 0.0 ], [ -52.64798780000001, -25.492605500000025, 0.0 ], [ -52.6480601, -25.4925442, 0.0 ], [ -52.648074399999985, -25.49251, 0.0 ], [ -52.648135599999989, -25.492500800000016, 0.0 ], [ -52.648198900000011, -25.492499399999986, 0.0 ], [ -52.6482522, -25.4925053, 0.0 ], [ -52.6483038, -25.492527, 0.0 ], [ -52.648330699999974, -25.4925462, 0.0 ], [ -52.648334200000022, -25.4925718, 0.0 ], [ -52.648384299999975, -25.492616100000021, 0.0 ], [ -52.648426500000028, -25.492667, 0.0 ], [ -52.64845889999998, -25.4927093, 0.0 ], [ -52.6485126, -25.492776400000025, 0.0 ], [ -52.6485179, -25.49277410000002, 0.0 ], [ -52.6485945, -25.4927439, 0.0 ], [ -52.648651799999982, -25.492736900000011, 0.0 ], [ -52.648648799999989, -25.492670299999986, 0.0 ], [ -52.648650499999974, -25.492628, 0.0 ], [ -52.648680099999979, -25.492575400000021, 0.0 ], [ -52.6486511, -25.492557299999987, 0.0 ], [ -52.648629, -25.492521899999986, 0.0 ], [ -52.64861, -25.492545099999973, 0.0 ], [ -52.6485437, -25.492569600000024, 0.0 ], [ -52.648513400000013, -25.492549699999984, 0.0 ], [ -52.6484949, -25.492527100000018, 0.0 ], [ -52.64849670000001, -25.4924873, 0.0 ], [ -52.648515499999974, -25.492442400000016, 0.0 ], [ -52.6485566, -25.4924074, 0.0 ], [ -52.648629200000016, -25.4923614, 0.0 ], [ -52.64866, -25.492335, 0.0 ], [ -52.648701, -25.4923126, 0.0 ], [ -52.6487722, -25.492321, 0.0 ], [ -52.648773, -25.4923837, 0.0 ], [ -52.6487836, -25.492431399999987, 0.0 ], [ -52.648780499999987, -25.4924727, 0.0 ], [ -52.648769500000014, -25.492513, 0.0 ], [ -52.648778, -25.492529600000012, 0.0 ], [ -52.648828, -25.492549399999973, 0.0 ], [ -52.648834, -25.4925424, 0.0 ], [ -52.648863600000027, -25.492523300000016, 0.0 ], [ -52.648877700000014, -25.492501600000026, 0.0 ], [ -52.6488862, -25.492423700000018, 0.0 ], [ -52.648941900000011, -25.492338599999982, 0.0 ], [ -52.6489846, -25.4922724, 0.0 ], [ -52.649049400000024, -25.492230099999972, 0.0 ], [ -52.6491193, -25.4922166, 0.0 ], [ -52.649178899999981, -25.492234699999983, 0.0 ], [ -52.649195799999973, -25.492256699999984, 0.0 ], [ -52.649224899999979, -25.4922894, 0.0 ], [ -52.64926250000002, -25.492301699999985, 0.0 ], [ -52.6492857, -25.492285900000013, 0.0 ], [ -52.64931439999998, -25.492258400000026, 0.0 ], [ -52.6493327, -25.49219770000002, 0.0 ], [ -52.6493903, -25.492144199999984, 0.0 ], [ -52.649416200000019, -25.49211, 0.0 ], [ -52.64947189999998, -25.492075199999988, 0.0 ], [ -52.649531500000023, -25.4920295, 0.0 ], [ -52.6496034, -25.492011400000024, 0.0 ], [ -52.6496328, -25.4920055, 0.0 ], [ -52.6496487, -25.4919471, 0.0 ], [ -52.6497708, -25.4918897, 0.0 ], [ -52.649836900000025, -25.49188220000002, 0.0 ], [ -52.649914700000011, -25.491908299999977, 0.0 ], [ -52.649940800000024, -25.491951799999981, 0.0 ], [ -52.649950900000022, -25.4919741, 0.0 ], [ -52.6500309, -25.491964100000018, 0.0 ], [ -52.6500512, -25.4919749, 0.0 ], [ -52.650029800000027, -25.491949700000021, 0.0 ], [ -52.650009099999977, -25.4918965, 0.0 ], [ -52.650006800000028, -25.491832400000021, 0.0 ], [ -52.649815400000023, -25.4863416, 0.0 ], [ -52.649769, -25.4850126, 0.0 ], [ -52.649541899999974, -25.478688299999988, 0.0 ], [ -52.649505499999975, -25.4786901, 0.0 ], [ -52.649475100000018, -25.478683199999978, 0.0 ], [ -52.649355599999978, -25.4786557, 0.0 ], [ -52.649261599999988, -25.4786241, 0.0 ], [ -52.6491911, -25.478525699999977, 0.0 ], [ -52.649167799999987, -25.4784209, 0.0 ], [ -52.649122299999988, -25.4783023, 0.0 ], [ -52.649103200000013, -25.478274399999975, 0.0 ], [ -52.649068600000021, -25.478223599999978, 0.0 ], [ -52.649095499999987, -25.4781013, 0.0 ], [ -52.64908250000002, -25.478012, 0.0 ], [ -52.649011, -25.47795050000002, 0.0 ], [ -52.648931399999981, -25.477845800000011, 0.0 ], [ -52.6489279, -25.477732100000026, 0.0 ], [ -52.648950899999988, -25.47767540000001, 0.0 ], [ -52.648902, -25.47759, 0.0 ], [ -52.648828400000014, -25.477473700000019, 0.0 ], [ -52.648776899999973, -25.477349800000013, 0.0 ], [ -52.648710699999981, -25.477234800000019, 0.0 ], [ -52.6485811, -25.4771361, 0.0 ], [ -52.648444400000017, -25.477052500000013, 0.0 ], [ -52.6483263, -25.4770105, 0.0 ], [ -52.648229800000024, -25.477036899999973, 0.0 ], [ -52.6481887, -25.477146600000026, 0.0 ], [ -52.648165800000015, -25.4772122, 0.0 ], [ -52.648042499999974, -25.477218199999982, 0.0 ], [ -52.648030600000027, -25.4771154, 0.0 ], [ -52.6480482, -25.477008599999976, 0.0 ], [ -52.648074599999973, -25.476900600000022, 0.0 ], [ -52.64809409999998, -25.4768416, 0.0 ], [ -52.648116300000027, -25.476809300000014, 0.0 ], [ -52.648177799999985, -25.476733, 0.0 ], [ -52.648188399999981, -25.4766917, 0.0 ], [ -52.648190899999975, -25.4765916, 0.0 ], [ -52.648200299999985, -25.476558599999976, 0.0 ], [ -52.648258399999975, -25.476472399999977, 0.0 ], [ -52.648331400000018, -25.476411199999973, 0.0 ], [ -52.648316500000021, -25.476361199999985, 0.0 ], [ -52.648271200000011, -25.476247600000022, 0.0 ], [ -52.648241700000028, -25.476201899999978, 0.0 ], [ -52.648210600000027, -25.47615380000002, 0.0 ], [ -52.648150900000019, -25.476102500000025, 0.0 ], [ -52.6481291, -25.476019800000017, 0.0 ], [ -52.648147, -25.475972800000022, 0.0 ], [ -52.648205800000028, -25.4759113, 0.0 ], [ -52.64820880000002, -25.475868400000024, 0.0 ], [ -52.648214900000028, -25.4757687, 0.0 ], [ -52.6482196, -25.475697200000013, 0.0 ], [ -52.6482251, -25.4756544, 0.0 ], [ -52.648264200000028, -25.475591099999974, 0.0 ], [ -52.6482876, -25.4755735, 0.0 ], [ -52.64832, -25.475567899999987, 0.0 ], [ -52.648335299999985, -25.475571699999989, 0.0 ], [ -52.648376499999983, -25.4755637, 0.0 ], [ -52.648389300000019, -25.4755594, 0.0 ], [ -52.648452099999986, -25.47550480000001, 0.0 ], [ -52.6484544, -25.475502300000016, 0.0 ], [ -52.648441100000014, -25.475479099999973, 0.0 ], [ -52.648428799999976, -25.475482100000022, 0.0 ], [ -52.648328, -25.475457300000016, 0.0 ], [ -52.648297599999978, -25.4754314, 0.0 ], [ -52.648226500000021, -25.475395, 0.0 ], [ -52.6481536, -25.475379, 0.0 ], [ -52.648112, -25.475363, 0.0 ], [ -52.648072800000023, -25.4753543, 0.0 ], [ -52.648007, -25.47537410000001, 0.0 ], [ -52.6479529, -25.4753814, 0.0 ], [ -52.647909500000026, -25.4753642, 0.0 ], [ -52.647815, -25.475388800000019, 0.0 ], [ -52.647744199999977, -25.475421200000028, 0.0 ], [ -52.6477372, -25.4754433, 0.0 ], [ -52.647701700000027, -25.475465499999984, 0.0 ], [ -52.6476399, -25.475490799999989, 0.0 ], [ -52.647616700000015, -25.475495, 0.0 ], [ -52.6476075, -25.475499800000023, 0.0 ], [ -52.647541, -25.4755576, 0.0 ], [ -52.6475155, -25.475550100000021, 0.0 ], [ -52.647492, -25.475567099999978, 0.0 ], [ -52.647475900000018, -25.475589500000012, 0.0 ], [ -52.647441500000014, -25.4756438, 0.0 ], [ -52.6473709, -25.475685899999974, 0.0 ], [ -52.647328, -25.475686, 0.0 ], [ -52.647253299999988, -25.475723800000026, 0.0 ], [ -52.647156699999982, -25.475789599999985, 0.0 ], [ -52.647106099999974, -25.475806499999976, 0.0 ], [ -52.6470402, -25.4758448, 0.0 ], [ -52.647001499999988, -25.475858, 0.0 ], [ -52.6469523, -25.475877299999979, 0.0 ], [ -52.646911100000011, -25.475890199999981, 0.0 ], [ -52.646817, -25.4758981, 0.0 ], [ -52.646694299999979, -25.4759234, 0.0 ], [ -52.6466575, -25.475921299999982, 0.0 ], [ -52.6466302, -25.4759459, 0.0 ], [ -52.646629299999972, -25.475981100000013, 0.0 ], [ -52.646625299999982, -25.4760523, 0.0 ], [ -52.6466527, -25.476113600000019, 0.0 ], [ -52.646664699999974, -25.4761519, 0.0 ], [ -52.646658399999978, -25.476172599999984, 0.0 ], [ -52.646632399999987, -25.476183100000014, 0.0 ], [ -52.6465581, -25.4762121, 0.0 ], [ -52.6465164, -25.4762414, 0.0 ], [ -52.6464444, -25.4762624, 0.0 ], [ -52.646412, -25.476251600000012, 0.0 ], [ -52.6463475, -25.4762258, 0.0 ], [ -52.6463147, -25.476153300000021, 0.0 ], [ -52.646280900000022, -25.476125599999989, 0.0 ], [ -52.6462282, -25.4761173, 0.0 ], [ -52.646183899999983, -25.476134600000023, 0.0 ], [ -52.646143600000016, -25.4761325, 0.0 ], [ -52.646067, -25.476150500000017, 0.0 ], [ -52.645996500000024, -25.476179300000013, 0.0 ], [ -52.645934599999975, -25.476182199999982, 0.0 ], [ -52.645895100000018, -25.4762121, 0.0 ], [ -52.6458561, -25.476231400000017, 0.0 ], [ -52.645783699999981, -25.476218800000026, 0.0 ], [ -52.645734300000015, -25.4762164, 0.0 ], [ -52.645672600000012, -25.476190499999973, 0.0 ], [ -52.6456129, -25.476156100000026, 0.0 ], [ -52.645545700000014, -25.4761198, 0.0 ], [ -52.6454895, -25.476109099999974, 0.0 ], [ -52.645440800000017, -25.476073199999973, 0.0 ], [ -52.645413599999983, -25.476031200000023, 0.0 ], [ -52.645369, -25.4759793, 0.0 ], [ -52.6453206, -25.475936199999978, 0.0 ], [ -52.6452979, -25.475909600000023, 0.0 ], [ -52.645274200000017, -25.4758827, 0.0 ], [ -52.6452258, -25.4758706, 0.0 ], [ -52.645184299999983, -25.4758387, 0.0 ], [ -52.645112400000016, -25.475819600000023, 0.0 ], [ -52.64505680000002, -25.475801499999989, 0.0 ], [ -52.6450072, -25.4757937, 0.0 ], [ -52.644942, -25.4758005, 0.0 ], [ -52.644888, -25.475800100000015, 0.0 ], [ -52.644869500000027, -25.475806, 0.0 ], [ -52.644849299999976, -25.475823, 0.0 ], [ -52.644820900000013, -25.475861099999975, 0.0 ], [ -52.6447839, -25.475897499999974, 0.0 ], [ -52.6447485, -25.4759191, 0.0 ], [ -52.644707, -25.4759416, 0.0 ], [ -52.644663400000013, -25.475977899999975, 0.0 ], [ -52.644634, -25.476006900000016, 0.0 ], [ -52.644598499999972, -25.476040300000022, 0.0 ], [ -52.644578799999977, -25.476065399999982, 0.0 ], [ -52.644556799999975, -25.476139100000012, 0.0 ], [ -52.6445349, -25.476169500000026, 0.0 ], [ -52.644516099999976, -25.476176599999974, 0.0 ], [ -52.644498100000021, -25.476177399999983, 0.0 ], [ -52.644423800000027, -25.4761805, 0.0 ], [ -52.644387600000016, -25.476156100000026, 0.0 ], [ -52.644352200000014, -25.4761363, 0.0 ], [ -52.6443261, -25.476117699999975, 0.0 ], [ -52.6442925, -25.476082500000018, 0.0 ], [ -52.644253699999979, -25.476064800000017, 0.0 ], [ -52.6442017, -25.476063899999986, 0.0 ], [ -52.644013299999983, -25.476059, 0.0 ], [ -52.643894699999976, -25.4760584, 0.0 ], [ -52.643821899999978, -25.4760973, 0.0 ], [ -52.6437664, -25.4761107, 0.0 ], [ -52.6436658, -25.476124, 0.0 ], [ -52.643607, -25.476149, 0.0 ], [ -52.643536700000027, -25.4761519, 0.0 ], [ -52.643488900000023, -25.476170200000013, 0.0 ], [ -52.643431799999973, -25.47614249999998, 0.0 ], [ -52.6433998, -25.476132399999983, 0.0 ], [ -52.643391399999985, -25.476129599999979, 0.0 ], [ -52.643370399999981, -25.47610659999998, 0.0 ], [ -52.64334359999998, -25.476076400000011, 0.0 ], [ -52.6433068, -25.476044699999989, 0.0 ], [ -52.6433169, -25.4760291, 0.0 ], [ -52.643311400000016, -25.475980100000015, 0.0 ], [ -52.6432997, -25.4759712, 0.0 ], [ -52.643281300000012, -25.475958900000023, 0.0 ], [ -52.643250299999977, -25.475941299999988, 0.0 ], [ -52.643190600000025, -25.475912600000015, 0.0 ], [ -52.643126699999982, -25.475889699999982, 0.0 ], [ -52.643111499999975, -25.475844199999983, 0.0 ], [ -52.6430684, -25.475769500000013, 0.0 ], [ -52.643058199999984, -25.475750100000027, 0.0 ], [ -52.64295, -25.475657500000011, 0.0 ], [ -52.6428659, -25.475575, 0.0 ], [ -52.6427981, -25.475492200000019, 0.0 ], [ -52.6427794, -25.475389, 0.0 ], [ -52.6427592, -25.475279899999975, 0.0 ], [ -52.6427347, -25.475196499999981, 0.0 ], [ -52.642712300000028, -25.475099300000011, 0.0 ], [ -52.642756599999984, -25.474983899999984, 0.0 ], [ -52.642836, -25.4748768, 0.0 ], [ -52.642968600000017, -25.474713300000019, 0.0 ], [ -52.643053099999975, -25.4745398, 0.0 ], [ -52.643073800000025, -25.474416, 0.0 ], [ -52.6430413, -25.474300500000027, 0.0 ], [ -52.6429566, -25.474213299999974, 0.0 ], [ -52.6428967, -25.474110699999983, 0.0 ], [ -52.642797700000017, -25.4740155, 0.0 ], [ -52.642701100000011, -25.4739419, 0.0 ], [ -52.642595799999981, -25.473904399999981, 0.0 ], [ -52.642478400000016, -25.4738635, 0.0 ], [ -52.642349500000023, -25.4738567, 0.0 ], [ -52.642239800000027, -25.473901099999978, 0.0 ], [ -52.6421545, -25.4739649, 0.0 ], [ -52.642026199999975, -25.47404210000002, 0.0 ], [ -52.642000199999984, -25.474125099999981, 0.0 ], [ -52.641947300000027, -25.474262300000021, 0.0 ], [ -52.6418673, -25.474321499999974, 0.0 ], [ -52.641743, -25.4743694, 0.0 ], [ -52.6416461, -25.474354800000015, 0.0 ], [ -52.641593199999988, -25.4743492, 0.0 ], [ -52.6415766, -25.474347500000022, 0.0 ], [ -52.641474599999981, -25.4742862, 0.0 ], [ -52.641381299999978, -25.474184799999989, 0.0 ], [ -52.6414079, -25.474123599999984, 0.0 ], [ -52.641419199999973, -25.4740263, 0.0 ], [ -52.64138, -25.4738554, 0.0 ], [ -52.641238699999974, -25.47380290000001, 0.0 ], [ -52.6411855, -25.473755, 0.0 ], [ -52.64116150000001, -25.473745800000017, 0.0 ], [ -52.6410942, -25.473746600000027, 0.0 ], [ -52.640960899999982, -25.473747, 0.0 ], [ -52.6408978, -25.473735200000021, 0.0 ], [ -52.640865299999973, -25.473687900000016, 0.0 ], [ -52.6408409, -25.473594600000013, 0.0 ], [ -52.640847800000017, -25.4734717, 0.0 ], [ -52.640963600000021, -25.473515299999974, 0.0 ], [ -52.641049, -25.473581200000012, 0.0 ], [ -52.641064200000017, -25.4735789, 0.0 ], [ -52.641187899999977, -25.473512500000027, 0.0 ], [ -52.641251099999977, -25.4734911, 0.0 ], [ -52.641318899999987, -25.473442, 0.0 ], [ -52.641362500000014, -25.4734287, 0.0 ], [ -52.641440100000011, -25.473274100000026, 0.0 ], [ -52.6414512, -25.473248500000011, 0.0 ], [ -52.641508199999976, -25.473149799999987, 0.0 ], [ -52.6414785, -25.47312119999998, 0.0 ], [ -52.641426500000023, -25.473085200000014, 0.0 ], [ -52.641387399999985, -25.473045800000023, 0.0 ], [ -52.6412937, -25.472958399999982, 0.0 ], [ -52.6412234, -25.472893399999975, 0.0 ], [ -52.6411187, -25.4728237, 0.0 ], [ -52.641023299999972, -25.4727871, 0.0 ], [ -52.640931, -25.472759100000019, 0.0 ], [ -52.640876, -25.4727347, 0.0 ], [ -52.6407699, -25.47265729999998, 0.0 ], [ -52.640743900000018, -25.472626600000012, 0.0 ], [ -52.6406589, -25.472572500000012, 0.0 ], [ -52.6405714, -25.472481300000027, 0.0 ], [ -52.6405363, -25.47246130000002, 0.0 ], [ -52.6404961, -25.4724544, 0.0 ], [ -52.64043909999998, -25.472497700000019, 0.0 ], [ -52.640419399999985, -25.472503500000016, 0.0 ], [ -52.6403628, -25.472520799999984, 0.0 ], [ -52.640212, -25.472539700000027, 0.0 ], [ -52.6401641, -25.4725262, 0.0 ], [ -52.640038100000027, -25.4724417, 0.0 ], [ -52.640013, -25.472355400000026, 0.0 ], [ -52.640024400000016, -25.472337900000014, 0.0 ], [ -52.640043699999978, -25.4722, 0.0 ], [ -52.639952400000027, -25.472089, 0.0 ], [ -52.639936499999976, -25.4720843, 0.0 ], [ -52.6398236, -25.47215540000002, 0.0 ], [ -52.63980620000001, -25.472223400000019, 0.0 ], [ -52.639738200000011, -25.47223120000001, 0.0 ], [ -52.6396054, -25.472239, 0.0 ], [ -52.639464700000019, -25.472194600000023, 0.0 ], [ -52.6394373, -25.472165599999983, 0.0 ], [ -52.63944140000001, -25.4721447, 0.0 ], [ -52.639464799999985, -25.4720388, 0.0 ], [ -52.639453600000024, -25.4719225, 0.0 ], [ -52.639483900000016, -25.4717928, 0.0 ], [ -52.6394896, -25.4716338, 0.0 ], [ -52.639443, -25.471549499999981, 0.0 ], [ -52.6394469, -25.471488299999976, 0.0 ], [ -52.639406099999974, -25.471438299999988, 0.0 ], [ -52.639364399999977, -25.4713873, 0.0 ], [ -52.639400299999977, -25.471296, 0.0 ], [ -52.6394424, -25.471207699999979, 0.0 ], [ -52.6395033, -25.471114100000023, 0.0 ], [ -52.639648299999976, -25.471034499999973, 0.0 ], [ -52.6397184, -25.470974300000023, 0.0 ], [ -52.639815399999975, -25.4709047, 0.0 ], [ -52.6398165, -25.470826100000011, 0.0 ], [ -52.63973470000002, -25.4707234, 0.0 ], [ -52.639710700000023, -25.47063270000001, 0.0 ], [ -52.6398067, -25.470571300000017, 0.0 ], [ -52.639873, -25.4704987, 0.0 ], [ -52.6398489, -25.470376499999986, 0.0 ], [ -52.639767800000016, -25.4702686, 0.0 ], [ -52.639689, -25.4702148, 0.0 ], [ -52.639726399999972, -25.470085400000016, 0.0 ], [ -52.639683699999978, -25.4699716, 0.0 ], [ -52.639644299999986, -25.4698583, 0.0 ], [ -52.639659400000028, -25.469734099999982, 0.0 ], [ -52.63968, -25.469608400000027, 0.0 ], [ -52.6397187, -25.469495199999983, 0.0 ], [ -52.639780200000018, -25.469398500000011, 0.0 ], [ -52.63987659999998, -25.4693251, 0.0 ], [ -52.639836899999978, -25.469276799999989, 0.0 ], [ -52.639818199999979, -25.469177800000011, 0.0 ], [ -52.639742599999977, -25.469138699999974, 0.0 ], [ -52.639677600000027, -25.469052499999975, 0.0 ], [ -52.639616199999978, -25.468925800000022, 0.0 ], [ -52.639588600000025, -25.468805799999984, 0.0 ], [ -52.6396312, -25.4687174, 0.0 ], [ -52.6397457, -25.468674599999986, 0.0 ], [ -52.639784299999974, -25.4686456, 0.0 ], [ -52.63977490000002, -25.468556700000022, 0.0 ], [ -52.639771900000028, -25.468450500000017, 0.0 ], [ -52.639771399999972, -25.468432300000018, 0.0 ], [ -52.63977460000001, -25.468375, 0.0 ], [ -52.639785500000016, -25.4683066, 0.0 ], [ -52.639677300000017, -25.468256199999985, 0.0 ], [ -52.6396843, -25.4682338, 0.0 ], [ -52.639596200000028, -25.468080400000019, 0.0 ], [ -52.639616400000023, -25.4679835, 0.0 ], [ -52.639676300000019, -25.467912599999977, 0.0 ], [ -52.639734200000021, -25.467842299999973, 0.0 ], [ -52.639771399999972, -25.467784199999983, 0.0 ], [ -52.639743399999986, -25.467743900000016, 0.0 ], [ -52.6396752, -25.4677479, 0.0 ], [ -52.639578500000027, -25.467746299999988, 0.0 ], [ -52.6394846, -25.467738, 0.0 ], [ -52.639429, -25.4676811, 0.0 ], [ -52.639489500000025, -25.467647600000021, 0.0 ], [ -52.639552499999979, -25.4676356, 0.0 ], [ -52.639573400000018, -25.467586200000028, 0.0 ], [ -52.639583, -25.4674994, 0.0 ], [ -52.6395824, -25.467431499999975, 0.0 ], [ -52.639553499999977, -25.467342200000019, 0.0 ], [ -52.6395688, -25.467277299999978, 0.0 ], [ -52.639541599999973, -25.467157900000018, 0.0 ], [ -52.639503100000013, -25.467070299999989, 0.0 ], [ -52.6395235, -25.467005299999983, 0.0 ], [ -52.6394467, -25.466961200000014, 0.0 ], [ -52.6393741, -25.466983200000016, 0.0 ], [ -52.639302199999975, -25.4670312, 0.0 ], [ -52.6392406, -25.467074599999989, 0.0 ], [ -52.639201599999978, -25.467112199999974, 0.0 ], [ -52.639209199999982, -25.467194300000017, 0.0 ], [ -52.6392305, -25.4672407, 0.0 ], [ -52.639166199999977, -25.467286699999988, 0.0 ], [ -52.639112300000022, -25.467303300000026, 0.0 ], [ -52.6389977, -25.4672478, 0.0 ], [ -52.6389967, -25.4671687, 0.0 ], [ -52.639017700000011, -25.4670893, 0.0 ], [ -52.639061700000013, -25.4670054, 0.0 ], [ -52.639103299999988, -25.466979499999979, 0.0 ], [ -52.639131099999986, -25.466969600000027, 0.0 ], [ -52.6391607, -25.4669455, 0.0 ], [ -52.639209199999982, -25.466915, 0.0 ], [ -52.639220299999977, -25.466903300000013, 0.0 ], [ -52.639259700000025, -25.466845700000022, 0.0 ], [ -52.639290800000026, -25.466800799999987, 0.0 ], [ -52.639321900000027, -25.466785800000025, 0.0 ], [ -52.639353700000015, -25.4667675, 0.0 ], [ -52.639368199999979, -25.4667586, 0.0 ], [ -52.6393857, -25.466746300000011, 0.0 ], [ -52.639393900000016, -25.4667351, 0.0 ], [ -52.6394019, -25.4666863, 0.0 ], [ -52.6394047, -25.4666598, 0.0 ], [ -52.6394307, -25.466618, 0.0 ], [ -52.6394535, -25.4665751, 0.0 ], [ -52.639471500000013, -25.466541399999983, 0.0 ], [ -52.639476600000023, -25.466502100000014, 0.0 ], [ -52.6394972, -25.466431300000011, 0.0 ], [ -52.639499699999988, -25.466422599999987, 0.0 ], [ -52.6394889, -25.466319100000021, 0.0 ], [ -52.639531799999986, -25.46628370000002, 0.0 ], [ -52.639560500000016, -25.466234699999973, 0.0 ], [ -52.639564899999982, -25.4661936, 0.0 ], [ -52.639579, -25.4661587, 0.0 ], [ -52.639603799999975, -25.466089899999986, 0.0 ], [ -52.639643, -25.466038500000025, 0.0 ], [ -52.639676300000019, -25.465996599999983, 0.0 ], [ -52.6397007, -25.465959399999974, 0.0 ], [ -52.639718500000015, -25.46592720000001, 0.0 ], [ -52.6397437, -25.465879299999983, 0.0 ], [ -52.6397705, -25.465850199999977, 0.0 ], [ -52.639778799999988, -25.465835700000014, 0.0 ], [ -52.639780200000018, -25.46581759999998, 0.0 ], [ -52.639768899999979, -25.465745200000015, 0.0 ], [ -52.639753199999973, -25.4657054, 0.0 ], [ -52.63975019999998, -25.4656862, 0.0 ], [ -52.639770399999975, -25.465630299999987, 0.0 ], [ -52.639784099999986, -25.46555810000001, 0.0 ], [ -52.6397973, -25.465529300000014, 0.0 ], [ -52.63981560000002, -25.4655002, 0.0 ], [ -52.639855399999988, -25.4654579, 0.0 ], [ -52.639897, -25.4654193, 0.0 ], [ -52.639931499999989, -25.465393, 0.0 ], [ -52.6399624, -25.465347300000019, 0.0 ], [ -52.639992300000017, -25.465279399999986, 0.0 ], [ -52.640014099999973, -25.4651819, 0.0 ], [ -52.6400261, -25.465129199999978, 0.0 ], [ -52.6400653, -25.465067200000021, 0.0 ], [ -52.640087400000027, -25.4649748, 0.0 ], [ -52.6401323, -25.464925600000015, 0.0 ], [ -52.640176399999973, -25.464883699999973, 0.0 ], [ -52.640195899999981, -25.464861, 0.0 ], [ -52.640205400000013, -25.4648507, 0.0 ], [ -52.640260300000023, -25.464795, 0.0 ], [ -52.6403001, -25.4647392, 0.0 ], [ -52.6403042, -25.464724199999978, 0.0 ], [ -52.640345799999977, -25.464679699999976, 0.0 ], [ -52.640378899999973, -25.464661700000022, 0.0 ], [ -52.6403919, -25.464659900000015, 0.0 ], [ -52.6404197, -25.4646502, 0.0 ], [ -52.64046, -25.464626599999974, 0.0 ], [ -52.640493400000025, -25.464591199999973, 0.0 ], [ -52.640502500000025, -25.4645668, 0.0 ], [ -52.6405021, -25.4645564, 0.0 ], [ -52.640494900000022, -25.464543, 0.0 ], [ -52.640467300000012, -25.464520199999981, 0.0 ], [ -52.640437799999972, -25.464490599999976, 0.0 ], [ -52.6404147, -25.464453900000024, 0.0 ], [ -52.6403914, -25.464425399999982, 0.0 ], [ -52.640344299999981, -25.464378899999986, 0.0 ], [ -52.640317400000015, -25.464328200000011, 0.0 ], [ -52.640306599999974, -25.464242500000012, 0.0 ], [ -52.640334399999972, -25.46419, 0.0 ], [ -52.640334699999983, -25.464181100000019, 0.0 ], [ -52.6403353, -25.46413050000001, 0.0 ], [ -52.6403312, -25.4640746, 0.0 ], [ -52.640325299999972, -25.464026600000011, 0.0 ], [ -52.640319299999987, -25.46401370000001, 0.0 ], [ -52.640308800000014, -25.4640177, 0.0 ], [ -52.6402114, -25.464016, 0.0 ], [ -52.640205900000012, -25.464013599999987, 0.0 ], [ -52.6401785, -25.464000100000021, 0.0 ], [ -52.640128100000027, -25.4639671, 0.0 ], [ -52.640104300000019, -25.46394140000001, 0.0 ], [ -52.6400926, -25.463926, 0.0 ], [ -52.640077, -25.463887600000021, 0.0 ], [ -52.6400676, -25.4637897, 0.0 ], [ -52.640074500000026, -25.4637717, 0.0 ], [ -52.640082800000016, -25.463752699999986, 0.0 ], [ -52.640118299999983, -25.4637234, 0.0 ], [ -52.640154, -25.463712199999975, 0.0 ], [ -52.640194399999984, -25.463682899999981, 0.0 ], [ -52.6402228, -25.463656500000013, 0.0 ], [ -52.640273799999989, -25.463612800000021, 0.0 ], [ -52.640291600000012, -25.4636018, 0.0 ], [ -52.6403295, -25.463601, 0.0 ], [ -52.640410799999984, -25.463593, 0.0 ], [ -52.6404857, -25.4636031, 0.0 ], [ -52.6404981, -25.463600499999984, 0.0 ], [ -52.640552300000024, -25.463525899999979, 0.0 ], [ -52.640567200000021, -25.4635144, 0.0 ], [ -52.6405658, -25.4635025, 0.0 ], [ -52.640538, -25.463439199999982, 0.0 ], [ -52.640504799999974, -25.463384599999983, 0.0 ], [ -52.640460099999984, -25.4633361, 0.0 ], [ -52.6404243, -25.463256699999988, 0.0 ], [ -52.640404900000021, -25.463216, 0.0 ], [ -52.640382699999975, -25.463176, 0.0 ], [ -52.640372800000023, -25.463151200000027, 0.0 ], [ -52.64036, -25.4631344, 0.0 ], [ -52.640314499999988, -25.463101, 0.0 ], [ -52.640259500000013, -25.4630894, 0.0 ], [ -52.6401864, -25.463034600000015, 0.0 ], [ -52.640172099999972, -25.4630176, 0.0 ], [ -52.6401624, -25.463006099999973, 0.0 ], [ -52.640161200000023, -25.462989, 0.0 ], [ -52.6401902, -25.462955500000021, 0.0 ], [ -52.640217099999973, -25.462908700000014, 0.0 ], [ -52.6402311, -25.462895600000024, 0.0 ], [ -52.6402311, -25.462844, 0.0 ], [ -52.640232500000025, -25.462780899999984, 0.0 ], [ -52.640229499999975, -25.4627676, 0.0 ], [ -52.6402018, -25.4627231, 0.0 ], [ -52.640189, -25.4626584, 0.0 ], [ -52.640161200000023, -25.462548, 0.0 ], [ -52.640165, -25.46248, 0.0 ], [ -52.6401608, -25.4624068, 0.0 ], [ -52.640146500000014, -25.462351599999977, 0.0 ], [ -52.640128899999979, -25.462305800000024, 0.0 ], [ -52.640094200000021, -25.46225579999998, 0.0 ], [ -52.6400572, -25.462207400000011, 0.0 ], [ -52.640021600000011, -25.462163, 0.0 ], [ -52.639982499999974, -25.462095299999987, 0.0 ], [ -52.639938200000017, -25.462022100000013, 0.0 ], [ -52.639930199999981, -25.4619803, 0.0 ], [ -52.639933400000018, -25.461905699999988, 0.0 ], [ -52.639943599999981, -25.461840699999982, 0.0 ], [ -52.6400023, -25.461796900000024, 0.0 ], [ -52.6400979, -25.461716599999988, 0.0 ], [ -52.640185700000018, -25.461653099999978, 0.0 ], [ -52.640192599999978, -25.461635399999977, 0.0 ], [ -52.640168500000016, -25.46156910000002, 0.0 ], [ -52.6401305, -25.461536299999977, 0.0 ], [ -52.640107899999975, -25.461483499999986, 0.0 ], [ -52.640083, -25.4614022, 0.0 ], [ -52.639992600000028, -25.4612735, 0.0 ], [ -52.639957200000026, -25.4612131, 0.0 ], [ -52.639950899999974, -25.461188, 0.0 ], [ -52.639944800000023, -25.4611056, 0.0 ], [ -52.6399465, -25.461096699999985, 0.0 ], [ -52.639954699999976, -25.461052, 0.0 ], [ -52.6399786, -25.4610366, 0.0 ], [ -52.6400481, -25.461041299999977, 0.0 ], [ -52.640097500000024, -25.461052100000018, 0.0 ], [ -52.640119799999979, -25.461049100000025, 0.0 ], [ -52.640146800000025, -25.461011900000017, 0.0 ], [ -52.6401629, -25.460966900000017, 0.0 ], [ -52.6401712, -25.4609226, 0.0 ], [ -52.640172399999983, -25.460845899999981, 0.0 ], [ -52.640197899999976, -25.460774500000014, 0.0 ], [ -52.6402759, -25.4607355, 0.0 ], [ -52.640306399999986, -25.460672100000011, 0.0 ], [ -52.640218800000014, -25.460613099999989, 0.0 ], [ -52.6401651, -25.4606253, 0.0 ], [ -52.640145500000017, -25.460661500000015, 0.0 ], [ -52.6401328, -25.46058720000002, 0.0 ], [ -52.640182200000027, -25.4605499, 0.0 ], [ -52.6402119, -25.46052370000001, 0.0 ], [ -52.6403305, -25.460467900000026, 0.0 ], [ -52.640390500000024, -25.4603962, 0.0 ], [ -52.640436200000011, -25.4603396, 0.0 ], [ -52.6404839, -25.460278800000026, 0.0 ], [ -52.640487, -25.460150399999975, 0.0 ], [ -52.6403934, -25.460049799999979, 0.0 ], [ -52.640355399999976, -25.460061100000019, 0.0 ], [ -52.6403052, -25.4600994, 0.0 ], [ -52.6402731, -25.460159799999985, 0.0 ], [ -52.640287199999989, -25.4602107, 0.0 ], [ -52.6403224, -25.460259399999984, 0.0 ], [ -52.640318900000011, -25.460282899999982, 0.0 ], [ -52.6402278, -25.4603161, 0.0 ], [ -52.640183499999978, -25.460361499999976, 0.0 ], [ -52.640124599999979, -25.460406299999988, 0.0 ], [ -52.640092400000015, -25.460396399999979, 0.0 ], [ -52.6400524, -25.4603113, 0.0 ], [ -52.640068, -25.460248900000011, 0.0 ], [ -52.640087199999982, -25.4602104, 0.0 ], [ -52.640138200000024, -25.460069, 0.0 ], [ -52.640143099999989, -25.460014600000022, 0.0 ], [ -52.640165599999989, -25.459884199999976, 0.0 ], [ -52.640177900000026, -25.459860100000014, 0.0 ], [ -52.640264399999978, -25.459823700000015, 0.0 ], [ -52.6403219, -25.45977640000001, 0.0 ], [ -52.640365499999973, -25.4597235, 0.0 ], [ -52.6404142, -25.4596808, 0.0 ], [ -52.6404718, -25.459609, 0.0 ], [ -52.640455200000019, -25.4595559, 0.0 ], [ -52.64027040000002, -25.4595225, 0.0 ], [ -52.640251400000011, -25.459500600000013, 0.0 ], [ -52.640273, -25.459446899999989, 0.0 ], [ -52.6403108, -25.459373700000015, 0.0 ], [ -52.640304599999979, -25.45927039999998, 0.0 ], [ -52.640312400000028, -25.459232499999985, 0.0 ], [ -52.6402347, -25.459188900000015, 0.0 ], [ -52.64019, -25.459163699999976, 0.0 ], [ -52.640162700000019, -25.45913059999998, 0.0 ], [ -52.640158400000018, -25.459110800000019, 0.0 ], [ -52.6401629, -25.45902940000002, 0.0 ], [ -52.640074, -25.45899270000001, 0.0 ], [ -52.640031099999987, -25.458973300000025, 0.0 ], [ -52.639980499999979, -25.458933399999978, 0.0 ], [ -52.639893799999982, -25.458874700000024, 0.0 ], [ -52.639885400000026, -25.458845100000019, 0.0 ], [ -52.6398704, -25.4587735, 0.0 ], [ -52.6398496, -25.458706600000028, 0.0 ], [ -52.639839400000028, -25.4586766, 0.0 ], [ -52.6398084, -25.4586185, 0.0 ], [ -52.639775400000019, -25.458555, 0.0 ], [ -52.639764500000013, -25.4585351, 0.0 ], [ -52.639671299999975, -25.45852050000002, 0.0 ], [ -52.6395215, -25.458482, 0.0 ], [ -52.639519099999973, -25.458454300000028, 0.0 ], [ -52.6395544, -25.458335200000022, 0.0 ], [ -52.6395609, -25.458257100000026, 0.0 ], [ -52.6395316, -25.4581629, 0.0 ], [ -52.639523, -25.4581523, 0.0 ], [ -52.639476600000023, -25.458092299999976, 0.0 ], [ -52.6394848, -25.4580441, 0.0 ], [ -52.63949359999998, -25.457995, 0.0 ], [ -52.639453100000026, -25.457934500000022, 0.0 ], [ -52.639411699999982, -25.457875600000023, 0.0 ], [ -52.639350200000024, -25.4577476, 0.0 ], [ -52.639324400000021, -25.45771689999998, 0.0 ], [ -52.639299, -25.457673899999975, 0.0 ], [ -52.6392237, -25.457627699999989, 0.0 ], [ -52.639213700000028, -25.457587400000023, 0.0 ], [ -52.639186199999983, -25.457539600000018, 0.0 ], [ -52.639167499999985, -25.4574801, 0.0 ], [ -52.6391559, -25.4574376, 0.0 ], [ -52.6391317, -25.457409199999972, 0.0 ], [ -52.639074400000027, -25.457355399999983, 0.0 ], [ -52.6390278, -25.457287599999972, 0.0 ], [ -52.638945200000023, -25.4572273, 0.0 ], [ -52.638857200000018, -25.457141400000012, 0.0 ], [ -52.638854900000013, -25.457127899999989, 0.0 ], [ -52.6388366, -25.457021699999984, 0.0 ], [ -52.638841899999989, -25.456907699999988, 0.0 ], [ -52.638819399999988, -25.4568812, 0.0 ], [ -52.638789499999973, -25.456836, 0.0 ], [ -52.6387595, -25.456814599999973, 0.0 ], [ -52.638661300000024, -25.4567649, 0.0 ], [ -52.638623100000018, -25.456737299999986, 0.0 ], [ -52.638599699999986, -25.4567159, 0.0 ], [ -52.6385725, -25.456644700000027, 0.0 ], [ -52.6385593, -25.456588399999987, 0.0 ], [ -52.6385656, -25.456541800000025, 0.0 ], [ -52.6385434, -25.456486199999972, 0.0 ], [ -52.63848280000002, -25.456481199999985, 0.0 ], [ -52.6384491, -25.456473300000027, 0.0 ], [ -52.638434, -25.4564325, 0.0 ], [ -52.6384579, -25.4563559, 0.0 ], [ -52.6384878, -25.4563142, 0.0 ], [ -52.638490499999989, -25.45625990000002, 0.0 ], [ -52.638424400000019, -25.456175299999984, 0.0 ], [ -52.63838770000001, -25.456119399999977, 0.0 ], [ -52.638375399999973, -25.456030399999975, 0.0 ], [ -52.6383816, -25.4559433, 0.0 ], [ -52.6383573, -25.4559155, 0.0 ], [ -52.638322099999982, -25.455912399999988, 0.0 ], [ -52.638220400000023, -25.455947400000014, 0.0 ], [ -52.6381417, -25.455933, 0.0 ], [ -52.6381118, -25.455913800000019, 0.0 ], [ -52.638036600000021, -25.455873699999984, 0.0 ], [ -52.638012600000025, -25.455849899999976, 0.0 ], [ -52.6379318, -25.455792799999983, 0.0 ], [ -52.6378363, -25.455706500000019, 0.0 ], [ -52.6378373, -25.4556409, 0.0 ], [ -52.637826099999984, -25.4556154, 0.0 ], [ -52.6378613, -25.455556699999988, 0.0 ], [ -52.637955499999975, -25.455543799999987, 0.0 ], [ -52.637959200000012, -25.455519400000014, 0.0 ], [ -52.637947, -25.45547190000002, 0.0 ], [ -52.637903, -25.45538, 0.0 ], [ -52.6378777, -25.455340299999989, 0.0 ], [ -52.6378527, -25.455277500000022, 0.0 ], [ -52.6378504, -25.455186700000013, 0.0 ], [ -52.637839199999974, -25.455149399999982, 0.0 ], [ -52.6377695, -25.455152899999973, 0.0 ], [ -52.637713599999984, -25.4551055, 0.0 ], [ -52.637646500000017, -25.455056599999978, 0.0 ], [ -52.6376158, -25.4550468, 0.0 ], [ -52.637545900000021, -25.455067, 0.0 ], [ -52.637532299999975, -25.455124300000023, 0.0 ], [ -52.6375033, -25.4551636, 0.0 ], [ -52.6374636, -25.45509629999998, 0.0 ], [ -52.637465299999974, -25.455080800000019, 0.0 ], [ -52.637486799999976, -25.454995399999973, 0.0 ], [ -52.637540800000011, -25.454928100000018, 0.0 ], [ -52.6375478, -25.454856399999983, 0.0 ], [ -52.637543100000016, -25.454826700000012, 0.0 ], [ -52.6374434, -25.4548029, 0.0 ], [ -52.637413900000013, -25.454741500000011, 0.0 ], [ -52.637402099999974, -25.45473149999998, 0.0 ], [ -52.6373238, -25.454665299999988, 0.0 ], [ -52.6373031, -25.454648299999974, 0.0 ], [ -52.637132, -25.454621299999985, 0.0 ], [ -52.637017800000024, -25.4545688, 0.0 ], [ -52.637035200000014, -25.454496300000017, 0.0 ], [ -52.6371186, -25.45438009999998, 0.0 ], [ -52.637250600000016, -25.45437579999998, 0.0 ], [ -52.637296600000013, -25.45435980000002, 0.0 ], [ -52.637265, -25.454210100000012, 0.0 ], [ -52.63724, -25.454199800000026, 0.0 ], [ -52.6371772, -25.4541653, 0.0 ], [ -52.637072, -25.4540313, 0.0 ], [ -52.637010799999985, -25.454014700000016, 0.0 ], [ -52.637088, -25.453976, 0.0 ], [ -52.637114199999985, -25.453976399999988, 0.0 ], [ -52.6371403, -25.453968499999974, 0.0 ], [ -52.6371737, -25.453965700000026, 0.0 ], [ -52.637086099999976, -25.4539067, 0.0 ], [ -52.636963200000025, -25.453931599999976, 0.0 ], [ -52.636938499999985, -25.453937900000028, 0.0 ], [ -52.636894199999972, -25.453897400000017, 0.0 ], [ -52.636849400000017, -25.453781900000024, 0.0 ], [ -52.6367831, -25.4537836, 0.0 ], [ -52.636757400000022, -25.4538126, 0.0 ], [ -52.636742, -25.453831900000012, 0.0 ], [ -52.6367581, -25.453890800000011, 0.0 ], [ -52.636733, -25.4539072, 0.0 ], [ -52.636693, -25.453926599999988, 0.0 ], [ -52.636615600000027, -25.453958300000011, 0.0 ], [ -52.636559200000022, -25.453988400000014, 0.0 ], [ -52.6365045, -25.454024100000026, 0.0 ], [ -52.6364724, -25.454032700000027, 0.0 ], [ -52.636447799999985, -25.454022099999975, 0.0 ], [ -52.636400200000026, -25.453940499999987, 0.0 ], [ -52.636383099999989, -25.453935800000011, 0.0 ], [ -52.636371899999972, -25.453933099999972, 0.0 ], [ -52.636361500000021, -25.453941400000019, 0.0 ], [ -52.63633249999998, -25.4539815, 0.0 ], [ -52.636222799999985, -25.4539742, 0.0 ], [ -52.636186899999984, -25.4539441, 0.0 ], [ -52.636191399999973, -25.453912300000013, 0.0 ], [ -52.6362016, -25.4538991, 0.0 ], [ -52.636199200000021, -25.453871, 0.0 ], [ -52.636128900000017, -25.453816800000027, 0.0 ], [ -52.636125900000025, -25.4538045, 0.0 ], [ -52.6361197, -25.453779199999985, 0.0 ], [ -52.636084700000026, -25.453697, 0.0 ], [ -52.636076, -25.453646, 0.0 ], [ -52.636038900000017, -25.453561200000024, 0.0 ], [ -52.636049599999978, -25.453523099999984, 0.0 ], [ -52.6360487, -25.453505, 0.0 ], [ -52.636037499999986, -25.453467400000022, 0.0 ], [ -52.6359976, -25.4534253, 0.0 ], [ -52.635926400000017, -25.453341099999989, 0.0 ], [ -52.6358525, -25.453285900000026, 0.0 ], [ -52.635765900000024, -25.453242400000022, 0.0 ], [ -52.635704299999986, -25.453201499999977, 0.0 ], [ -52.6356328, -25.45317510000001, 0.0 ], [ -52.635572599999989, -25.4531543, 0.0 ], [ -52.6354748, -25.453142300000025, 0.0 ], [ -52.635401899999977, -25.453132900000014, 0.0 ], [ -52.635364, -25.453142300000025, 0.0 ], [ -52.6352837, -25.453094099999987, 0.0 ], [ -52.635240399999986, -25.453039, 0.0 ], [ -52.635208499999976, -25.452938300000028, 0.0 ], [ -52.63516820000001, -25.452848300000028, 0.0 ], [ -52.635161200000027, -25.4527771, 0.0 ], [ -52.635140400000012, -25.4527061, 0.0 ], [ -52.63513, -25.4527031, 0.0 ], [ -52.635077599999988, -25.452703699999972, 0.0 ], [ -52.634998, -25.452692500000012, 0.0 ], [ -52.6348906, -25.452662799999985, 0.0 ], [ -52.634845700000028, -25.452632, 0.0 ], [ -52.634780799999987, -25.452628399999981, 0.0 ], [ -52.634675, -25.452624500000013, 0.0 ], [ -52.634571900000026, -25.452578599999981, 0.0 ], [ -52.634517, -25.452554, 0.0 ], [ -52.634454800000015, -25.452516600000024, 0.0 ], [ -52.6343185, -25.4524606, 0.0 ], [ -52.6342115, -25.452406600000018, 0.0 ], [ -52.6341175, -25.4523163, 0.0 ], [ -52.634049, -25.4522495, 0.0 ], [ -52.633992200000023, -25.452194299999974, 0.0 ], [ -52.6339501, -25.452155, 0.0 ], [ -52.633942400000024, -25.4521492, 0.0 ], [ -52.63384480000002, -25.452099700000019, 0.0 ], [ -52.6338068, -25.452077299999985, 0.0 ], [ -52.6337383, -25.452054299999986, 0.0 ], [ -52.633686599999976, -25.4520288, 0.0 ], [ -52.633677200000022, -25.452019300000018, 0.0 ], [ -52.633679299999983, -25.451988799999981, 0.0 ], [ -52.6336662, -25.451972800000021, 0.0 ], [ -52.633631700000024, -25.451957, 0.0 ], [ -52.633619399999986, -25.4519462, 0.0 ], [ -52.633595800000023, -25.4518718, 0.0 ], [ -52.633585499999981, -25.4518589, 0.0 ], [ -52.633572800000024, -25.451813099999981, 0.0 ], [ -52.6335861, -25.451790300000027, 0.0 ], [ -52.633584400000018, -25.4517778, 0.0 ], [ -52.633578, -25.451726300000018, 0.0 ], [ -52.6335886, -25.451669400000014, 0.0 ], [ -52.633580699999982, -25.4515925, 0.0 ], [ -52.6335699, -25.451557799999989, 0.0 ], [ -52.6335638, -25.451488400000017, 0.0 ], [ -52.63353840000002, -25.4514218, 0.0 ], [ -52.633533399999976, -25.451385599999981, 0.0 ], [ -52.633553300000017, -25.4513086, 0.0 ], [ -52.633581199999981, -25.451229, 0.0 ], [ -52.633601199999987, -25.45118020000001, 0.0 ], [ -52.6336336, -25.4511233, 0.0 ], [ -52.63364230000002, -25.451110799999981, 0.0 ], [ -52.6336485, -25.451080499999989, 0.0 ], [ -52.633650100000011, -25.451059900000018, 0.0 ], [ -52.633641, -25.4510325, 0.0 ], [ -52.633654, -25.4510072, 0.0 ], [ -52.633679200000017, -25.450966699999981, 0.0 ], [ -52.633684800000026, -25.450951700000019, 0.0 ], [ -52.6336892, -25.450921199999982, 0.0 ], [ -52.6336935, -25.45091309999998, 0.0 ], [ -52.6337191, -25.450864500000023, 0.0 ], [ -52.633732599999973, -25.45079370000002, 0.0 ], [ -52.63374060000001, -25.4507504, 0.0 ], [ -52.633748700000012, -25.450682200000017, 0.0 ], [ -52.633754899999985, -25.450601899999981, 0.0 ], [ -52.633763, -25.450537899999972, 0.0 ], [ -52.6337555, -25.450485599999979, 0.0 ], [ -52.633746799999983, -25.450416099999984, 0.0 ], [ -52.633731599999976, -25.4503408, 0.0 ], [ -52.633741499999985, -25.450290900000027, 0.0 ], [ -52.633760100000018, -25.450255700000014, 0.0 ], [ -52.633762199999978, -25.4502248, 0.0 ], [ -52.633774800000026, -25.450177600000018, 0.0 ], [ -52.633783600000015, -25.4501641, 0.0 ], [ -52.6337701, -25.4501373, 0.0 ], [ -52.633742900000016, -25.4500979, 0.0 ], [ -52.6337292, -25.4500605, 0.0 ], [ -52.633715100000018, -25.450026799999989, 0.0 ], [ -52.6337059, -25.449979499999984, 0.0 ], [ -52.6336953, -25.449935700000026, 0.0 ], [ -52.6336488, -25.449933900000019, 0.0 ], [ -52.6336225, -25.4499189, 0.0 ], [ -52.633603900000026, -25.4498908, 0.0 ], [ -52.6336048, -25.4498711, 0.0 ], [ -52.633622600000024, -25.449843, 0.0 ], [ -52.633612700000015, -25.449816199999987, 0.0 ], [ -52.633583699999974, -25.4498016, 0.0 ], [ -52.6335396, -25.4497546, 0.0 ], [ -52.633530300000018, -25.449734499999977, 0.0 ], [ -52.6335426, -25.449713499999973, 0.0 ], [ -52.633524299999976, -25.449704, 0.0 ], [ -52.633486, -25.4497151, 0.0 ], [ -52.6334551, -25.449741300000028, 0.0 ], [ -52.6334233, -25.449768, 0.0 ], [ -52.633395399999984, -25.449754499999983, 0.0 ], [ -52.633364500000027, -25.449745600000028, 0.0 ], [ -52.6333548, -25.449707199999978, 0.0 ], [ -52.63334, -25.449670200000014, 0.0 ], [ -52.633312499999988, -25.44962529999998, 0.0 ], [ -52.633281899999986, -25.4495801, 0.0 ], [ -52.633238100000028, -25.449529499999983, 0.0 ], [ -52.633213800000021, -25.4494906, 0.0 ], [ -52.6332003, -25.449464400000011, 0.0 ], [ -52.6332051, -25.449436900000023, 0.0 ], [ -52.633244699999977, -25.4494219, 0.0 ], [ -52.6332774, -25.449417400000016, 0.0 ], [ -52.633287900000028, -25.449384099999975, 0.0 ], [ -52.6332749, -25.449343100000021, 0.0 ], [ -52.633256500000016, -25.449301100000014, 0.0 ], [ -52.633247200000028, -25.449267, 0.0 ], [ -52.6332271, -25.449243500000023, 0.0 ], [ -52.633182799999986, -25.4492252, 0.0 ], [ -52.633152199999984, -25.4492, 0.0 ], [ -52.633137, -25.449175299999979, 0.0 ], [ -52.633123099999978, -25.449148700000023, 0.0 ], [ -52.633123899999987, -25.449135800000022, 0.0 ], [ -52.633092, -25.449120900000025, 0.0 ], [ -52.633065199999976, -25.4491279, 0.0 ], [ -52.633040400000027, -25.449101900000016, 0.0 ], [ -52.633011099999976, -25.4490988, 0.0 ], [ -52.632986099999982, -25.4491099, 0.0 ], [ -52.632965899999988, -25.4491117, 0.0 ], [ -52.6329523, -25.4490872, 0.0 ], [ -52.632946100000026, -25.449076, 0.0 ], [ -52.632923800000015, -25.4490424, 0.0 ], [ -52.632904399999973, -25.449044099999981, 0.0 ], [ -52.632878800000015, -25.4490381, 0.0 ], [ -52.6328398, -25.4490331, 0.0 ], [ -52.6327715, -25.449020800000028, 0.0 ], [ -52.632677399999977, -25.4490169, 0.0 ], [ -52.632647500000019, -25.4489997, 0.0 ], [ -52.6326065, -25.448964699999976, 0.0 ], [ -52.6325837, -25.448928299999977, 0.0 ], [ -52.632545100000016, -25.4488806, 0.0 ], [ -52.6324818, -25.448849, 0.0 ], [ -52.6324778, -25.448798, 0.0 ], [ -52.632488200000012, -25.4487658, 0.0 ], [ -52.6324892, -25.44871089999998, 0.0 ], [ -52.632453199999986, -25.4486796, 0.0 ], [ -52.632479600000011, -25.4486432, 0.0 ], [ -52.6324897, -25.4485843, 0.0 ], [ -52.632508799999982, -25.448554399999978, 0.0 ], [ -52.6325251, -25.4485166, 0.0 ], [ -52.632505200000026, -25.448472900000013, 0.0 ], [ -52.632474100000024, -25.4484278, 0.0 ], [ -52.632405100000028, -25.4484109, 0.0 ], [ -52.6323357, -25.44838470000002, 0.0 ], [ -52.6322705, -25.4483899, 0.0 ], [ -52.632203300000015, -25.448394599999972, 0.0 ], [ -52.632146299999988, -25.448415, 0.0 ], [ -52.632099200000027, -25.4484344, 0.0 ], [ -52.632031900000015, -25.448439099999973, 0.0 ], [ -52.6319873, -25.4484794, 0.0 ], [ -52.6319112, -25.448470400000019, 0.0 ], [ -52.631838, -25.448523599999987, 0.0 ], [ -52.631774300000018, -25.448548599999981, 0.0 ], [ -52.631694700000025, -25.448581600000011, 0.0 ], [ -52.631623199999979, -25.4485836, 0.0 ], [ -52.631568800000025, -25.448565799999983, 0.0 ], [ -52.631483800000012, -25.448451799999987, 0.0 ], [ -52.6314205, -25.448372099999972, 0.0 ], [ -52.631375900000023, -25.448343200000011, 0.0 ], [ -52.6312721, -25.448257800000022, 0.0 ], [ -52.631181, -25.44819480000001, 0.0 ], [ -52.631083699999976, -25.448140299999977, 0.0 ], [ -52.6309716, -25.4481093, 0.0 ], [ -52.630861700000025, -25.448075800000026, 0.0 ], [ -52.6307064, -25.448024499999974, 0.0 ], [ -52.630605800000012, -25.448017600000014, 0.0 ], [ -52.6304055, -25.447950699999978, 0.0 ], [ -52.6301249, -25.447414700000024, 0.0 ], [ -52.630122799999981, -25.4473542, 0.0 ], [ -52.630074799999988, -25.447317699999985, 0.0 ], [ -52.630063899999982, -25.447271, 0.0 ], [ -52.630025, -25.44719379999998, 0.0 ], [ -52.62999, -25.4470983, 0.0 ], [ -52.629965500000026, -25.4470437, 0.0 ], [ -52.6299055, -25.447006900000019, 0.0 ], [ -52.629861300000016, -25.4469492, 0.0 ], [ -52.629820900000027, -25.446897499999977, 0.0 ], [ -52.6297692, -25.44683950000001, 0.0 ], [ -52.6297404, -25.4467639, 0.0 ], [ -52.629682600000024, -25.446696299999985, 0.0 ], [ -52.629640400000028, -25.4466256, 0.0 ], [ -52.6296299, -25.4465677, 0.0 ], [ -52.629585299999974, -25.446516299999985, 0.0 ], [ -52.629563299999973, -25.4464625, 0.0 ], [ -52.62953090000002, -25.446388599999977, 0.0 ], [ -52.629492299999981, -25.4463341, 0.0 ], [ -52.629451099999983, -25.446309400000018, 0.0 ], [ -52.6294115, -25.446259699999985, 0.0 ], [ -52.629366, -25.446208099999978, 0.0 ], [ -52.6293564, -25.446196699999973, 0.0 ], [ -52.629400799999985, -25.446170400000028, 0.0 ], [ -52.629427799999974, -25.4460889, 0.0 ], [ -52.6293781, -25.446056, 0.0 ], [ -52.629321300000015, -25.4459991, 0.0 ], [ -52.6292436, -25.445978500000024, 0.0 ], [ -52.629196400000012, -25.445924900000023, 0.0 ], [ -52.6291144, -25.445895399999984, 0.0 ], [ -52.629052399999978, -25.445847800000024, 0.0 ], [ -52.629007800000011, -25.445780899999988, 0.0 ], [ -52.6289959, -25.445704700000022, 0.0 ], [ -52.628987900000027, -25.445634900000016, 0.0 ], [ -52.628981399999986, -25.4455537, 0.0 ], [ -52.628961300000014, -25.445507, 0.0 ], [ -52.628925400000014, -25.445422599999972, 0.0 ], [ -52.628883, -25.445343700000024, 0.0 ], [ -52.628864099999987, -25.445321499999977, 0.0 ], [ -52.628792299999986, -25.4452372, 0.0 ], [ -52.628792200000021, -25.445149300000026, 0.0 ], [ -52.628783699999985, -25.445067699999981, 0.0 ], [ -52.628770499999973, -25.4449477, 0.0 ], [ -52.62873860000002, -25.4448577, 0.0 ], [ -52.6287534, -25.444743500000016, 0.0 ], [ -52.628729099999987, -25.4446501, 0.0 ], [ -52.628679499999976, -25.4445978, 0.0 ], [ -52.6286076, -25.444516799999974, 0.0 ], [ -52.628553899999986, -25.444434100000024, 0.0 ], [ -52.6285722, -25.444303, 0.0 ], [ -52.628241300000013, -25.443131100000016, 0.0 ], [ -52.6282124, -25.443056399999982, 0.0 ], [ -52.6282044, -25.442986, 0.0 ], [ -52.62818349999997, -25.442930499999974, 0.0 ], [ -52.628145899999986, -25.442871799999967, 0.0 ], [ -52.628096099999986, -25.442815199999977, 0.0 ], [ -52.6280233, -25.44274630000001, 0.0 ], [ -52.627947, -25.44268, 0.0 ], [ -52.627864, -25.4426133, 0.0 ], [ -52.627776400000016, -25.442547199999975, 0.0 ], [ -52.627686200000028, -25.4424821, 0.0 ], [ -52.627597200000018, -25.442417599999988, 0.0 ], [ -52.627494599999963, -25.442350200000018, 0.0 ], [ -52.627430199999985, -25.4423119, 0.0 ], [ -52.627348799999986, -25.4422674, 0.0 ], [ -52.627266099999979, -25.442222599999983, 0.0 ], [ -52.627186400000021, -25.4421749, 0.0 ], [ -52.627104799999969, -25.44211439999998, 0.0 ], [ -52.627047100000027, -25.442062599999979, 0.0 ], [ -52.626982399999953, -25.441991400000013, 0.0 ], [ -52.6269328, -25.4419262, 0.0 ], [ -52.626889300000016, -25.441863, 0.0 ], [ -52.6268473, -25.441782499999977, 0.0 ], [ -52.6268208, -25.441709, 0.0 ], [ -52.626797300000014, -25.44160729999998, 0.0 ], [ -52.626776699999979, -25.44149909999998, 0.0 ], [ -52.626754399999967, -25.4413869, 0.0 ], [ -52.6267366, -25.441281899999979, 0.0 ], [ -52.6267166, -25.441179, 0.0 ], [ -52.626696799999976, -25.4410585, 0.0 ], [ -52.626672699999965, -25.4409549, 0.0 ], [ -52.6266673, -25.4408646, 0.0 ], [ -52.6266592, -25.440756299999979, 0.0 ], [ -52.6266393, -25.4406467, 0.0 ], [ -52.6266205, -25.440537699999986, 0.0 ], [ -52.626596300000017, -25.440425899999966, 0.0 ], [ -52.6265694, -25.440336800000019, 0.0 ], [ -52.626533, -25.440256499999958, 0.0 ], [ -52.626487399999966, -25.440166700000024, 0.0 ], [ -52.626430500000026, -25.4400753, 0.0 ], [ -52.626370099999953, -25.439993800000021, 0.0 ], [ -52.62630769999997, -25.439922700000018, 0.0 ], [ -52.62623939999996, -25.439858399999984, 0.0 ], [ -52.6261642, -25.4397951, 0.0 ], [ -52.6260754, -25.439729199999984, 0.0 ], [ -52.625995699999983, -25.4396673, 0.0 ], [ -52.625917300000019, -25.439612399999973, 0.0 ], [ -52.6258229, -25.4395531, 0.0 ], [ -52.625725299999985, -25.4394871, 0.0 ], [ -52.6256227, -25.439426099999984, 0.0 ], [ -52.6255172, -25.439363899999975, 0.0 ], [ -52.62536749999996, -25.4392841, 0.0 ], [ -52.625305200000014, -25.439228, 0.0 ], [ -52.625277, -25.439182599999981, 0.0 ], [ -52.6252555, -25.439102400000028, 0.0 ], [ -52.625241300000013, -25.4390054, 0.0 ], [ -52.6252265, -25.43891230000002, 0.0 ], [ -52.625208699999973, -25.438835499999975, 0.0 ], [ -52.625183, -25.438768299999989, 0.0 ], [ -52.625139, -25.438698900000016, 0.0 ], [ -52.625112600000016, -25.438665899999979, 0.0 ], [ -52.6250788, -25.438622800000012, 0.0 ], [ -52.6250361, -25.438570299999974, 0.0 ], [ -52.6249871, -25.4385128, 0.0 ], [ -52.6249411, -25.43845649999998, 0.0 ], [ -52.624893, -25.438400199999979, 0.0 ], [ -52.6248335, -25.4383356, 0.0 ], [ -52.624801799999986, -25.438306599999969, 0.0 ], [ -52.624755900000011, -25.438236099999987, 0.0 ], [ -52.6246954, -25.438165599999987, 0.0 ], [ -52.624638399999959, -25.4381009, 0.0 ], [ -52.6245879, -25.438041800000011, 0.0 ], [ -52.6245328, -25.437980499999977, 0.0 ], [ -52.6244861, -25.4379202, 0.0 ], [ -52.624445200000018, -25.437850799999975, 0.0 ], [ -52.624402099999983, -25.437774400000031, 0.0 ], [ -52.6243526, -25.4376979, 0.0 ], [ -52.624305300000017, -25.437637, 0.0 ], [ -52.624253300000021, -25.43757829999997, 0.0 ], [ -52.624202200000013, -25.437514299999972, 0.0 ], [ -52.6241529, -25.437450199999986, 0.0 ], [ -52.624087899999985, -25.43737069999997, 0.0 ], [ -52.6240346, -25.437311799999961, 0.0 ], [ -52.623977099999976, -25.4372512, 0.0 ], [ -52.6238925, -25.437178800000023, 0.0 ], [ -52.623811400000022, -25.4370664, 0.0 ], [ -52.623751099999986, -25.436998800000012, 0.0 ], [ -52.623686299999953, -25.4369373, 0.0 ], [ -52.623626600000023, -25.436883799999968, 0.0 ], [ -52.6235292, -25.436803600000015, 0.0 ], [ -52.6234634, -25.436748299999955, 0.0 ], [ -52.6233717, -25.4366731, 0.0 ], [ -52.623288, -25.4366028, 0.0 ], [ -52.623213599999971, -25.436544799999982, 0.0 ], [ -52.62312409999997, -25.436478799999975, 0.0 ], [ -52.6230289, -25.436405700000023, 0.0 ], [ -52.622932, -25.436329600000011, 0.0 ], [ -52.622841900000026, -25.4362623, 0.0 ], [ -52.622757900000011, -25.436196499999983, 0.0 ], [ -52.6226823, -25.43613779999998, 0.0 ], [ -52.622627500000014, -25.436078800000011, 0.0 ], [ -52.622577400000011, -25.4360155, 0.0 ], [ -52.622527900000023, -25.435947600000016, 0.0 ], [ -52.622481900000025, -25.435880899999972, 0.0 ], [ -52.6224348, -25.435806199999977, 0.0 ], [ -52.622389600000012, -25.4357372, 0.0 ], [ -52.622346600000014, -25.4356589, 0.0 ], [ -52.6223084, -25.435586600000029, 0.0 ], [ -52.6222241, -25.43547, 0.0 ], [ -52.622198500000017, -25.4354037, 0.0 ], [ -52.622155299999967, -25.435316600000021, 0.0 ], [ -52.6221087, -25.4352455, 0.0 ], [ -52.622056900000011, -25.435167200000031, 0.0 ], [ -52.6220061, -25.435091199999984, 0.0 ], [ -52.621951200000019, -25.435018, 0.0 ], [ -52.621897400000023, -25.434945500000026, 0.0 ], [ -52.621775099999979, -25.434801, 0.0 ], [ -52.621650699999975, -25.434666299999989, 0.0 ], [ -52.621566799999968, -25.434580700000026, 0.0 ], [ -52.6214261, -25.434459800000017, 0.0 ], [ -52.6212542, -25.4343339, 0.0 ], [ -52.621091299999989, -25.434221, 0.0 ], [ -52.620923100000027, -25.434122100000025, 0.0 ], [ -52.6207644, -25.434031399999981, 0.0 ], [ -52.6206329, -25.433962599999962, 0.0 ], [ -52.620542300000011, -25.433915, 0.0 ], [ -52.620413199999973, -25.4338465, 0.0 ], [ -52.62023929999998, -25.4337539, 0.0 ], [ -52.620197399999988, -25.4337311, 0.0 ], [ -52.620023499999981, -25.4336366, 0.0 ], [ -52.619946500000019, -25.4335956, 0.0 ], [ -52.6198744, -25.43355530000002, 0.0 ], [ -52.619762400000013, -25.433495900000011, 0.0 ], [ -52.619674499999967, -25.4334497, 0.0 ], [ -52.619596600000015, -25.43340940000002, 0.0 ], [ -52.619546699999979, -25.433384600000014, 0.0 ], [ -52.6195136, -25.433364, 0.0 ], [ -52.6194395, -25.433325299999968, 0.0 ], [ -52.619370800000013, -25.433284099999966, 0.0 ], [ -52.619294299999979, -25.4332331, 0.0 ], [ -52.6192337, -25.433188799999982, 0.0 ], [ -52.6191832, -25.433150300000019, 0.0 ], [ -52.6191208, -25.433092299999974, 0.0 ], [ -52.6190618, -25.433032599999979, 0.0 ], [ -52.619013, -25.432976100000019, 0.0 ], [ -52.618967499999982, -25.432916, 0.0 ], [ -52.618921699999987, -25.432850700000014, 0.0 ], [ -52.618880199999957, -25.432783, 0.0 ], [ -52.618845599999979, -25.432715599999984, 0.0 ], [ -52.6188098, -25.432647099999979, 0.0 ], [ -52.6187732, -25.4325753, 0.0 ], [ -52.6187357, -25.432509400000018, 0.0 ], [ -52.618696300000011, -25.4324416, 0.0 ], [ -52.618650699999989, -25.432371199999981, 0.0 ], [ -52.618597200000011, -25.4322985, 0.0 ], [ -52.6185693, -25.4322411, 0.0 ], [ -52.6185241, -25.4321696, 0.0 ], [ -52.6184587, -25.4321142, 0.0 ], [ -52.618400300000019, -25.432069, 0.0 ], [ -52.6183199, -25.432018, 0.0 ], [ -52.61825, -25.431981300000015, 0.0 ], [ -52.618183699999975, -25.431956, 0.0 ], [ -52.618116699999973, -25.431940199999975, 0.0 ], [ -52.6180511, -25.4319266, 0.0 ], [ -52.617985799999978, -25.431913399999974, 0.0 ], [ -52.617941499999965, -25.431905, 0.0 ], [ -52.617908799999988, -25.431901099999987, 0.0 ], [ -52.6178377, -25.431890099999976, 0.0 ], [ -52.6177358, -25.431869399999975, 0.0 ], [ -52.617639100000012, -25.431843300000029, 0.0 ], [ -52.617559500000013, -25.43181359999998, 0.0 ], [ -52.6174619, -25.4317755, 0.0 ], [ -52.617354499999976, -25.4317378, 0.0 ], [ -52.617243799999976, -25.431706, 0.0 ], [ -52.617133799999984, -25.43168329999996, 0.0 ], [ -52.617025099999978, -25.431662099999983, 0.0 ], [ -52.616898400000025, -25.431644399999989, 0.0 ], [ -52.6167363, -25.431633900000012, 0.0 ], [ -52.616624600000016, -25.4316351, 0.0 ], [ -52.616511300000028, -25.4316407, 0.0 ], [ -52.6164071, -25.431651, 0.0 ], [ -52.616290900000031, -25.431667300000015, 0.0 ], [ -52.61619080000002, -25.431678499999961, 0.0 ], [ -52.616098099999981, -25.431684299999976, 0.0 ], [ -52.616043900000015, -25.431683200000013, 0.0 ], [ -52.61597, -25.431670699999987, 0.0 ], [ -52.61590469999998, -25.431651, 0.0 ], [ -52.615849299999979, -25.431625399999977, 0.0 ], [ -52.615766800000024, -25.4315702, 0.0 ], [ -52.615693, -25.431514499999988, 0.0 ], [ -52.615621299999987, -25.43145980000002, 0.0 ], [ -52.615565, -25.431419399999982, 0.0 ], [ -52.615505499999969, -25.431383499999974, 0.0 ], [ -52.615444599999975, -25.4313442, 0.0 ], [ -52.6153706, -25.4313012, 0.0 ], [ -52.615294699999978, -25.4312598, 0.0 ], [ -52.615220099999981, -25.4312203, 0.0 ], [ -52.615219299999957, -25.431219899999959, 0.0 ], [ -52.615164799999988, -25.431191899999973, 0.0 ], [ -52.61507169999998, -25.4311445, 0.0 ], [ -52.614986900000012, -25.4311047, 0.0 ], [ -52.614897699999965, -25.431064900000028, 0.0 ], [ -52.614796699999985, -25.4310259, 0.0 ], [ -52.614688300000012, -25.4309875, 0.0 ], [ -52.61458829999998, -25.430956700000017, 0.0 ], [ -52.614461399999975, -25.430918399999985, 0.0 ], [ -52.614394499999989, -25.430897399999989, 0.0 ], [ -52.614341599999982, -25.4308856, 0.0 ], [ -52.6142302, -25.430853699999989, 0.0 ], [ -52.6141154, -25.430824700000013, 0.0 ], [ -52.614001899999984, -25.4307959, 0.0 ], [ -52.613914500000021, -25.4307761, 0.0 ], [ -52.613842700000021, -25.430763099999979, 0.0 ], [ -52.6137604, -25.430742800000019, 0.0 ], [ -52.6136816, -25.430718899999977, 0.0 ], [ -52.613606, -25.43069129999996, 0.0 ], [ -52.613514800000026, -25.4306512, 0.0 ], [ -52.613435700000011, -25.430611899999974, 0.0 ], [ -52.613357899999976, -25.430571400000023, 0.0 ], [ -52.613281500000028, -25.430528499999973, 0.0 ], [ -52.6132053, -25.4304824, 0.0 ], [ -52.613136600000018, -25.430434400000021, 0.0 ], [ -52.613065399999975, -25.430377599999982, 0.0 ], [ -52.61299769999998, -25.430319399999963, 0.0 ], [ -52.612927800000016, -25.430258700000024, 0.0 ], [ -52.612858, -25.430198, 0.0 ], [ -52.6127889, -25.430136399999981, 0.0 ], [ -52.6127273, -25.430075499999987, 0.0 ], [ -52.612666, -25.4300139, 0.0 ], [ -52.612603799999988, -25.429949, 0.0 ], [ -52.61254430000001, -25.4298844, 0.0 ], [ -52.612485100000029, -25.429821300000011, 0.0 ], [ -52.612461699999983, -25.429795699999985, 0.0 ], [ -52.612426299999981, -25.429757100000018, 0.0 ], [ -52.6123665, -25.4296925, 0.0 ], [ -52.612304699999981, -25.429626299999985, 0.0 ], [ -52.612236199999977, -25.4295523, 0.0 ], [ -52.612172, -25.429486399999973, 0.0 ], [ -52.612111500000012, -25.429421900000023, 0.0 ], [ -52.61205, -25.429355199999982, 0.0 ], [ -52.6119871, -25.429290499999968, 0.0 ], [ -52.611920199999979, -25.429222700000025, 0.0 ], [ -52.6118829, -25.4291855, 0.0 ], [ -52.611879799999976, -25.429182500000024, 0.0 ], [ -52.6118498, -25.429155799999986, 0.0 ], [ -52.611787599999985, -25.429098099999969, 0.0 ], [ -52.611723, -25.429040799999989, 0.0 ], [ -52.6116568, -25.428981599999986, 0.0 ], [ -52.61159259999998, -25.428924100000017, 0.0 ], [ -52.6115236, -25.4288631, 0.0 ], [ -52.6114494, -25.428799500000014, 0.0 ], [ -52.6113828, -25.428742, 0.0 ], [ -52.611316900000027, -25.428680299999989, 0.0 ], [ -52.611253, -25.428618599999982, 0.0 ], [ -52.61118979999997, -25.428556099999977, 0.0 ], [ -52.611125099999981, -25.428493899999971, 0.0 ], [ -52.6110588, -25.428432499999985, 0.0 ], [ -52.61099369999998, -25.428372799999966, 0.0 ], [ -52.610927100000019, -25.4283122, 0.0 ], [ -52.6108613, -25.428253499999986, 0.0 ], [ -52.6107948, -25.428191799999983, 0.0 ], [ -52.6107326, -25.428132699999981, 0.0 ], [ -52.6106684, -25.428074400000018, 0.0 ], [ -52.610602799999988, -25.4280152, 0.0 ], [ -52.610534900000012, -25.427955899999965, 0.0 ], [ -52.610460100000019, -25.42788760000002, 0.0 ], [ -52.6103959, -25.427828499999972, 0.0 ], [ -52.610332, -25.427764299999978, 0.0 ], [ -52.610258400000014, -25.427691100000011, 0.0 ], [ -52.610183300000017, -25.4276181, 0.0 ], [ -52.6101191, -25.427557, 0.0 ], [ -52.6100832, -25.427520300000026, 0.0 ], [ -52.610017, -25.4274568, 0.0 ], [ -52.609943199999961, -25.427389100000028, 0.0 ], [ -52.609864699999989, -25.4273208, 0.0 ], [ -52.6097596, -25.427236199999971, 0.0 ], [ -52.609653200000018, -25.4271516, 0.0 ], [ -52.6095642, -25.42708, 0.0 ], [ -52.609447900000028, -25.42699290000002, 0.0 ], [ -52.609300599999983, -25.426882499999973, 0.0 ], [ -52.609241699999984, -25.426829, 0.0 ], [ -52.6091179, -25.4267317, 0.0 ], [ -52.6090135, -25.426649600000015, 0.0 ], [ -52.6089091, -25.426576599999958, 0.0 ], [ -52.608808300000014, -25.426513100000022, 0.0 ], [ -52.6087291, -25.426471699999976, 0.0 ], [ -52.608661, -25.426444199999985, 0.0 ], [ -52.608581099999981, -25.426418399999982, 0.0 ], [ -52.6084839, -25.426394500000015, 0.0 ], [ -52.6084005, -25.426379100000013, 0.0 ], [ -52.608278299999981, -25.426361699999955, 0.0 ], [ -52.6081429, -25.426345799999972, 0.0 ], [ -52.607995, -25.4263244, 0.0 ], [ -52.607693200000014, -25.426285399999983, 0.0 ], [ -52.6075083, -25.426221899999973, 0.0 ], [ -52.607422, -25.426193399999974, 0.0 ], [ -52.607335499999962, -25.426163, 0.0 ], [ -52.6072522, -25.4261272, 0.0 ], [ -52.607176299999985, -25.426086, 0.0 ], [ -52.607101399999976, -25.426038100000035, 0.0 ], [ -52.607028599999971, -25.425984700000022, 0.0 ], [ -52.6069607, -25.4259293, 0.0 ], [ -52.606889799999969, -25.425865799999979, 0.0 ], [ -52.6068227, -25.425801299999989, 0.0 ], [ -52.606763699999981, -25.425739299999968, 0.0 ], [ -52.6067051, -25.425673, 0.0 ], [ -52.606652899999965, -25.425606099999982, 0.0 ], [ -52.606603500000013, -25.425533200000011, 0.0 ], [ -52.6065436, -25.425438699999969, 0.0 ], [ -52.606495800000012, -25.4253501, 0.0 ], [ -52.606447100000025, -25.425256, 0.0 ], [ -52.606409699999965, -25.425178500000012, 0.0 ], [ -52.6063722, -25.425097300000012, 0.0 ], [ -52.606342199999965, -25.425031199999985, 0.0 ], [ -52.606309199999984, -25.42495330000002, 0.0 ], [ -52.606277299999981, -25.4248701, 0.0 ], [ -52.606251, -25.424791500000019, 0.0 ], [ -52.6062362, -25.424707300000012, 0.0 ], [ -52.606204400000017, -25.424625900000013, 0.0 ], [ -52.60618620000001, -25.4245485, 0.0 ], [ -52.606151, -25.4244524, 0.0 ], [ -52.606140200000013, -25.424321799999973, 0.0 ], [ -52.606124299999962, -25.4242317, 0.0 ], [ -52.606115199999977, -25.424154699999967, 0.0 ], [ -52.6061079, -25.424070299999972, 0.0 ], [ -52.606083399999982, -25.423920099999982, 0.0 ], [ -52.606103299999972, -25.423727199999966, 0.0 ], [ -52.606105699999986, -25.423637499999973, 0.0 ], [ -52.606107800000018, -25.423555299999975, 0.0 ], [ -52.60611119999998, -25.423469300000018, 0.0 ], [ -52.6061153, -25.423380099999989, 0.0 ], [ -52.606119, -25.423289, 0.0 ], [ -52.6061229, -25.4232037, 0.0 ], [ -52.60612830000003, -25.4231173, 0.0 ], [ -52.606134600000011, -25.4230331, 0.0 ], [ -52.606142200000029, -25.422945599999977, 0.0 ], [ -52.6061512, -25.422858799999975, 0.0 ], [ -52.606159499999961, -25.422771, 0.0 ], [ -52.606170500000019, -25.422672299999981, 0.0 ], [ -52.60618, -25.4225877, 0.0 ], [ -52.6061909, -25.422496700000014, 0.0 ], [ -52.606198399999968, -25.422411699999987, 0.0 ], [ -52.6062013, -25.422320099999975, 0.0 ], [ -52.606203600000015, -25.422231300000014, 0.0 ], [ -52.6062071, -25.422134299999982, 0.0 ], [ -52.606215099999972, -25.422048899999979, 0.0 ], [ -52.6062236, -25.421970699999978, 0.0 ], [ -52.606235500000032, -25.4218925, 0.0 ], [ -52.606251400000019, -25.4218222, 0.0 ], [ -52.606270900000027, -25.421762699999988, 0.0 ], [ -52.606301499999972, -25.4216913, 0.0 ], [ -52.6063322, -25.421635400000024, 0.0 ], [ -52.606376800000014, -25.4215628, 0.0 ], [ -52.606425300000012, -25.421493600000023, 0.0 ], [ -52.606471699999972, -25.421428499999983, 0.0 ], [ -52.6065145, -25.421369500000026, 0.0 ], [ -52.606573899999987, -25.421290899999974, 0.0 ], [ -52.6066278, -25.421223300000012, 0.0 ], [ -52.6066892, -25.4211439, 0.0 ], [ -52.6067469, -25.4210706, 0.0 ], [ -52.6067789, -25.421029799999978, 0.0 ], [ -52.606805399999978, -25.420996100000021, 0.0 ], [ -52.606873399999984, -25.420909900000023, 0.0 ], [ -52.606930700000021, -25.420839100000023, 0.0 ], [ -52.606994699999973, -25.420754699999975, 0.0 ], [ -52.6070467, -25.420684699999981, 0.0 ], [ -52.607106699999953, -25.4206079, 0.0 ], [ -52.607160299999975, -25.420536, 0.0 ], [ -52.607212399999973, -25.420464499999969, 0.0 ], [ -52.6072626, -25.420391100000028, 0.0 ], [ -52.607312799999988, -25.420317099999973, 0.0 ], [ -52.607372100000013, -25.420233399999965, 0.0 ], [ -52.6074284, -25.42015, 0.0 ], [ -52.607477099999983, -25.4200783, 0.0 ], [ -52.60752489999998, -25.420002599999961, 0.0 ], [ -52.607570399999986, -25.419926499999967, 0.0 ], [ -52.60761380000001, -25.419848100000024, 0.0 ], [ -52.6076529, -25.419771, 0.0 ], [ -52.607690100000013, -25.419691, 0.0 ], [ -52.607730899999972, -25.419601600000018, 0.0 ], [ -52.6077656, -25.4195244, 0.0 ], [ -52.607799, -25.4194476, 0.0 ], [ -52.607840899999971, -25.4193555, 0.0 ], [ -52.607887300000023, -25.419258, 0.0 ], [ -52.607925799999961, -25.4191806, 0.0 ], [ -52.6079659, -25.41909770000002, 0.0 ], [ -52.608002100000014, -25.419017799999985, 0.0 ], [ -52.608038899999983, -25.4189384, 0.0 ], [ -52.6080798, -25.4188583, 0.0 ], [ -52.608127500000016, -25.418768600000018, 0.0 ], [ -52.6081679, -25.4186959, 0.0 ], [ -52.60821390000001, -25.4186179, 0.0 ], [ -52.608259399999987, -25.418539, 0.0 ], [ -52.6083026, -25.41846149999996, 0.0 ], [ -52.6083401, -25.4183839, 0.0 ], [ -52.6083747, -25.418296699999967, 0.0 ], [ -52.608390799999974, -25.418236200000024, 0.0 ], [ -52.608393099999986, -25.418208900000018, 0.0 ], [ -52.6083989, -25.418183899999981, 0.0 ], [ -52.608402199999986, -25.4181216, 0.0 ], [ -52.608401599999979, -25.418062299999974, 0.0 ], [ -52.6083923, -25.417978800000018, 0.0 ], [ -52.608379399999983, -25.4179162, 0.0 ], [ -52.608360899999973, -25.4178473, 0.0 ], [ -52.608329, -25.417766599999982, 0.0 ], [ -52.6082969, -25.417694900000022, 0.0 ], [ -52.6082533, -25.417618399999974, 0.0 ], [ -52.608206199999984, -25.41754479999997, 0.0 ], [ -52.608157100000021, -25.4174691, 0.0 ], [ -52.608107599999983, -25.417396799999988, 0.0 ], [ -52.608057, -25.417324899999986, 0.0 ], [ -52.6080025, -25.4172524, 0.0 ], [ -52.607942499999965, -25.4171804, 0.0 ], [ -52.607879599999976, -25.417115, 0.0 ], [ -52.607816599999978, -25.417052899999977, 0.0 ], [ -52.607747399999987, -25.4169921, 0.0 ], [ -52.607673499999962, -25.416933899999986, 0.0 ], [ -52.607599400000019, -25.4168793, 0.0 ], [ -52.6075205, -25.416824099999982, 0.0 ], [ -52.607425400000011, -25.416762899999984, 0.0 ], [ -52.6073391, -25.416714300000034, 0.0 ], [ -52.607253399999983, -25.4166669, 0.0 ], [ -52.6071743, -25.4166232, 0.0 ], [ -52.6070968, -25.416578, 0.0 ], [ -52.6070196, -25.4165294, 0.0 ], [ -52.606945399999972, -25.416476699999983, 0.0 ], [ -52.6068709, -25.416421700000011, 0.0 ], [ -52.6068007, -25.416366200000017, 0.0 ], [ -52.606732099999988, -25.416308800000024, 0.0 ], [ -52.606666299999965, -25.416246300000022, 0.0 ], [ -52.606624399999987, -25.416197899999986, 0.0 ], [ -52.606590799999978, -25.416147099999989, 0.0 ], [ -52.606571599999981, -25.4161045, 0.0 ], [ -52.606559399999966, -25.4160572, 0.0 ], [ -52.606559100000013, -25.416015800000032, 0.0 ], [ -52.6065688, -25.415964799999976, 0.0 ], [ -52.6065838, -25.415917, 0.0 ], [ -52.606620799999952, -25.4158425, 0.0 ], [ -52.606667899999977, -25.415753100000025, 0.0 ], [ -52.606712300000019, -25.41567, 0.0 ], [ -52.606761399999975, -25.415580200000015, 0.0 ], [ -52.6068078, -25.4154929, 0.0 ], [ -52.6068556, -25.4154033, 0.0 ], [ -52.6068983, -25.415322199999977, 0.0 ], [ -52.606943899999976, -25.415233199999989, 0.0 ], [ -52.6069845, -25.4151569, 0.0 ], [ -52.607034800000015, -25.415066599999985, 0.0 ], [ -52.607075099999967, -25.4149899, 0.0 ], [ -52.607116599999983, -25.414912300000019, 0.0 ], [ -52.607156499999974, -25.414835, 0.0 ], [ -52.607201, -25.414740499999976, 0.0 ], [ -52.6072416, -25.414658200000012, 0.0 ], [ -52.6072808, -25.4145785, 0.0 ], [ -52.60732, -25.4144956, 0.0 ], [ -52.607368899999983, -25.4144023, 0.0 ], [ -52.607418399999965, -25.414320799999981, 0.0 ], [ -52.607476, -25.41423930000002, 0.0 ], [ -52.607533100000012, -25.414165099999984, 0.0 ], [ -52.607599400000026, -25.414090699999974, 0.0 ], [ -52.60767240000002, -25.4140155, 0.0 ], [ -52.607744, -25.4139442, 0.0 ], [ -52.6078195, -25.413865400000027, 0.0 ], [ -52.607883099999967, -25.413795400000023, 0.0 ], [ -52.607931800000017, -25.4137338, 0.0 ], [ -52.607973699999981, -25.4136659, 0.0 ], [ -52.607998099999961, -25.413605299999976, 0.0 ], [ -52.608012099999982, -25.413544399999981, 0.0 ], [ -52.608014, -25.413484200000017, 0.0 ], [ -52.6080069, -25.413424299999967, 0.0 ], [ -52.607986, -25.413358699999986, 0.0 ], [ -52.607956499999979, -25.413294500000013, 0.0 ], [ -52.607951300000032, -25.4132851, 0.0 ], [ -52.607919499999973, -25.413237, 0.0 ], [ -52.607870199999965, -25.413172200000012, 0.0 ], [ -52.6078066, -25.4131057, 0.0 ], [ -52.6077351, -25.413044, 0.0 ], [ -52.607658300000018, -25.41299170000001, 0.0 ], [ -52.607577, -25.4129438, 0.0 ], [ -52.6074959, -25.412900099999984, 0.0 ], [ -52.607414, -25.4128579, 0.0 ], [ -52.607332799999988, -25.4128171, 0.0 ], [ -52.607236300000011, -25.4127664, 0.0 ], [ -52.6071382, -25.412715600000016, 0.0 ], [ -52.607051800000015, -25.4126693, 0.0 ], [ -52.60696189999998, -25.412625, 0.0 ], [ -52.606875300000027, -25.41258119999997, 0.0 ], [ -52.606788799999983, -25.412541, 0.0 ], [ -52.6067029, -25.412503399999988, 0.0 ], [ -52.606618299999965, -25.412467499999984, 0.0 ], [ -52.60652870000002, -25.412433599999972, 0.0 ], [ -52.606433599999988, -25.412400400000024, 0.0 ], [ -52.606346, -25.412372, 0.0 ], [ -52.606242099999974, -25.412339, 0.0 ], [ -52.6061543, -25.412305399999969, 0.0 ], [ -52.606070699999961, -25.4122673, 0.0 ], [ -52.6059914, -25.412225200000023, 0.0 ], [ -52.6059151, -25.412178799999978, 0.0 ], [ -52.605825700000018, -25.412121300000017, 0.0 ], [ -52.605748300000016, -25.41207, 0.0 ], [ -52.605661899999966, -25.4120062, 0.0 ], [ -52.605566099999983, -25.411937599999984, 0.0 ], [ -52.605527400000021, -25.411912, 0.0 ], [ -52.6055103, -25.411872300000024, 0.0 ], [ -52.6055109, -25.411653, 0.0 ], [ -52.6055263, -25.411593299999986, 0.0 ], [ -52.6055453, -25.411519, 0.0 ], [ -52.605568399999967, -25.411439799999972, 0.0 ], [ -52.605595699999974, -25.411363699999985, 0.0 ], [ -52.6056198, -25.4113039, 0.0 ], [ -52.60564849999998, -25.411244800000016, 0.0 ], [ -52.605688499999985, -25.4111747, 0.0 ], [ -52.6057329, -25.411107699999988, 0.0 ], [ -52.6057816, -25.4110402, 0.0 ], [ -52.6058317, -25.410973599999966, 0.0 ], [ -52.6058842, -25.410911199999973, 0.0 ], [ -52.605943200000013, -25.410850299999982, 0.0 ], [ -52.60600240000003, -25.410790099999975, 0.0 ], [ -52.606073700000024, -25.410719299999979, 0.0 ], [ -52.606134600000011, -25.4106605, 0.0 ], [ -52.606212099999986, -25.410590399999975, 0.0 ], [ -52.60627779999998, -25.410530900000012, 0.0 ], [ -52.606353899999981, -25.410464699999967, 0.0 ], [ -52.606419800000012, -25.410405799999971, 0.0 ], [ -52.60647219999997, -25.410358799999972, 0.0 ], [ -52.60661, -25.410247299999973, 0.0 ], [ -52.606662599999964, -25.41019360000001, 0.0 ], [ -52.606715099999974, -25.4101369, 0.0 ], [ -52.606818499999974, -25.410023, 0.0 ], [ -52.606852899999964, -25.409986699999983, 0.0 ], [ -52.606919, -25.4099281, 0.0 ], [ -52.606943899999969, -25.409904700000023, 0.0 ], [ -52.606994199999974, -25.4098601, 0.0 ], [ -52.607020799999987, -25.409837499999977, 0.0 ], [ -52.6070585, -25.4098221, 0.0 ], [ -52.607100300000013, -25.4098131, 0.0 ], [ -52.6071412, -25.409799099999976, 0.0 ], [ -52.60719, -25.409784800000015, 0.0 ], [ -52.607212600000018, -25.40978460000002, 0.0 ], [ -52.607239900000025, -25.4097886, 0.0 ], [ -52.607322800000013, -25.409804300000012, 0.0 ], [ -52.607409299999965, -25.409817799999978, 0.0 ], [ -52.607535, -25.409839700000024, 0.0 ], [ -52.607599199999981, -25.409850100000032, 0.0 ], [ -52.6076739, -25.409849800000025, 0.0 ], [ -52.60776, -25.409842500000021, 0.0 ], [ -52.6078458, -25.409836199999962, 0.0 ], [ -52.607890899999958, -25.409829100000028, 0.0 ], [ -52.607943400000011, -25.4098277, 0.0 ], [ -52.6080432, -25.409808199999979, 0.0 ], [ -52.6081153, -25.409788, 0.0 ], [ -52.6081755, -25.409772499999967, 0.0 ], [ -52.6082521, -25.409735399999974, 0.0 ], [ -52.6082907, -25.409716399999958, 0.0 ], [ -52.6082915, -25.409716100000015, 0.0 ], [ -52.608334899999988, -25.40969530000001, 0.0 ], [ -52.608355399999986, -25.409676199999971, 0.0 ], [ -52.608386399999958, -25.40964839999997, 0.0 ], [ -52.608413199999973, -25.40961829999997, 0.0 ], [ -52.6084437, -25.4095876, 0.0 ], [ -52.608480900000018, -25.409545499999965, 0.0 ], [ -52.608501900000014, -25.409509899999982, 0.0 ], [ -52.6085215, -25.4094736, 0.0 ], [ -52.608539099999966, -25.409440500000013, 0.0 ], [ -52.608561699999981, -25.409399899999979, 0.0 ], [ -52.608590400000011, -25.409347599999982, 0.0 ], [ -52.608621, -25.4092895, 0.0 ], [ -52.608657900000011, -25.4092218, 0.0 ], [ -52.608698600000025, -25.4091459, 0.0 ], [ -52.6087269, -25.40909, 0.0 ], [ -52.6087536, -25.409034099999975, 0.0 ], [ -52.608771900000015, -25.408986500000022, 0.0 ], [ -52.608791, -25.408948399999975, 0.0 ], [ -52.6088224, -25.40887889999998, 0.0 ], [ -52.608836199999956, -25.4088458, 0.0 ], [ -52.608849599999985, -25.408820699999978, 0.0 ], [ -52.60887, -25.408772699999972, 0.0 ], [ -52.608890099999982, -25.4087381, 0.0 ], [ -52.6089195, -25.408671599999987, 0.0 ], [ -52.608942899999988, -25.408616199999969, 0.0 ], [ -52.608955, -25.408589300000017, 0.0 ], [ -52.608975, -25.408548499999981, 0.0 ], [ -52.60899210000003, -25.408515099999974, 0.0 ], [ -52.6090143, -25.4084649, 0.0 ], [ -52.6090337, -25.40842529999998, 0.0 ], [ -52.609057500000013, -25.408376499999974, 0.0 ], [ -52.609080399999968, -25.408330900000013, 0.0 ], [ -52.609097299999959, -25.4082955, 0.0 ], [ -52.609115200000019, -25.408256199999975, 0.0 ], [ -52.6091316, -25.408222, 0.0 ], [ -52.609161500000013, -25.408160099999975, 0.0 ], [ -52.6091844, -25.408109299999978, 0.0 ], [ -52.609214, -25.408049800000011, 0.0 ], [ -52.6092327, -25.408012, 0.0 ], [ -52.6092529, -25.4079699, 0.0 ], [ -52.6092741, -25.407926799999988, 0.0 ], [ -52.6092954, -25.4078857, 0.0 ], [ -52.6093206, -25.4078285, 0.0 ], [ -52.609345099999985, -25.4077785, 0.0 ], [ -52.609363200000011, -25.407736199999988, 0.0 ], [ -52.609373399999967, -25.4077123, 0.0 ], [ -52.609295299999985, -25.4075914, 0.0 ], [ -52.6108726, -25.4065465, 0.0 ], [ -52.611022400000024, -25.4046381, 0.0 ], [ -52.609445600000015, -25.404720199999968, 0.0 ], [ -52.6093586, -25.404725199999966, 0.0 ], [ -52.605319899999984, -25.404911, 0.0 ], [ -52.6026268, -25.405034899999976, 0.0 ], [ -52.600580799999989, -25.405128600000012, 0.0 ], [ -52.60016250000001, -25.405144800000016, 0.0 ], [ -52.598494, -25.405209599999978, 0.0 ], [ -52.596463200000017, -25.4052959, 0.0 ], [ -52.594384400000024, -25.4053912, 0.0 ], [ -52.593191699999977, -25.40544890000001, 0.0 ], [ -52.592308300000013, -25.405491700000027, 0.0 ], [ -52.590025299999979, -25.4055849, 0.0 ], [ -52.589727200000027, -25.405597100000023, 0.0 ], [ -52.586508200000011, -25.40566810000001, 0.0 ], [ -52.5864123, -25.4056731, 0.0 ], [ -52.586086599999987, -25.405690199999981, 0.0 ], [ -52.584574700000019, -25.405770299999972, 0.0 ], [ -52.581850799999984, -25.405979899999977, 0.0 ], [ -52.577628899999979, -25.406304799999987, 0.0 ], [ -52.57759249999998, -25.4063076, 0.0 ], [ -52.5776275, -25.406370400000014, 0.0 ], [ -52.577658900000017, -25.4064452, 0.0 ], [ -52.5776538, -25.4065372, 0.0 ], [ -52.577699399999972, -25.406665499999974, 0.0 ], [ -52.5776323, -25.4067723, 0.0 ], [ -52.5774717, -25.406826099999989, 0.0 ], [ -52.577342, -25.406870500000025, 0.0 ], [ -52.577174500000012, -25.406962599999986, 0.0 ], [ -52.576963200000023, -25.4070029, 0.0 ], [ -52.57694140000001, -25.40701009999998, 0.0 ], [ -52.576925300000028, -25.4070155, 0.0 ], [ -52.576752899999974, -25.407016100000021, 0.0 ], [ -52.576540299999976, -25.4070329, 0.0 ], [ -52.5763498, -25.40706560000001, 0.0 ], [ -52.5761776, -25.4070929, 0.0 ], [ -52.576051899999982, -25.407132900000022, 0.0 ], [ -52.5758973, -25.407124599999975, 0.0 ], [ -52.575749200000018, -25.4071293, 0.0 ], [ -52.575647100000026, -25.4071338, 0.0 ], [ -52.575538400000028, -25.407122800000025, 0.0 ], [ -52.57545829999998, -25.407111900000018, 0.0 ], [ -52.575352899999984, -25.407104300000015, 0.0 ], [ -52.575199399999974, -25.407117700000015, 0.0 ], [ -52.575064199999986, -25.4071636, 0.0 ], [ -52.5749821, -25.407221400000026, 0.0 ], [ -52.574930100000017, -25.407241699999986, 0.0 ], [ -52.574833099999978, -25.407253700000012, 0.0 ], [ -52.574816899999973, -25.407272700000021, 0.0 ], [ -52.574764099999982, -25.40729349999998, 0.0 ], [ -52.574696599999982, -25.4073252, 0.0 ], [ -52.574636399999974, -25.407374399999981, 0.0 ], [ -52.5745511, -25.407430499999975, 0.0 ], [ -52.5745076, -25.407449900000017, 0.0 ], [ -52.574463200000025, -25.4074865, 0.0 ], [ -52.574445, -25.40766, 0.0 ], [ -52.574474, -25.407681500000024, 0.0 ], [ -52.574506699999972, -25.4077431, 0.0 ], [ -52.5745341, -25.407810900000015, 0.0 ], [ -52.5745839, -25.407916899999975, 0.0 ], [ -52.574541300000021, -25.407933800000023, 0.0 ], [ -52.574507499999982, -25.4079853, 0.0 ], [ -52.574507700000026, -25.408060499999976, 0.0 ], [ -52.5744942, -25.4081233, 0.0 ], [ -52.5745025, -25.4081812, 0.0 ], [ -52.574522699999989, -25.408213499999988, 0.0 ], [ -52.574527199999977, -25.408236699999975, 0.0 ], [ -52.574549499999989, -25.408306700000026, 0.0 ], [ -52.574574900000016, -25.4083458, 0.0 ], [ -52.5745966, -25.408403, 0.0 ], [ -52.5746107, -25.4085116, 0.0 ], [ -52.57461840000002, -25.40857840000001, 0.0 ], [ -52.574633300000016, -25.4086413, 0.0 ], [ -52.5746347, -25.408716700000014, 0.0 ], [ -52.574645299999986, -25.408780499999978, 0.0 ], [ -52.5746542, -25.40881330000002, 0.0 ], [ -52.574677300000019, -25.40888990000002, 0.0 ], [ -52.574661699999979, -25.408921599999985, 0.0 ], [ -52.574661699999979, -25.408981700000027, 0.0 ], [ -52.574693200000013, -25.409071, 0.0 ], [ -52.574691200000018, -25.409152600000027, 0.0 ], [ -52.5746878, -25.409236799999974, 0.0 ], [ -52.574698099999978, -25.409291100000019, 0.0 ], [ -52.5747265, -25.409373099999982, 0.0 ], [ -52.574719500000015, -25.40941140000001, 0.0 ], [ -52.574745800000017, -25.4094776, 0.0 ], [ -52.5747566, -25.409525200000019, 0.0 ], [ -52.574775400000021, -25.4095534, 0.0 ], [ -52.5748008, -25.409644, 0.0 ], [ -52.574806099999989, -25.4097094, 0.0 ], [ -52.5747922, -25.4097716, 0.0 ], [ -52.574756700000023, -25.409845099999984, 0.0 ], [ -52.574747399999978, -25.409877699999981, 0.0 ], [ -52.574730100000011, -25.409919899999977, 0.0 ], [ -52.574676399999987, -25.409965, 0.0 ], [ -52.5746585, -25.409978700000011, 0.0 ], [ -52.574565600000028, -25.4099746, 0.0 ], [ -52.574505199999976, -25.409987600000022, 0.0 ], [ -52.5744843, -25.409998200000018, 0.0 ], [ -52.574405800000022, -25.4100049, 0.0 ], [ -52.574343399999975, -25.41001030000001, 0.0 ], [ -52.5742785, -25.410043700000017, 0.0 ], [ -52.5742204, -25.410068299999978, 0.0 ], [ -52.5741339, -25.410090500000024, 0.0 ], [ -52.574074, -25.4101217, 0.0 ], [ -52.574004300000013, -25.4101513, 0.0 ], [ -52.573957300000018, -25.4101508, 0.0 ], [ -52.573852199999976, -25.410135299999979, 0.0 ], [ -52.5737992, -25.410130200000026, 0.0 ], [ -52.573734600000023, -25.4101392, 0.0 ], [ -52.5736718, -25.4101187, 0.0 ], [ -52.573578899999973, -25.410117500000013, 0.0 ], [ -52.5735719, -25.410110499999973, 0.0 ], [ -52.573531300000013, -25.410093300000028, 0.0 ], [ -52.573443199999986, -25.410086499999977, 0.0 ], [ -52.5733808, -25.4100575, 0.0 ], [ -52.5732984, -25.4100264, 0.0 ], [ -52.573174100000017, -25.4100224, 0.0 ], [ -52.573046, -25.4100022, 0.0 ], [ -52.572972, -25.40999069999998, 0.0 ], [ -52.572871099999986, -25.40996, 0.0 ], [ -52.572797799999989, -25.409929200000022, 0.0 ], [ -52.572706200000027, -25.409914599999979, 0.0 ], [ -52.5726199, -25.409901499999989, 0.0 ], [ -52.572537599999976, -25.4098962, 0.0 ], [ -52.5724581, -25.409880699999974, 0.0 ], [ -52.5723873, -25.409856199999979, 0.0 ], [ -52.57233, -25.4098742, 0.0 ], [ -52.5722892, -25.409914800000024, 0.0 ], [ -52.572299499999986, -25.409960500000011, 0.0 ], [ -52.572319400000026, -25.410029399999985, 0.0 ], [ -52.572333300000025, -25.410088299999984, 0.0 ], [ -52.5723286, -25.410156799999982, 0.0 ], [ -52.5722654, -25.410185300000023, 0.0 ], [ -52.5722275, -25.4101966, 0.0 ], [ -52.5721681, -25.4101862, 0.0 ], [ -52.572117100000014, -25.4101437, 0.0 ], [ -52.5720617, -25.410147699999982, 0.0 ], [ -52.572006400000021, -25.410124, 0.0 ], [ -52.5719396, -25.410088700000017, 0.0 ], [ -52.5718766, -25.410062499999981, 0.0 ], [ -52.5718475, -25.410022500000025, 0.0 ], [ -52.571804199999974, -25.4100009, 0.0 ], [ -52.571737199999973, -25.4099526, 0.0 ], [ -52.5716602, -25.4099665, 0.0 ], [ -52.571615300000019, -25.409957500000019, 0.0 ], [ -52.571516700000018, -25.409969499999988, 0.0 ], [ -52.571426200000019, -25.409988, 0.0 ], [ -52.571351199999981, -25.409978500000022, 0.0 ], [ -52.571258300000011, -25.409975700000018, 0.0 ], [ -52.5711892, -25.409955700000012, 0.0 ], [ -52.571091299999978, -25.409944900000028, 0.0 ], [ -52.571000799999979, -25.409946199999979, 0.0 ], [ -52.5709617, -25.409940399999982, 0.0 ], [ -52.5709397, -25.409928, 0.0 ], [ -52.5709041, -25.409925900000019, 0.0 ], [ -52.570805, -25.409883200000024, 0.0 ], [ -52.57078, -25.409851100000026, 0.0 ], [ -52.570781300000021, -25.4097966, 0.0 ], [ -52.570785300000011, -25.4097587, 0.0 ], [ -52.570773499999973, -25.409702, 0.0 ], [ -52.570736, -25.4096566, 0.0 ], [ -52.570675400000027, -25.4096356, 0.0 ], [ -52.570701, -25.409574799999973, 0.0 ], [ -52.57068529999998, -25.409563100000014, 0.0 ], [ -52.570643, -25.409532099999979, 0.0 ], [ -52.570592499999975, -25.4095484, 0.0 ], [ -52.570417799999973, -25.4096548, 0.0 ], [ -52.5703512, -25.409686, 0.0 ], [ -52.570321400000012, -25.409694800000011, 0.0 ], [ -52.5702675, -25.409692899999982, 0.0 ], [ -52.5702023, -25.4096874, 0.0 ], [ -52.570156699999984, -25.4097, 0.0 ], [ -52.570064100000025, -25.4097218, 0.0 ], [ -52.570019899999977, -25.409732299999973, 0.0 ], [ -52.569933400000025, -25.409737, 0.0 ], [ -52.5699239, -25.409738300000015, 0.0 ], [ -52.569905300000016, -25.409740899999974, 0.0 ], [ -52.569801900000016, -25.409736099999975, 0.0 ], [ -52.5693832, -25.409751299999982, 0.0 ], [ -52.569227599999977, -25.409702700000025, 0.0 ], [ -52.569111, -25.409660499999973, 0.0 ], [ -52.56919670000002, -25.409466899999984, 0.0 ], [ -52.569280600000013, -25.4094495, 0.0 ], [ -52.569483, -25.409397099999978, 0.0 ], [ -52.569632099999978, -25.409254299999986, 0.0 ], [ -52.5696572, -25.409121200000016, 0.0 ], [ -52.5695237, -25.408868400000017, 0.0 ], [ -52.569364, -25.40864879999998, 0.0 ], [ -52.569277199999988, -25.408607, 0.0 ], [ -52.569080699999972, -25.4087022, 0.0 ], [ -52.5689557, -25.4087659, 0.0 ], [ -52.568633299999988, -25.408917799999983, 0.0 ], [ -52.568488600000023, -25.408977199999981, 0.0 ], [ -52.5683864, -25.408936700000027, 0.0 ], [ -52.568271200000027, -25.4087422, 0.0 ], [ -52.568258599999979, -25.408526199999983, 0.0 ], [ -52.568298700000014, -25.4083882, 0.0 ], [ -52.568398899999977, -25.408362300000022, 0.0 ], [ -52.568545700000016, -25.408474, 0.0 ], [ -52.568723, -25.408488700000021, 0.0 ], [ -52.568813499999976, -25.408443799999986, 0.0 ], [ -52.568795, -25.4082899, 0.0 ], [ -52.568488699999989, -25.408174799999983, 0.0 ], [ -52.568181200000026, -25.408048800000017, 0.0 ], [ -52.5679108, -25.407909500000017, 0.0 ], [ -52.5678782, -25.4079079, 0.0 ], [ -52.5677875, -25.40790370000002, 0.0 ], [ -52.567728199999976, -25.407943, 0.0 ], [ -52.5676803, -25.408012199999973, 0.0 ], [ -52.567604800000026, -25.408036, 0.0 ], [ -52.567566600000021, -25.407959100000028, 0.0 ], [ -52.567566199999987, -25.407843599999978, 0.0 ], [ -52.567565800000011, -25.407725700000015, 0.0 ], [ -52.567551900000012, -25.407678499999975, 0.0 ], [ -52.5675167, -25.4076273, 0.0 ], [ -52.567439400000012, -25.4076043, 0.0 ], [ -52.5672861, -25.407627699999978, 0.0 ], [ -52.567261200000019, -25.4077125, 0.0 ], [ -52.567183600000021, -25.4077959, 0.0 ], [ -52.567119100000014, -25.407879400000013, 0.0 ], [ -52.567092399999979, -25.407922499999984, 0.0 ], [ -52.5669636, -25.408176500000025, 0.0 ], [ -52.566802600000017, -25.408310700000015, 0.0 ], [ -52.566644199999985, -25.408442799999989, 0.0 ], [ -52.566502899999989, -25.408494800000028, 0.0 ], [ -52.566214399999978, -25.408363800000018, 0.0 ], [ -52.5661799, -25.40815, 0.0 ], [ -52.5661639, -25.4080727, 0.0 ], [ -52.5660795, -25.40804989999998, 0.0 ], [ -52.5659748, -25.408026300000017, 0.0 ], [ -52.5658939, -25.408056199999976, 0.0 ], [ -52.565835, -25.4081248, 0.0 ], [ -52.56579210000001, -25.408229600000027, 0.0 ], [ -52.565530799999976, -25.408199599999989, 0.0 ], [ -52.5654462, -25.408040799999981, 0.0 ], [ -52.565451100000018, -25.4079246, 0.0 ], [ -52.565492, -25.407727200000011, 0.0 ], [ -52.56539570000001, -25.407737399999974, 0.0 ], [ -52.5653046, -25.4077906, 0.0 ], [ -52.565205100000014, -25.407935899999984, 0.0 ], [ -52.565178300000014, -25.408026099999972, 0.0 ], [ -52.5651752, -25.408163399999978, 0.0 ], [ -52.5651734, -25.408275600000024, 0.0 ], [ -52.565222399999982, -25.408501899999976, 0.0 ], [ -52.565198800000019, -25.408673799999974, 0.0 ], [ -52.565070900000023, -25.408863199999985, 0.0 ], [ -52.565011200000015, -25.408962, 0.0 ], [ -52.5652303, -25.409267, 0.0 ], [ -52.565323700000022, -25.409326799999974, 0.0 ], [ -52.565510099999983, -25.409451600000011, 0.0 ], [ -52.565609900000027, -25.409560699999986, 0.0 ], [ -52.5655097, -25.409793700000023, 0.0 ], [ -52.565445099999977, -25.40987389999998, 0.0 ], [ -52.5653696, -25.4099569, 0.0 ], [ -52.5653046, -25.410027, 0.0 ], [ -52.565284, -25.4100593, 0.0 ], [ -52.565243399999986, -25.410076100000026, 0.0 ], [ -52.565220099999976, -25.4100765, 0.0 ], [ -52.565210400000012, -25.4100942, 0.0 ], [ -52.565136399999972, -25.410092099999986, 0.0 ], [ -52.565131899999983, -25.4101073, 0.0 ], [ -52.565101500000026, -25.410125, 0.0 ], [ -52.56506109999998, -25.41015520000002, 0.0 ], [ -52.565006200000028, -25.410171199999979, 0.0 ], [ -52.564940499999977, -25.4101521, 0.0 ], [ -52.5648215, -25.410157, 0.0 ], [ -52.564771599999972, -25.410167199999989, 0.0 ], [ -52.56469629999998, -25.410164099999974, 0.0 ], [ -52.564668400000016, -25.410165800000016, 0.0 ], [ -52.5646314, -25.410176799999988, 0.0 ], [ -52.564597400000025, -25.410205, 0.0 ], [ -52.564588599999979, -25.410215100000016, 0.0 ], [ -52.564560299999982, -25.4102838, 0.0 ], [ -52.564515500000027, -25.410365500000012, 0.0 ], [ -52.564461900000026, -25.410429799999974, 0.0 ], [ -52.564378499999975, -25.410529199999985, 0.0 ], [ -52.564330499999983, -25.410552600000017, 0.0 ], [ -52.5642861, -25.410663699999986, 0.0 ], [ -52.563986600000021, -25.410813599999983, 0.0 ], [ -52.563964199999987, -25.410831, 0.0 ], [ -52.563953, -25.410887699999989, 0.0 ], [ -52.563960800000018, -25.4109676, 0.0 ], [ -52.5639782, -25.411009499999977, 0.0 ], [ -52.563993, -25.411038099999985, 0.0 ], [ -52.5640209, -25.411084099999982, 0.0 ], [ -52.564048599999978, -25.411089, 0.0 ], [ -52.564057600000012, -25.4110923, 0.0 ], [ -52.5641422, -25.41111410000002, 0.0 ], [ -52.564211300000011, -25.411127299999976, 0.0 ], [ -52.5642808, -25.411154899999985, 0.0 ], [ -52.564305699999977, -25.411167299999988, 0.0 ], [ -52.5644079, -25.41119470000001, 0.0 ], [ -52.564427299999977, -25.411212499999976, 0.0 ], [ -52.564450799999975, -25.4112285, 0.0 ], [ -52.5645136, -25.4112424, 0.0 ], [ -52.564580400000011, -25.411251400000026, 0.0 ], [ -52.564699, -25.411248600000022, 0.0 ], [ -52.564766299999974, -25.411287300000026, 0.0 ], [ -52.5648076, -25.4113054, 0.0 ], [ -52.564810299999976, -25.411323700000025, 0.0 ], [ -52.564785, -25.4113827, 0.0 ], [ -52.5647798, -25.4114452, 0.0 ], [ -52.5647381, -25.411521199999981, 0.0 ], [ -52.5647282, -25.411539300000015, 0.0 ], [ -52.564716799999985, -25.4115769, 0.0 ], [ -52.564701500000012, -25.4116105, 0.0 ], [ -52.564680599999974, -25.4116441, 0.0 ], [ -52.5646428, -25.411716500000011, 0.0 ], [ -52.5646112, -25.411768100000018, 0.0 ], [ -52.5644881, -25.41188649999998, 0.0 ], [ -52.564433099999974, -25.4118535, 0.0 ], [ -52.564375, -25.411723, 0.0 ], [ -52.5643677, -25.411687799999982, 0.0 ], [ -52.564376700000025, -25.411631899999975, 0.0 ], [ -52.564399700000024, -25.411564699999985, 0.0 ], [ -52.564401, -25.411514099999977, 0.0 ], [ -52.564393900000027, -25.411499600000013, 0.0 ], [ -52.5643885, -25.411481499999979, 0.0 ], [ -52.5642209, -25.411347700000022, 0.0 ], [ -52.563982599999974, -25.411357, 0.0 ], [ -52.563899699999979, -25.411343400000021, 0.0 ], [ -52.563696199999981, -25.4113132, 0.0 ], [ -52.563651600000014, -25.411633699999982, 0.0 ], [ -52.563673600000016, -25.411654399999975, 0.0 ], [ -52.563699199999974, -25.4116914, 0.0 ], [ -52.563713, -25.4117084, 0.0 ], [ -52.563753599999984, -25.411781299999973, 0.0 ], [ -52.563754, -25.411799200000019, 0.0 ], [ -52.5638902, -25.4120054, 0.0 ], [ -52.564114599999982, -25.412103699999989, 0.0 ], [ -52.564271799999972, -25.4121745, 0.0 ], [ -52.564393900000027, -25.412212300000022, 0.0 ], [ -52.564544300000023, -25.4122825, 0.0 ], [ -52.5646208, -25.41237430000001, 0.0 ], [ -52.564665900000023, -25.412479599999983, 0.0 ], [ -52.5647616, -25.4126164, 0.0 ], [ -52.564817600000026, -25.4127416, 0.0 ], [ -52.5649214, -25.412871199999984, 0.0 ], [ -52.56502660000001, -25.412952, 0.0 ], [ -52.565159199999982, -25.412924700000019, 0.0 ], [ -52.565350200000012, -25.412857, 0.0 ], [ -52.5655276, -25.4128116, 0.0 ], [ -52.565647, -25.4128483, 0.0 ], [ -52.5657084, -25.4131193, 0.0 ], [ -52.565659700000026, -25.413491599999986, 0.0 ], [ -52.5655056, -25.413698599999975, 0.0 ], [ -52.565354, -25.413810399999988, 0.0 ], [ -52.5651411, -25.413879300000019, 0.0 ], [ -52.565109300000017, -25.4139222, 0.0 ], [ -52.565136699999982, -25.414038, 0.0 ], [ -52.5651603, -25.414068199999974, 0.0 ], [ -52.5652488, -25.4141813, 0.0 ], [ -52.565364, -25.414263300000016, 0.0 ], [ -52.565479, -25.414248699999973, 0.0 ], [ -52.565548299999989, -25.414227, 0.0 ], [ -52.565700199999981, -25.414199100000019, 0.0 ], [ -52.565858, -25.4142726, 0.0 ], [ -52.56596780000001, -25.414401199999986, 0.0 ], [ -52.565959500000019, -25.414518499999986, 0.0 ], [ -52.565941099999975, -25.4147345, 0.0 ], [ -52.565921399999979, -25.414808, 0.0 ], [ -52.565853600000025, -25.414878900000019, 0.0 ], [ -52.565610400000025, -25.4148657, 0.0 ], [ -52.56542730000001, -25.414835700000026, 0.0 ], [ -52.565324, -25.414814200000023, 0.0 ], [ -52.565239099999985, -25.414829899999972, 0.0 ], [ -52.565342, -25.414974799999982, 0.0 ], [ -52.565483799999981, -25.415120800000011, 0.0 ], [ -52.56568470000002, -25.415445299999988, 0.0 ], [ -52.565801299999976, -25.4156069, 0.0 ], [ -52.5659053, -25.4156855, 0.0 ], [ -52.5660011, -25.415794399999982, 0.0 ], [ -52.566016100000013, -25.415847199999973, 0.0 ], [ -52.566243199999974, -25.415976199999989, 0.0 ], [ -52.566416800000013, -25.416035299999976, 0.0 ], [ -52.566513400000019, -25.416147099999989, 0.0 ], [ -52.56654450000002, -25.4162351, 0.0 ], [ -52.566397900000027, -25.41636219999998, 0.0 ], [ -52.566153900000018, -25.416443300000026, 0.0 ], [ -52.566045499999973, -25.416545499999984, 0.0 ], [ -52.5660777, -25.416613, 0.0 ], [ -52.566098899999986, -25.4166624, 0.0 ], [ -52.566312200000027, -25.416869299999973, 0.0 ], [ -52.566500799999972, -25.416958599999987, 0.0 ], [ -52.566521500000022, -25.4169541, 0.0 ], [ -52.566563700000017, -25.416943300000014, 0.0 ], [ -52.566602, -25.416902, 0.0 ], [ -52.5666218, -25.41689150000002, 0.0 ], [ -52.5666569, -25.4168704, 0.0 ], [ -52.5666842, -25.416857199999981, 0.0 ], [ -52.566719299999988, -25.416820200000018, 0.0 ], [ -52.5667451, -25.416798700000015, 0.0 ], [ -52.5667793, -25.41676990000002, 0.0 ], [ -52.566838299999972, -25.416734799999972, 0.0 ], [ -52.566845600000022, -25.416725199999973, 0.0 ], [ -52.567067099999974, -25.416423300000019, 0.0 ], [ -52.5671443, -25.416368499999976, 0.0 ], [ -52.5672118, -25.416327700000011, 0.0 ], [ -52.567261799999983, -25.416284099999984, 0.0 ], [ -52.567286, -25.416256700000019, 0.0 ], [ -52.567382, -25.4162933, 0.0 ], [ -52.567416900000012, -25.4163287, 0.0 ], [ -52.567461200000025, -25.416355, 0.0 ], [ -52.567487700000015, -25.4163853, 0.0 ], [ -52.567520100000024, -25.416428399999972, 0.0 ], [ -52.5675756, -25.4165691, 0.0 ], [ -52.56762759999998, -25.41663490000002, 0.0 ], [ -52.5676719, -25.4166856, 0.0 ], [ -52.567687499999977, -25.4167033, 0.0 ], [ -52.567739500000016, -25.416718899999978, 0.0 ], [ -52.567752400000018, -25.416719899999975, 0.0 ], [ -52.567795100000012, -25.416717100000028, 0.0 ], [ -52.5678671, -25.416666, 0.0 ], [ -52.56793620000002, -25.4166386, 0.0 ], [ -52.5680193, -25.416573200000016, 0.0 ], [ -52.56809149999998, -25.4165266, 0.0 ], [ -52.5682268, -25.416466300000025, 0.0 ], [ -52.568381100000011, -25.416450600000019, 0.0 ], [ -52.568550800000025, -25.416424800000016, 0.0 ], [ -52.5686847, -25.416375099999982, 0.0 ], [ -52.5687438, -25.4162288, 0.0 ], [ -52.568723200000022, -25.416128300000025, 0.0 ], [ -52.568717900000024, -25.415956100000017, 0.0 ], [ -52.5687284, -25.415812500000015, 0.0 ], [ -52.5686885, -25.415646400000014, 0.0 ], [ -52.568827100000021, -25.4156016, 0.0 ], [ -52.568962, -25.4155493, 0.0 ], [ -52.569125400000019, -25.415509699999973, 0.0 ], [ -52.569271500000013, -25.415519500000016, 0.0 ], [ -52.569270500000016, -25.415724800000021, 0.0 ], [ -52.5692022, -25.4159282, 0.0 ], [ -52.569194400000015, -25.416119, 0.0 ], [ -52.569239, -25.416179199999988, 0.0 ], [ -52.569372499999986, -25.416146500000025, 0.0 ], [ -52.569547399999976, -25.4161044, 0.0 ], [ -52.569752199999982, -25.416018899999983, 0.0 ], [ -52.569798600000013, -25.4160005, 0.0 ], [ -52.5699399, -25.415944299999978, 0.0 ], [ -52.570053299999984, -25.4158632, 0.0 ], [ -52.570233499999972, -25.415773899999976, 0.0 ], [ -52.5703815, -25.415725, 0.0 ], [ -52.570602300000019, -25.4157732, 0.0 ], [ -52.570789699999978, -25.415825199999972, 0.0 ], [ -52.570982800000024, -25.415863899999977, 0.0 ], [ -52.5710449, -25.4157566, 0.0 ], [ -52.57108, -25.415660699999989, 0.0 ], [ -52.5711736, -25.4154593, 0.0 ], [ -52.571164099999976, -25.415337, 0.0 ], [ -52.571034899999972, -25.415224299999977, 0.0 ], [ -52.5709243, -25.415169400000025, 0.0 ], [ -52.570768499999986, -25.415201, 0.0 ], [ -52.570549299999982, -25.4152272, 0.0 ], [ -52.570414700000015, -25.415251, 0.0 ], [ -52.570308099999977, -25.415205899999989, 0.0 ], [ -52.570173099999977, -25.4150206, 0.0 ], [ -52.57013, -25.4148616, 0.0 ], [ -52.5701848, -25.414753099999984, 0.0 ], [ -52.570269900000028, -25.4147056, 0.0 ], [ -52.570359199999984, -25.4146917, 0.0 ], [ -52.5705163, -25.414661099999989, 0.0 ], [ -52.5707842, -25.414616099999989, 0.0 ], [ -52.570935299999974, -25.41460840000002, 0.0 ], [ -52.571046, -25.414547, 0.0 ], [ -52.571138, -25.414513, 0.0 ], [ -52.571195499999988, -25.4144918, 0.0 ], [ -52.5714006, -25.41440510000001, 0.0 ], [ -52.571519500000022, -25.4143899, 0.0 ], [ -52.5716448, -25.4144351, 0.0 ], [ -52.5716471, -25.414648600000021, 0.0 ], [ -52.5716708, -25.414800300000024, 0.0 ], [ -52.571812099999988, -25.414980800000023, 0.0 ], [ -52.571994599999982, -25.414996499999972, 0.0 ], [ -52.5721706, -25.415002800000025, 0.0 ], [ -52.572284700000012, -25.415113299999973, 0.0 ], [ -52.572384399999976, -25.415212100000019, 0.0 ], [ -52.5724464, -25.415368699999988, 0.0 ], [ -52.5725809, -25.415450599999986, 0.0 ], [ -52.572655399999974, -25.415413699999988, 0.0 ], [ -52.572640400000012, -25.4153063, 0.0 ], [ -52.572592, -25.415060499999981, 0.0 ], [ -52.572590699999978, -25.414876199999981, 0.0 ], [ -52.572514800000022, -25.4147944, 0.0 ], [ -52.572266800000023, -25.414755500000012, 0.0 ], [ -52.5721378, -25.414705500000025, 0.0 ], [ -52.572050900000022, -25.414632499999982, 0.0 ], [ -52.571987499999977, -25.414457299999981, 0.0 ], [ -52.571942499999977, -25.414276200000018, 0.0 ], [ -52.571937, -25.4141062, 0.0 ], [ -52.5719383, -25.413885199999982, 0.0 ], [ -52.5718872, -25.413702, 0.0 ], [ -52.571894699999973, -25.413638100000014, 0.0 ], [ -52.5721598, -25.413427899999988, 0.0 ], [ -52.5723135, -25.413346100000012, 0.0 ], [ -52.572463299999981, -25.413301499999989, 0.0 ], [ -52.572574299999985, -25.413313599999981, 0.0 ], [ -52.5727003, -25.4132957, 0.0 ], [ -52.572935299999983, -25.413202300000023, 0.0 ], [ -52.573120500000016, -25.413085599999988, 0.0 ], [ -52.573230599999988, -25.412972500000024, 0.0 ], [ -52.573323500000015, -25.4128589, 0.0 ], [ -52.5733836, -25.4128172, 0.0 ], [ -52.573457599999983, -25.412762499999985, 0.0 ], [ -52.573493, -25.412753599999974, 0.0 ], [ -52.573534100000018, -25.4127241, 0.0 ], [ -52.573554899999976, -25.412712899999974, 0.0 ], [ -52.573576800000012, -25.41270609999998, 0.0 ], [ -52.573596399999985, -25.412692900000025, 0.0 ], [ -52.5736177, -25.412684399999989, 0.0 ], [ -52.573647, -25.412669199999982, 0.0 ], [ -52.5736688, -25.4126647, 0.0 ], [ -52.573688100000027, -25.412648900000022, 0.0 ], [ -52.573717499999987, -25.412642399999982, 0.0 ], [ -52.573743499999978, -25.4126329, 0.0 ], [ -52.573767, -25.4126157, 0.0 ], [ -52.573803100000021, -25.412599300000011, 0.0 ], [ -52.573832200000027, -25.4126129, 0.0 ], [ -52.573844399999984, -25.412616599999978, 0.0 ], [ -52.573854400000016, -25.41261609999998, 0.0 ], [ -52.5739041, -25.412614799999972, 0.0 ], [ -52.573937199999989, -25.412601100000018, 0.0 ], [ -52.57396540000002, -25.412597800000015, 0.0 ], [ -52.5739954, -25.412591500000019, 0.0 ], [ -52.57403, -25.4125929, 0.0 ], [ -52.5740535, -25.412596599999972, 0.0 ], [ -52.57407569999998, -25.4126, 0.0 ], [ -52.5741665, -25.412617800000021, 0.0 ], [ -52.574245099999985, -25.412641399999984, 0.0 ], [ -52.574289299999975, -25.4126455, 0.0 ], [ -52.5743162, -25.41265420000002, 0.0 ], [ -52.5743665, -25.412665800000013, 0.0 ], [ -52.5744082, -25.412677200000019, 0.0 ], [ -52.574454300000014, -25.412691, 0.0 ], [ -52.574502399999972, -25.412735199999986, 0.0 ], [ -52.574536, -25.412750300000027, 0.0 ], [ -52.5745483, -25.412761900000021, 0.0 ], [ -52.574569100000019, -25.4127656, 0.0 ], [ -52.574609399999986, -25.4127866, 0.0 ], [ -52.574630099999979, -25.4128086, 0.0 ], [ -52.574651099999983, -25.412831900000015, 0.0 ], [ -52.5746628, -25.4128528, 0.0 ], [ -52.574681, -25.4128748, 0.0 ], [ -52.5747048, -25.412889800000016, 0.0 ], [ -52.574722599999973, -25.412914, 0.0 ], [ -52.5747369, -25.412930500000016, 0.0 ], [ -52.574745, -25.4129469, 0.0 ], [ -52.574752400000023, -25.4129656, 0.0 ], [ -52.5747877, -25.413015799999982, 0.0 ], [ -52.574805, -25.4130399, 0.0 ], [ -52.5748524, -25.413157599999977, 0.0 ], [ -52.574857, -25.413194799999985, 0.0 ], [ -52.574882300000013, -25.4132373, 0.0 ], [ -52.5749116, -25.413329299999987, 0.0 ], [ -52.574912700000027, -25.413338399999986, 0.0 ], [ -52.574918799999978, -25.4133867, 0.0 ], [ -52.574947800000018, -25.413447, 0.0 ], [ -52.575022100000012, -25.413496, 0.0 ], [ -52.5750913, -25.413424799999973, 0.0 ], [ -52.575219100000027, -25.4133352, 0.0 ], [ -52.575445300000013, -25.4133832, 0.0 ], [ -52.5754634, -25.413516300000026, 0.0 ], [ -52.575478799999985, -25.413615400000026, 0.0 ], [ -52.575404100000014, -25.4136868, 0.0 ], [ -52.575273400000015, -25.413869700000021, 0.0 ], [ -52.575225100000011, -25.413950600000021, 0.0 ], [ -52.5752041, -25.4141378, 0.0 ], [ -52.5752743, -25.414361400000018, 0.0 ], [ -52.575349500000016, -25.414577800000018, 0.0 ], [ -52.575387499999977, -25.414700700000026, 0.0 ], [ -52.5754083, -25.4148042, 0.0 ], [ -52.5753962, -25.4148571, 0.0 ], [ -52.575390299999981, -25.414882700000021, 0.0 ], [ -52.5753914, -25.415027599999974, 0.0 ], [ -52.5753431, -25.4151716, 0.0 ], [ -52.5752736, -25.4153905, 0.0 ], [ -52.5752359, -25.4154967, 0.0 ], [ -52.575131100000021, -25.415644900000018, 0.0 ], [ -52.575074500000028, -25.4157859, 0.0 ], [ -52.5750739, -25.415802900000017, 0.0 ], [ -52.5750734, -25.4158147, 0.0 ], [ -52.575004400000012, -25.415863800000011, 0.0 ], [ -52.5749376, -25.4157932, 0.0 ], [ -52.574756, -25.4159153, 0.0 ], [ -52.5747414, -25.4160587, 0.0 ], [ -52.574751600000013, -25.416258500000026, 0.0 ], [ -52.574743599999977, -25.4163489, 0.0 ], [ -52.57463, -25.4164819, 0.0 ], [ -52.574444200000016, -25.416563600000018, 0.0 ], [ -52.574158599999976, -25.4165966, 0.0 ], [ -52.574198, -25.41660539999998, 0.0 ], [ -52.5743817, -25.4166219, 0.0 ], [ -52.574597200000028, -25.4166558, 0.0 ], [ -52.5746663, -25.416701400000022, 0.0 ], [ -52.5748259, -25.416764, 0.0 ], [ -52.5750152, -25.4168714, 0.0 ], [ -52.5750592, -25.4170105, 0.0 ], [ -52.575056, -25.417196499999989, 0.0 ], [ -52.574954900000023, -25.417312400000014, 0.0 ], [ -52.5747599, -25.4172893, 0.0 ], [ -52.574518399999988, -25.417315200000019, 0.0 ], [ -52.574264299999982, -25.417341599999986, 0.0 ], [ -52.574036700000022, -25.417357, 0.0 ], [ -52.573958, -25.417556900000022, 0.0 ], [ -52.5741587, -25.417687, 0.0 ], [ -52.5743572, -25.417779, 0.0 ], [ -52.574337899999989, -25.41803010000001, 0.0 ], [ -52.574247899999989, -25.418252900000027, 0.0 ], [ -52.574221200000011, -25.4184636, 0.0 ], [ -52.574236900000017, -25.4186752, 0.0 ], [ -52.574283200000025, -25.4188342, 0.0 ], [ -52.574271899999985, -25.418913499999974, 0.0 ], [ -52.574257400000022, -25.419017199999985, 0.0 ], [ -52.57421979999998, -25.419085, 0.0 ], [ -52.574070399999982, -25.419103899999982, 0.0 ], [ -52.5738705, -25.419065699999976, 0.0 ], [ -52.573748, -25.4188752, 0.0 ], [ -52.573793500000022, -25.4187265, 0.0 ], [ -52.573847699999988, -25.418549, 0.0 ], [ -52.573806499999989, -25.418470599999978, 0.0 ], [ -52.5737656, -25.418475100000023, 0.0 ], [ -52.57361370000001, -25.4185063, 0.0 ], [ -52.573510100000021, -25.418525100000011, 0.0 ], [ -52.5733285, -25.418510799999979, 0.0 ], [ -52.5731831, -25.418459, 0.0 ], [ -52.5729409, -25.418623, 0.0 ], [ -52.572920599999975, -25.4187192, 0.0 ], [ -52.572838600000011, -25.418925899999977, 0.0 ], [ -52.5728492, -25.418970399999978, 0.0 ], [ -52.5728264, -25.419045499999982, 0.0 ], [ -52.572714800000028, -25.419316499999979, 0.0 ], [ -52.572244599999976, -25.41943, 0.0 ], [ -52.57216649999998, -25.4194048, 0.0 ], [ -52.572122, -25.419390799999974, 0.0 ], [ -52.572043800000017, -25.419399399999975, 0.0 ], [ -52.571981900000026, -25.419394, 0.0 ], [ -52.5719312, -25.41939450000001, 0.0 ], [ -52.5719186, -25.419394599999976, 0.0 ], [ -52.571884599999976, -25.419387200000017, 0.0 ], [ -52.5718602, -25.419393500000012, 0.0 ], [ -52.571843399999977, -25.419400699999983, 0.0 ], [ -52.571829, -25.4194384, 0.0 ], [ -52.571824100000015, -25.419497499999977, 0.0 ], [ -52.571812799999975, -25.41951640000002, 0.0 ], [ -52.571795, -25.4195664, 0.0 ], [ -52.571780100000012, -25.419612200000017, 0.0 ], [ -52.571775800000012, -25.419660599999986, 0.0 ], [ -52.571760499999982, -25.4197345, 0.0 ], [ -52.5717548, -25.419787499999984, 0.0 ], [ -52.5717333, -25.419861700000013, 0.0 ], [ -52.571687899999972, -25.4199289, 0.0 ], [ -52.571518, -25.420095899999978, 0.0 ], [ -52.571472799999981, -25.4201445, 0.0 ], [ -52.571343800000022, -25.420206300000018, 0.0 ], [ -52.5711862, -25.42025289999998, 0.0 ], [ -52.5710403, -25.4203121, 0.0 ], [ -52.5709311, -25.420388800000012, 0.0 ], [ -52.5710302, -25.420519099999979, 0.0 ], [ -52.570979799999975, -25.420628299999976, 0.0 ], [ -52.570863499999973, -25.4206044, 0.0 ], [ -52.570436200000017, -25.420363800000018, 0.0 ], [ -52.5702837, -25.42046670000002, 0.0 ], [ -52.570230700000025, -25.4205531, 0.0 ], [ -52.5701613, -25.420632800000021, 0.0 ], [ -52.5700961, -25.4207594, 0.0 ], [ -52.570103099999983, -25.4208928, 0.0 ], [ -52.5701161, -25.421022199999982, 0.0 ], [ -52.5702106, -25.421083, 0.0 ], [ -52.570285800000022, -25.421094499999981, 0.0 ], [ -52.570449600000018, -25.421016399999985, 0.0 ], [ -52.5705522, -25.4209252, 0.0 ], [ -52.570647099999974, -25.420817399999976, 0.0 ], [ -52.570705499999974, -25.420748600000024, 0.0 ], [ -52.570800500000018, -25.420729600000016, 0.0 ], [ -52.570912, -25.420807, 0.0 ], [ -52.571384299999977, -25.4210425, 0.0 ], [ -52.5714853, -25.421105300000022, 0.0 ], [ -52.57155640000002, -25.421229499999981, 0.0 ], [ -52.571425499999975, -25.42138460000001, 0.0 ], [ -52.5711933, -25.421497, 0.0 ], [ -52.5709501, -25.421300799999983, 0.0 ], [ -52.570801599999982, -25.421241599999973, 0.0 ], [ -52.570668599999976, -25.421300700000018, 0.0 ], [ -52.570692300000019, -25.421475199999975, 0.0 ], [ -52.5705989, -25.421691899999985, 0.0 ], [ -52.570438, -25.421629199999984, 0.0 ], [ -52.570307899999989, -25.421550700000012, 0.0 ], [ -52.5701307, -25.4215, 0.0 ], [ -52.569891700000028, -25.421462099999985, 0.0 ], [ -52.5696951, -25.421506500000021, 0.0 ], [ -52.5694375, -25.4215691, 0.0 ], [ -52.569249, -25.421484599999985, 0.0 ], [ -52.5690487, -25.421451100000013, 0.0 ], [ -52.5689165, -25.421447399999977, 0.0 ], [ -52.568841500000019, -25.421503299999983, 0.0 ], [ -52.5688151, -25.4216556, 0.0 ], [ -52.568795500000022, -25.421793499999978, 0.0 ], [ -52.5690002, -25.421940300000017, 0.0 ], [ -52.5693619, -25.422055699999987, 0.0 ], [ -52.5695, -25.422158200000013, 0.0 ], [ -52.569635, -25.4223048, 0.0 ], [ -52.569836800000019, -25.422501599999975, 0.0 ], [ -52.570044, -25.4226559, 0.0 ], [ -52.570175300000017, -25.422624499999984, 0.0 ], [ -52.570295199999975, -25.422628499999973, 0.0 ], [ -52.570409499999982, -25.4228202, 0.0 ], [ -52.5704207, -25.422990700000014, 0.0 ], [ -52.570331899999985, -25.423174599999982, 0.0 ], [ -52.570292, -25.4233044, 0.0 ], [ -52.5702078, -25.4234078, 0.0 ], [ -52.5701042, -25.423407899999972, 0.0 ], [ -52.5699373, -25.423436700000025, 0.0 ], [ -52.56974630000002, -25.423494600000026, 0.0 ], [ -52.569647299999986, -25.423606300000017, 0.0 ], [ -52.569645200000025, -25.4236795, 0.0 ], [ -52.569887400000027, -25.423901300000011, 0.0 ], [ -52.569971800000019, -25.4240211, 0.0 ], [ -52.569974800000011, -25.424141, 0.0 ], [ -52.5699447, -25.424190599999974, 0.0 ], [ -52.569873299999983, -25.4243083, 0.0 ], [ -52.5697113, -25.424491, 0.0 ], [ -52.569759, -25.424606700000027, 0.0 ], [ -52.569836899999984, -25.4247628, 0.0 ], [ -52.569953199999986, -25.424864899999989, 0.0 ], [ -52.5700655, -25.424907800000028, 0.0 ], [ -52.570176, -25.424908599999981, 0.0 ], [ -52.570250699999974, -25.4249006, 0.0 ], [ -52.5702834, -25.424855799999989, 0.0 ], [ -52.570376399999986, -25.424810499999978, 0.0 ], [ -52.570529299999976, -25.4247919, 0.0 ], [ -52.5706702, -25.4247747, 0.0 ], [ -52.5707488, -25.424796, 0.0 ], [ -52.570812699999976, -25.4248748, 0.0 ], [ -52.5708343, -25.4249815, 0.0 ], [ -52.570939899999985, -25.425291800000025, 0.0 ], [ -52.571149699999978, -25.425534299999981, 0.0 ], [ -52.571403299999986, -25.425704199999984, 0.0 ], [ -52.5716473, -25.425760299999979, 0.0 ], [ -52.5717598, -25.4257978, 0.0 ], [ -52.571808799999985, -25.425894500000027, 0.0 ], [ -52.571881599999983, -25.4260792, 0.0 ], [ -52.571858299999974, -25.4262905, 0.0 ], [ -52.571813299999974, -25.426475400000015, 0.0 ], [ -52.5718281, -25.426546700000017, 0.0 ], [ -52.5720263, -25.426904, 0.0 ], [ -52.572068800000011, -25.4270381, 0.0 ], [ -52.572181300000011, -25.427216699999974, 0.0 ], [ -52.5722776, -25.4273854, 0.0 ], [ -52.5723989, -25.4276446, 0.0 ], [ -52.572512500000016, -25.427788, 0.0 ], [ -52.5726191, -25.427943, 0.0 ], [ -52.572656699999982, -25.427992500000016, 0.0 ], [ -52.5727314, -25.428091, 0.0 ], [ -52.572840499999984, -25.4282442, 0.0 ], [ -52.572921099999974, -25.428396099999986, 0.0 ], [ -52.5729394, -25.428471899999977, 0.0 ], [ -52.5729703, -25.4285994, 0.0 ], [ -52.572993899999972, -25.4287117, 0.0 ], [ -52.5729983, -25.4288441, 0.0 ], [ -52.572927900000025, -25.429060600000014, 0.0 ], [ -52.5728216, -25.429223700000023, 0.0 ], [ -52.572655399999974, -25.4293194, 0.0 ], [ -52.572541, -25.429250200000013, 0.0 ], [ -52.572292800000014, -25.42921560000002, 0.0 ], [ -52.572078799999986, -25.429259800000011, 0.0 ], [ -52.571931800000016, -25.429259899999977, 0.0 ], [ -52.571660399999985, -25.4293429, 0.0 ], [ -52.5712724, -25.429323300000021, 0.0 ], [ -52.5711988, -25.429361500000027, 0.0 ], [ -52.5711131, -25.42945370000001, 0.0 ], [ -52.571049, -25.42948389999998, 0.0 ], [ -52.570841799999982, -25.429413399999987, 0.0 ], [ -52.57072770000002, -25.429345300000023, 0.0 ], [ -52.57048930000002, -25.4292092, 0.0 ], [ -52.570416799999975, -25.429148, 0.0 ], [ -52.570266100000026, -25.429054099999973, 0.0 ], [ -52.570124799999974, -25.428926100000012, 0.0 ], [ -52.570028799999989, -25.428732, 0.0 ], [ -52.5700251, -25.42872460000001, 0.0 ], [ -52.569817699999987, -25.4284978, 0.0 ], [ -52.5696107, -25.428500199999974, 0.0 ], [ -52.5693865, -25.4285013, 0.0 ], [ -52.569202299999972, -25.4284712, 0.0 ], [ -52.568965699999978, -25.4284518, 0.0 ], [ -52.568668100000025, -25.428359699999987, 0.0 ], [ -52.56834090000001, -25.4282154, 0.0 ], [ -52.568006, -25.4281279, 0.0 ], [ -52.567998400000015, -25.428127, 0.0 ], [ -52.567938099999985, -25.42812, 0.0 ], [ -52.5679308, -25.4281191, 0.0 ], [ -52.56771550000002, -25.428083099999981, 0.0 ], [ -52.567577700000015, -25.428095400000018, 0.0 ], [ -52.567314300000021, -25.428139199999976, 0.0 ], [ -52.5670472, -25.428142799999989, 0.0 ], [ -52.566789799999981, -25.428155, 0.0 ], [ -52.5666271, -25.428152099999977, 0.0 ], [ -52.56635540000002, -25.428034700000012, 0.0 ], [ -52.566270200000019, -25.427906300000018, 0.0 ], [ -52.566169800000011, -25.427659100000028, 0.0 ], [ -52.566013199999986, -25.427466200000026, 0.0 ], [ -52.565905199999975, -25.427318500000013, 0.0 ], [ -52.5656874, -25.427287, 0.0 ], [ -52.565549, -25.427336200000013, 0.0 ], [ -52.565378, -25.427366300000017, 0.0 ], [ -52.565108, -25.427409, 0.0 ], [ -52.564929300000017, -25.427408800000023, 0.0 ], [ -52.5648251, -25.4274443, 0.0 ], [ -52.564810500000021, -25.427467400000012, 0.0 ], [ -52.5648941, -25.427625200000023, 0.0 ], [ -52.565051200000028, -25.427788299999975, 0.0 ], [ -52.5652189, -25.427989700000012, 0.0 ], [ -52.565343700000028, -25.4282002, 0.0 ], [ -52.565380300000015, -25.4283218, 0.0 ], [ -52.565435499999978, -25.42862580000002, 0.0 ], [ -52.56544980000001, -25.428712, 0.0 ], [ -52.565508099999988, -25.428881600000011, 0.0 ], [ -52.565568699999972, -25.4290777, 0.0 ], [ -52.5655976, -25.429276800000025, 0.0 ], [ -52.565646099999981, -25.4294873, 0.0 ], [ -52.565716, -25.429703, 0.0 ], [ -52.5657493, -25.4298973, 0.0 ], [ -52.565794, -25.430140900000026, 0.0 ], [ -52.565832100000023, -25.430351799999983, 0.0 ], [ -52.565843799999982, -25.430594, 0.0 ], [ -52.5658621, -25.430712099999976, 0.0 ], [ -52.565862599999988, -25.4307155, 0.0 ], [ -52.565855699999972, -25.4307572, 0.0 ], [ -52.565848599999967, -25.4307657, 0.0 ], [ -52.565770400000019, -25.430858899999976, 0.0 ], [ -52.565719699999988, -25.4309986, 0.0 ], [ -52.5656335, -25.4311553, 0.0 ], [ -52.565535399999987, -25.431426, 0.0 ], [ -52.565484, -25.431683099999987, 0.0 ], [ -52.565420500000016, -25.431964100000016, 0.0 ], [ -52.5653201, -25.432223099999987, 0.0 ], [ -52.565242899999987, -25.43237019999998, 0.0 ], [ -52.5652306, -25.4324176, 0.0 ], [ -52.565058099999987, -25.4325981, 0.0 ], [ -52.564860599999975, -25.43283550000001, 0.0 ], [ -52.564807799999983, -25.4330251, 0.0 ], [ -52.564879599999983, -25.433204499999988, 0.0 ], [ -52.564922700000011, -25.433476900000016, 0.0 ], [ -52.5650177, -25.433810600000015, 0.0 ], [ -52.565123799999981, -25.43409650000001, 0.0 ], [ -52.565174899999988, -25.43432150000001, 0.0 ], [ -52.565210700000023, -25.43451, 0.0 ], [ -52.565270899999973, -25.4347525, 0.0 ], [ -52.565307299999972, -25.434968799999979, 0.0 ], [ -52.565346799999986, -25.435175, 0.0 ], [ -52.5653787, -25.4353046, 0.0 ], [ -52.565411400000016, -25.43553270000001, 0.0 ], [ -52.565449100000023, -25.4357068, 0.0 ], [ -52.565487800000028, -25.4358689, 0.0 ], [ -52.565471800000012, -25.4361634, 0.0 ], [ -52.565418799999975, -25.436472200000026, 0.0 ], [ -52.565316100000018, -25.436639800000023, 0.0 ], [ -52.565295600000013, -25.436674900000014, 0.0 ], [ -52.565249699999981, -25.436753899999985, 0.0 ], [ -52.565004499999986, -25.436813299999983, 0.0 ], [ -52.564859099999978, -25.4368005, 0.0 ], [ -52.564697299999978, -25.4367148, 0.0 ], [ -52.5644539, -25.436579900000027, 0.0 ], [ -52.5642669, -25.436452200000019, 0.0 ], [ -52.564025, -25.4362456, 0.0 ], [ -52.563803399999983, -25.4360519, 0.0 ], [ -52.5635522, -25.435833300000013, 0.0 ], [ -52.563314199999979, -25.435650800000019, 0.0 ], [ -52.563127099999974, -25.4355026, 0.0 ], [ -52.5629518, -25.435359600000027, 0.0 ], [ -52.56275549999998, -25.435198, 0.0 ], [ -52.56257, -25.435078200000021, 0.0 ], [ -52.562367199999983, -25.4349595, 0.0 ], [ -52.56216790000002, -25.4348154, 0.0 ], [ -52.561896100000013, -25.4346306, 0.0 ], [ -52.5616726, -25.4344633, 0.0 ], [ -52.561430200000018, -25.434361700000011, 0.0 ], [ -52.561272700000018, -25.434281199999987, 0.0 ], [ -52.5610625, -25.4342206, 0.0 ], [ -52.560913200000016, -25.4342433, 0.0 ], [ -52.560780299999976, -25.434473, 0.0 ], [ -52.560716899999989, -25.4346875, 0.0 ], [ -52.560719, -25.4349464, 0.0 ], [ -52.560763300000019, -25.4351772, 0.0 ], [ -52.560803099999987, -25.4354373, 0.0 ], [ -52.560874399999989, -25.435718099999974, 0.0 ], [ -52.5609799, -25.435949400000027, 0.0 ], [ -52.561140200000011, -25.436243600000012, 0.0 ], [ -52.561276500000019, -25.436496799999986, 0.0 ], [ -52.56136, -25.43667720000002, 0.0 ], [ -52.561529099999973, -25.4369327, 0.0 ], [ -52.561707800000022, -25.4372591, 0.0 ], [ -52.5617145, -25.437274300000013, 0.0 ], [ -52.5618313, -25.437535, 0.0 ], [ -52.5619135, -25.437688499999979, 0.0 ], [ -52.561924299999987, -25.4377447, 0.0 ], [ -52.56196, -25.437990800000023, 0.0 ], [ -52.561962100000017, -25.438078299999972, 0.0 ], [ -52.561920900000018, -25.438147500000014, 0.0 ], [ -52.5618232, -25.4382675, 0.0 ], [ -52.561655799999983, -25.438377600000024, 0.0 ], [ -52.5614539, -25.438479799999982, 0.0 ], [ -52.5611776, -25.43853660000002, 0.0 ], [ -52.560849099999984, -25.438536399999975, 0.0 ], [ -52.560505, -25.4385368, 0.0 ], [ -52.560226899999975, -25.438551800000027, 0.0 ], [ -52.5599522, -25.43853660000002, 0.0 ], [ -52.559769, -25.43854570000002, 0.0 ], [ -52.55967290000001, -25.438554599999975, 0.0 ], [ -52.559619600000019, -25.4385595, 0.0 ], [ -52.5594216, -25.43853660000002, 0.0 ], [ -52.5592686, -25.4385226, 0.0 ], [ -52.559047099999987, -25.438562100000013, 0.0 ], [ -52.558828399999982, -25.438598599999978, 0.0 ], [ -52.558624800000018, -25.438631, 0.0 ], [ -52.558440299999972, -25.4386829, 0.0 ], [ -52.558152099999973, -25.4387752, 0.0 ], [ -52.55790780000001, -25.438914099999977, 0.0 ], [ -52.557723899999985, -25.439096399999983, 0.0 ], [ -52.5574901, -25.439287700000023, 0.0 ], [ -52.5573852, -25.439428099999986, 0.0 ], [ -52.557274399999983, -25.439570600000025, 0.0 ], [ -52.5572254, -25.439644, 0.0 ], [ -52.5571622, -25.439738799999986, 0.0 ], [ -52.5570444, -25.4399199, 0.0 ], [ -52.5568442, -25.440164900000013, 0.0 ], [ -52.5566513, -25.4404058, 0.0 ], [ -52.556531099999972, -25.440527700000018, 0.0 ], [ -52.5563242, -25.440747, 0.0 ], [ -52.5561588, -25.440922199999989, 0.0 ], [ -52.555992800000013, -25.441068, 0.0 ], [ -52.555760299999974, -25.4413113, 0.0 ], [ -52.5556401, -25.441456, 0.0 ], [ -52.555578500000024, -25.441508399999975, 0.0 ], [ -52.555514500000015, -25.441605700000025, 0.0 ], [ -52.5553961, -25.4417522, 0.0 ], [ -52.555238499999973, -25.4419484, 0.0 ], [ -52.5551372, -25.442106, 0.0 ], [ -52.5550384, -25.442254699999978, 0.0 ], [ -52.5549565, -25.442376299999978, 0.0 ], [ -52.554867100000024, -25.442498300000011, 0.0 ], [ -52.554776899999979, -25.442646200000013, 0.0 ], [ -52.5546958, -25.442749900000024, 0.0 ], [ -52.554637500000013, -25.442866400000014, 0.0 ], [ -52.554502099999979, -25.443056, 0.0 ], [ -52.55442290000002, -25.443180499999983, 0.0 ], [ -52.5543288, -25.443371500000012, 0.0 ], [ -52.554243400000018, -25.443558199999984, 0.0 ], [ -52.5542383, -25.4437206, 0.0 ], [ -52.5542817, -25.4438773, 0.0 ], [ -52.55431040000002, -25.443949, 0.0 ], [ -52.554415, -25.4440586, 0.0 ], [ -52.5546617, -25.444265, 0.0 ], [ -52.554838800000027, -25.444379200000014, 0.0 ], [ -52.554939400000023, -25.444439400000022, 0.0 ], [ -52.555164600000012, -25.444495500000016, 0.0 ], [ -52.555463299999985, -25.444559500000025, 0.0 ], [ -52.555799900000011, -25.444572699999981, 0.0 ], [ -52.556004700000017, -25.444648200000017, 0.0 ], [ -52.5562488, -25.444679599999972, 0.0 ], [ -52.556546, -25.444789500000013, 0.0 ], [ -52.556709500000011, -25.444843699999979, 0.0 ], [ -52.556866, -25.444875299999978, 0.0 ], [ -52.557137800000021, -25.4449735, 0.0 ], [ -52.5573286, -25.4450051, 0.0 ], [ -52.55747070000001, -25.445031299999982, 0.0 ], [ -52.557621, -25.445050499999979, 0.0 ], [ -52.5578734, -25.445046, 0.0 ], [ -52.558098700000016, -25.444994399999985, 0.0 ], [ -52.558284500000013, -25.444940700000018, 0.0 ], [ -52.5583785, -25.4448825, 0.0 ], [ -52.5584993, -25.4448152, 0.0 ], [ -52.558636, -25.4446744, 0.0 ], [ -52.558805800000016, -25.4444636, 0.0 ], [ -52.558980599999984, -25.444278600000018, 0.0 ], [ -52.5591293, -25.4441665, 0.0 ], [ -52.559243200000026, -25.444048099999975, 0.0 ], [ -52.559382299999982, -25.443893899999978, 0.0 ], [ -52.559491799999989, -25.4437661, 0.0 ], [ -52.5598076, -25.4434417, 0.0 ], [ -52.560041599999977, -25.443206299999986, 0.0 ], [ -52.560187400000018, -25.443032500000015, 0.0 ], [ -52.560351799999978, -25.442874800000027, 0.0 ], [ -52.560433699999976, -25.442796199999975, 0.0 ], [ -52.560582599999975, -25.4426767, 0.0 ], [ -52.56074430000001, -25.442568100000017, 0.0 ], [ -52.560919300000023, -25.442455100000018, 0.0 ], [ -52.5611166, -25.44237720000001, 0.0 ], [ -52.561369300000024, -25.4423299, 0.0 ], [ -52.56153519999998, -25.442319399999974, 0.0 ], [ -52.561734800000011, -25.442352500000027, 0.0 ], [ -52.562161, -25.442455100000018, 0.0 ], [ -52.56248549999998, -25.442764899999986, 0.0 ], [ -52.562722099999974, -25.442936499999973, 0.0 ], [ -52.562962700000014, -25.443155600000011, 0.0 ], [ -52.563098200000013, -25.4432845, 0.0 ], [ -52.563251200000025, -25.443430200000023, 0.0 ], [ -52.563515900000027, -25.4436169, 0.0 ], [ -52.563611900000012, -25.4436763, 0.0 ], [ -52.5636477, -25.443714399999976, 0.0 ], [ -52.563801500000011, -25.443839700000012, 0.0 ], [ -52.563991199999975, -25.444021099999986, 0.0 ], [ -52.5641609, -25.444157, 0.0 ], [ -52.564413399999978, -25.4443387, 0.0 ], [ -52.56455440000002, -25.44445589999998, 0.0 ], [ -52.564712499999985, -25.444634, 0.0 ], [ -52.564908300000013, -25.4447851, 0.0 ], [ -52.564921500000025, -25.44479530000001, 0.0 ], [ -52.5651019, -25.444952, 0.0 ], [ -52.565160400000025, -25.445084300000019, 0.0 ], [ -52.565292699999986, -25.4451987, 0.0 ], [ -52.56539140000001, -25.445316699999978, 0.0 ], [ -52.5655676, -25.4455046, 0.0 ], [ -52.5656682, -25.4456063, 0.0 ], [ -52.565723400000024, -25.445691099999976, 0.0 ], [ -52.565724699999976, -25.445816799999989, 0.0 ], [ -52.565699400000028, -25.4459895, 0.0 ], [ -52.5656098, -25.4461811, 0.0 ], [ -52.565542900000025, -25.446304199999986, 0.0 ], [ -52.565420599999982, -25.4464676, 0.0 ], [ -52.565252199999975, -25.446599100000014, 0.0 ], [ -52.565105300000027, -25.44663509999998, 0.0 ], [ -52.564818, -25.446743500000025, 0.0 ], [ -52.5646193, -25.4468364, 0.0 ], [ -52.564414399999976, -25.44694579999998, 0.0 ], [ -52.5641516, -25.447072900000023, 0.0 ], [ -52.563774099999989, -25.447181300000011, 0.0 ], [ -52.563756300000023, -25.44718469999998, 0.0 ], [ -52.56347820000002, -25.447238299999981, 0.0 ], [ -52.563238899999988, -25.447272, 0.0 ], [ -52.563029700000016, -25.44730370000002, 0.0 ], [ -52.562864400000024, -25.447323700000027, 0.0 ], [ -52.562671799999976, -25.447284700000012, 0.0 ], [ -52.562465799999984, -25.447245800000019, 0.0 ], [ -52.562291500000015, -25.4471532, 0.0 ], [ -52.562098, -25.446990500000027, 0.0 ], [ -52.561879499999975, -25.4468106, 0.0 ], [ -52.561644300000012, -25.44666, 0.0 ], [ -52.5614233, -25.4465075, 0.0 ], [ -52.561270499999978, -25.446403299999986, 0.0 ], [ -52.5610787, -25.4463485, 0.0 ], [ -52.5609091, -25.4463283, 0.0 ], [ -52.5607769, -25.446370800000011, 0.0 ], [ -52.5606856, -25.446441400000026, 0.0 ], [ -52.5606151, -25.446569899999986, 0.0 ], [ -52.560512300000028, -25.4467922, 0.0 ], [ -52.560323700000026, -25.447014200000012, 0.0 ], [ -52.5601972, -25.44716649999998, 0.0 ], [ -52.560109599999976, -25.4472766, 0.0 ], [ -52.5600331, -25.447455699999978, 0.0 ], [ -52.559943799999985, -25.447658199999978, 0.0 ], [ -52.5598812, -25.4478085, 0.0 ], [ -52.5597505, -25.44804929999998, 0.0 ], [ -52.5595571, -25.4483636, 0.0 ], [ -52.559435399999984, -25.448560400000019, 0.0 ], [ -52.559347100000025, -25.4486804, 0.0 ], [ -52.5591983, -25.4488819, 0.0 ], [ -52.559152, -25.448952, 0.0 ], [ -52.559074, -25.449070099999972, 0.0 ], [ -52.55895, -25.449224300000026, 0.0 ], [ -52.5588454, -25.449368, 0.0 ], [ -52.558731200000011, -25.4494977, 0.0 ], [ -52.5586285, -25.4496734, 0.0 ], [ -52.5585484, -25.449792899999977, 0.0 ], [ -52.558478400000013, -25.4499371, 0.0 ], [ -52.558371599999987, -25.45012650000001, 0.0 ], [ -52.558249100000012, -25.450353399999983, 0.0 ], [ -52.558172899999988, -25.450512600000025, 0.0 ], [ -52.5580539, -25.45073739999998, 0.0 ], [ -52.557969899999989, -25.450908799999979, 0.0 ], [ -52.557894, -25.451042200000018, 0.0 ], [ -52.557791800000018, -25.4512863, 0.0 ], [ -52.557749100000024, -25.4514312, 0.0 ], [ -52.557666400000016, -25.4516238, 0.0 ], [ -52.557656899999984, -25.451646, 0.0 ], [ -52.5575753, -25.4517669, 0.0 ], [ -52.55746929999998, -25.4519, 0.0 ], [ -52.557407300000023, -25.451958400000024, 0.0 ], [ -52.557296899999983, -25.452053499999977, 0.0 ], [ -52.5572237, -25.452100499999972, 0.0 ], [ -52.557128499999976, -25.452115900000024, 0.0 ], [ -52.556942600000013, -25.4522685, 0.0 ], [ -52.5568093, -25.452352099999985, 0.0 ], [ -52.556678299999987, -25.452469399999984, 0.0 ], [ -52.556468600000017, -25.452608, 0.0 ], [ -52.556335600000011, -25.452655400000026, 0.0 ], [ -52.5561376, -25.4527622, 0.0 ], [ -52.555981, -25.452871800000025, 0.0 ], [ -52.555767300000014, -25.452972499999987, 0.0 ], [ -52.555619900000011, -25.453035, 0.0 ], [ -52.555500699999982, -25.453136200000017, 0.0 ], [ -52.555450800000017, -25.4531584, 0.0 ], [ -52.555275600000016, -25.45329959999998, 0.0 ], [ -52.5550953, -25.453415, 0.0 ], [ -52.5549924, -25.453561, 0.0 ], [ -52.554896199999973, -25.453834799999981, 0.0 ], [ -52.55484, -25.4540412, 0.0 ], [ -52.5548784, -25.454196500000023, 0.0 ], [ -52.554948299999978, -25.4544376, 0.0 ], [ -52.5549408, -25.454631899999981, 0.0 ], [ -52.554915199999982, -25.454825200000016, 0.0 ], [ -52.554910600000028, -25.455095200000017, 0.0 ], [ -52.554873499999985, -25.455439399999989, 0.0 ], [ -52.554943700000024, -25.455645300000015, 0.0 ], [ -52.554875900000013, -25.456000800000027, 0.0 ], [ -52.554868, -25.456162399999982, 0.0 ], [ -52.554870400000027, -25.4563718, 0.0 ], [ -52.554842899999983, -25.456568600000026, 0.0 ], [ -52.554805499999986, -25.4566946, 0.0 ], [ -52.554710899999975, -25.456837399999984, 0.0 ], [ -52.554587, -25.456918799999983, 0.0 ], [ -52.554285600000014, -25.456956600000012, 0.0 ], [ -52.554056300000013, -25.4568797, 0.0 ], [ -52.553784300000018, -25.456720099999984, 0.0 ], [ -52.5536295, -25.45652339999998, 0.0 ], [ -52.5535941, -25.456448, 0.0 ], [ -52.5535046, -25.456257199999982, 0.0 ], [ -52.553378599999974, -25.456048099999975, 0.0 ], [ -52.5532685, -25.455739100000017, 0.0 ], [ -52.5531456, -25.455417599999976, 0.0 ], [ -52.553091900000027, -25.455124599999976, 0.0 ], [ -52.553030400000011, -25.4548696, 0.0 ], [ -52.552995899999985, -25.454609800000014, 0.0 ], [ -52.5529773, -25.4543263, 0.0 ], [ -52.5529527, -25.4540763, 0.0 ], [ -52.552949899999987, -25.453834200000017, 0.0 ], [ -52.552917799999989, -25.4536086, 0.0 ], [ -52.5528878, -25.453456300000028, 0.0 ], [ -52.5528597, -25.453282100000024, 0.0 ], [ -52.552835099999982, -25.4531558, 0.0 ], [ -52.5528228, -25.453028099999983, 0.0 ], [ -52.552798100000018, -25.452895, 0.0 ], [ -52.5527758, -25.452774799999986, 0.0 ], [ -52.552601, -25.452610900000025, 0.0 ], [ -52.5524034, -25.45249530000001, 0.0 ], [ -52.552174, -25.452360399999975, 0.0 ], [ -52.551954799999976, -25.4522159, 0.0 ], [ -52.5518131, -25.4520791, 0.0 ], [ -52.551598899999988, -25.4519646, 0.0 ], [ -52.5513085, -25.451840899999979, 0.0 ], [ -52.551129, -25.451750100000027, 0.0 ], [ -52.5508724, -25.4516271, 0.0 ], [ -52.5506992, -25.4515202, 0.0 ], [ -52.550430100000028, -25.451363300000025, 0.0 ], [ -52.550128, -25.451189899999974, 0.0 ], [ -52.549820300000022, -25.450972, 0.0 ], [ -52.5495765, -25.450798, 0.0 ], [ -52.549394, -25.4506558, 0.0 ], [ -52.549140099999988, -25.4504566, 0.0 ], [ -52.548924699999986, -25.450287, 0.0 ], [ -52.5487154, -25.450117, 0.0 ], [ -52.5484818, -25.4499581, 0.0 ], [ -52.548301200000026, -25.449817, 0.0 ], [ -52.548139600000013, -25.449648, 0.0 ], [ -52.548017099999981, -25.44951, 0.0 ], [ -52.5477795, -25.4492826, 0.0 ], [ -52.547503099999972, -25.449112300000024, 0.0 ], [ -52.5473538, -25.4490457, 0.0 ], [ -52.547102199999983, -25.448887099999979, 0.0 ], [ -52.546947199999977, -25.4488184, 0.0 ], [ -52.546721900000023, -25.4486991, 0.0 ], [ -52.546493100000021, -25.448640099999977, 0.0 ], [ -52.546283, -25.448698700000023, 0.0 ], [ -52.546132699999987, -25.448912, 0.0 ], [ -52.5460736, -25.449114899999984, 0.0 ], [ -52.546031700000015, -25.449266299999977, 0.0 ], [ -52.5460023, -25.449411199999986, 0.0 ], [ -52.5460079, -25.4495655, 0.0 ], [ -52.546065, -25.449732900000015, 0.0 ], [ -52.546235, -25.449955100000011, 0.0 ], [ -52.546393200000011, -25.4502683, 0.0 ], [ -52.546526299999982, -25.45045140000002, 0.0 ], [ -52.546648, -25.450682700000016, 0.0 ], [ -52.546794299999988, -25.4509319, 0.0 ], [ -52.5469369, -25.4511091, 0.0 ], [ -52.546991, -25.451288299999987, 0.0 ], [ -52.547103900000025, -25.451476599999978, 0.0 ], [ -52.54728590000002, -25.451823600000012, 0.0 ], [ -52.547354700000028, -25.4519818, 0.0 ], [ -52.54745, -25.452116499999988, 0.0 ], [ -52.5475657, -25.4523145, 0.0 ], [ -52.547657099999981, -25.4524733, 0.0 ], [ -52.547692499999982, -25.452549, 0.0 ], [ -52.547807, -25.452782800000023, 0.0 ], [ -52.547883899999988, -25.452941099999975, 0.0 ], [ -52.5479487, -25.453116099999988, 0.0 ], [ -52.548059, -25.453264900000022, 0.0 ], [ -52.548179, -25.4534686, 0.0 ], [ -52.548306200000013, -25.453664100000026, 0.0 ], [ -52.548394, -25.453883800000028, 0.0 ], [ -52.5484687, -25.454064800000026, 0.0 ], [ -52.548546699999974, -25.4543289, 0.0 ], [ -52.548626599999977, -25.4544785, 0.0 ], [ -52.548675, -25.454636600000015, 0.0 ], [ -52.5488001, -25.454876599999977, 0.0 ], [ -52.548883400000022, -25.4551424, 0.0 ], [ -52.5489516, -25.45528, 0.0 ], [ -52.5489665, -25.455436299999974, 0.0 ], [ -52.548971900000026, -25.4554938, 0.0 ], [ -52.5489182, -25.4556369, 0.0 ], [ -52.548858, -25.4558553, 0.0 ], [ -52.548710799999981, -25.456058, 0.0 ], [ -52.5485936, -25.45617249999998, 0.0 ], [ -52.5484968, -25.456250300000022, 0.0 ], [ -52.548353599999984, -25.4563326, 0.0 ], [ -52.548173299999974, -25.456414900000027, 0.0 ], [ -52.547969, -25.4564924, 0.0 ], [ -52.5478109, -25.456543599999975, 0.0 ], [ -52.547408500000017, -25.456601400000011, 0.0 ], [ -52.547019299999988, -25.4566175, 0.0 ], [ -52.5466748, -25.456588300000021, 0.0 ], [ -52.5463512, -25.456556200000023, 0.0 ], [ -52.5460478, -25.456501, 0.0 ], [ -52.545739500000025, -25.456449, 0.0 ], [ -52.545477800000015, -25.456411899999978, 0.0 ], [ -52.545109200000013, -25.456394400000022, 0.0 ], [ -52.544990700000028, -25.456397400000014, 0.0 ], [ -52.54489030000002, -25.4564, 0.0 ], [ -52.5445363, -25.4563407, 0.0 ], [ -52.5441533, -25.4563756, 0.0 ], [ -52.543751699999973, -25.4563301, 0.0 ], [ -52.5435486, -25.456353799999988, 0.0 ], [ -52.5432765, -25.456309499999975, 0.0 ], [ -52.5428958, -25.456233, 0.0 ], [ -52.542603199999974, -25.456187, 0.0 ], [ -52.5423599, -25.456179500000019, 0.0 ], [ -52.542122, -25.456290500000023, 0.0 ], [ -52.541916, -25.456398900000011, 0.0 ], [ -52.541642500000023, -25.456577900000013, 0.0 ], [ -52.5414252, -25.4567452, 0.0 ], [ -52.5412576, -25.4569588, 0.0 ], [ -52.541163200000028, -25.457155199999988, 0.0 ], [ -52.54113, -25.4573777, 0.0 ], [ -52.541142, -25.457635400000015, 0.0 ], [ -52.5411431, -25.457947, 0.0 ], [ -52.541081799999972, -25.458044700000016, 0.0 ], [ -52.5409856, -25.458330600000011, 0.0 ], [ -52.540983499999982, -25.458647499999984, 0.0 ], [ -52.541090399999973, -25.45888960000002, 0.0 ], [ -52.541181699999981, -25.459126200000014, 0.0 ], [ -52.541216, -25.459245, 0.0 ], [ -52.5412988, -25.459403599999973, 0.0 ], [ -52.541412799999989, -25.459627300000022, 0.0 ], [ -52.5416098, -25.4600314, 0.0 ], [ -52.541787, -25.460395100000028, 0.0 ], [ -52.5418649, -25.46067, 0.0 ], [ -52.5419159, -25.460866, 0.0 ], [ -52.541976799999986, -25.461027, 0.0 ], [ -52.541986800000018, -25.461267099999986, 0.0 ], [ -52.5419938, -25.461522600000023, 0.0 ], [ -52.542010300000015, -25.461786800000027, 0.0 ], [ -52.542024, -25.462042199999985, 0.0 ], [ -52.542086700000027, -25.462348500000019, 0.0 ], [ -52.5421376, -25.4625567, 0.0 ], [ -52.542222200000026, -25.462730799999974, 0.0 ], [ -52.5422261, -25.462738899999977, 0.0 ], [ -52.542397600000015, -25.462922, 0.0 ], [ -52.542541, -25.4630166, 0.0 ], [ -52.542808900000011, -25.4631038, 0.0 ], [ -52.5432245, -25.463257100000021, 0.0 ], [ -52.543640700000026, -25.463385500000015, 0.0 ], [ -52.544080599999972, -25.4635867, 0.0 ], [ -52.5443636, -25.463734499999987, 0.0 ], [ -52.544558199999983, -25.463869699999975, 0.0 ], [ -52.5447373, -25.464008200000023, 0.0 ], [ -52.5449481, -25.4641772, 0.0 ], [ -52.545204399999989, -25.464377599999978, 0.0 ], [ -52.5455255, -25.464481799999987, 0.0 ], [ -52.545767899999987, -25.464563699999985, 0.0 ], [ -52.546052799999984, -25.464745, 0.0 ], [ -52.5462435, -25.464780299999973, 0.0 ], [ -52.5465522, -25.46464850000001, 0.0 ], [ -52.5467602, -25.464419599999985, 0.0 ], [ -52.547027599999979, -25.4640351, 0.0 ], [ -52.547274500000015, -25.4636956, 0.0 ], [ -52.547327900000028, -25.4636221, 0.0 ], [ -52.547522, -25.463331700000026, 0.0 ], [ -52.547727399999985, -25.4630502, 0.0 ], [ -52.5478513, -25.4627441, 0.0 ], [ -52.5480667, -25.462391, 0.0 ], [ -52.548171599999989, -25.462100099999986, 0.0 ], [ -52.548336, -25.461805200000015, 0.0 ], [ -52.548517899999979, -25.461584, 0.0 ], [ -52.548646, -25.461375700000019, 0.0 ], [ -52.54874860000001, -25.461140899999975, 0.0 ], [ -52.548786800000016, -25.4608187, 0.0 ], [ -52.549016199999983, -25.460523799999976, 0.0 ], [ -52.549223900000015, -25.460307600000021, 0.0 ], [ -52.549462399999982, -25.460055599999976, 0.0 ], [ -52.5497067, -25.4599232, 0.0 ], [ -52.5499777, -25.45973429999998, 0.0 ], [ -52.5502581, -25.459685, 0.0 ], [ -52.5505316, -25.4597579, 0.0 ], [ -52.550735299999985, -25.459898, 0.0 ], [ -52.550889499999982, -25.459999700000026, 0.0 ], [ -52.5510691, -25.4601389, 0.0 ], [ -52.551268600000014, -25.4601839, 0.0 ], [ -52.5515365, -25.4602683, 0.0 ], [ -52.551636200000019, -25.4603004, 0.0 ], [ -52.551724499999978, -25.460328800000013, 0.0 ], [ -52.5517807, -25.4603469, 0.0 ], [ -52.551933500000018, -25.460436500000014, 0.0 ], [ -52.552045299999975, -25.4605373, 0.0 ], [ -52.5523025, -25.460669699999983, 0.0 ], [ -52.552435899999978, -25.460848, 0.0 ], [ -52.552629599999989, -25.461079199999972, 0.0 ], [ -52.552847199999974, -25.461246099999983, 0.0 ], [ -52.553039099999978, -25.4614626, 0.0 ], [ -52.553206699999976, -25.461639400000024, 0.0 ], [ -52.553492, -25.461946899999987, 0.0 ], [ -52.5536366, -25.462043699999981, 0.0 ], [ -52.553741699999989, -25.4622266, 0.0 ], [ -52.55389120000001, -25.462438599999984, 0.0 ], [ -52.554099399999984, -25.46264, 0.0 ], [ -52.554278, -25.4628813, 0.0 ], [ -52.554511199999979, -25.4631063, 0.0 ], [ -52.554777, -25.463338, 0.0 ], [ -52.5550801, -25.463562599999989, 0.0 ], [ -52.555399599999987, -25.463782700000024, 0.0 ], [ -52.555579, -25.463871, 0.0 ], [ -52.555783099999985, -25.463971099999981, 0.0 ], [ -52.55609149999998, -25.464099799999985, 0.0 ], [ -52.556363799999986, -25.4642311, 0.0 ], [ -52.556638, -25.4643249, 0.0 ], [ -52.5570113, -25.4645089, 0.0 ], [ -52.557339300000024, -25.464614400000016, 0.0 ], [ -52.557677, -25.464827300000024, 0.0 ], [ -52.5578698, -25.464934, 0.0 ], [ -52.5581004, -25.4649786, 0.0 ], [ -52.558369500000026, -25.465031399999987, 0.0 ], [ -52.558502499999975, -25.46504520000002, 0.0 ], [ -52.558721199999979, -25.4650919, 0.0 ], [ -52.5588922, -25.465118, 0.0 ], [ -52.559111499999972, -25.4651604, 0.0 ], [ -52.559444400000018, -25.4652269, 0.0 ], [ -52.559587299999976, -25.465259399999979, 0.0 ], [ -52.559835599999985, -25.465260699999988, 0.0 ], [ -52.5601143, -25.4652774, 0.0 ], [ -52.560354500000017, -25.465239899999972, 0.0 ], [ -52.560554200000013, -25.465261899999973, 0.0 ], [ -52.5607008, -25.465262100000018, 0.0 ], [ -52.5608145, -25.465254300000026, 0.0 ], [ -52.5609364, -25.4652547, 0.0 ], [ -52.561117700000011, -25.4652456, 0.0 ], [ -52.5611874, -25.465243699999974, 0.0 ], [ -52.561350399999981, -25.4652302, 0.0 ], [ -52.561492900000019, -25.465212800000018, 0.0 ], [ -52.561709300000018, -25.465196, 0.0 ], [ -52.561869100000024, -25.465217600000017, 0.0 ], [ -52.562057, -25.465257, 0.0 ], [ -52.5620662, -25.4653027, 0.0 ], [ -52.562179, -25.4653786, 0.0 ], [ -52.562275199999988, -25.465428, 0.0 ], [ -52.562394900000015, -25.46550910000002, 0.0 ], [ -52.562664900000016, -25.465649499999984, 0.0 ], [ -52.5627953, -25.4657115, 0.0 ], [ -52.5629715, -25.465793599999984, 0.0 ], [ -52.5632324, -25.4659466, 0.0 ], [ -52.563378199999988, -25.466019300000028, 0.0 ], [ -52.563616299999978, -25.46627380000001, 0.0 ], [ -52.56359040000001, -25.466502400000024, 0.0 ], [ -52.5635489, -25.466668700000014, 0.0 ], [ -52.563383499999986, -25.4669212, 0.0 ], [ -52.5632766, -25.467092799999989, 0.0 ], [ -52.5630956, -25.467178600000011, 0.0 ], [ -52.5628926, -25.467267100000015, 0.0 ], [ -52.562837, -25.467291400000022, 0.0 ], [ -52.562672, -25.467335699999978, 0.0 ], [ -52.562567600000023, -25.4674056, 0.0 ], [ -52.5622821, -25.467446399999972, 0.0 ], [ -52.561959300000012, -25.467467699999986, 0.0 ], [ -52.5616614, -25.46750609999998, 0.0 ], [ -52.561371, -25.467539499999987, 0.0 ], [ -52.561148600000024, -25.467511600000023, 0.0 ], [ -52.5609144, -25.4675183, 0.0 ], [ -52.560633, -25.467495499999984, 0.0 ], [ -52.5604864, -25.467468, 0.0 ], [ -52.560381399999983, -25.467465600000025, 0.0 ], [ -52.560212799999988, -25.4674453, 0.0 ], [ -52.559993099999986, -25.4674607, 0.0 ], [ -52.5596271, -25.4674908, 0.0 ], [ -52.559438, -25.467489100000023, 0.0 ], [ -52.559182299999975, -25.467555100000027, 0.0 ], [ -52.558909, -25.467623800000013, 0.0 ], [ -52.558721900000023, -25.467710899999986, 0.0 ], [ -52.5584505, -25.467804300000012, 0.0 ], [ -52.558157900000026, -25.467968699999972, 0.0 ], [ -52.55795569999998, -25.468057, 0.0 ], [ -52.5577568, -25.468146699999977, 0.0 ], [ -52.557527400000026, -25.468254600000023, 0.0 ], [ -52.557354700000019, -25.468344800000011, 0.0 ], [ -52.5571731, -25.4684676, 0.0 ], [ -52.556979500000011, -25.4686259, 0.0 ], [ -52.556792, -25.46877139999998, 0.0 ], [ -52.556649100000016, -25.46897610000002, 0.0 ], [ -52.5565029, -25.4692657, 0.0 ], [ -52.556440800000018, -25.469361, 0.0 ], [ -52.556347599999981, -25.469504299999983, 0.0 ], [ -52.556188, -25.469701400000019, 0.0 ], [ -52.55606, -25.469974200000024, 0.0 ], [ -52.555979400000012, -25.470114200000012, 0.0 ], [ -52.55590380000001, -25.4702504, 0.0 ], [ -52.555791199999987, -25.470482, 0.0 ], [ -52.555732700000021, -25.470544, 0.0 ], [ -52.555599500000028, -25.470733399999972, 0.0 ], [ -52.5554482, -25.470864800000015, 0.0 ], [ -52.5553643, -25.4710149, 0.0 ], [ -52.555230699999981, -25.471156099999973, 0.0 ], [ -52.555111099999976, -25.471250699999985, 0.0 ], [ -52.555028199999981, -25.471359099999972, 0.0 ], [ -52.554950599999984, -25.471439299999986, 0.0 ], [ -52.5548806, -25.4715369, 0.0 ], [ -52.5547272, -25.47177640000001, 0.0 ], [ -52.5546797, -25.471883699999978, 0.0 ], [ -52.554578600000013, -25.472104800000011, 0.0 ], [ -52.5545348, -25.472392899999988, 0.0 ], [ -52.554530899999975, -25.47258260000001, 0.0 ], [ -52.5544521, -25.472852699999976, 0.0 ], [ -52.5543485, -25.473153599999989, 0.0 ], [ -52.554262, -25.473431100000028, 0.0 ], [ -52.554241499999989, -25.473518899999988, 0.0 ], [ -52.554208099999983, -25.4737093, 0.0 ], [ -52.5541852, -25.4739098, 0.0 ], [ -52.554116599999986, -25.474110199999984, 0.0 ], [ -52.554047500000024, -25.4743302, 0.0 ], [ -52.55395679999998, -25.474475900000016, 0.0 ], [ -52.553799200000014, -25.474728700000014, 0.0 ], [ -52.5537726, -25.474764199999981, 0.0 ], [ -52.553617, -25.474939300000017, 0.0 ], [ -52.553340400000025, -25.4751503, 0.0 ], [ -52.553227, -25.475234199999989, 0.0 ], [ -52.5531, -25.4753126, 0.0 ], [ -52.5529793, -25.475385800000026, 0.0 ], [ -52.5527841, -25.475552600000015, 0.0 ], [ -52.552612899999986, -25.475657500000011, 0.0 ], [ -52.552471799999978, -25.475790300000028, 0.0 ], [ -52.5522868, -25.4759626, 0.0 ], [ -52.552178799999979, -25.476120400000013, 0.0 ], [ -52.5519779, -25.476276199999973, 0.0 ], [ -52.5518386, -25.476413499999978, 0.0 ], [ -52.551633400000014, -25.4765554, 0.0 ], [ -52.5515102, -25.476654900000028, 0.0 ], [ -52.551435, -25.476718399999982, 0.0 ], [ -52.551319400000011, -25.47682709999998, 0.0 ], [ -52.5512084, -25.476953, 0.0 ], [ -52.551130100000023, -25.47703439999998, 0.0 ], [ -52.551032, -25.477144099999975, 0.0 ], [ -52.550936299999989, -25.477233599999977, 0.0 ], [ -52.5508246, -25.477394300000014, 0.0 ], [ -52.5506231, -25.4775055, 0.0 ], [ -52.5504568, -25.4776233, 0.0 ], [ -52.5503349, -25.4776832, 0.0 ], [ -52.550217499999974, -25.4777477, 0.0 ], [ -52.5500892, -25.4778291, 0.0 ], [ -52.5499314, -25.4779115, 0.0 ], [ -52.549848699999984, -25.4779727, 0.0 ], [ -52.549794299999974, -25.477995299999975, 0.0 ], [ -52.549683500000015, -25.47808550000002, 0.0 ], [ -52.5495221, -25.478193, 0.0 ], [ -52.5494261, -25.478291500000012, 0.0 ], [ -52.549284699999987, -25.478392199999973, 0.0 ], [ -52.5491728, -25.478516599999978, 0.0 ], [ -52.549090700000022, -25.4787457, 0.0 ], [ -52.5490689, -25.4789313, 0.0 ], [ -52.549148899999977, -25.4791624, 0.0 ], [ -52.5492941, -25.479243899999972, 0.0 ], [ -52.549535100000014, -25.479311399999972, 0.0 ], [ -52.5498336, -25.47944, 0.0 ], [ -52.550061299999982, -25.4795206, 0.0 ], [ -52.550384899999983, -25.479516600000011, 0.0 ], [ -52.5506863, -25.479544799999985, 0.0 ], [ -52.550857899999983, -25.479533, 0.0 ], [ -52.5511831, -25.479490100000021, 0.0 ], [ -52.5512774, -25.479427499999986, 0.0 ], [ -52.5513851, -25.479332100000022, 0.0 ], [ -52.5515517, -25.479230799999982, 0.0 ], [ -52.55176130000001, -25.479173899999978, 0.0 ], [ -52.5520022, -25.479068400000017, 0.0 ], [ -52.552245, -25.479005799999982, 0.0 ], [ -52.5524891, -25.4788772, 0.0 ], [ -52.5526817, -25.47874250000001, 0.0 ], [ -52.5529042, -25.478617199999974, 0.0 ], [ -52.5530473, -25.478515099999981, 0.0 ], [ -52.5532179, -25.4783536, 0.0 ], [ -52.553386, -25.478166199999976, 0.0 ], [ -52.5536194, -25.477936399999976, 0.0 ], [ -52.553859100000011, -25.477728899999988, 0.0 ], [ -52.5540886, -25.4775249, 0.0 ], [ -52.554177400000015, -25.477421900000024, 0.0 ], [ -52.554227500000025, -25.477358900000013, 0.0 ], [ -52.5544296, -25.477203299999985, 0.0 ], [ -52.554585799999984, -25.477125899999976, 0.0 ], [ -52.554732699999988, -25.477062900000021, 0.0 ], [ -52.554785200000026, -25.477016100000014, 0.0 ], [ -52.5548966, -25.4769382, 0.0 ], [ -52.5550417, -25.476837199999977, 0.0 ], [ -52.555167900000015, -25.4767374, 0.0 ], [ -52.555249100000026, -25.476664500000027, 0.0 ], [ -52.555338800000015, -25.47661, 0.0 ], [ -52.555448300000023, -25.47651860000002, 0.0 ], [ -52.5556277, -25.476391499999977, 0.0 ], [ -52.555688, -25.476363900000024, 0.0 ], [ -52.555797400000017, -25.476261500000021, 0.0 ], [ -52.5558734, -25.476204399999972, 0.0 ], [ -52.556013, -25.4761021, 0.0 ], [ -52.556141599999989, -25.4760511, 0.0 ], [ -52.556235800000024, -25.476034700000014, 0.0 ], [ -52.556462899999985, -25.475950300000022, 0.0 ], [ -52.556624600000021, -25.4759178, 0.0 ], [ -52.556773799999974, -25.475869400000022, 0.0 ], [ -52.556947499999978, -25.475829200000021, 0.0 ], [ -52.557177, -25.4757932, 0.0 ], [ -52.5574241, -25.475701, 0.0 ], [ -52.5575553, -25.4756511, 0.0 ], [ -52.5577371, -25.4756486, 0.0 ], [ -52.557916200000022, -25.4756698, 0.0 ], [ -52.5581472, -25.475714700000026, 0.0 ], [ -52.558419, -25.4758228, 0.0 ], [ -52.558616299999983, -25.475882, 0.0 ], [ -52.558722100000011, -25.4759204, 0.0 ], [ -52.558849099999975, -25.475995399999988, 0.0 ], [ -52.5590636, -25.4761105, 0.0 ], [ -52.559174199999973, -25.476193200000012, 0.0 ], [ -52.559336499999972, -25.476322900000014, 0.0 ], [ -52.559518700000012, -25.476552700000013, 0.0 ], [ -52.5596218, -25.476688, 0.0 ], [ -52.559708399999977, -25.476799700000015, 0.0 ], [ -52.5598339, -25.4769437, 0.0 ], [ -52.5599497, -25.477074800000025, 0.0 ], [ -52.5600523, -25.477254800000026, 0.0 ], [ -52.560139400000025, -25.4773836, 0.0 ], [ -52.560272399999974, -25.477649400000018, 0.0 ], [ -52.5604199, -25.477846399999976, 0.0 ], [ -52.560451699999987, -25.47799950000001, 0.0 ], [ -52.560608300000013, -25.478203599999972, 0.0 ], [ -52.560774, -25.478510200000017, 0.0 ], [ -52.560851500000012, -25.4786636, 0.0 ], [ -52.560949600000015, -25.478792399999975, 0.0 ], [ -52.561017400000026, -25.478898300000026, 0.0 ], [ -52.561144500000012, -25.479043100000013, 0.0 ], [ -52.561206200000015, -25.479129699999987, 0.0 ], [ -52.561288900000022, -25.4791917, 0.0 ], [ -52.561360799999989, -25.4792774, 0.0 ], [ -52.5614567, -25.479411299999981, 0.0 ], [ -52.5615401, -25.479529500000012, 0.0 ], [ -52.561637500000018, -25.479650400000025, 0.0 ], [ -52.5618389, -25.479866800000025, 0.0 ], [ -52.561951799999974, -25.480079900000021, 0.0 ], [ -52.561972799999978, -25.480106799999987, 0.0 ], [ -52.562062, -25.4802664, 0.0 ], [ -52.562159800000018, -25.4804964, 0.0 ], [ -52.562229699999989, -25.480696599999987, 0.0 ], [ -52.562346699999978, -25.4809985, 0.0 ], [ -52.5624899, -25.481329099999982, 0.0 ], [ -52.562538800000027, -25.481463, 0.0 ], [ -52.562614399999973, -25.481612700000028, 0.0 ], [ -52.562574, -25.481838200000027, 0.0 ], [ -52.562599499999976, -25.4820937, 0.0 ], [ -52.562570699999981, -25.482296, 0.0 ], [ -52.562543100000028, -25.482436800000016, 0.0 ], [ -52.562505, -25.482573399999978, 0.0 ], [ -52.562481400000024, -25.482662100000027, 0.0 ], [ -52.5625758, -25.48280010000002, 0.0 ], [ -52.5625718, -25.482913199999981, 0.0 ], [ -52.562571299999988, -25.482927500000017, 0.0 ], [ -52.56257, -25.482970200000011, 0.0 ], [ -52.562571, -25.482986, 0.0 ], [ -52.562577, -25.483073400000023, 0.0 ], [ -52.562547, -25.4831805, 0.0 ], [ -52.5624709, -25.483404399999984, 0.0 ], [ -52.5622937, -25.4836783, 0.0 ], [ -52.5621542, -25.48390280000001, 0.0 ], [ -52.56200960000001, -25.4840891, 0.0 ], [ -52.561806100000013, -25.484260399999982, 0.0 ], [ -52.561526, -25.4843995, 0.0 ], [ -52.561309699999981, -25.4845214, 0.0 ], [ -52.5611313, -25.4846152, 0.0 ], [ -52.560823299999981, -25.4848338, 0.0 ], [ -52.5606277, -25.4849757, 0.0 ], [ -52.560488500000019, -25.485192700000027, 0.0 ], [ -52.5602811, -25.485296399999982, 0.0 ], [ -52.560184199999981, -25.485327, 0.0 ], [ -52.5601069, -25.485397299999988, 0.0 ], [ -52.559965499999976, -25.4855503, 0.0 ], [ -52.559839899999986, -25.485667499999977, 0.0 ], [ -52.559657300000026, -25.4858572, 0.0 ], [ -52.559512199999972, -25.486023400000022, 0.0 ], [ -52.559320599999978, -25.4861659, 0.0 ], [ -52.559107400000016, -25.4863403, 0.0 ], [ -52.558951799999988, -25.4865087, 0.0 ], [ -52.5588103, -25.4866439, 0.0 ], [ -52.558680400000014, -25.486766400000022, 0.0 ], [ -52.558604899999978, -25.486863200000016, 0.0 ], [ -52.558438599999988, -25.4870727, 0.0 ], [ -52.558354099999974, -25.487307199999975, 0.0 ], [ -52.558334300000013, -25.4874676, 0.0 ], [ -52.558341400000018, -25.487629500000025, 0.0 ], [ -52.5583914, -25.4877846, 0.0 ], [ -52.558506299999976, -25.487934399999972, 0.0 ], [ -52.558668300000022, -25.488096, 0.0 ], [ -52.558789199999978, -25.4881939, 0.0 ], [ -52.55891680000002, -25.4882715, 0.0 ], [ -52.559054800000013, -25.4883281, 0.0 ], [ -52.559198200000026, -25.488383, 0.0 ], [ -52.559487699999977, -25.4883362, 0.0 ], [ -52.559750099999974, -25.488290600000028, 0.0 ], [ -52.560021800000015, -25.488221899999985, 0.0 ], [ -52.560401300000024, -25.488069100000018, 0.0 ], [ -52.560648800000024, -25.487969599999985, 0.0 ], [ -52.560840199999973, -25.4878847, 0.0 ], [ -52.5609968, -25.48775310000002, 0.0 ], [ -52.561153699999977, -25.4876299, 0.0 ], [ -52.561275200000011, -25.487504, 0.0 ], [ -52.561402900000019, -25.487393899999972, 0.0 ], [ -52.561529599999972, -25.487271, 0.0 ], [ -52.561634799999979, -25.4871635, 0.0 ], [ -52.5617393, -25.487028099999975, 0.0 ], [ -52.561847600000021, -25.4869167, 0.0 ], [ -52.561930599999982, -25.486809199999982, 0.0 ], [ -52.561984399999972, -25.4867365, 0.0 ], [ -52.5620697, -25.4866318, 0.0 ], [ -52.562139800000011, -25.4865342, 0.0 ], [ -52.5621885, -25.486404199999981, 0.0 ], [ -52.562317599999972, -25.4862369, 0.0 ], [ -52.5624014, -25.486118799999986, 0.0 ], [ -52.562515500000018, -25.485907399999974, 0.0 ], [ -52.562675599999977, -25.485679600000026, 0.0 ], [ -52.5628345, -25.485433699999987, 0.0 ], [ -52.562975600000016, -25.4852136, 0.0 ], [ -52.563143799999978, -25.484954500000015, 0.0 ], [ -52.563277200000016, -25.484816099999989, 0.0 ], [ -52.5634953, -25.484661800000026, 0.0 ], [ -52.563744199999974, -25.4845853, 0.0 ], [ -52.5640125, -25.484482599999978, 0.0 ], [ -52.564355299999988, -25.484358, 0.0 ], [ -52.564720200000011, -25.484240100000022, 0.0 ], [ -52.564984400000014, -25.484122300000024, 0.0 ], [ -52.565194, -25.484002799999985, 0.0 ], [ -52.565362600000014, -25.483943599999975, 0.0 ], [ -52.565544400000022, -25.483866700000021, 0.0 ], [ -52.56563749999998, -25.48382909999998, 0.0 ], [ -52.5658507, -25.4837329, 0.0 ], [ -52.5661407, -25.483562099999972, 0.0 ], [ -52.5663925, -25.483398, 0.0 ], [ -52.56657180000002, -25.483258, 0.0 ], [ -52.5668842, -25.4828708, 0.0 ], [ -52.566938400000026, -25.482675, 0.0 ], [ -52.567139199999986, -25.482472299999984, 0.0 ], [ -52.567323499999986, -25.48232059999998, 0.0 ], [ -52.5676206, -25.4823169, 0.0 ], [ -52.5678158, -25.482279600000027, 0.0 ], [ -52.5679996, -25.4823927, 0.0 ], [ -52.568237599999975, -25.4826064, 0.0 ], [ -52.56850780000002, -25.4829952, 0.0 ], [ -52.568622800000014, -25.4832743, 0.0 ], [ -52.568710899999985, -25.483459499999981, 0.0 ], [ -52.5687006, -25.4836555, 0.0 ], [ -52.568636, -25.483981, 0.0 ], [ -52.568477700000017, -25.484439399999985, 0.0 ], [ -52.568243199999984, -25.4846895, 0.0 ], [ -52.568109100000015, -25.484944, 0.0 ], [ -52.567979700000024, -25.485191900000018, 0.0 ], [ -52.567767100000026, -25.485495899999989, 0.0 ], [ -52.5675564, -25.485712799999988, 0.0 ], [ -52.567292099999975, -25.485986700000012, 0.0 ], [ -52.567088099999978, -25.4862225, 0.0 ], [ -52.5669272, -25.486402699999985, 0.0 ], [ -52.566706599999975, -25.4866573, 0.0 ], [ -52.566537, -25.486815400000012, 0.0 ], [ -52.566394, -25.487023799999974, 0.0 ], [ -52.566261199999985, -25.487138800000025, 0.0 ], [ -52.566153499999984, -25.487270099999989, 0.0 ], [ -52.566047799999978, -25.487514299999987, 0.0 ], [ -52.565984500000013, -25.487716799999987, 0.0 ], [ -52.56590030000001, -25.487931399999979, 0.0 ], [ -52.565839200000028, -25.488148500000023, 0.0 ], [ -52.565825, -25.4883777, 0.0 ], [ -52.565805899999987, -25.48861549999998, 0.0 ], [ -52.565723699999978, -25.488794700000028, 0.0 ], [ -52.5656603, -25.489059899999972, 0.0 ], [ -52.565545199999974, -25.489287900000022, 0.0 ], [ -52.565494100000024, -25.489411599999983, 0.0 ], [ -52.565465599999982, -25.4895649, 0.0 ], [ -52.5653691, -25.489758199999983, 0.0 ], [ -52.5652124, -25.4900252, 0.0 ], [ -52.565006499999981, -25.4902356, 0.0 ], [ -52.56481789999998, -25.490368499999988, 0.0 ], [ -52.5645697, -25.4904965, 0.0 ], [ -52.5642815, -25.4905604, 0.0 ], [ -52.563899600000013, -25.490604599999983, 0.0 ], [ -52.5636836, -25.490617400000019, 0.0 ], [ -52.563362, -25.490660400000024, 0.0 ], [ -52.563054599999987, -25.490695800000026, 0.0 ], [ -52.562794899999972, -25.4907523, 0.0 ], [ -52.562425599999983, -25.490827, 0.0 ], [ -52.5621913, -25.490905199999986, 0.0 ], [ -52.56195409999998, -25.49102160000001, 0.0 ], [ -52.561736199999984, -25.4911667, 0.0 ], [ -52.561549800000023, -25.491357, 0.0 ], [ -52.5614109, -25.4915757, 0.0 ], [ -52.561258, -25.4918937, 0.0 ], [ -52.5611563, -25.492187, 0.0 ], [ -52.561097599999982, -25.4925088, 0.0 ], [ -52.561039699999981, -25.492834, 0.0 ], [ -52.560975699999972, -25.493103799999972, 0.0 ], [ -52.5610188, -25.493389400000012, 0.0 ], [ -52.5609971, -25.4936894, 0.0 ], [ -52.5611594, -25.494167, 0.0 ], [ -52.561286399999972, -25.494417899999974, 0.0 ], [ -52.561461800000018, -25.494774399999983, 0.0 ], [ -52.561691900000028, -25.495155899999986, 0.0 ], [ -52.561955899999987, -25.4953883, 0.0 ], [ -52.562345600000015, -25.4956575, 0.0 ], [ -52.5625637, -25.4958026, 0.0 ], [ -52.562865400000021, -25.495923399999981, 0.0 ], [ -52.563223400000027, -25.4960102, 0.0 ], [ -52.563543400000015, -25.4960281, 0.0 ], [ -52.563847099999975, -25.496204400000011, 0.0 ], [ -52.56421180000001, -25.49626360000002, 0.0 ], [ -52.5643862, -25.496202400000016, 0.0 ], [ -52.564845400000024, -25.4961947, 0.0 ], [ -52.565256, -25.496129699999983, 0.0 ], [ -52.5655054, -25.496079800000018, 0.0 ], [ -52.565896099999975, -25.496008099999983, 0.0 ], [ -52.5663872, -25.495895099999984, 0.0 ], [ -52.566760400000021, -25.495811100000026, 0.0 ], [ -52.566959399999973, -25.495743, 0.0 ], [ -52.567249899999979, -25.495667, 0.0 ], [ -52.567523100000017, -25.495657, 0.0 ], [ -52.567742800000019, -25.495615699999973, 0.0 ], [ -52.567935799999987, -25.495495399999982, 0.0 ], [ -52.568249400000013, -25.4955195, 0.0 ], [ -52.568579399999976, -25.495549400000016, 0.0 ], [ -52.568970700000023, -25.4956401, 0.0 ], [ -52.569252600000027, -25.495664, 0.0 ], [ -52.569489499999975, -25.4956896, 0.0 ], [ -52.5696984, -25.4957513, 0.0 ], [ -52.57006130000002, -25.4958421, 0.0 ], [ -52.570459, -25.495911799999988, 0.0 ], [ -52.570758599999976, -25.4959614, 0.0 ], [ -52.570959, -25.4960312, 0.0 ], [ -52.571194600000013, -25.4961351, 0.0 ], [ -52.5714246, -25.4962395, 0.0 ], [ -52.571620900000028, -25.4963062, 0.0 ], [ -52.5718769, -25.496436500000016, 0.0 ], [ -52.57197530000002, -25.49652020000002, 0.0 ], [ -52.572154899999987, -25.4966961, 0.0 ], [ -52.572353599999985, -25.4968988, 0.0 ], [ -52.572624, -25.4971476, 0.0 ], [ -52.5728229, -25.497278199999982, 0.0 ], [ -52.572928400000023, -25.497401599999989, 0.0 ], [ -52.573165599999982, -25.497552900000017, 0.0 ], [ -52.573341500000026, -25.497672500000022, 0.0 ], [ -52.5735813, -25.4978926, 0.0 ], [ -52.573741900000016, -25.498066, 0.0 ], [ -52.5739777, -25.4982829, 0.0 ], [ -52.574327700000026, -25.498544400000014, 0.0 ], [ -52.574545899999976, -25.4986788, 0.0 ], [ -52.5747, -25.498760100000027, 0.0 ], [ -52.5750519, -25.498879100000011, 0.0 ], [ -52.5753097, -25.498923100000013, 0.0 ], [ -52.5755309, -25.498908700000015, 0.0 ], [ -52.575652600000012, -25.498885299999984, 0.0 ], [ -52.5758262, -25.498810900000024, 0.0 ], [ -52.576005399999985, -25.498709799999972, 0.0 ], [ -52.576205500000015, -25.4985514, 0.0 ], [ -52.576400200000023, -25.498364, 0.0 ], [ -52.576584, -25.498174100000028, 0.0 ], [ -52.576728399999979, -25.4979849, 0.0 ], [ -52.576883800000019, -25.4977197, 0.0 ], [ -52.577048900000023, -25.4975053, 0.0 ], [ -52.57715730000001, -25.497344, 0.0 ], [ -52.577279499999975, -25.49709660000002, 0.0 ], [ -52.577377599999977, -25.496798899999987, 0.0 ], [ -52.57739650000002, -25.496499200000017, 0.0 ], [ -52.5773302, -25.49621, 0.0 ], [ -52.577211, -25.4958251, 0.0 ], [ -52.577149799999972, -25.495424899999989, 0.0 ], [ -52.577066899999977, -25.494972299999972, 0.0 ], [ -52.577039800000023, -25.494681800000023, 0.0 ], [ -52.577001100000018, -25.494386799999972, 0.0 ], [ -52.576956100000018, -25.4941672, 0.0 ], [ -52.576931300000012, -25.4940439, 0.0 ], [ -52.576905300000021, -25.493792, 0.0 ], [ -52.5768928, -25.4934528, 0.0 ], [ -52.576901, -25.493194500000016, 0.0 ], [ -52.576975899999979, -25.4929816, 0.0 ], [ -52.57703170000002, -25.492825900000014, 0.0 ], [ -52.5771052, -25.492722500000013, 0.0 ], [ -52.577232200000026, -25.492606200000012, 0.0 ], [ -52.5773585, -25.492524800000012, 0.0 ], [ -52.577492899999982, -25.4925576, 0.0 ], [ -52.577697, -25.492609800000025, 0.0 ], [ -52.5780193, -25.492636600000026, 0.0 ], [ -52.5782491, -25.492651299999977, 0.0 ], [ -52.57839610000002, -25.4926534, 0.0 ], [ -52.578597300000013, -25.492662, 0.0 ], [ -52.5787694, -25.4926618, 0.0 ], [ -52.578972599999986, -25.492671, 0.0 ], [ -52.579181300000016, -25.492699800000025, 0.0 ], [ -52.579365600000017, -25.4927348, 0.0 ], [ -52.5795647, -25.492793099999972, 0.0 ], [ -52.579773499999988, -25.492854099999988, 0.0 ], [ -52.5799573, -25.4929062, 0.0 ], [ -52.5801892, -25.4929689, 0.0 ], [ -52.580432, -25.493020699999988, 0.0 ], [ -52.580651400000022, -25.493067699999983, 0.0 ], [ -52.580848300000014, -25.493102099999987, 0.0 ], [ -52.581020200000012, -25.4931305, 0.0 ], [ -52.581198700000016, -25.4931628, 0.0 ], [ -52.581526399999973, -25.4932197, 0.0 ], [ -52.581788599999982, -25.4932733, 0.0 ], [ -52.581991, -25.493337699999984, 0.0 ], [ -52.582161499999984, -25.493458299999986, 0.0 ], [ -52.582382100000018, -25.493603099999973, 0.0 ], [ -52.582540900000026, -25.4937726, 0.0 ], [ -52.582615200000021, -25.4939023, 0.0 ], [ -52.5828153, -25.49418780000002, 0.0 ], [ -52.582979, -25.4944334, 0.0 ], [ -52.583052599999974, -25.494565299999977, 0.0 ], [ -52.583081100000015, -25.494656500000019, 0.0 ], [ -52.583135700000014, -25.4947727, 0.0 ], [ -52.583117, -25.494906, 0.0 ], [ -52.583099, -25.495031499999982, 0.0 ], [ -52.583025, -25.495194700000013, 0.0 ], [ -52.5828889, -25.4955238, 0.0 ], [ -52.582796700000017, -25.495849799999974, 0.0 ], [ -52.582768499999986, -25.4959842, 0.0 ], [ -52.582632, -25.496232500000019, 0.0 ], [ -52.582611400000019, -25.4963194, 0.0 ], [ -52.582548700000018, -25.4964453, 0.0 ], [ -52.5825082, -25.496526800000026, 0.0 ], [ -52.5824427, -25.4966222, 0.0 ], [ -52.582400099999973, -25.496709899999985, 0.0 ], [ -52.5823709, -25.496777300000019, 0.0 ], [ -52.582282500000019, -25.496967499999982, 0.0 ], [ -52.5821499, -25.497194200000024, 0.0 ], [ -52.582053, -25.4974163, 0.0 ], [ -52.5819644, -25.4976102, 0.0 ], [ -52.581865, -25.497818699999982, 0.0 ], [ -52.5817836, -25.498028, 0.0 ], [ -52.581603799999982, -25.4983709, 0.0 ], [ -52.581549, -25.4985335, 0.0 ], [ -52.5815796, -25.498692800000015, 0.0 ], [ -52.581736200000023, -25.49885, 0.0 ], [ -52.5816739, -25.498919199999989, 0.0 ], [ -52.5814949, -25.498924400000021, 0.0 ], [ -52.581322, -25.4989943, 0.0 ], [ -52.5810758, -25.4992049, 0.0 ], [ -52.580941, -25.499381500000027, 0.0 ], [ -52.5808341, -25.49956880000002, 0.0 ], [ -52.580664800000022, -25.499723800000027, 0.0 ], [ -52.5805575, -25.499861099999976, 0.0 ], [ -52.5805019, -25.4999932, 0.0 ], [ -52.580267900000024, -25.500136600000019, 0.0 ], [ -52.580112699999972, -25.5003044, 0.0 ], [ -52.579981299999986, -25.500477199999978, 0.0 ], [ -52.579838900000027, -25.500609899999972, 0.0 ], [ -52.579756799999984, -25.500727199999972, 0.0 ], [ -52.579652, -25.500797700000021, 0.0 ], [ -52.579523199999983, -25.500933499999974, 0.0 ], [ -52.579447800000025, -25.501102, 0.0 ], [ -52.5792798, -25.501234300000021, 0.0 ], [ -52.579172, -25.5013909, 0.0 ], [ -52.579078700000025, -25.501545099999987, 0.0 ], [ -52.5787595, -25.501765200000023, 0.0 ], [ -52.5785947, -25.50196, 0.0 ], [ -52.578449200000023, -25.502181800000017, 0.0 ], [ -52.578336, -25.502418, 0.0 ], [ -52.57824260000001, -25.5026451, 0.0 ], [ -52.578113, -25.502840100000014, 0.0 ], [ -52.5780087, -25.503039899999976, 0.0 ], [ -52.5778317, -25.503258, 0.0 ], [ -52.577714599999979, -25.503404100000012, 0.0 ], [ -52.577516600000024, -25.5035977, 0.0 ], [ -52.5774596, -25.503674400000023, 0.0 ], [ -52.5772705, -25.503877499999987, 0.0 ], [ -52.5771588, -25.504, 0.0 ], [ -52.5770056, -25.504141899999979, 0.0 ], [ -52.576786799999979, -25.5042745, 0.0 ], [ -52.5766013, -25.504381799999976, 0.0 ], [ -52.576467200000025, -25.504448799999977, 0.0 ], [ -52.576294, -25.50456, 0.0 ], [ -52.576201, -25.5045938, 0.0 ], [ -52.576026, -25.5046509, 0.0 ], [ -52.575859799999989, -25.5046964, 0.0 ], [ -52.5757954, -25.5047141, 0.0 ], [ -52.575424, -25.5049932, 0.0 ], [ -52.575404400000025, -25.505002199999979, 0.0 ], [ -52.575264, -25.5050673, 0.0 ], [ -52.575041, -25.5051545, 0.0 ], [ -52.574808, -25.5052197, 0.0 ], [ -52.574537799999973, -25.5050827, 0.0 ], [ -52.574173799999983, -25.505125099999987, 0.0 ], [ -52.5742083, -25.505300499999976, 0.0 ], [ -52.574156800000026, -25.505461299999979, 0.0 ], [ -52.574093300000015, -25.505712800000026, 0.0 ], [ -52.5741102, -25.505889500000023, 0.0 ], [ -52.574339399999985, -25.506055, 0.0 ], [ -52.5745781, -25.5060656, 0.0 ], [ -52.5747806, -25.506155400000011, 0.0 ], [ -52.5749065, -25.5064071, 0.0 ], [ -52.574950600000022, -25.5066678, 0.0 ], [ -52.5750003, -25.5070005, 0.0 ], [ -52.575023199999976, -25.507380399999988, 0.0 ], [ -52.5748643, -25.507120499999985, 0.0 ], [ -52.574652, -25.506744200000014, 0.0 ], [ -52.574561599999981, -25.506563200000016, 0.0 ], [ -52.574300100000016, -25.506553199999985, 0.0 ], [ -52.5740106, -25.5065156, 0.0 ], [ -52.573734800000011, -25.506406500000026, 0.0 ], [ -52.573447699999974, -25.50616930000001, 0.0 ], [ -52.573186, -25.5058275, 0.0 ], [ -52.572942899999987, -25.505592400000012, 0.0 ], [ -52.57271609999998, -25.5054437, 0.0 ], [ -52.572437400000013, -25.505320900000015, 0.0 ], [ -52.572095499999989, -25.505386699999974, 0.0 ], [ -52.571734900000024, -25.5054783, 0.0 ], [ -52.571496299999978, -25.5055266, 0.0 ], [ -52.5712835, -25.5055357, 0.0 ], [ -52.571125699999982, -25.505693399999984, 0.0 ], [ -52.5707974, -25.505875399999979, 0.0 ], [ -52.5700023, -25.506279600000028, 0.0 ], [ -52.569086299999981, -25.506740400000012, 0.0 ], [ -52.568623, -25.5069188, 0.0 ], [ -52.568250400000011, -25.50711050000001, 0.0 ], [ -52.5681141, -25.50708, 0.0 ], [ -52.5676487, -25.507191299999988, 0.0 ], [ -52.567078900000013, -25.507339, 0.0 ], [ -52.566450700000019, -25.507414400000016, 0.0 ], [ -52.5658211, -25.5075405, 0.0 ], [ -52.5655458, -25.507720099999972, 0.0 ], [ -52.565271, -25.508085400000027, 0.0 ], [ -52.565111699999989, -25.508545200000015, 0.0 ], [ -52.565032299999984, -25.5090295, 0.0 ], [ -52.5650953, -25.5093764, 0.0 ], [ -52.565271600000017, -25.509599200000025, 0.0 ], [ -52.565415299999984, -25.509877, 0.0 ], [ -52.5654945, -25.510178399999972, 0.0 ], [ -52.565507700000012, -25.5105175, 0.0 ], [ -52.5655769, -25.51087, 0.0 ], [ -52.565739899999983, -25.511165300000016, 0.0 ], [ -52.565835600000014, -25.511397400000021, 0.0 ], [ -52.565909499999975, -25.511646499999983, 0.0 ], [ -52.566008, -25.511679300000026, 0.0 ], [ -52.5661106, -25.511713499999985, 0.0 ], [ -52.5662522, -25.5116188, 0.0 ], [ -52.566409799999974, -25.511441499999989, 0.0 ], [ -52.5666046, -25.511317, 0.0 ], [ -52.566646, -25.511049500000013, 0.0 ], [ -52.566570800000022, -25.5108282, 0.0 ], [ -52.566588299999978, -25.510609100000011, 0.0 ], [ -52.566790200000014, -25.510548799999981, 0.0 ], [ -52.567098499999986, -25.5105595, 0.0 ], [ -52.567396299999984, -25.51060339999998, 0.0 ], [ -52.56784829999998, -25.51035250000001, 0.0 ], [ -52.5682476, -25.510174300000017, 0.0 ], [ -52.5685954, -25.510037599999976, 0.0 ], [ -52.568878199999972, -25.509946599999978, 0.0 ], [ -52.569156, -25.509909199999981, 0.0 ], [ -52.569532200000026, -25.509866100000011, 0.0 ], [ -52.569889499999988, -25.5098241, 0.0 ], [ -52.5703423, -25.5098347, 0.0 ], [ -52.570804899999985, -25.5098759, 0.0 ], [ -52.5711796, -25.5099965, 0.0 ], [ -52.57147470000001, -25.51017539999998, 0.0 ], [ -52.571860099999981, -25.5103964, 0.0 ], [ -52.5722629, -25.5107443, 0.0 ], [ -52.572538800000018, -25.5110244, 0.0 ], [ -52.572916099999986, -25.511377, 0.0 ], [ -52.5731002, -25.511690499999986, 0.0 ], [ -52.57346339999998, -25.5123259, 0.0 ], [ -52.573937399999977, -25.5128722, 0.0 ], [ -52.574306799999988, -25.513323899999989, 0.0 ], [ -52.57463580000001, -25.513665300000014, 0.0 ], [ -52.574765500000012, -25.513849900000025, 0.0 ], [ -52.57479619999998, -25.5140391, 0.0 ], [ -52.574752499999988, -25.514299199999982, 0.0 ], [ -52.57480750000002, -25.5144742, 0.0 ], [ -52.574987299999975, -25.514721800000018, 0.0 ], [ -52.575245600000017, -25.5152329, 0.0 ], [ -52.575479, -25.515627400000028, 0.0 ], [ -52.5757104, -25.51614840000002, 0.0 ], [ -52.576024500000017, -25.51656220000001, 0.0 ], [ -52.5763086, -25.516873799999985, 0.0 ], [ -52.576570899999979, -25.5172129, 0.0 ], [ -52.576844199999982, -25.517494399999975, 0.0 ], [ -52.577174300000024, -25.5177549, 0.0 ], [ -52.5774882, -25.517842200000018, 0.0 ], [ -52.57789, -25.5178737, 0.0 ], [ -52.57814209999998, -25.5177946, 0.0 ], [ -52.5785171, -25.517677100000014, 0.0 ], [ -52.578851900000018, -25.5175767, 0.0 ], [ -52.579189, -25.517437299999983, 0.0 ], [ -52.5794227, -25.517385100000013, 0.0 ], [ -52.579773699999976, -25.517354300000022, 0.0 ], [ -52.580273299999988, -25.517205100000012, 0.0 ], [ -52.5807812, -25.517041399999982, 0.0 ], [ -52.5811731, -25.5169381, 0.0 ], [ -52.581475599999976, -25.516888199999983, 0.0 ], [ -52.581254899999976, -25.517005400000016, 0.0 ], [ -52.5809322, -25.5171388, 0.0 ], [ -52.580687399999988, -25.517317, 0.0 ], [ -52.580669899999975, -25.517567199999974, 0.0 ], [ -52.5806695, -25.5176657, 0.0 ], [ -52.580339200000026, -25.5177486, 0.0 ], [ -52.579986299999973, -25.517886799999985, 0.0 ], [ -52.5797136, -25.5180484, 0.0 ], [ -52.5795266, -25.518285, 0.0 ], [ -52.5792803, -25.518551600000023, 0.0 ], [ -52.5790685, -25.518703599999981, 0.0 ], [ -52.578835500000025, -25.5188506, 0.0 ], [ -52.5787482, -25.5190164, 0.0 ], [ -52.578730399999984, -25.519218599999988, 0.0 ], [ -52.5789052, -25.519406100000026, 0.0 ], [ -52.5792085, -25.519511299999976, 0.0 ], [ -52.579497600000025, -25.5196234, 0.0 ], [ -52.57972460000002, -25.5197225, 0.0 ], [ -52.579836899999975, -25.519883199999981, 0.0 ], [ -52.5798178, -25.520118299999979, 0.0 ], [ -52.5798322, -25.5203727, 0.0 ], [ -52.580002799999988, -25.520654400000012, 0.0 ], [ -52.580220199999985, -25.520918699999982, 0.0 ], [ -52.580421600000022, -25.5212353, 0.0 ], [ -52.5805838, -25.521737499999972, 0.0 ], [ -52.580889099999979, -25.522079500000018, 0.0 ], [ -52.5812874, -25.522320499999978, 0.0 ], [ -52.5816696, -25.522562600000015, 0.0 ], [ -52.581900800000028, -25.52275659999998, 0.0 ], [ -52.581653800000026, -25.522828600000025, 0.0 ], [ -52.581404, -25.522854400000028, 0.0 ], [ -52.581127900000013, -25.522887, 0.0 ], [ -52.5810169, -25.523123399999974, 0.0 ], [ -52.580871800000011, -25.523637899999983, 0.0 ], [ -52.580667, -25.524137600000017, 0.0 ], [ -52.58049410000001, -25.524403600000028, 0.0 ], [ -52.5802117, -25.524695, 0.0 ], [ -52.579915299999982, -25.524880199999984, 0.0 ], [ -52.5794993, -25.525109499999985, 0.0 ], [ -52.579182899999978, -25.525354100000015, 0.0 ], [ -52.578796800000021, -25.525640599999974, 0.0 ], [ -52.578705800000023, -25.525823800000012, 0.0 ], [ -52.5788147, -25.526023800000019, 0.0 ], [ -52.579027399999973, -25.526223, 0.0 ], [ -52.579209100000014, -25.526441, 0.0 ], [ -52.57932, -25.5266565, 0.0 ], [ -52.579188400000021, -25.526756299999988, 0.0 ], [ -52.5791165, -25.526926300000014, 0.0 ], [ -52.579159100000027, -25.52715139999998, 0.0 ], [ -52.579360099999974, -25.527327800000023, 0.0 ], [ -52.579585399999985, -25.5273573, 0.0 ], [ -52.579982500000028, -25.527662500000019, 0.0 ], [ -52.5802986, -25.527958, 0.0 ], [ -52.5807307, -25.528184099999976, 0.0 ], [ -52.580897100000016, -25.528323699999987, 0.0 ], [ -52.580587499999979, -25.52829220000001, 0.0 ], [ -52.5802311, -25.52822279999998, 0.0 ], [ -52.5798656, -25.528197, 0.0 ], [ -52.579472, -25.528150400000015, 0.0 ], [ -52.579115600000023, -25.528150200000027, 0.0 ], [ -52.579028900000026, -25.5281501, 0.0 ], [ -52.578442199999984, -25.528046, 0.0 ], [ -52.577918300000022, -25.528005899999982, 0.0 ], [ -52.5776239, -25.528037900000015, 0.0 ], [ -52.577378099999976, -25.527989100000013, 0.0 ], [ -52.577159100000017, -25.527972700000021, 0.0 ], [ -52.576788, -25.528058900000019, 0.0 ], [ -52.5766486, -25.528241700000024, 0.0 ], [ -52.576458399999979, -25.528319099999976, 0.0 ], [ -52.5760735, -25.5283564, 0.0 ], [ -52.575849100000028, -25.528464400000018, 0.0 ], [ -52.575544, -25.5284095, 0.0 ], [ -52.57524189999998, -25.528385300000025, 0.0 ], [ -52.574785, -25.5285012, 0.0 ], [ -52.574373799999989, -25.5285164, 0.0 ], [ -52.57381479999998, -25.5283197, 0.0 ], [ -52.5731351, -25.527918199999988, 0.0 ], [ -52.572579500000018, -25.527489600000024, 0.0 ], [ -52.572420099999988, -25.527134900000021, 0.0 ], [ -52.572316899999976, -25.526835100000028, 0.0 ], [ -52.5720789, -25.526683699999978, 0.0 ], [ -52.5719484, -25.52683810000002, 0.0 ], [ -52.5718716, -25.5271222, 0.0 ], [ -52.5715978, -25.527624399999979, 0.0 ], [ -52.571633299999974, -25.528337099999987, 0.0 ], [ -52.5718905, -25.529137900000023, 0.0 ], [ -52.5721557, -25.5295309, 0.0 ], [ -52.572323200000028, -25.529936099999986, 0.0 ], [ -52.5723787, -25.53028089999998, 0.0 ], [ -52.57273090000001, -25.530913399999974, 0.0 ], [ -52.5727392, -25.5314899, 0.0 ], [ -52.572638400000017, -25.532154699999978, 0.0 ], [ -52.572693099999981, -25.532832199999973, 0.0 ], [ -52.573169399999983, -25.533197700000017, 0.0 ], [ -52.5733108, -25.533355299999982, 0.0 ], [ -52.573761400000024, -25.533543599999973, 0.0 ], [ -52.574152, -25.533645299999989, 0.0 ], [ -52.5745384, -25.5339143, 0.0 ], [ -52.574660900000026, -25.53401359999998, 0.0 ], [ -52.574365, -25.534036599999979, 0.0 ], [ -52.5740902, -25.534124299999974, 0.0 ], [ -52.573952, -25.5343297, 0.0 ], [ -52.573923799999989, -25.534507500000018, 0.0 ], [ -52.573759699999982, -25.5344007, 0.0 ], [ -52.573583900000017, -25.534314100000017, 0.0 ], [ -52.573319700000013, -25.5342781, 0.0 ], [ -52.573080100000027, -25.534317, 0.0 ], [ -52.5728985, -25.534533300000021, 0.0 ], [ -52.5727336, -25.5348616, 0.0 ], [ -52.572633399999972, -25.535231599999975, 0.0 ], [ -52.572611600000016, -25.535560499999974, 0.0 ], [ -52.572685499999977, -25.535939499999984, 0.0 ], [ -52.572842499999979, -25.536211700000024, 0.0 ], [ -52.5730567, -25.536534099999983, 0.0 ], [ -52.573184, -25.536773, 0.0 ], [ -52.573183299999982, -25.5369715, 0.0 ], [ -52.5731796, -25.53723530000002, 0.0 ], [ -52.5733338, -25.537458500000014, 0.0 ], [ -52.573567299999979, -25.5377198, 0.0 ], [ -52.5738035, -25.538012400000014, 0.0 ], [ -52.5740116, -25.5382942, 0.0 ], [ -52.574246099999982, -25.538522600000022, 0.0 ], [ -52.574476100000027, -25.5387983, 0.0 ], [ -52.574690799999985, -25.539022, 0.0 ], [ -52.57486369999998, -25.539192899999989, 0.0 ], [ -52.575072, -25.5392872, 0.0 ], [ -52.5752283, -25.5393416, 0.0 ], [ -52.575339, -25.539259, 0.0 ], [ -52.5753368, -25.5391391, 0.0 ], [ -52.5753868, -25.539102899999989, 0.0 ], [ -52.575456200000019, -25.5391629, 0.0 ], [ -52.575535699999989, -25.539276, 0.0 ], [ -52.57574649999998, -25.539460299999973, 0.0 ], [ -52.575896, -25.539576899999986, 0.0 ], [ -52.576208, -25.5397178, 0.0 ], [ -52.576486199999977, -25.539811400000019, 0.0 ], [ -52.5767649, -25.5399663, 0.0 ], [ -52.577004699999975, -25.54011220000001, 0.0 ], [ -52.5773054, -25.540323300000011, 0.0 ], [ -52.577565100000015, -25.540512499999977, 0.0 ], [ -52.57782850000001, -25.540593399999977, 0.0 ], [ -52.578005599999983, -25.5406362, 0.0 ], [ -52.57819139999998, -25.540657399999986, 0.0 ], [ -52.578348600000027, -25.5406774, 0.0 ], [ -52.5784524, -25.540688, 0.0 ], [ -52.578534699999977, -25.540791099999979, 0.0 ], [ -52.5786516, -25.540932899999973, 0.0 ], [ -52.578839599999981, -25.541085399999986, 0.0 ], [ -52.579115899999977, -25.5412407, 0.0 ], [ -52.5794586, -25.541335100000026, 0.0 ], [ -52.579749100000015, -25.54145920000002, 0.0 ], [ -52.5799407, -25.5416373, 0.0 ], [ -52.580135900000016, -25.541762, 0.0 ], [ -52.5804498, -25.541857199999981, 0.0 ], [ -52.5806392, -25.541942399999982, 0.0 ], [ -52.5808791, -25.5420656, 0.0 ], [ -52.581128799999988, -25.5421895, 0.0 ], [ -52.581431899999984, -25.542329900000027, 0.0 ], [ -52.581799499999988, -25.5424582, 0.0 ], [ -52.582036, -25.542547300000024, 0.0 ], [ -52.582054299999982, -25.542557699999975, 0.0 ], [ -52.582200600000021, -25.54264139999998, 0.0 ], [ -52.5824424, -25.542789700000014, 0.0 ], [ -52.58270060000001, -25.542951800000026, 0.0 ], [ -52.582942300000013, -25.543102499999975, 0.0 ], [ -52.5831751, -25.543254100000013, 0.0 ], [ -52.583340299999975, -25.5433483, 0.0 ], [ -52.583584299999984, -25.543466299999977, 0.0 ], [ -52.5838425, -25.5435321, 0.0 ], [ -52.5840816, -25.543527, 0.0 ], [ -52.584273199999984, -25.54354330000001, 0.0 ], [ -52.584453, -25.543612399999972, 0.0 ], [ -52.584621500000026, -25.543718800000022, 0.0 ], [ -52.584900399999981, -25.5437743, 0.0 ], [ -52.5851614, -25.543829599999981, 0.0 ], [ -52.5854238, -25.5438868, 0.0 ], [ -52.5856675, -25.54395169999998, 0.0 ], [ -52.585849, -25.5440228, 0.0 ], [ -52.586132799999973, -25.544126899999981, 0.0 ], [ -52.5862613, -25.5442579, 0.0 ], [ -52.586466799999982, -25.544458799999973, 0.0 ], [ -52.5867144, -25.544683799999973, 0.0 ], [ -52.586857899999984, -25.5448399, 0.0 ], [ -52.5869636, -25.545087, 0.0 ], [ -52.586995300000012, -25.5453243, 0.0 ], [ -52.5872013, -25.545488200000023, 0.0 ], [ -52.587417300000027, -25.545611599999972, 0.0 ], [ -52.587806199999989, -25.545679800000016, 0.0 ], [ -52.588223700000015, -25.545679800000016, 0.0 ], [ -52.588523, -25.545677500000011, 0.0 ], [ -52.588875299999984, -25.5458132, 0.0 ], [ -52.589369799999986, -25.545930699999985, 0.0 ], [ -52.5893787, -25.5459305, 0.0 ], [ -52.5898249, -25.545984799999985, 0.0 ], [ -52.5902415, -25.545951300000013, 0.0 ], [ -52.5906407, -25.545786299999975, 0.0 ], [ -52.590942400000017, -25.5456426, 0.0 ], [ -52.591265, -25.545558500000027, 0.0 ], [ -52.591679100000022, -25.545530400000018, 0.0 ], [ -52.592015, -25.5454959, 0.0 ], [ -52.5923072, -25.5453293, 0.0 ], [ -52.592456500000026, -25.54501620000002, 0.0 ], [ -52.5924513, -25.5446076, 0.0 ], [ -52.5924068, -25.544167500000015, 0.0 ], [ -52.592340200000024, -25.5438979, 0.0 ], [ -52.5923244, -25.543365199999982, 0.0 ], [ -52.592357900000025, -25.543121499999984, 0.0 ], [ -52.592251, -25.54283049999998, 0.0 ], [ -52.592118299999981, -25.542516799999987, 0.0 ], [ -52.591934499999979, -25.542281800000012, 0.0 ], [ -52.591686200000026, -25.542035, 0.0 ], [ -52.5914651, -25.5418214, 0.0 ], [ -52.591218700000013, -25.541644099999985, 0.0 ], [ -52.590974, -25.541617499999973, 0.0 ], [ -52.590620100000024, -25.541627300000016, 0.0 ], [ -52.5902451, -25.541686, 0.0 ], [ -52.5897958, -25.5417253, 0.0 ], [ -52.5893127, -25.541737800000021, 0.0 ], [ -52.589000199999987, -25.541744100000017, 0.0 ], [ -52.588815099999977, -25.541673800000012, 0.0 ], [ -52.588537200000019, -25.541494300000011, 0.0 ], [ -52.588334499999974, -25.541376599999978, 0.0 ], [ -52.588228599999979, -25.541383399999972, 0.0 ], [ -52.588079600000015, -25.5414915, 0.0 ], [ -52.5878803, -25.541562100000021, 0.0 ], [ -52.5876101, -25.5416174, 0.0 ], [ -52.587317400000018, -25.541587, 0.0 ], [ -52.5870572, -25.541488099999981, 0.0 ], [ -52.58681630000001, -25.541237799999976, 0.0 ], [ -52.586586800000021, -25.540852200000018, 0.0 ], [ -52.5864128, -25.540413899999976, 0.0 ], [ -52.586363600000027, -25.540193400000021, 0.0 ], [ -52.586351, -25.5399516, 0.0 ], [ -52.586364899999978, -25.539724, 0.0 ], [ -52.586324100000013, -25.5395251, 0.0 ], [ -52.586402, -25.539437299999975, 0.0 ], [ -52.586422200000015, -25.539324099999988, 0.0 ], [ -52.586258199999975, -25.5390706, 0.0 ], [ -52.586152799999979, -25.538778200000024, 0.0 ], [ -52.5861615, -25.5386335, 0.0 ], [ -52.586182300000019, -25.538412699999981, 0.0 ], [ -52.5862692, -25.5382404, 0.0 ], [ -52.586365199999989, -25.538072199999988, 0.0 ], [ -52.586329700000022, -25.53786980000001, 0.0 ], [ -52.5861246, -25.537650199999973, 0.0 ], [ -52.585817500000019, -25.537444900000025, 0.0 ], [ -52.5854109, -25.5372504, 0.0 ], [ -52.585100800000021, -25.5370671, 0.0 ], [ -52.58501990000002, -25.536850099999981, 0.0 ], [ -52.585020499999985, -25.536687700000016, 0.0 ], [ -52.58498179999998, -25.5366184, 0.0 ], [ -52.584899800000017, -25.5366075, 0.0 ], [ -52.584794499999987, -25.536553799999979, 0.0 ], [ -52.584885400000019, -25.536502700000028, 0.0 ], [ -52.585040400000025, -25.5365418, 0.0 ], [ -52.585178199999973, -25.536533, 0.0 ], [ -52.585263199999986, -25.5364722, 0.0 ], [ -52.5853654, -25.5363319, 0.0 ], [ -52.585455700000011, -25.536283, 0.0 ], [ -52.585462800000016, -25.5363504, 0.0 ], [ -52.585393099999976, -25.536487, 0.0 ], [ -52.585428900000011, -25.536569499999985, 0.0 ], [ -52.5855957, -25.536731, 0.0 ], [ -52.585851, -25.5368441, 0.0 ], [ -52.5860629, -25.536902899999973, 0.0 ], [ -52.586283200000025, -25.5369996, 0.0 ], [ -52.5865432, -25.537243499999988, 0.0 ], [ -52.586772399999973, -25.537490199999979, 0.0 ], [ -52.5869609, -25.537759699999981, 0.0 ], [ -52.587065, -25.5378915, 0.0 ], [ -52.58711790000001, -25.537996, 0.0 ], [ -52.5870837, -25.5381054, 0.0 ], [ -52.5869755, -25.538297399999976, 0.0 ], [ -52.586968300000024, -25.5385445, 0.0 ], [ -52.586993399999983, -25.5387194, 0.0 ], [ -52.5871396, -25.5388383, 0.0 ], [ -52.5873087, -25.539032799999973, 0.0 ], [ -52.587452499999984, -25.5392372, 0.0 ], [ -52.587523, -25.539425699999981, 0.0 ], [ -52.5875345, -25.539561600000013, 0.0 ], [ -52.587465099999974, -25.539738600000021, 0.0 ], [ -52.587374099999977, -25.539931599999989, 0.0 ], [ -52.587330899999984, -25.540129799999988, 0.0 ], [ -52.587387, -25.540303400000028, 0.0 ], [ -52.5874966, -25.540382500000021, 0.0 ], [ -52.587809199999981, -25.540407300000027, 0.0 ], [ -52.5881463, -25.540331499999979, 0.0 ], [ -52.588369699999987, -25.5402919, 0.0 ], [ -52.588525, -25.5403713, 0.0 ], [ -52.588754600000016, -25.5405, 0.0 ], [ -52.5890053, -25.5406006, 0.0 ], [ -52.589323900000011, -25.540651, 0.0 ], [ -52.5895926, -25.5405945, 0.0 ], [ -52.589806300000021, -25.5405113, 0.0 ], [ -52.590084499999989, -25.540528199999983, 0.0 ], [ -52.59033, -25.540469499999972, 0.0 ], [ -52.590589500000021, -25.5403996, 0.0 ], [ -52.590732800000012, -25.540276600000027, 0.0 ], [ -52.590718400000014, -25.540152499999976, 0.0 ], [ -52.5908066, -25.5400919, 0.0 ], [ -52.5910437, -25.5401781, 0.0 ], [ -52.591267300000027, -25.540146100000015, 0.0 ], [ -52.591471099999978, -25.54010790000001, 0.0 ], [ -52.591676300000017, -25.5399923, 0.0 ], [ -52.5918658, -25.539738100000022, 0.0 ], [ -52.592061399999977, -25.539437, 0.0 ], [ -52.5921844, -25.539202699999976, 0.0 ], [ -52.592347599999982, -25.5390031, 0.0 ], [ -52.592532899999981, -25.5387915, 0.0 ], [ -52.592820099999983, -25.538552400000015, 0.0 ], [ -52.593217400000015, -25.538363800000013, 0.0 ], [ -52.593503399999975, -25.538252899999975, 0.0 ], [ -52.593682699999988, -25.5380768, 0.0 ], [ -52.59393590000002, -25.5379671, 0.0 ], [ -52.5941881, -25.5377335, 0.0 ], [ -52.5947228, -25.5374476, 0.0 ], [ -52.5950105, -25.5372413, 0.0 ], [ -52.59518079999998, -25.5370423, 0.0 ], [ -52.5951806, -25.536812, 0.0 ], [ -52.594917399999986, -25.536505799999986, 0.0 ], [ -52.5946371, -25.5362275, 0.0 ], [ -52.594379899999979, -25.535817899999984, 0.0 ], [ -52.5945964, -25.535881800000027, 0.0 ], [ -52.594783, -25.535931100000028, 0.0 ], [ -52.5950201, -25.53606480000002, 0.0 ], [ -52.595403200000021, -25.536155599999972, 0.0 ], [ -52.595825199999979, -25.536236499999973, 0.0 ], [ -52.5961299, -25.536257700000021, 0.0 ], [ -52.5964093, -25.5362096, 0.0 ], [ -52.5965862, -25.536102, 0.0 ], [ -52.596728700000028, -25.535844699999984, 0.0 ], [ -52.5968646, -25.5356956, 0.0 ], [ -52.597130100000015, -25.53565930000002, 0.0 ], [ -52.597476, -25.535696200000018, 0.0 ], [ -52.5978356, -25.535699500000021, 0.0 ], [ -52.5981531, -25.5356051, 0.0 ], [ -52.5986499, -25.535356, 0.0 ], [ -52.5989849, -25.535167800000011, 0.0 ], [ -52.5992329, -25.534846300000027, 0.0 ], [ -52.5995084, -25.534494600000016, 0.0 ], [ -52.5997951, -25.5341497, 0.0 ], [ -52.599942699999986, -25.5338382, 0.0 ], [ -52.599960300000021, -25.53363330000002, 0.0 ], [ -52.600202700000011, -25.533450599999981, 0.0 ], [ -52.600466700000027, -25.5332851, 0.0 ], [ -52.600781900000015, -25.533127200000024, 0.0 ], [ -52.601080700000011, -25.5329289, 0.0 ], [ -52.601269, -25.532704099999989, 0.0 ], [ -52.601321, -25.532614799999976, 0.0 ], [ -52.6013701, -25.532686500000011, 0.0 ], [ -52.601344900000015, -25.532860200000016, 0.0 ], [ -52.601456499999983, -25.532880499999976, 0.0 ], [ -52.6016052, -25.532787900000017, 0.0 ], [ -52.601840700000025, -25.532755099999974, 0.0 ], [ -52.6020373, -25.5327651, 0.0 ], [ -52.602219100000013, -25.532826, 0.0 ], [ -52.602058600000021, -25.5328333, 0.0 ], [ -52.601871599999981, -25.532844, 0.0 ], [ -52.601667299999974, -25.532955300000026, 0.0 ], [ -52.6014659, -25.533163, 0.0 ], [ -52.601324499999976, -25.533311200000014, 0.0 ], [ -52.601199800000018, -25.5334603, 0.0 ], [ -52.601028699999972, -25.53358609999998, 0.0 ], [ -52.600808299999983, -25.53361510000002, 0.0 ], [ -52.600526100000025, -25.533755900000017, 0.0 ], [ -52.600433800000019, -25.5339214, 0.0 ], [ -52.600297, -25.5342779, 0.0 ], [ -52.600036199999977, -25.534714, 0.0 ], [ -52.599885799999981, -25.53496389999998, 0.0 ], [ -52.59974219999998, -25.535163099999977, 0.0 ], [ -52.5995919, -25.5353867, 0.0 ], [ -52.5994303, -25.535608500000023, 0.0 ], [ -52.599259, -25.535715900000014, 0.0 ], [ -52.599106300000017, -25.5357821, 0.0 ], [ -52.598972, -25.5359368, 0.0 ], [ -52.5988003, -25.536078799999984, 0.0 ], [ -52.598736299999985, -25.536210900000015, 0.0 ], [ -52.5987384, -25.5363883, 0.0 ], [ -52.598721300000022, -25.536503700000026, 0.0 ], [ -52.598649799999976, -25.536567, 0.0 ], [ -52.598466, -25.536610699999983, 0.0 ], [ -52.59829689999998, -25.536753200000021, 0.0 ], [ -52.5981787, -25.536898300000018, 0.0 ], [ -52.5979903, -25.5370077, 0.0 ], [ -52.597858499999973, -25.5370949, 0.0 ], [ -52.5978106, -25.537205700000015, 0.0 ], [ -52.597820500000012, -25.537369899999987, 0.0 ], [ -52.598019799999975, -25.537546299999974, 0.0 ], [ -52.598206, -25.5377097, 0.0 ], [ -52.5982874, -25.537889399999983, 0.0 ], [ -52.598430099999973, -25.538043500000015, 0.0 ], [ -52.598521800000015, -25.538181399999985, 0.0 ], [ -52.598306900000011, -25.538201300000026, 0.0 ], [ -52.5981456, -25.538296600000024, 0.0 ], [ -52.5980467, -25.5382376, 0.0 ], [ -52.597909099999981, -25.538159300000018, 0.0 ], [ -52.597604900000022, -25.5379663, 0.0 ], [ -52.597218199999986, -25.537789, 0.0 ], [ -52.5969134, -25.5377145, 0.0 ], [ -52.596712200000013, -25.537702700000011, 0.0 ], [ -52.596348299999988, -25.5378083, 0.0 ], [ -52.596093199999984, -25.537916, 0.0 ], [ -52.5957965, -25.5380391, 0.0 ], [ -52.595560700000021, -25.538254600000016, 0.0 ], [ -52.595329199999981, -25.538346699999977, 0.0 ], [ -52.5951318, -25.5385035, 0.0 ], [ -52.594960599999979, -25.538654899999983, 0.0 ], [ -52.5947885, -25.5388441, 0.0 ], [ -52.594708700000012, -25.53907670000001, 0.0 ], [ -52.594636799999989, -25.539129899999978, 0.0 ], [ -52.594456799999989, -25.539210799999978, 0.0 ], [ -52.594261, -25.539403400000026, 0.0 ], [ -52.5940473, -25.539486899999986, 0.0 ], [ -52.593804299999988, -25.539617799999974, 0.0 ], [ -52.593574199999978, -25.539756899999986, 0.0 ], [ -52.593394199999977, -25.539929700000016, 0.0 ], [ -52.5932977, -25.5401726, 0.0 ], [ -52.593249, -25.5404079, 0.0 ], [ -52.593250899999987, -25.540682800000013, 0.0 ], [ -52.593322199999989, -25.5409027, 0.0 ], [ -52.59350360000002, -25.541126799999972, 0.0 ], [ -52.593669499999976, -25.541300400000011, 0.0 ], [ -52.593839899999978, -25.541426100000024, 0.0 ], [ -52.594003, -25.5415362, 0.0 ], [ -52.593925599999977, -25.541564, 0.0 ], [ -52.59376229999998, -25.541668099999981, 0.0 ], [ -52.593760799999984, -25.541825099999983, 0.0 ], [ -52.593851200000017, -25.542043700000022, 0.0 ], [ -52.594010799999978, -25.542244700000026, 0.0 ], [ -52.594214, -25.542387599999984, 0.0 ], [ -52.594453, -25.542467, 0.0 ], [ -52.5946821, -25.542467400000021, 0.0 ], [ -52.5949028, -25.542440100000022, 0.0 ], [ -52.595042, -25.5423581, 0.0 ], [ -52.595243900000014, -25.5423816, 0.0 ], [ -52.595305900000028, -25.542288900000017, 0.0 ], [ -52.5954221, -25.542234, 0.0 ], [ -52.595495700000015, -25.5422044, 0.0 ], [ -52.595749899999987, -25.542167800000016, 0.0 ], [ -52.5961226, -25.542176700000027, 0.0 ], [ -52.596468300000026, -25.542221, 0.0 ], [ -52.596783800000026, -25.542245400000013, 0.0 ], [ -52.597111199999972, -25.542194, 0.0 ], [ -52.597378699999979, -25.542152199999975, 0.0 ], [ -52.597678499999972, -25.542205700000011, 0.0 ], [ -52.59796080000001, -25.542248700000016, 0.0 ], [ -52.598213, -25.542211800000018, 0.0 ], [ -52.598444500000028, -25.542112700000018, 0.0 ], [ -52.598685499999988, -25.542034199999989, 0.0 ], [ -52.598818699999981, -25.541906400000016, 0.0 ], [ -52.598972800000013, -25.5417696, 0.0 ], [ -52.599134900000024, -25.541745600000013, 0.0 ], [ -52.5993133, -25.5417294, 0.0 ], [ -52.59944059999998, -25.5417812, 0.0 ], [ -52.599505, -25.5419038, 0.0 ], [ -52.599635799999987, -25.54197640000001, 0.0 ], [ -52.5997355, -25.542024500000025, 0.0 ], [ -52.599901699999975, -25.542044, 0.0 ], [ -52.600082499999985, -25.5420269, 0.0 ], [ -52.600256100000024, -25.5419073, 0.0 ], [ -52.600452, -25.541848099999982, 0.0 ], [ -52.6005578, -25.54185480000001, 0.0 ], [ -52.600645900000018, -25.5419051, 0.0 ], [ -52.600529400000028, -25.5419736, 0.0 ], [ -52.600324600000022, -25.542101399999979, 0.0 ], [ -52.60014480000001, -25.542329900000027, 0.0 ], [ -52.600041, -25.542475200000013, 0.0 ], [ -52.599897199999987, -25.542505100000028, 0.0 ], [ -52.5997739, -25.542503599999975, 0.0 ], [ -52.5995807, -25.542478099999983, 0.0 ], [ -52.5993977, -25.542483100000027, 0.0 ], [ -52.599250199999972, -25.5425555, 0.0 ], [ -52.599037399999986, -25.542620399999976, 0.0 ], [ -52.598866900000019, -25.542694700000027, 0.0 ], [ -52.598677099999975, -25.542764299999988, 0.0 ], [ -52.5984957, -25.5428546, 0.0 ], [ -52.598310500000025, -25.5429906, 0.0 ], [ -52.598113500000011, -25.5430948, 0.0 ], [ -52.597912599999972, -25.5431281, 0.0 ], [ -52.597729300000026, -25.543218799999977, 0.0 ], [ -52.597518499999978, -25.5432399, 0.0 ], [ -52.5973171, -25.5432439, 0.0 ], [ -52.597111400000017, -25.543224, 0.0 ], [ -52.59686929999998, -25.543179599999974, 0.0 ], [ -52.596701699999983, -25.543192499999975, 0.0 ], [ -52.596539300000018, -25.543300199999976, 0.0 ], [ -52.596328, -25.543399599999987, 0.0 ], [ -52.5960232, -25.5434636, 0.0 ], [ -52.595738400000016, -25.5435329, 0.0 ], [ -52.595540799999981, -25.543662900000015, 0.0 ], [ -52.595332199999973, -25.543714, 0.0 ], [ -52.5951093, -25.5437801, 0.0 ], [ -52.594924400000025, -25.5438754, 0.0 ], [ -52.594806399999982, -25.544003299999986, 0.0 ], [ -52.594786100000022, -25.544191500000011, 0.0 ], [ -52.5948168, -25.5444233, 0.0 ], [ -52.59484329999998, -25.54457050000002, 0.0 ], [ -52.594829100000027, -25.544704599999989, 0.0 ], [ -52.594805399999984, -25.5449216, 0.0 ], [ -52.594819500000028, -25.545169199999975, 0.0 ], [ -52.594861, -25.54541230000001, 0.0 ], [ -52.594851399999982, -25.545623, 0.0 ], [ -52.594790499999988, -25.545904300000018, 0.0 ], [ -52.594755099999986, -25.546091199999978, 0.0 ], [ -52.594668099999978, -25.54622310000002, 0.0 ], [ -52.594477499999982, -25.5465835, 0.0 ], [ -52.594341699999973, -25.546837400000015, 0.0 ], [ -52.5942913, -25.547115299999973, 0.0 ], [ -52.594358, -25.5473624, 0.0 ], [ -52.594463599999983, -25.547591399999988, 0.0 ], [ -52.5946806, -25.547874299999989, 0.0 ], [ -52.594921399999976, -25.548133899999982, 0.0 ], [ -52.595099, -25.548275499999988, 0.0 ], [ -52.595732100000021, -25.5484834, 0.0 ], [ -52.5961236, -25.548678, 0.0 ], [ -52.596366400000022, -25.5488441, 0.0 ], [ -52.5966919, -25.5490524, 0.0 ], [ -52.596974400000022, -25.549230099999988, 0.0 ], [ -52.597349599999973, -25.549442100000022, 0.0 ], [ -52.59763959999998, -25.549610700000017, 0.0 ], [ -52.5978687, -25.549760900000024, 0.0 ], [ -52.598132299999975, -25.5499605, 0.0 ], [ -52.5983081, -25.5501228, 0.0 ], [ -52.598454300000014, -25.55030690000001, 0.0 ], [ -52.5985811, -25.550443499999972, 0.0 ], [ -52.598819100000014, -25.550491099999988, 0.0 ], [ -52.599035300000025, -25.5505339, 0.0 ], [ -52.599189700000011, -25.550609399999985, 0.0 ], [ -52.5991378, -25.5507857, 0.0 ], [ -52.5991894, -25.550914299999988, 0.0 ], [ -52.5993848, -25.551105800000016, 0.0 ], [ -52.5995878, -25.5512979, 0.0 ], [ -52.5998305, -25.551476400000013, 0.0 ], [ -52.6000439, -25.5516402, 0.0 ], [ -52.6002894, -25.551801, 0.0 ], [ -52.600491, -25.5519405, 0.0 ], [ -52.600626799999986, -25.552065200000015, 0.0 ], [ -52.6004835, -25.552049599999975, 0.0 ], [ -52.600339, -25.552018499999974, 0.0 ], [ -52.600194, -25.551985, 0.0 ], [ -52.600048300000026, -25.551959099999976, 0.0 ], [ -52.5999319, -25.5519218, 0.0 ], [ -52.599774599999989, -25.551849600000025, 0.0 ], [ -52.599534800000015, -25.551722199999972, 0.0 ], [ -52.599346200000014, -25.5516129, 0.0 ], [ -52.599223, -25.551575300000025, 0.0 ], [ -52.599119200000018, -25.551579600000025, 0.0 ], [ -52.59901259999998, -25.5515254, 0.0 ], [ -52.598865600000011, -25.551405100000011, 0.0 ], [ -52.598726399999975, -25.55133840000002, 0.0 ], [ -52.598526900000024, -25.551314600000012, 0.0 ], [ -52.598410100000024, -25.5513037, 0.0 ], [ -52.5982639, -25.5512832, 0.0 ], [ -52.5981056, -25.5512923, 0.0 ], [ -52.597962600000017, -25.551293499999986, 0.0 ], [ -52.597798300000022, -25.551233500000023, 0.0 ], [ -52.5976233, -25.551242399999978, 0.0 ], [ -52.5974554, -25.5511866, 0.0 ], [ -52.59728, -25.5511176, 0.0 ], [ -52.597081399999979, -25.5510145, 0.0 ], [ -52.5968987, -25.550926300000015, 0.0 ], [ -52.596762500000011, -25.550898500000017, 0.0 ], [ -52.596508500000027, -25.550888699999973, 0.0 ], [ -52.596209199999976, -25.550774600000011, 0.0 ], [ -52.596040099999982, -25.550716799999975, 0.0 ], [ -52.595876700000019, -25.550738700000011, 0.0 ], [ -52.595724299999972, -25.550796400000024, 0.0 ], [ -52.5955806, -25.5508931, 0.0 ], [ -52.595456099999979, -25.5508024, 0.0 ], [ -52.5953043, -25.550701100000026, 0.0 ], [ -52.5951255, -25.550636699999984, 0.0 ], [ -52.5949056, -25.5506661, 0.0 ], [ -52.5947557, -25.550707199999977, 0.0 ], [ -52.594652699999983, -25.5508198, 0.0 ], [ -52.594579099999976, -25.550750199999982, 0.0 ], [ -52.594454900000017, -25.5507452, 0.0 ], [ -52.59434779999998, -25.5508188, 0.0 ], [ -52.5942581, -25.5509442, 0.0 ], [ -52.594233200000019, -25.5511244, 0.0 ], [ -52.5943039, -25.551305599999978, 0.0 ], [ -52.5943666, -25.551424399999974, 0.0 ], [ -52.5945304, -25.551618500000018, 0.0 ], [ -52.594734599999981, -25.5518528, 0.0 ], [ -52.594860200000028, -25.552037400000017, 0.0 ], [ -52.594975200000022, -25.552251, 0.0 ], [ -52.5951005, -25.552419400000019, 0.0 ], [ -52.59531579999998, -25.5525232, 0.0 ], [ -52.59548719999998, -25.552605200000016, 0.0 ], [ -52.5956359, -25.5526989, 0.0 ], [ -52.595808, -25.552862300000015, 0.0 ], [ -52.595967200000018, -25.553036, 0.0 ], [ -52.5961193, -25.553169200000013, 0.0 ], [ -52.596222099999977, -25.553325700000016, 0.0 ], [ -52.5962637, -25.553561300000013, 0.0 ], [ -52.5962796, -25.553812600000015, 0.0 ], [ -52.596335399999987, -25.554020900000012, 0.0 ], [ -52.5964512, -25.554197199999976, 0.0 ], [ -52.596538099999975, -25.554402400000015, 0.0 ], [ -52.596689200000014, -25.5546885, 0.0 ], [ -52.596838100000014, -25.554925799999978, 0.0 ], [ -52.5969589, -25.5552209, 0.0 ], [ -52.597050700000011, -25.5555197, 0.0 ], [ -52.5971621, -25.5558577, 0.0 ], [ -52.5972385, -25.55608460000002, 0.0 ], [ -52.597284, -25.556321700000012, 0.0 ], [ -52.5972726, -25.5565322, 0.0 ], [ -52.597311199999979, -25.556766200000027, 0.0 ], [ -52.597405200000026, -25.556840500000021, 0.0 ], [ -52.597389799999974, -25.556979599999977, 0.0 ], [ -52.5973353, -25.557102900000018, 0.0 ], [ -52.597298200000012, -25.557268, 0.0 ], [ -52.597337, -25.557681600000024, 0.0 ], [ -52.597507300000018, -25.558006499999976, 0.0 ], [ -52.597708, -25.558423, 0.0 ], [ -52.597922, -25.558754599999986, 0.0 ], [ -52.5981777, -25.559057900000028, 0.0 ], [ -52.5984451, -25.559232300000019, 0.0 ], [ -52.598675300000025, -25.5592782, 0.0 ], [ -52.5988203, -25.559258, 0.0 ], [ -52.598899800000027, -25.559326699999986, 0.0 ], [ -52.598928199999989, -25.559482100000025, 0.0 ], [ -52.599149899999986, -25.559757600000012, 0.0 ], [ -52.599372800000026, -25.5600202, 0.0 ], [ -52.599513399999978, -25.560297900000023, 0.0 ], [ -52.599708099999987, -25.560485299999982, 0.0 ], [ -52.5998874, -25.560695399999986, 0.0 ], [ -52.6000247, -25.5610198, 0.0 ], [ -52.600172499999985, -25.5613184, 0.0 ], [ -52.600314200000014, -25.56144, 0.0 ], [ -52.6004628, -25.5614701, 0.0 ], [ -52.600568, -25.561377, 0.0 ], [ -52.600756600000011, -25.561114700000019, 0.0 ], [ -52.6008984, -25.561338499999977, 0.0 ], [ -52.601002400000027, -25.5615335, 0.0 ], [ -52.601033299999983, -25.561666399999979, 0.0 ], [ -52.601065100000028, -25.561983199999986, 0.0 ], [ -52.601165700000024, -25.562257199999976, 0.0 ], [ -52.6012915, -25.562428300000022, 0.0 ], [ -52.6015478, -25.562456399999974, 0.0 ], [ -52.601766199999986, -25.562274399999978, 0.0 ], [ -52.601945899999976, -25.5621471, 0.0 ], [ -52.602104, -25.5620634, 0.0 ], [ -52.602230099999986, -25.562100900000019, 0.0 ], [ -52.602426400000013, -25.562144900000021, 0.0 ], [ -52.6026799, -25.562191700000028, 0.0 ], [ -52.602876, -25.5621597, 0.0 ], [ -52.603138899999976, -25.5620692, 0.0 ], [ -52.6033172, -25.5620715, 0.0 ], [ -52.603181800000016, -25.562178099999983, 0.0 ], [ -52.603031199999975, -25.562369600000011, 0.0 ], [ -52.602845800000011, -25.562584, 0.0 ], [ -52.602701799999977, -25.562653800000021, 0.0 ], [ -52.602563299999986, -25.562726699999985, 0.0 ], [ -52.6024021, -25.562881, 0.0 ], [ -52.6023141, -25.563058599999977, 0.0 ], [ -52.602243, -25.563267100000019, 0.0 ], [ -52.602127100000018, -25.563371599999982, 0.0 ], [ -52.6019731, -25.5636116, 0.0 ], [ -52.601913200000013, -25.563807600000018, 0.0 ], [ -52.6019129, -25.563868800000023, 0.0 ], [ -52.6019124, -25.5639898, 0.0 ], [ -52.60197740000001, -25.564193100000011, 0.0 ], [ -52.6022982, -25.564636599999972, 0.0 ], [ -52.602694, -25.565066, 0.0 ], [ -52.602982899999972, -25.565206, 0.0 ], [ -52.603298400000028, -25.5653896, 0.0 ], [ -52.6035202, -25.5655382, 0.0 ], [ -52.603769399999976, -25.5656315, 0.0 ], [ -52.604014, -25.565723, 0.0 ], [ -52.60418390000001, -25.5657326, 0.0 ], [ -52.604358900000022, -25.5658426, 0.0 ], [ -52.6046536, -25.565891599999986, 0.0 ], [ -52.604840200000012, -25.565944300000012, 0.0 ], [ -52.604953099999989, -25.565896, 0.0 ], [ -52.605052300000011, -25.5659508, 0.0 ], [ -52.605210600000021, -25.565971199999979, 0.0 ], [ -52.6053377, -25.5660863, 0.0 ], [ -52.605510900000013, -25.566186300000027, 0.0 ], [ -52.60574170000001, -25.566214, 0.0 ], [ -52.605958199999975, -25.566210899999987, 0.0 ], [ -52.605949599999974, -25.566286400000024, 0.0 ], [ -52.605825400000015, -25.5664971, 0.0 ], [ -52.6055791, -25.5666559, 0.0 ], [ -52.6054959, -25.5667788, 0.0 ], [ -52.6055412, -25.566983400000026, 0.0 ], [ -52.6056883, -25.567284799999982, 0.0 ], [ -52.605867499999988, -25.567660699999976, 0.0 ], [ -52.605974100000026, -25.5678593, 0.0 ], [ -52.606243, -25.5679654, 0.0 ], [ -52.606578099999979, -25.568090499999983, 0.0 ], [ -52.6068783, -25.5681401, 0.0 ], [ -52.6071551, -25.568138299999987, 0.0 ], [ -52.6074668, -25.568203900000015, 0.0 ], [ -52.607843699999989, -25.5682466, 0.0 ], [ -52.608201599999973, -25.568279099999984, 0.0 ], [ -52.608536800000024, -25.56831870000002, 0.0 ], [ -52.6088186, -25.568284300000016, 0.0 ], [ -52.6091174, -25.568337199999974, 0.0 ], [ -52.609415300000023, -25.568348, 0.0 ], [ -52.6096298, -25.56829620000002, 0.0 ], [ -52.609796599999981, -25.568245699999977, 0.0 ], [ -52.610017299999981, -25.568144800000027, 0.0 ], [ -52.61023160000002, -25.5680602, 0.0 ], [ -52.6104618, -25.567990300000019, 0.0 ], [ -52.6107068, -25.56784, 0.0 ], [ -52.61100110000001, -25.5676507, 0.0 ], [ -52.611197800000014, -25.567499899999973, 0.0 ], [ -52.6111967, -25.5673777, 0.0 ], [ -52.611338900000021, -25.567285700000014, 0.0 ], [ -52.611372, -25.56712060000001, 0.0 ], [ -52.611401899999976, -25.566930099999979, 0.0 ], [ -52.6113532, -25.566732800000011, 0.0 ], [ -52.611338600000011, -25.566447200000027, 0.0 ], [ -52.6112923, -25.5662476, 0.0 ], [ -52.6112336, -25.5661756, 0.0 ], [ -52.6111262, -25.566231300000027, 0.0 ], [ -52.611112100000014, -25.566135, 0.0 ], [ -52.611234500000023, -25.566000700000018, 0.0 ], [ -52.611399600000027, -25.565842799999984, 0.0 ], [ -52.611648699999989, -25.565520600000013, 0.0 ], [ -52.611707, -25.5652794, 0.0 ], [ -52.61172160000001, -25.5648701, 0.0 ], [ -52.61169289999998, -25.564509199999975, 0.0 ], [ -52.611626199999989, -25.564393699999982, 0.0 ], [ -52.611449400000026, -25.564407099999983, 0.0 ], [ -52.611297200000024, -25.564419900000019, 0.0 ], [ -52.611285599999974, -25.564365, 0.0 ], [ -52.611361699999975, -25.5642775, 0.0 ], [ -52.611488300000019, -25.564211899999975, 0.0 ], [ -52.6116586, -25.5641025, 0.0 ], [ -52.611838, -25.563914, 0.0 ], [ -52.612007899999981, -25.563810100000012, 0.0 ], [ -52.612124100000017, -25.563716199999988, 0.0 ], [ -52.612258199999985, -25.56355689999998, 0.0 ], [ -52.6124638, -25.563361, 0.0 ], [ -52.612530900000024, -25.563247600000011, 0.0 ], [ -52.612436600000024, -25.5631249, 0.0 ], [ -52.612251500000013, -25.563022199999978, 0.0 ], [ -52.61207, -25.562998199999981, 0.0 ], [ -52.6120224, -25.562948300000016, 0.0 ], [ -52.612085200000024, -25.562855300000024, 0.0 ], [ -52.6122565, -25.56276, 0.0 ], [ -52.612536799999987, -25.5626148, 0.0 ], [ -52.6128597, -25.562469299999975, 0.0 ], [ -52.612994500000013, -25.562274800000012, 0.0 ], [ -52.613002900000026, -25.5620935, 0.0 ], [ -52.6129252, -25.561978399999987, 0.0 ], [ -52.612973300000021, -25.561839799999973, 0.0 ], [ -52.6129732, -25.561684300000024, 0.0 ], [ -52.612938400000019, -25.561490400000025, 0.0 ], [ -52.61287249999998, -25.5613578, 0.0 ], [ -52.612845400000026, -25.561257300000022, 0.0 ], [ -52.612752300000011, -25.5609814, 0.0 ], [ -52.612719799999979, -25.560679600000014, 0.0 ], [ -52.6128301, -25.560481200000027, 0.0 ], [ -52.6130253, -25.560293600000023, 0.0 ], [ -52.613235499999973, -25.560138199999983, 0.0 ], [ -52.613418200000012, -25.559890199999984, 0.0 ], [ -52.613612900000021, -25.5597247, 0.0 ], [ -52.613832699999989, -25.559617300000014, 0.0 ], [ -52.6139839, -25.5595366, 0.0 ], [ -52.6139918, -25.559305199999983, 0.0 ], [ -52.61384750000002, -25.5590282, 0.0 ], [ -52.613671, -25.558706200000017, 0.0 ], [ -52.6135147, -25.558611499999984, 0.0 ], [ -52.6133739, -25.558496600000012, 0.0 ], [ -52.613256200000023, -25.558238500000016, 0.0 ], [ -52.6130569, -25.557925599999976, 0.0 ], [ -52.6128286, -25.557739200000015, 0.0 ], [ -52.6126395, -25.557564, 0.0 ], [ -52.612541799999974, -25.557269799999972, 0.0 ], [ -52.6127553, -25.557513799999981, 0.0 ], [ -52.6129249, -25.557650299999978, 0.0 ], [ -52.612992500000018, -25.5575915, 0.0 ], [ -52.6130399, -25.5574444, 0.0 ], [ -52.61306380000002, -25.55724170000002, 0.0 ], [ -52.6131297, -25.557343600000024, 0.0 ], [ -52.6132614, -25.557462499999986, 0.0 ], [ -52.613475400000027, -25.557562, 0.0 ], [ -52.613654899999972, -25.5577068, 0.0 ], [ -52.6138358, -25.557952600000021, 0.0 ], [ -52.614088400000014, -25.558174099999974, 0.0 ], [ -52.614393300000017, -25.558444, 0.0 ], [ -52.614588799999979, -25.558634199999972, 0.0 ], [ -52.614722200000017, -25.558650699999987, 0.0 ], [ -52.614870900000028, -25.558546799999988, 0.0 ], [ -52.615048300000012, -25.5583368, 0.0 ], [ -52.615243799999973, -25.558248100000014, 0.0 ], [ -52.615441499999974, -25.558015, 0.0 ], [ -52.615754900000013, -25.5576595, 0.0 ], [ -52.6159371, -25.5575184, 0.0 ], [ -52.616169800000023, -25.557299600000022, 0.0 ], [ -52.6163535, -25.557189600000015, 0.0 ], [ -52.616537, -25.557037200000025, 0.0 ], [ -52.616762, -25.556970700000022, 0.0 ], [ -52.616830600000014, -25.556812900000011, 0.0 ], [ -52.616906500000027, -25.5566098, 0.0 ], [ -52.617039, -25.556432, 0.0 ], [ -52.617298, -25.556241199999988, 0.0 ], [ -52.6172019, -25.556456200000014, 0.0 ], [ -52.6171349, -25.556627400000025, 0.0 ], [ -52.6170386, -25.55681340000001, 0.0 ], [ -52.6169782, -25.556964199999982, 0.0 ], [ -52.616896899999972, -25.557098, 0.0 ], [ -52.616751799999975, -25.557185800000013, 0.0 ], [ -52.6166073, -25.557234900000026, 0.0 ], [ -52.616435299999978, -25.5574115, 0.0 ], [ -52.6162926, -25.557629099999986, 0.0 ], [ -52.616111, -25.557836800000018, 0.0 ], [ -52.616060100000027, -25.558163200000024, 0.0 ], [ -52.616011500000013, -25.558457, 0.0 ], [ -52.6159846, -25.558597099999986, 0.0 ], [ -52.6159594, -25.558785899999975, 0.0 ], [ -52.6157528, -25.558953299999985, 0.0 ], [ -52.615570699999978, -25.5590168, 0.0 ], [ -52.6153663, -25.5590444, 0.0 ], [ -52.615283299999987, -25.559218199999975, 0.0 ], [ -52.615204, -25.559517500000027, 0.0 ], [ -52.6152735, -25.559737900000016, 0.0 ], [ -52.615376799999979, -25.5600152, 0.0 ], [ -52.6155245, -25.5602457, 0.0 ], [ -52.615579500000024, -25.560416299999986, 0.0 ], [ -52.615399200000013, -25.560346, 0.0 ], [ -52.615220500000021, -25.5602151, 0.0 ], [ -52.61503620000002, -25.560091300000011, 0.0 ], [ -52.614874900000018, -25.5600503, 0.0 ], [ -52.614735, -25.560090100000025, 0.0 ], [ -52.614566799999977, -25.560177800000019, 0.0 ], [ -52.614407700000015, -25.56021290000001, 0.0 ], [ -52.614185599999985, -25.560293899999976, 0.0 ], [ -52.61400279999998, -25.5604181, 0.0 ], [ -52.613913200000013, -25.560625, 0.0 ], [ -52.613805599999978, -25.560879699999987, 0.0 ], [ -52.613784, -25.561067200000025, 0.0 ], [ -52.613905499999987, -25.5612789, 0.0 ], [ -52.6140782, -25.561532399999976, 0.0 ], [ -52.614163299999973, -25.561692100000016, 0.0 ], [ -52.614124600000025, -25.56191339999998, 0.0 ], [ -52.6142602, -25.5620733, 0.0 ], [ -52.6143818, -25.562155299999972, 0.0 ], [ -52.614516, -25.562162399999977, 0.0 ], [ -52.614753899999982, -25.562167199999976, 0.0 ], [ -52.614934600000026, -25.562196, 0.0 ], [ -52.615112599999975, -25.562213900000017, 0.0 ], [ -52.615287599999988, -25.5621774, 0.0 ], [ -52.615450800000019, -25.5622133, 0.0 ], [ -52.615401, -25.5622907, 0.0 ], [ -52.615244599999983, -25.562393, 0.0 ], [ -52.615071699999987, -25.5624851, 0.0 ], [ -52.6148478, -25.562596400000018, 0.0 ], [ -52.6146061, -25.56269, 0.0 ], [ -52.6144655, -25.562814300000014, 0.0 ], [ -52.6143803, -25.562991899999986, 0.0 ], [ -52.61439630000001, -25.563218800000016, 0.0 ], [ -52.6143545, -25.563467, 0.0 ], [ -52.614262699999983, -25.563635799999986, 0.0 ], [ -52.614191800000015, -25.563708099999985, 0.0 ], [ -52.614306399999975, -25.563778899999988, 0.0 ], [ -52.6143116, -25.5638798, 0.0 ], [ -52.614120300000025, -25.564017499999977, 0.0 ], [ -52.613875099999973, -25.564141099999972, 0.0 ], [ -52.613676, -25.564326600000015, 0.0 ], [ -52.6135003, -25.564589599999977, 0.0 ], [ -52.613467599999979, -25.5648976, 0.0 ], [ -52.613581399999987, -25.565256299999987, 0.0 ], [ -52.613663799999983, -25.565466300000026, 0.0 ], [ -52.613885700000026, -25.565608399999974, 0.0 ], [ -52.614133900000013, -25.565617700000018, 0.0 ], [ -52.6143002, -25.565705700000024, 0.0 ], [ -52.614545099999987, -25.5659169, 0.0 ], [ -52.614803400000028, -25.56607120000001, 0.0 ], [ -52.615093, -25.566202200000021, 0.0 ], [ -52.6153842, -25.566256599999974, 0.0 ], [ -52.615625599999987, -25.566286900000023, 0.0 ], [ -52.615876800000024, -25.566316200000017, 0.0 ], [ -52.616133900000023, -25.5663212, 0.0 ], [ -52.6162996, -25.566311, 0.0 ], [ -52.616507300000023, -25.566328699999985, 0.0 ], [ -52.616794700000014, -25.566327100000024, 0.0 ], [ -52.617068500000016, -25.566322800000023, 0.0 ], [ -52.6172997, -25.5663422, 0.0 ], [ -52.617480199999989, -25.566211, 0.0 ], [ -52.617712200000028, -25.566052099999979, 0.0 ], [ -52.6176972, -25.565880900000025, 0.0 ], [ -52.61777810000001, -25.5657175, 0.0 ], [ -52.617909, -25.5655681, 0.0 ], [ -52.618093400000021, -25.5654705, 0.0 ], [ -52.618289399999981, -25.5654495, 0.0 ], [ -52.618524400000013, -25.565533, 0.0 ], [ -52.618686500000024, -25.5655954, 0.0 ], [ -52.618861200000026, -25.5655155, 0.0 ], [ -52.6189862, -25.565258, 0.0 ], [ -52.6190916, -25.565002600000014, 0.0 ], [ -52.618966100000023, -25.5648602, 0.0 ], [ -52.6189594, -25.5646489, 0.0 ], [ -52.619097399999987, -25.56480160000001, 0.0 ], [ -52.6192024, -25.5648261, 0.0 ], [ -52.619353499999988, -25.564877700000011, 0.0 ], [ -52.619511499999987, -25.56492320000001, 0.0 ], [ -52.619610500000022, -25.564980100000014, 0.0 ], [ -52.619726300000025, -25.564992, 0.0 ], [ -52.619821600000023, -25.5649694, 0.0 ], [ -52.619942200000025, -25.5650048, 0.0 ], [ -52.620106, -25.564916, 0.0 ], [ -52.620226699999989, -25.564902500000017, 0.0 ], [ -52.620345199999974, -25.5649656, 0.0 ], [ -52.620276900000022, -25.564973399999985, 0.0 ], [ -52.620137399999976, -25.5649922, 0.0 ], [ -52.620037, -25.565044199999988, 0.0 ], [ -52.619924500000025, -25.5651168, 0.0 ], [ -52.619938100000013, -25.565202399999976, 0.0 ], [ -52.620004900000026, -25.565385699999979, 0.0 ], [ -52.62004109999998, -25.5655246, 0.0 ], [ -52.620102799999984, -25.5656641, 0.0 ], [ -52.620335099999977, -25.565986599999974, 0.0 ], [ -52.620407100000023, -25.566061100000013, 0.0 ], [ -52.6203807, -25.566170100000022, 0.0 ], [ -52.620338600000025, -25.566327899999976, 0.0 ], [ -52.620259799999985, -25.5661778, 0.0 ], [ -52.620127799999977, -25.566033800000014, 0.0 ], [ -52.619907899999987, -25.5658631, 0.0 ], [ -52.619599199999982, -25.5657415, 0.0 ], [ -52.6193705, -25.565697, 0.0 ], [ -52.619228799999973, -25.565719399999978, 0.0 ], [ -52.619033800000011, -25.565835900000025, 0.0 ], [ -52.618870099999981, -25.5659523, 0.0 ], [ -52.6186993, -25.565926499999989, 0.0 ], [ -52.6185269, -25.565978200000018, 0.0 ], [ -52.61834970000001, -25.5660284, 0.0 ], [ -52.618258, -25.566151199999979, 0.0 ], [ -52.618134600000019, -25.566431099999988, 0.0 ], [ -52.6180296, -25.5666263, 0.0 ], [ -52.6178999, -25.566803400000026, 0.0 ], [ -52.6175859, -25.566931, 0.0 ], [ -52.61715049999998, -25.567029600000012, 0.0 ], [ -52.6168293, -25.56705119999998, 0.0 ], [ -52.616647399999977, -25.567048899999975, 0.0 ], [ -52.616462800000022, -25.567101499999978, 0.0 ], [ -52.616354899999976, -25.567203, 0.0 ], [ -52.6161783, -25.5674045, 0.0 ], [ -52.6160832, -25.5673986, 0.0 ], [ -52.615951100000018, -25.567334500000015, 0.0 ], [ -52.615774699999974, -25.567282700000021, 0.0 ], [ -52.615540599999974, -25.567365900000027, 0.0 ], [ -52.6153648, -25.567318699999987, 0.0 ], [ -52.615022300000021, -25.567282799999987, 0.0 ], [ -52.614370300000019, -25.567288500000018, 0.0 ], [ -52.614129, -25.5673185, 0.0 ], [ -52.613917500000014, -25.567449099999976, 0.0 ], [ -52.613783300000023, -25.5676699, 0.0 ], [ -52.6137756, -25.567941500000018, 0.0 ], [ -52.613725499999987, -25.568076799999972, 0.0 ], [ -52.613646599999981, -25.568166799999972, 0.0 ], [ -52.61350920000001, -25.5683573, 0.0 ], [ -52.6134242, -25.5685249, 0.0 ], [ -52.6134154, -25.5685719, 0.0 ], [ -52.613390900000013, -25.5687029, 0.0 ], [ -52.613302200000021, -25.568917, 0.0 ], [ -52.613220099999978, -25.5690616, 0.0 ], [ -52.6132376, -25.569241299999987, 0.0 ], [ -52.6131173, -25.5694818, 0.0 ], [ -52.613010700000018, -25.569622, 0.0 ], [ -52.612989, -25.569858599999975, 0.0 ], [ -52.6130202, -25.570017600000028, 0.0 ], [ -52.613174800000024, -25.570287300000018, 0.0 ], [ -52.613216799999975, -25.570366200000024, 0.0 ], [ -52.613244800000018, -25.570418800000027, 0.0 ], [ -52.613364100000013, -25.570632199999977, 0.0 ], [ -52.6135102, -25.570778, 0.0 ], [ -52.6136816, -25.57093279999998, 0.0 ], [ -52.613821, -25.571075800000017, 0.0 ], [ -52.613987300000019, -25.571208899999988, 0.0 ], [ -52.614112799999987, -25.571375, 0.0 ], [ -52.614158700000019, -25.57155, 0.0 ], [ -52.614238199999988, -25.571704300000022, 0.0 ], [ -52.614374199999986, -25.5718099, 0.0 ], [ -52.6144294, -25.571916, 0.0 ], [ -52.614361, -25.571962400000018, 0.0 ], [ -52.614280300000019, -25.5719992, 0.0 ], [ -52.614217199999985, -25.572000300000013, 0.0 ], [ -52.614111799999989, -25.571945299999982, 0.0 ], [ -52.613975700000026, -25.571902500000022, 0.0 ], [ -52.6138077, -25.571919799999989, 0.0 ], [ -52.613727, -25.571873499999981, 0.0 ], [ -52.613627899999983, -25.571785299999988, 0.0 ], [ -52.613479700000028, -25.571689600000013, 0.0 ], [ -52.613389900000016, -25.571662800000013, 0.0 ], [ -52.613246300000014, -25.5716511, 0.0 ], [ -52.613110300000017, -25.571649200000024, 0.0 ], [ -52.612969, -25.5716688, 0.0 ], [ -52.612785, -25.57168919999998, 0.0 ], [ -52.612679899999989, -25.5716488, 0.0 ], [ -52.61256179999998, -25.571587299999976, 0.0 ], [ -52.6124476, -25.571597600000018, 0.0 ], [ -52.612325699999985, -25.571592399999986, 0.0 ], [ -52.612240499999984, -25.5715614, 0.0 ], [ -52.612056100000018, -25.571511499999986, 0.0 ], [ -52.611902900000018, -25.571502399999986, 0.0 ], [ -52.6117696, -25.571487699999977, 0.0 ], [ -52.6115532, -25.571485399999972, 0.0 ], [ -52.611432499999978, -25.571543500000018, 0.0 ], [ -52.611353899999983, -25.571512900000016, 0.0 ], [ -52.611255500000027, -25.5714817, 0.0 ], [ -52.611082599999975, -25.571481600000027, 0.0 ], [ -52.6109467, -25.5715025, 0.0 ], [ -52.610822199999973, -25.571465900000021, 0.0 ], [ -52.6107088, -25.571465, 0.0 ], [ -52.610491500000023, -25.5714355, 0.0 ], [ -52.61031730000002, -25.571437100000026, 0.0 ], [ -52.6101385, -25.571485100000018, 0.0 ], [ -52.6099557, -25.571454500000016, 0.0 ], [ -52.6097289, -25.571483, 0.0 ], [ -52.6095042, -25.571460600000023, 0.0 ], [ -52.609214899999984, -25.571507600000018, 0.0 ], [ -52.60888460000001, -25.5715687, 0.0 ], [ -52.6087025, -25.571591899999987, 0.0 ], [ -52.6085582, -25.571592800000019, 0.0 ], [ -52.608381099999974, -25.571598600000016, 0.0 ], [ -52.608273399999973, -25.5716423, 0.0 ], [ -52.60817320000001, -25.571713100000011, 0.0 ], [ -52.608078200000023, -25.571797, 0.0 ], [ -52.60808830000002, -25.5718736, 0.0 ], [ -52.608155399999987, -25.571980900000028, 0.0 ], [ -52.6083504, -25.572159399999975, 0.0 ], [ -52.608627099999978, -25.5723592, 0.0 ], [ -52.6087839, -25.57258250000001, 0.0 ], [ -52.6088939, -25.572760599999981, 0.0 ], [ -52.60914, -25.5729591, 0.0 ], [ -52.6094357, -25.573171100000025, 0.0 ], [ -52.609644899999978, -25.573249799999985, 0.0 ], [ -52.60973869999998, -25.5733687, 0.0 ], [ -52.6099458, -25.5736157, 0.0 ], [ -52.610066500000016, -25.573771299999976, 0.0 ], [ -52.6102113, -25.5739757, 0.0 ], [ -52.610313599999984, -25.574255199999982, 0.0 ], [ -52.610420299999987, -25.574507, 0.0 ], [ -52.610550400000022, -25.57476170000001, 0.0 ], [ -52.610675800000024, -25.5749457, 0.0 ], [ -52.6108261, -25.575146299999972, 0.0 ], [ -52.611000600000011, -25.575368700000013, 0.0 ], [ -52.611194500000011, -25.575625399999979, 0.0 ], [ -52.61146530000002, -25.57583790000001, 0.0 ], [ -52.611689500000011, -25.576159800000028, 0.0 ], [ -52.611584199999982, -25.5763096, 0.0 ], [ -52.611248100000012, -25.5765422, 0.0 ], [ -52.611023199999977, -25.5769674, 0.0 ], [ -52.610781299999985, -25.577319199999977, 0.0 ], [ -52.610508200000027, -25.577572499999974, 0.0 ], [ -52.610322699999983, -25.577664700000014, 0.0 ], [ -52.6101567, -25.5777319, 0.0 ], [ -52.610022500000014, -25.577717800000016, 0.0 ], [ -52.609914800000013, -25.577842200000021, 0.0 ], [ -52.6097757, -25.5780598, 0.0 ], [ -52.609829400000024, -25.5781844, 0.0 ], [ -52.6099878, -25.578278300000022, 0.0 ], [ -52.6102924, -25.57832830000001, 0.0 ], [ -52.6106325, -25.578317799999979, 0.0 ], [ -52.610816, -25.578269299999988, 0.0 ], [ -52.610999699999979, -25.578145, 0.0 ], [ -52.611083399999984, -25.5779895, 0.0 ], [ -52.611105599999973, -25.577849500000013, 0.0 ], [ -52.6110172, -25.577708500000028, 0.0 ], [ -52.61110930000001, -25.5776012, 0.0 ], [ -52.611254700000018, -25.57760380000002, 0.0 ], [ -52.6114192, -25.577587600000015, 0.0 ], [ -52.6116136, -25.577554799999973, 0.0 ], [ -52.6118, -25.5775635, 0.0 ], [ -52.612007, -25.5774369, 0.0 ], [ -52.6120851, -25.5773021, 0.0 ], [ -52.612140899999986, -25.577065600000026, 0.0 ], [ -52.612280100000021, -25.576939900000013, 0.0 ], [ -52.612389399999984, -25.576932600000021, 0.0 ], [ -52.6125629, -25.5770412, 0.0 ], [ -52.612917, -25.5772005, 0.0 ], [ -52.613211700000022, -25.577386, 0.0 ], [ -52.613433900000018, -25.5774348, 0.0 ], [ -52.6137066, -25.577460299999984, 0.0 ], [ -52.6138934, -25.5775764, 0.0 ], [ -52.6141654, -25.577723400000025, 0.0 ], [ -52.6143396, -25.577722, 0.0 ], [ -52.614188099999978, -25.5779291, 0.0 ], [ -52.6142481, -25.578150199999982, 0.0 ], [ -52.614673700000026, -25.578461399999981, 0.0 ], [ -52.6149398, -25.578647199999978, 0.0 ], [ -52.6151585, -25.5787722, 0.0 ], [ -52.615342899999973, -25.5787727, 0.0 ], [ -52.6154891, -25.578854400000012, 0.0 ], [ -52.615602299999978, -25.579139199999986, 0.0 ], [ -52.6157387, -25.5792045, 0.0 ], [ -52.616024400000015, -25.5792156, 0.0 ], [ -52.6162387, -25.579196, 0.0 ], [ -52.6164038, -25.5792194, 0.0 ], [ -52.616601899999978, -25.5793003, 0.0 ], [ -52.6167987, -25.579353, 0.0 ], [ -52.617137500000013, -25.5793873, 0.0 ], [ -52.6173804, -25.5793569, 0.0 ], [ -52.617585, -25.579242099999988, 0.0 ], [ -52.617627, -25.579118600000015, 0.0 ], [ -52.6175766, -25.5790146, 0.0 ], [ -52.617645700000025, -25.5789325, 0.0 ], [ -52.617934199999979, -25.579025, 0.0 ], [ -52.618191500000023, -25.5790978, 0.0 ], [ -52.618454499999984, -25.579039299999977, 0.0 ], [ -52.618502700000022, -25.57891840000002, 0.0 ], [ -52.6189033, -25.579326900000012, 0.0 ], [ -52.6191698, -25.5794843, 0.0 ], [ -52.6195887, -25.579568, 0.0 ], [ -52.619878500000027, -25.5795683, 0.0 ], [ -52.6202146, -25.579455399999972, 0.0 ], [ -52.620614400000022, -25.579392199999972, 0.0 ], [ -52.6210236, -25.579388699999981, 0.0 ], [ -52.621422900000027, -25.579390100000012, 0.0 ], [ -52.621714600000018, -25.5793165, 0.0 ], [ -52.621845399999984, -25.578993500000024, 0.0 ], [ -52.621896600000014, -25.579206, 0.0 ], [ -52.6220634, -25.579382099999975, 0.0 ], [ -52.622328400000015, -25.5794371, 0.0 ], [ -52.6227546, -25.579538899999989, 0.0 ], [ -52.6231517, -25.5796388, 0.0 ], [ -52.62340039999998, -25.5797667, 0.0 ], [ -52.623473699999977, -25.5799862, 0.0 ], [ -52.623569299999986, -25.580385400000011, 0.0 ], [ -52.6237979, -25.580665899999985, 0.0 ], [ -52.624106499999982, -25.580774, 0.0 ], [ -52.6245133, -25.580731500000013, 0.0 ], [ -52.624797600000022, -25.5805585, 0.0 ], [ -52.625064599999973, -25.580276, 0.0 ], [ -52.6252609, -25.580081399999983, 0.0 ], [ -52.625363, -25.5798666, 0.0 ], [ -52.625349200000016, -25.5796378, 0.0 ], [ -52.625214299999982, -25.5794479, 0.0 ], [ -52.62545990000001, -25.5791941, 0.0 ], [ -52.625404100000026, -25.578915400000028, 0.0 ], [ -52.6255352, -25.5786976, 0.0 ], [ -52.625439200000017, -25.578535, 0.0 ], [ -52.6254897, -25.5782575, 0.0 ], [ -52.6256601, -25.57855, 0.0 ], [ -52.6258135, -25.5787747, 0.0 ], [ -52.62594660000002, -25.578927099999987, 0.0 ], [ -52.6261758, -25.5790144, 0.0 ], [ -52.626459399999987, -25.578776399999981, 0.0 ], [ -52.626441199999988, -25.57896310000001, 0.0 ], [ -52.6266751, -25.579003100000023, 0.0 ], [ -52.6269292, -25.5789651, 0.0 ], [ -52.627207699999985, -25.578897700000027, 0.0 ], [ -52.627075600000012, -25.579045099999973, 0.0 ], [ -52.626896, -25.579139600000019, 0.0 ], [ -52.626542200000017, -25.579130099999986, 0.0 ], [ -52.626314799999989, -25.579237200000023, 0.0 ], [ -52.626204200000018, -25.579364399999974, 0.0 ], [ -52.6261915, -25.579634199999987, 0.0 ], [ -52.626235599999973, -25.579985099999988, 0.0 ], [ -52.6262767, -25.5804723, 0.0 ], [ -52.626210599999979, -25.58077179999998, 0.0 ], [ -52.626410599999986, -25.581075199999987, 0.0 ], [ -52.626674499999979, -25.581328900000017, 0.0 ], [ -52.6269886, -25.581720500000017, 0.0 ], [ -52.6272674, -25.5820367, 0.0 ], [ -52.627564, -25.5820764, 0.0 ], [ -52.6279538, -25.582257500000026, 0.0 ], [ -52.628099799999973, -25.5823373, 0.0 ], [ -52.6283803, -25.5824907, 0.0 ], [ -52.628880700000025, -25.5826333, 0.0 ], [ -52.6293536, -25.582815400000015, 0.0 ], [ -52.629800699999976, -25.583021799999983, 0.0 ], [ -52.6301267, -25.5833609, 0.0 ], [ -52.630496900000026, -25.583506199999988, 0.0 ], [ -52.630734500000017, -25.5836213, 0.0 ], [ -52.630870800000025, -25.583801600000015, 0.0 ], [ -52.6311131, -25.583803, 0.0 ], [ -52.6313351, -25.583885800000019, 0.0 ], [ -52.6317027, -25.5838384, 0.0 ], [ -52.6318885, -25.5840339, 0.0 ], [ -52.632075499999985, -25.5843228, 0.0 ], [ -52.631813299999976, -25.584271100000024, 0.0 ], [ -52.631534499999987, -25.584157399999981, 0.0 ], [ -52.6312193, -25.584073699999976, 0.0 ], [ -52.631020700000022, -25.584131099999979, 0.0 ], [ -52.6308065, -25.584214799999984, 0.0 ], [ -52.630390200000022, -25.584204899999975, 0.0 ], [ -52.629993399999989, -25.584082299999977, 0.0 ], [ -52.629685199999983, -25.583852799999988, 0.0 ], [ -52.6292884, -25.5836031, 0.0 ], [ -52.629046800000026, -25.5836349, 0.0 ], [ -52.628703299999984, -25.5837884, 0.0 ], [ -52.628350300000022, -25.583517500000028, 0.0 ], [ -52.62808960000001, -25.583324300000015, 0.0 ], [ -52.6276704, -25.5830398, 0.0 ], [ -52.627342699999986, -25.5829781, 0.0 ], [ -52.6267507, -25.582866700000011, 0.0 ], [ -52.625836900000024, -25.582745, 0.0 ], [ -52.624731600000018, -25.58265080000001, 0.0 ], [ -52.6242833, -25.582782899999984, 0.0 ], [ -52.623911599999985, -25.582903, 0.0 ], [ -52.6234187, -25.582519900000023, 0.0 ], [ -52.622957, -25.5821368, 0.0 ], [ -52.622412199999985, -25.5819626, 0.0 ], [ -52.6218058, -25.581731100000013, 0.0 ], [ -52.6213889, -25.5816941, 0.0 ], [ -52.62102010000001, -25.5819785, 0.0 ], [ -52.620832399999983, -25.582106399999986, 0.0 ], [ -52.620762, -25.582364199999972, 0.0 ], [ -52.620585300000016, -25.5828201, 0.0 ], [ -52.62046909999998, -25.582726900000011, 0.0 ], [ -52.620235900000011, -25.582491100000027, 0.0 ], [ -52.6200134, -25.5821231, 0.0 ], [ -52.619747299999972, -25.581846499999983, 0.0 ], [ -52.619425700000022, -25.5819171, 0.0 ], [ -52.619154400000014, -25.582115499999986, 0.0 ], [ -52.619069599999989, -25.58248930000002, 0.0 ], [ -52.6188287, -25.5828464, 0.0 ], [ -52.618625800000018, -25.583073099999979, 0.0 ], [ -52.618479200000024, -25.583046500000023, 0.0 ], [ -52.6182609, -25.582913299999973, 0.0 ], [ -52.617833800000028, -25.5829647, 0.0 ], [ -52.6175591, -25.582756300000028, 0.0 ], [ -52.6171407, -25.5827478, 0.0 ], [ -52.616838, -25.5828598, 0.0 ], [ -52.6164708, -25.582760599999972, 0.0 ], [ -52.616098500000021, -25.5825489, 0.0 ], [ -52.615903399999979, -25.582244800000012, 0.0 ], [ -52.615610300000014, -25.5823737, 0.0 ], [ -52.615339300000016, -25.582342499999982, 0.0 ], [ -52.6151582, -25.5824811, 0.0 ], [ -52.614338499999974, -25.583221400000014, 0.0 ], [ -52.613874099999975, -25.583493299999986, 0.0 ], [ -52.6132824, -25.583690600000011, 0.0 ], [ -52.613184499999988, -25.584033200000022, 0.0 ], [ -52.612952399999983, -25.584397500000023, 0.0 ], [ -52.612213600000018, -25.585052800000028, 0.0 ], [ -52.6119233, -25.585325599999976, 0.0 ], [ -52.611896399999978, -25.585877499999981, 0.0 ], [ -52.6128162, -25.5862227, 0.0 ], [ -52.612552199999982, -25.5868013, 0.0 ], [ -52.6121144, -25.587223699999981, 0.0 ], [ -52.6121185, -25.587388499999975, 0.0 ], [ -52.612029300000017, -25.5878419, 0.0 ], [ -52.611860299999989, -25.588243499999976, 0.0 ], [ -52.6122752, -25.5884752, 0.0 ], [ -52.612823, -25.5883253, 0.0 ], [ -52.61353680000002, -25.58853, 0.0 ], [ -52.6140926, -25.588688900000022, 0.0 ], [ -52.614291200000025, -25.588610800000026, 0.0 ], [ -52.615148799999986, -25.589164499999981, 0.0 ], [ -52.6155925, -25.589574299999981, 0.0 ], [ -52.6160175, -25.589817900000014, 0.0 ], [ -52.6163745, -25.5901215, 0.0 ], [ -52.616424400000028, -25.5901644, 0.0 ], [ -52.6167782, -25.590159, 0.0 ], [ -52.617223599999988, -25.590150400000027, 0.0 ], [ -52.617968500000018, -25.590098399999988, 0.0 ], [ -52.618343700000025, -25.589945600000021, 0.0 ], [ -52.6190335, -25.589886200000024, 0.0 ], [ -52.619498099999987, -25.589674899999977, 0.0 ], [ -52.619634599999983, -25.589685799999984, 0.0 ], [ -52.620651899999984, -25.5889553, 0.0 ], [ -52.621194899999978, -25.589485700000012, 0.0 ], [ -52.6213833, -25.589373299999977, 0.0 ], [ -52.621716, -25.588692, 0.0 ], [ -52.6229338, -25.589642700000013, 0.0 ], [ -52.623048900000015, -25.589798799999983, 0.0 ], [ -52.623985100000027, -25.589844, 0.0 ], [ -52.6242542, -25.590688600000021, 0.0 ], [ -52.624389599999972, -25.590748500000018, 0.0 ], [ -52.62486130000002, -25.590906800000027, 0.0 ], [ -52.625367499999982, -25.591137899999978, 0.0 ], [ -52.625556099999983, -25.59126980000002, 0.0 ], [ -52.6259503, -25.591349799999989, 0.0 ], [ -52.6265416, -25.591736500000025, 0.0 ], [ -52.628154400000028, -25.593590399999982, 0.0 ], [ -52.625659199999973, -25.5934345, 0.0 ], [ -52.6252283, -25.593639100000019, 0.0 ], [ -52.62503, -25.5936284, 0.0 ], [ -52.625019599999973, -25.593632800000023, 0.0 ], [ -52.624835299999972, -25.5937384, 0.0 ], [ -52.624707899999976, -25.593827299999987, 0.0 ], [ -52.624360799999977, -25.594069400000024, 0.0 ], [ -52.623619799999972, -25.594338900000025, 0.0 ], [ -52.623315400000024, -25.594310300000018, 0.0 ], [ -52.6231067, -25.594678400000021, 0.0 ], [ -52.622220200000015, -25.594713599999977, 0.0 ], [ -52.622133799999972, -25.594867299999976, 0.0 ], [ -52.621379499999989, -25.5948881, 0.0 ], [ -52.6206588, -25.594962399999986, 0.0 ], [ -52.6201092, -25.5955138, 0.0 ], [ -52.619418100000019, -25.595258899999976, 0.0 ], [ -52.619067700000016, -25.595396699999981, 0.0 ], [ -52.61858460000002, -25.595492799999988, 0.0 ], [ -52.618308500000012, -25.5956185, 0.0 ], [ -52.618195599999979, -25.5957186, 0.0 ], [ -52.6177654, -25.596338800000012, 0.0 ], [ -52.617118800000014, -25.5964194, 0.0 ], [ -52.616874, -25.596451399999978, 0.0 ], [ -52.6164025, -25.5966244, 0.0 ], [ -52.615957499999979, -25.5965496, 0.0 ], [ -52.615617400000019, -25.596583, 0.0 ], [ -52.6150346, -25.596748, 0.0 ], [ -52.614454, -25.596657, 0.0 ], [ -52.613826, -25.596419799999978, 0.0 ], [ -52.6134495, -25.5961122, 0.0 ], [ -52.613222300000018, -25.595967499999972, 0.0 ], [ -52.61270780000001, -25.5957548, 0.0 ], [ -52.6125515, -25.595765299999982, 0.0 ], [ -52.611900900000023, -25.595816500000012, 0.0 ], [ -52.61157750000001, -25.595708300000013, 0.0 ], [ -52.6113034, -25.595828499999982, 0.0 ], [ -52.610974100000021, -25.595909399999982, 0.0 ], [ -52.610668499999974, -25.596065099999976, 0.0 ], [ -52.610660699999983, -25.5962965, 0.0 ], [ -52.610719500000016, -25.596469599999978, 0.0 ], [ -52.6109376, -25.5968229, 0.0 ], [ -52.611087699999985, -25.5971998, 0.0 ], [ -52.61117059999998, -25.5972858, 0.0 ], [ -52.6114528, -25.597645699999987, 0.0 ], [ -52.6115335, -25.597842899999989, 0.0 ], [ -52.611943699999983, -25.598143400000026, 0.0 ], [ -52.612680300000022, -25.5985306, 0.0 ], [ -52.613052499999981, -25.5992003, 0.0 ], [ -52.613247800000011, -25.599544499999979, 0.0 ], [ -52.613459, -25.5997413, 0.0 ], [ -52.61381, -25.599933599999986, 0.0 ], [ -52.6141862, -25.600061700000026, 0.0 ], [ -52.6148045, -25.600209899999982, 0.0 ], [ -52.6150166, -25.600307199999975, 0.0 ], [ -52.615280700000028, -25.600201200000015, 0.0 ], [ -52.615832899999987, -25.600022299999978, 0.0 ], [ -52.615904600000022, -25.600012900000024, 0.0 ], [ -52.616305, -25.599730099999988, 0.0 ], [ -52.61674720000002, -25.599804600000027, 0.0 ], [ -52.617091099999982, -25.599729299999979, 0.0 ], [ -52.6172947, -25.599769499999979, 0.0 ], [ -52.6173966, -25.599739, 0.0 ], [ -52.617701099999977, -25.599678400000016, 0.0 ], [ -52.617862399999979, -25.599565199999972, 0.0 ], [ -52.6179634, -25.5995547, 0.0 ], [ -52.6181522, -25.599394, 0.0 ], [ -52.6184485, -25.599374399999988, 0.0 ], [ -52.618680900000015, -25.599204900000018, 0.0 ], [ -52.618852800000013, -25.5992089, 0.0 ], [ -52.618951, -25.599085699999989, 0.0 ], [ -52.619376699999975, -25.598901899999987, 0.0 ], [ -52.619580699999972, -25.59879669999998, 0.0 ], [ -52.619789299999979, -25.5986484, 0.0 ], [ -52.6203901, -25.5981167, 0.0 ], [ -52.621137200000021, -25.598228600000027, 0.0 ], [ -52.621328399999982, -25.5981215, 0.0 ], [ -52.62165490000001, -25.597550500000011, 0.0 ], [ -52.622208399999977, -25.597698200000025, 0.0 ], [ -52.622379799999976, -25.5976086, 0.0 ], [ -52.622857, -25.597576300000014, 0.0 ], [ -52.6229684, -25.5975899, 0.0 ], [ -52.6232033, -25.597422699999981, 0.0 ], [ -52.62393830000002, -25.5973449, 0.0 ], [ -52.6245176, -25.5974018, 0.0 ], [ -52.624554100000012, -25.597386799999981, 0.0 ], [ -52.625025400000027, -25.597307899999976, 0.0 ], [ -52.625278900000012, -25.597274299999981, 0.0 ], [ -52.625630600000022, -25.5971171, 0.0 ], [ -52.626114299999983, -25.597139200000015, 0.0 ], [ -52.626154, -25.597098599999981, 0.0 ], [ -52.628542900000014, -25.597313699999972, 0.0 ], [ -52.6273852, -25.598811300000023, 0.0 ], [ -52.6271835, -25.5989684, 0.0 ], [ -52.627138800000012, -25.599185299999988, 0.0 ], [ -52.6267676, -25.59956, 0.0 ], [ -52.626561700000025, -25.599762, 0.0 ], [ -52.626573300000018, -25.5999109, 0.0 ], [ -52.626327800000013, -25.600467900000012, 0.0 ], [ -52.625945699999988, -25.6008223, 0.0 ], [ -52.6257496, -25.6011034, 0.0 ], [ -52.625568499999986, -25.601332599999978, 0.0 ], [ -52.625738099999978, -25.601409400000023, 0.0 ], [ -52.6258297, -25.601519, 0.0 ], [ -52.626276099999984, -25.6016158, 0.0 ], [ -52.626535100000012, -25.6017167, 0.0 ], [ -52.626760900000022, -25.6017369, 0.0 ], [ -52.62714440000002, -25.6018317, 0.0 ], [ -52.6275195, -25.601998, 0.0 ], [ -52.627805599999988, -25.6020701, 0.0 ], [ -52.628145599999982, -25.601951499999984, 0.0 ], [ -52.628554800000018, -25.6021017, 0.0 ], [ -52.628997500000025, -25.602055800000016, 0.0 ], [ -52.629742599999986, -25.6020646, 0.0 ], [ -52.6305552, -25.6020916, 0.0 ], [ -52.631346800000017, -25.6022999, 0.0 ], [ -52.6317826, -25.6026698, 0.0 ], [ -52.632308, -25.603245800000025, 0.0 ], [ -52.632627300000024, -25.603801499999975, 0.0 ], [ -52.633202499999982, -25.604247699999974, 0.0 ], [ -52.633287600000017, -25.6045732, 0.0 ], [ -52.633747299999982, -25.60485970000002, 0.0 ], [ -52.634267099999988, -25.605647299999987, 0.0 ], [ -52.6338417, -25.6074362, 0.0 ], [ -52.6338687, -25.607616099999973, 0.0 ], [ -52.6339385, -25.612738, 0.0 ], [ -52.633947700000022, -25.613238799999976, 0.0 ], [ -52.634005699999989, -25.6188282, 0.0 ], [ -52.634008199999982, -25.6188634, 0.0 ], [ -52.634008900000026, -25.618873, 0.0 ], [ -52.634010699999976, -25.6188995, 0.0 ], [ -52.634015200000022, -25.619352100000015, 0.0 ], [ -52.6329796, -25.621088199999974, 0.0 ], [ -52.629140800000016, -25.62748019999998, 0.0 ], [ -52.629109299999982, -25.6275326, 0.0 ], [ -52.629073, -25.627597, 0.0 ], [ -52.629059900000016, -25.627618700000028, 0.0 ], [ -52.628015, -25.629343300000016, 0.0 ], [ -52.628005799999983, -25.6293602, 0.0 ], [ -52.627356299999974, -25.630444599999976, 0.0 ], [ -52.6273198, -25.6305122, 0.0 ], [ -52.627312300000028, -25.6305261, 0.0 ], [ -52.625925100000018, -25.6328481, 0.0 ], [ -52.622094300000015, -25.6332099, 0.0 ], [ -52.6210936, -25.633293700000024, 0.0 ], [ -52.620830800000022, -25.633315700000026, 0.0 ], [ -52.6208555, -25.633481599999982, 0.0 ], [ -52.620921, -25.633600899999976, 0.0 ], [ -52.6209829, -25.633743200000026, 0.0 ], [ -52.6209617, -25.633890800000017, 0.0 ], [ -52.6209801, -25.634019099999989, 0.0 ], [ -52.621017600000016, -25.6341802, 0.0 ], [ -52.6210509, -25.6343367, 0.0 ], [ -52.621044900000015, -25.6344525, 0.0 ], [ -52.621047200000021, -25.634530900000016, 0.0 ], [ -52.6210552, -25.6346097, 0.0 ], [ -52.621056899999985, -25.634675800000025, 0.0 ], [ -52.621091299999989, -25.634746099999973, 0.0 ], [ -52.621128100000021, -25.6348157, 0.0 ], [ -52.6211697, -25.6349204, 0.0 ], [ -52.621202400000016, -25.635002199999974, 0.0 ], [ -52.6212554, -25.635077500000023, 0.0 ], [ -52.621301, -25.635168299999975, 0.0 ], [ -52.621328600000027, -25.635226499999987, 0.0 ], [ -52.6213578, -25.635255700000016, 0.0 ], [ -52.6214091, -25.6353176, 0.0 ], [ -52.6214516, -25.635396800000024, 0.0 ], [ -52.6215133, -25.635464500000012, 0.0 ], [ -52.621650199999976, -25.6356053, 0.0 ], [ -52.6216971, -25.635635200000024, 0.0 ], [ -52.621750299999974, -25.635681799999986, 0.0 ], [ -52.6217957, -25.635712, 0.0 ], [ -52.621846399999981, -25.635756599999979, 0.0 ], [ -52.621899, -25.635787100000016, 0.0 ], [ -52.6219595, -25.6358611, 0.0 ], [ -52.621998500000018, -25.6358998, 0.0 ], [ -52.62201349999998, -25.635927700000025, 0.0 ], [ -52.6220755, -25.635986399999979, 0.0 ], [ -52.622097100000019, -25.636092099999985, 0.0 ], [ -52.622102400000017, -25.636146399999973, 0.0 ], [ -52.6220692, -25.636205500000017, 0.0 ], [ -52.622021500000017, -25.636275300000023, 0.0 ], [ -52.621963699999981, -25.6363558, 0.0 ], [ -52.621958, -25.6364089, 0.0 ], [ -52.621998, -25.6365012, 0.0 ], [ -52.622047, -25.636589, 0.0 ], [ -52.6221008, -25.636707800000011, 0.0 ], [ -52.6221213, -25.636809299999982, 0.0 ], [ -52.622156599999983, -25.6369148, 0.0 ], [ -52.6221984, -25.637029700000028, 0.0 ], [ -52.6221994, -25.637082299999975, 0.0 ], [ -52.622211400000026, -25.63721, 0.0 ], [ -52.6222654, -25.637265899999989, 0.0 ], [ -52.6223508, -25.637319199999979, 0.0 ], [ -52.622455800000012, -25.637385400000028, 0.0 ], [ -52.622554400000013, -25.6374639, 0.0 ], [ -52.6226173, -25.637531200000012, 0.0 ], [ -52.622700599999973, -25.637615400000016, 0.0 ], [ -52.6227869, -25.637653600000021, 0.0 ], [ -52.622883800000011, -25.637677, 0.0 ], [ -52.622980700000028, -25.6377202, 0.0 ], [ -52.623075, -25.6377746, 0.0 ], [ -52.623145299999976, -25.637828099999979, 0.0 ], [ -52.623225199999979, -25.637876100000028, 0.0 ], [ -52.623365799999988, -25.6379063, 0.0 ], [ -52.623448900000028, -25.6379207, 0.0 ], [ -52.6235314, -25.6379116, 0.0 ], [ -52.6236164, -25.637898399999983, 0.0 ], [ -52.623714300000017, -25.637927699999977, 0.0 ], [ -52.62381, -25.6380011, 0.0 ], [ -52.6238869, -25.638071, 0.0 ], [ -52.623943600000018, -25.638163599999984, 0.0 ], [ -52.623988899999972, -25.638236800000016, 0.0 ], [ -52.624064299999986, -25.638286400000027, 0.0 ], [ -52.624144100000024, -25.638336700000025, 0.0 ], [ -52.6242221, -25.6383841, 0.0 ], [ -52.624321800000018, -25.6384448, 0.0 ], [ -52.6244266, -25.638510399999973, 0.0 ], [ -52.624535200000025, -25.638543700000014, 0.0 ], [ -52.624581200000023, -25.638560400000017, 0.0 ], [ -52.624694499999976, -25.638595, 0.0 ], [ -52.6247386, -25.6386124, 0.0 ], [ -52.624817399999984, -25.638642100000027, 0.0 ], [ -52.624885, -25.6386716, 0.0 ], [ -52.624963700000023, -25.638670499999989, 0.0 ], [ -52.6250417, -25.6386738, 0.0 ], [ -52.625148599999989, -25.638753300000019, 0.0 ], [ -52.625262500000019, -25.638828699999976, 0.0 ], [ -52.625351, -25.6389092, 0.0 ], [ -52.6254854, -25.6389825, 0.0 ], [ -52.625616, -25.639077699999973, 0.0 ], [ -52.62570340000002, -25.6392093, 0.0 ], [ -52.625828800000022, -25.6392866, 0.0 ], [ -52.625941399999988, -25.639366600000017, 0.0 ], [ -52.625999299999989, -25.639478199999985, 0.0 ], [ -52.626030800000024, -25.639578799999981, 0.0 ], [ -52.626056, -25.6396712, 0.0 ], [ -52.6260686, -25.639709400000015, 0.0 ], [ -52.626001, -25.639806299999975, 0.0 ], [ -52.6259268, -25.6398335, 0.0 ], [ -52.625749499999984, -25.639875099999983, 0.0 ], [ -52.625539600000025, -25.6398706, 0.0 ], [ -52.62543119999998, -25.639924099999973, 0.0 ], [ -52.625292100000024, -25.639999699999976, 0.0 ], [ -52.625200899999982, -25.640098500000022, 0.0 ], [ -52.6251567, -25.640126099999975, 0.0 ], [ -52.625060500000018, -25.640151, 0.0 ], [ -52.624958400000025, -25.640321500000027, 0.0 ], [ -52.6248579, -25.6403982, 0.0 ], [ -52.624781199999973, -25.640467100000023, 0.0 ], [ -52.624736, -25.6405335, 0.0 ], [ -52.624672799999985, -25.640590499999973, 0.0 ], [ -52.624638899999979, -25.64068020000002, 0.0 ], [ -52.624587099999985, -25.640765, 0.0 ], [ -52.624550899999974, -25.640851699999985, 0.0 ], [ -52.624523599999975, -25.6409703, 0.0 ], [ -52.624505399999975, -25.6410507, 0.0 ], [ -52.624485900000025, -25.641166100000021, 0.0 ], [ -52.6244686, -25.641248299999972, 0.0 ], [ -52.624450200000013, -25.6413243, 0.0 ], [ -52.6244264, -25.641393600000015, 0.0 ], [ -52.624409300000025, -25.641444200000024, 0.0 ], [ -52.624405599999989, -25.64155310000001, 0.0 ], [ -52.6243682, -25.64167470000001, 0.0 ], [ -52.624360599999989, -25.6417841, 0.0 ], [ -52.624345800000015, -25.6418627, 0.0 ], [ -52.6243584, -25.6419621, 0.0 ], [ -52.624360700000011, -25.6420283, 0.0 ], [ -52.624357299999986, -25.6421059, 0.0 ], [ -52.624353199999973, -25.642202399999974, 0.0 ], [ -52.624369800000011, -25.6423125, 0.0 ], [ -52.624406799999974, -25.642383699999982, 0.0 ], [ -52.6244173, -25.642468899999983, 0.0 ], [ -52.624406099999987, -25.642554299999972, 0.0 ], [ -52.624378700000022, -25.6426313, 0.0 ], [ -52.6243601, -25.6427266, 0.0 ], [ -52.624359799999979, -25.642829300000017, 0.0 ], [ -52.624352400000021, -25.642925900000023, 0.0 ], [ -52.624360799999977, -25.643022700000017, 0.0 ], [ -52.624370199999987, -25.643132799999989, 0.0 ], [ -52.624366399999985, -25.643218600000012, 0.0 ], [ -52.624374699999976, -25.6432989, 0.0 ], [ -52.624347199999988, -25.643428200000017, 0.0 ], [ -52.624335499999972, -25.643501500000013, 0.0 ], [ -52.6243435, -25.643548099999975, 0.0 ], [ -52.624362299999973, -25.6435634, 0.0 ], [ -52.6243829, -25.64360240000002, 0.0 ], [ -52.624464, -25.6436627, 0.0 ], [ -52.624561299999982, -25.6437302, 0.0 ], [ -52.6246516, -25.64377, 0.0 ], [ -52.624801199999979, -25.643807900000013, 0.0 ], [ -52.624931800000013, -25.6438336, 0.0 ], [ -52.625051199999973, -25.643906099999981, 0.0 ], [ -52.625165200000026, -25.6439724, 0.0 ], [ -52.625291600000025, -25.644091399999979, 0.0 ], [ -52.625341699999979, -25.64418280000001, 0.0 ], [ -52.6254275, -25.644271600000025, 0.0 ], [ -52.625447099999974, -25.6443243, 0.0 ], [ -52.625441099999989, -25.644408399999975, 0.0 ], [ -52.6254154, -25.644482900000014, 0.0 ], [ -52.625394299999982, -25.6445898, 0.0 ], [ -52.625371799999982, -25.6447086, 0.0 ], [ -52.625355099999979, -25.64484010000001, 0.0 ], [ -52.625338100000022, -25.644928900000025, 0.0 ], [ -52.625333800000021, -25.64506160000002, 0.0 ], [ -52.625354, -25.6451333, 0.0 ], [ -52.625387900000021, -25.645219899999972, 0.0 ], [ -52.6253984, -25.645323500000018, 0.0 ], [ -52.62543119999998, -25.645400600000016, 0.0 ], [ -52.62543, -25.6454584, 0.0 ], [ -52.6254293, -25.64556, 0.0 ], [ -52.625439799999981, -25.645615, 0.0 ], [ -52.625435, -25.645736600000021, 0.0 ], [ -52.625417200000015, -25.6458139, 0.0 ], [ -52.625469, -25.6459514, 0.0 ], [ -52.6254088, -25.6460841, 0.0 ], [ -52.625395500000025, -25.646156800000028, 0.0 ], [ -52.625420299999973, -25.646229100000028, 0.0 ], [ -52.625403800000015, -25.646279199999981, 0.0 ], [ -52.625422, -25.6463716, 0.0 ], [ -52.625409100000013, -25.646489200000019, 0.0 ], [ -52.625439500000027, -25.646566300000018, 0.0 ], [ -52.6254189, -25.6467543, 0.0 ], [ -52.625418500000023, -25.646860100000026, 0.0 ], [ -52.625405300000011, -25.6469636, 0.0 ], [ -52.625382300000012, -25.647014800000022, 0.0 ], [ -52.625380800000016, -25.6470938, 0.0 ], [ -52.625370799999985, -25.64716679999998, 0.0 ], [ -52.625368499999979, -25.647202199999981, 0.0 ], [ -52.625366499999984, -25.647266800000011, 0.0 ], [ -52.625374500000021, -25.647347799999977, 0.0 ], [ -52.62537930000002, -25.647437500000024, 0.0 ], [ -52.625394799999981, -25.6475577, 0.0 ], [ -52.625400800000023, -25.647646099999974, 0.0 ], [ -52.625377899999989, -25.647753, 0.0 ], [ -52.6253327, -25.647887700000013, 0.0 ], [ -52.625312899999983, -25.647998700000016, 0.0 ], [ -52.625272600000017, -25.6481164, 0.0 ], [ -52.625260700000013, -25.6482062, 0.0 ], [ -52.6252399, -25.6482926, 0.0 ], [ -52.62523010000001, -25.64839760000001, 0.0 ], [ -52.625231499999984, -25.648482399999978, 0.0 ], [ -52.6252265, -25.6485978, 0.0 ], [ -52.625225399999977, -25.648722599999985, 0.0 ], [ -52.625224100000025, -25.648829, 0.0 ], [ -52.625233400000013, -25.648904099999982, 0.0 ], [ -52.6252862, -25.649012700000014, 0.0 ], [ -52.625323900000012, -25.6491395, 0.0 ], [ -52.625316199999986, -25.649215200000015, 0.0 ], [ -52.625340199999982, -25.6493198, 0.0 ], [ -52.625354300000026, -25.64942910000002, 0.0 ], [ -52.625351099999989, -25.649523199999976, 0.0 ], [ -52.625360399999977, -25.649599500000022, 0.0 ], [ -52.6253757, -25.649703199999976, 0.0 ], [ -52.625431100000014, -25.649798200000021, 0.0 ], [ -52.625436900000011, -25.649868700000013, 0.0 ], [ -52.625442, -25.6499531, 0.0 ], [ -52.625457499999982, -25.650032599999975, 0.0 ], [ -52.6254518, -25.6501326, 0.0 ], [ -52.625453100000016, -25.6502307, 0.0 ], [ -52.625442, -25.6503442, 0.0 ], [ -52.625438299999985, -25.650462800000014, 0.0 ], [ -52.625426600000026, -25.650558499999988, 0.0 ], [ -52.6254007, -25.6506592, 0.0 ], [ -52.625355300000024, -25.650767299999984, 0.0 ], [ -52.625336899999979, -25.650851100000011, 0.0 ], [ -52.6253319, -25.650941400000022, 0.0 ], [ -52.6253534, -25.6510412, 0.0 ], [ -52.6254, -25.6511198, 0.0 ], [ -52.625451600000019, -25.651206, 0.0 ], [ -52.6255468, -25.65130019999998, 0.0 ], [ -52.6256234, -25.6514335, 0.0 ], [ -52.62562029999998, -25.6515561, 0.0 ], [ -52.625644, -25.6516653, 0.0 ], [ -52.625715599999978, -25.65176839999998, 0.0 ], [ -52.625756500000023, -25.6518458, 0.0 ], [ -52.6258446, -25.651938500000028, 0.0 ], [ -52.625944899999979, -25.652067100000011, 0.0 ], [ -52.626030800000024, -25.652240600000027, 0.0 ], [ -52.6260636, -25.652295700000025, 0.0 ], [ -52.6261351, -25.652354600000024, 0.0 ], [ -52.6262395, -25.652427100000011, 0.0 ], [ -52.626336400000014, -25.652533100000028, 0.0 ], [ -52.626398199999983, -25.652647, 0.0 ], [ -52.626452799999981, -25.652733399999988, 0.0 ], [ -52.626512699999978, -25.652805100000023, 0.0 ], [ -52.626593, -25.652869399999986, 0.0 ], [ -52.626608499999975, -25.652873199999988, 0.0 ], [ -52.626643300000012, -25.652910500000019, 0.0 ], [ -52.6267363, -25.6529736, 0.0 ], [ -52.626787799999988, -25.653022099999987, 0.0 ], [ -52.626886500000012, -25.653091500000016, 0.0 ], [ -52.627006100000017, -25.653132200000016, 0.0 ], [ -52.627127700000017, -25.6531415, 0.0 ], [ -52.627280400000018, -25.653195700000026, 0.0 ], [ -52.6273979, -25.6532681, 0.0 ], [ -52.62743949999998, -25.653342899999984, 0.0 ], [ -52.627523900000028, -25.6534163, 0.0 ], [ -52.627546400000028, -25.653441499999985, 0.0 ], [ -52.627573900000016, -25.6534744, 0.0 ], [ -52.627615, -25.6535225, 0.0 ], [ -52.627697800000021, -25.6535568, 0.0 ], [ -52.627777, -25.653577, 0.0 ], [ -52.627908400000024, -25.6536221, 0.0 ], [ -52.627994, -25.653652299999976, 0.0 ], [ -52.628082899999981, -25.653691499999979, 0.0 ], [ -52.6281472, -25.6537189, 0.0 ], [ -52.62826339999998, -25.6537593, 0.0 ], [ -52.628338699999972, -25.6537851, 0.0 ], [ -52.628429499999982, -25.653816, 0.0 ], [ -52.6285241, -25.653832599999987, 0.0 ], [ -52.628583400000025, -25.653841699999987, 0.0 ], [ -52.628665, -25.653865, 0.0 ], [ -52.6287663, -25.6538764, 0.0 ], [ -52.628849, -25.653886600000021, 0.0 ], [ -52.6288993, -25.653898799999979, 0.0 ], [ -52.6289582, -25.653897, 0.0 ], [ -52.62901979999998, -25.653907, 0.0 ], [ -52.62910770000002, -25.653897, 0.0 ], [ -52.629208600000027, -25.653889699999979, 0.0 ], [ -52.629327900000021, -25.6538961, 0.0 ], [ -52.629458699999986, -25.653904599999976, 0.0 ], [ -52.62961150000001, -25.65392989999998, 0.0 ], [ -52.6297727, -25.65395, 0.0 ], [ -52.6299168, -25.6539747, 0.0 ], [ -52.629979100000014, -25.653992500000015, 0.0 ], [ -52.630038399999989, -25.6539962, 0.0 ], [ -52.6301123, -25.653992599999981, 0.0 ], [ -52.630185400000016, -25.6539864, 0.0 ], [ -52.630268899999976, -25.6539851, 0.0 ], [ -52.630391799999984, -25.654002100000014, 0.0 ], [ -52.630487800000026, -25.653992, 0.0 ], [ -52.6306222, -25.653997, 0.0 ], [ -52.6307314, -25.653999399999975, 0.0 ], [ -52.6308426, -25.6539995, 0.0 ], [ -52.630934700000012, -25.654027699999972, 0.0 ], [ -52.631037100000015, -25.65404239999998, 0.0 ], [ -52.631074500000011, -25.654030700000021, 0.0 ], [ -52.63118750000001, -25.6540357, 0.0 ], [ -52.631308, -25.654058099999986, 0.0 ], [ -52.6314112, -25.6540488, 0.0 ], [ -52.631500099999982, -25.654065800000012, 0.0 ], [ -52.6316028, -25.6540435, 0.0 ], [ -52.631675200000018, -25.654045100000019, 0.0 ], [ -52.6318617, -25.654056200000014, 0.0 ], [ -52.6319876, -25.6540384, 0.0 ], [ -52.632138199999986, -25.654021899999975, 0.0 ], [ -52.6322391, -25.653995800000018, 0.0 ], [ -52.632406100000026, -25.653993800000023, 0.0 ], [ -52.6325392, -25.654001900000026, 0.0 ], [ -52.632667700000013, -25.654022199999986, 0.0 ], [ -52.632829, -25.6540539, 0.0 ], [ -52.632894299999975, -25.654025199999978, 0.0 ], [ -52.6330193, -25.653975300000013, 0.0 ], [ -52.633067, -25.653951300000017, 0.0 ], [ -52.6331616, -25.653918799999985, 0.0 ], [ -52.633228799999983, -25.653910100000019, 0.0 ], [ -52.63331340000002, -25.653895299999988, 0.0 ], [ -52.633476, -25.653871400000014, 0.0 ], [ -52.633554800000013, -25.653845699999977, 0.0 ], [ -52.6335671, -25.6538597, 0.0 ], [ -52.633605, -25.653908100000024, 0.0 ], [ -52.6338273, -25.653929600000026, 0.0 ], [ -52.63390320000002, -25.6539517, 0.0 ], [ -52.6339706, -25.653970500000014, 0.0 ], [ -52.634047099999975, -25.65399450000001, 0.0 ], [ -52.634114599999975, -25.654013, 0.0 ], [ -52.634189699999979, -25.654032799999982, 0.0 ], [ -52.634258100000011, -25.6540422, 0.0 ], [ -52.634342800000013, -25.654043899999976, 0.0 ], [ -52.6344234, -25.654055, 0.0 ], [ -52.6345126, -25.654062300000021, 0.0 ], [ -52.634580700000015, -25.654075299999988, 0.0 ], [ -52.634707100000014, -25.654077200000017, 0.0 ], [ -52.634808799999973, -25.6540609, 0.0 ], [ -52.634843, -25.654039599999976, 0.0 ], [ -52.634864199999981, -25.653986700000019, 0.0 ], [ -52.6349313, -25.653955, 0.0 ], [ -52.6350104, -25.653908199999989, 0.0 ], [ -52.635096, -25.6538761, 0.0 ], [ -52.6351441, -25.653833799999973, 0.0 ], [ -52.635198600000024, -25.6537803, 0.0 ], [ -52.6351975, -25.653713700000026, 0.0 ], [ -52.635166700000013, -25.653619699999979, 0.0 ], [ -52.6350979, -25.6534646, 0.0 ], [ -52.635064199999988, -25.653278199999988, 0.0 ], [ -52.63500879999998, -25.653147600000011, 0.0 ], [ -52.6349821, -25.653066, 0.0 ], [ -52.6349935, -25.653022799999974, 0.0 ], [ -52.635013500000014, -25.652967100000012, 0.0 ], [ -52.6350516, -25.652962300000013, 0.0 ], [ -52.635128899999984, -25.653082, 0.0 ], [ -52.6352384, -25.653216900000018, 0.0 ], [ -52.635284500000012, -25.653315, 0.0 ], [ -52.635307899999987, -25.6534335, 0.0 ], [ -52.635381100000018, -25.653551199999981, 0.0 ], [ -52.635446100000024, -25.6535874, 0.0 ], [ -52.635476200000028, -25.6536259, 0.0 ], [ -52.6355072, -25.653624799999989, 0.0 ], [ -52.635519400000021, -25.653616600000021, 0.0 ], [ -52.6355006, -25.65355, 0.0 ], [ -52.635332, -25.652957500000014, 0.0 ], [ -52.6355307, -25.6526141, 0.0 ], [ -52.634742800000026, -25.651662699999974, 0.0 ], [ -52.6366074, -25.651581099999987, 0.0 ], [ -52.636696, -25.651577299999985, 0.0 ], [ -52.6372422, -25.651553400000012, 0.0 ] ] ] ] } }
]
}
