{
"type": "FeatureCollection",
"name": "pas",
"crs": { "type": "name", "properties": { "name": "urn:ogc:def:crs:EPSG::4674" } },
"features": [
{ "type": "Feature", "properties": { "fid": 1, "cd_sipra": "PR0120000", "uf": "PR", "nome_proje": "PA FAZENDA ESTRELA", "municipio": "ORTIGUEIRA", "area_hecta": "496.1000", "capacidade": 23, "num_famili": 23, "fase": 6, "data_de_cr": "14/08/1996", "forma_obte": "Desapropriação", "data_obten": "30/09/1986", "area_calc_": 518.0558, "sr": null, "descricao_": null, "decada": "1990 - 1999" }, "geometry": { "type": "Point", "coordinates": [ -50.870857524168478, -24.188405862534079 ] } },
{ "type": "Feature", "properties": { "fid": 2, "cd_sipra": "PR0139000", "uf": "PR", "nome_proje": "PA SANTA RITA", "municipio": "PEABIRU", "area_hecta": "1893.3000", "capacidade": 92, "num_famili": 89, "fase": 6, "data_de_cr": "14/10/1997", "forma_obte": "Desapropriação", "data_obten": "06/11/1996", "area_calc_": 1873.6407, "sr": null, "descricao_": null, "decada": "1990 - 1999" }, "geometry": { "type": "Point", "coordinates": [ -52.198048897465483, -23.985938047943201 ] } },
{ "type": "Feature", "properties": { "fid": 3, "cd_sipra": "PR0023000", "uf": "PR", "nome_proje": "PA FAZENDA VITORIA", "municipio": "LINDOESTE", "area_hecta": "2372.2600", "capacidade": 154, "num_famili": 150, "fase": 6, "data_de_cr": "18/02/1987", "forma_obte": "Desapropriação", "data_obten": "30/12/1985", "area_calc_": 2378.0575, "sr": null, "descricao_": null, "decada": "1980 - 1989" }, "geometry": { "type": "Point", "coordinates": [ -53.488494567090214, -25.237946396353554 ] } },
{ "type": "Feature", "properties": { "fid": 4, "cd_sipra": "PR0179000", "uf": "PR", "nome_proje": "PA MARCOS FREIRE", "municipio": "RIO BONITO DO IGUACU", "area_hecta": "10095.4301", "capacidade": 578, "num_famili": 547, "fase": 3, "data_de_cr": "01/12/1998", "forma_obte": "Desapropriação", "data_obten": "01/12/1998", "area_calc_": 9306.5477, "sr": null, "descricao_": null, "decada": "1990 - 1999" }, "geometry": { "type": "Point", "coordinates": [ -52.721721406627687, -25.589214340053822 ] } },
{ "type": "Feature", "properties": { "fid": 5, "cd_sipra": "PR0157000", "uf": "PR", "nome_proje": "PA ERNESTO CHE GUEVARA", "municipio": "TEIXEIRA SOARES", "area_hecta": "1572.7096", "capacidade": 110, "num_famili": 101, "fase": 5, "data_de_cr": "18/12/1997", "forma_obte": "Desapropriação", "data_obten": "19/12/1997", "area_calc_": 1582.4761, "sr": null, "descricao_": null, "decada": "1990 - 1999" }, "geometry": { "type": "Point", "coordinates": [ -50.340369715633614, -25.236078278420017 ] } },
{ "type": "Feature", "properties": { "fid": 6, "cd_sipra": "PR0068000", "uf": "PR", "nome_proje": "PA TUNAS E TUNINHAS", "municipio": "GOIOXIM", "area_hecta": "259.0626", "capacidade": 10, "num_famili": 9, "fase": 6, "data_de_cr": "10/06/1992", "forma_obte": "Desapropriação", "data_obten": null, "area_calc_": 257.3483, "sr": null, "descricao_": null, "decada": "1990 - 1999" }, "geometry": { "type": "Point", "coordinates": [ -51.933872053402759, -25.170355212493384 ] } },
{ "type": "Feature", "properties": { "fid": 7, "cd_sipra": "PR0060000", "uf": "PR", "nome_proje": "PA CHOPIM II", "municipio": "HONORIO SERPA", "area_hecta": "2176.9699", "capacidade": 70, "num_famili": 66, "fase": 6, "data_de_cr": "27/12/1989", "forma_obte": "Compra e Venda", "data_obten": "27/12/1988", "area_calc_": 2038.8721, "sr": null, "descricao_": null, "decada": "1980 - 1989" }, "geometry": { "type": "Point", "coordinates": [ -52.392600639828721, -26.179750849663336 ] } },
{ "type": "Feature", "properties": { "fid": 8, "cd_sipra": "PR0336000", "uf": "PR", "nome_proje": "PA LEONIR ORBACH", "municipio": "QUEDAS DO IGUACU", "area_hecta": "1675.5000", "capacidade": 100, "num_famili": 0, "fase": 3, "data_de_cr": "19/04/2016", "forma_obte": "Desapropriação", "data_obten": "19/04/2016", "area_calc_": 1673.852, "sr": null, "descricao_": null, "decada": "2010 - 2019" }, "geometry": { "type": "Point", "coordinates": [ -52.925619906832459, -25.538578080425207 ] } },
{ "type": "Feature", "properties": { "fid": 9, "cd_sipra": "PR0259000", "uf": "PR", "nome_proje": "PA CONTESTADO", "municipio": "LAPA", "area_hecta": "3228.0000", "capacidade": 110, "num_famili": 109, "fase": 3, "data_de_cr": "29/11/2000", "forma_obte": "Desapropriação", "data_obten": "13/05/1999", "area_calc_": 3183.629, "sr": null, "descricao_": null, "decada": "2000 - 2009" }, "geometry": { "type": "Point", "coordinates": [ -49.709469419880129, -25.629242605888294 ] } },
{ "type": "Feature", "properties": { "fid": 10, "cd_sipra": "PR0011000", "uf": "PR", "nome_proje": "PA ÁGUA DA PRATA", "municipio": "TAMARANA", "area_hecta": "1651.0000", "capacidade": 93, "num_famili": 25, "fase": 7, "data_de_cr": "10/04/1986", "forma_obte": "Desapropriação", "data_obten": "02/07/1985", "area_calc_": 1668.4532, "sr": null, "descricao_": null, "decada": "1980 - 1989" }, "geometry": { "type": "Point", "coordinates": [ -50.978610522149438, -23.877451165750255 ] } },
{ "type": "Feature", "properties": { "fid": 11, "cd_sipra": "PR0177000", "uf": "PR", "nome_proje": "PA 27 DE OUTUBRO", "municipio": "PALMAS", "area_hecta": "7260.0000", "capacidade": 166, "num_famili": 164, "fase": 4, "data_de_cr": "16/11/1998", "forma_obte": "Desapropriação", "data_obten": "30/06/1998", "area_calc_": 7537.4272, "sr": null, "descricao_": null, "decada": "1990 - 1999" }, "geometry": { "type": "Point", "coordinates": [ -51.782712377028538, -26.239817909932647 ] } },
{ "type": "Feature", "properties": { "fid": 12, "cd_sipra": "PR0042000", "uf": "PR", "nome_proje": "PA FAXINAL DAS ARARAS", "municipio": "CAMPINA DO SIMAO", "area_hecta": "360.0000", "capacidade": 20, "num_famili": 19, "fase": 6, "data_de_cr": "27/10/1988", "forma_obte": "Desapropriação", "data_obten": "10/11/1987", "area_calc_": 392.6034, "sr": null, "descricao_": null, "decada": "1980 - 1989" }, "geometry": { "type": "Point", "coordinates": [ -51.860092338917632, -25.044966846404204 ] } },
{ "type": "Feature", "properties": { "fid": 13, "cd_sipra": "PR0304000", "uf": "PR", "nome_proje": "PA HO CHI MINH", "municipio": "CONGONHINHAS", "area_hecta": "205.8573", "capacidade": 11, "num_famili": 9, "fase": 3, "data_de_cr": "02/03/2007", "forma_obte": "Desapropriação", "data_obten": "18/11/1999", "area_calc_": 205.5596, "sr": null, "descricao_": null, "decada": "2000 - 2009" }, "geometry": { "type": "Point", "coordinates": [ -50.433543124083066, -23.524596839626202 ] } },
{ "type": "Feature", "properties": { "fid": 14, "cd_sipra": "PR0121000", "uf": "PR", "nome_proje": "PA MANDAÇAIA", "municipio": "TAMARANA", "area_hecta": "485.9200", "capacidade": 30, "num_famili": 29, "fase": 5, "data_de_cr": "14/08/1996", "forma_obte": "Desapropriação", "data_obten": "10/11/1995", "area_calc_": 500.0804, "sr": null, "descricao_": null, "decada": "1990 - 1999" }, "geometry": { "type": "Point", "coordinates": [ -51.082195071412961, -23.876911496358098 ] } },
{ "type": "Feature", "properties": { "fid": 15, "cd_sipra": "PR0326000", "uf": "PR", "nome_proje": "PA ELI VIVE I", "municipio": "LONDRINA", "area_hecta": "5826.5236", "capacidade": 426, "num_famili": 393, "fase": 3, "data_de_cr": "25/08/2010", "forma_obte": "Compra e Venda", "data_obten": "17/08/2010", "area_calc_": 5834.5513, "sr": null, "descricao_": null, "decada": "2010 - 2019" }, "geometry": { "type": "Point", "coordinates": [ -51.039520344202224, -23.610819074949326 ] } },
{ "type": "Feature", "properties": { "fid": 16, "cd_sipra": "PR0044000", "uf": "PR", "nome_proje": "PA SANTO REI", "municipio": "NOVA CANTU", "area_hecta": "1295.1190", "capacidade": 70, "num_famili": 70, "fase": 7, "data_de_cr": "27/10/1988", "forma_obte": "Desapropriação", "data_obten": "27/07/1986", "area_calc_": 1271.6115, "sr": null, "descricao_": null, "decada": "1980 - 1989" }, "geometry": { "type": "Point", "coordinates": [ -52.517536804127751, -24.638357229958206 ] } },
{ "type": "Feature", "properties": { "fid": 17, "cd_sipra": "PR0013000", "uf": "PR", "nome_proje": "PA NHUNDIAQUARA", "municipio": "MORRETES", "area_hecta": "1542.7650", "capacidade": 145, "num_famili": 136, "fase": 5, "data_de_cr": "28/08/1986", "forma_obte": "Desapropriação", "data_obten": "28/08/1984", "area_calc_": 12.7894, "sr": null, "descricao_": null, "decada": "1980 - 1989" }, "geometry": { "type": "Point", "coordinates": [ -48.870078678515497, -25.438025776319694 ] } },
{ "type": "Feature", "properties": { "fid": 18, "cd_sipra": "PR0391000", "uf": "PR", "nome_proje": "PA 16 DE MAIO", "municipio": "RAMILANDIA", "area_hecta": "4191.4932", "capacidade": 220, "num_famili": 203, "fase": 4, "data_de_cr": "28/12/2001", "forma_obte": "Desapropriação", "data_obten": "09/10/2001", "area_calc_": 4261.2272, "sr": null, "descricao_": null, "decada": "2000 - 2009" }, "geometry": { "type": "Point", "coordinates": [ -54.096852952059734, -25.064478859684254 ] } },
{ "type": "Feature", "properties": { "fid": 19, "cd_sipra": "PR0302000", "uf": "PR", "nome_proje": "PA PAINEIRA", "municipio": "RESERVA DO IGUACU", "area_hecta": "2619.8188", "capacidade": 80, "num_famili": 80, "fase": 3, "data_de_cr": "16/11/2006", "forma_obte": "Desapropriação", "data_obten": "22/12/2005", "area_calc_": 2620.785, "sr": null, "descricao_": null, "decada": "2000 - 2009" }, "geometry": { "type": "Point", "coordinates": [ -52.04397582235719, -25.888630384133972 ] } },
{ "type": "Feature", "properties": { "fid": 20, "cd_sipra": "PR0038000", "uf": "PR", "nome_proje": "PA PARI PARÓ", "municipio": "TAMARANA", "area_hecta": "327.0000", "capacidade": 24, "num_famili": 23, "fase": 7, "data_de_cr": "03/12/1987", "forma_obte": "Desapropriação", "data_obten": "09/06/1986", "area_calc_": 329.814, "sr": null, "descricao_": null, "decada": "1980 - 1989" }, "geometry": { "type": "Point", "coordinates": [ -51.052899130592735, -23.7233910066101 ] } },
{ "type": "Feature", "properties": { "fid": 21, "cd_sipra": "PR0058000", "uf": "PR", "nome_proje": "PA CRICIUMA", "municipio": "RESERVA", "area_hecta": "2486.0000", "capacidade": 54, "num_famili": 51, "fase": 7, "data_de_cr": "20/10/1989", "forma_obte": "Desapropriação", "data_obten": "02/03/1988", "area_calc_": 2467.6737, "sr": null, "descricao_": null, "decada": "1980 - 1989" }, "geometry": { "type": "Point", "coordinates": [ -51.032135477379256, -24.580237273682048 ] } },
{ "type": "Feature", "properties": { "fid": 22, "cd_sipra": "PR0383000", "uf": "PR", "nome_proje": "PA SONHO DE ROSE", "municipio": "BITURUNA", "area_hecta": "851.7101", "capacidade": 31, "num_famili": 29, "fase": 4, "data_de_cr": "14/09/2001", "forma_obte": "Desapropriação", "data_obten": "27/12/2001", "area_calc_": 857.4271, "sr": null, "descricao_": null, "decada": "2000 - 2009" }, "geometry": { "type": "Point", "coordinates": [ -51.472708109410632, -26.262633108413009 ] } },
{ "type": "Feature", "properties": { "fid": 23, "cd_sipra": "PR0378000", "uf": "PR", "nome_proje": "PA JOÃO MARIA DE AGUSTINHO", "municipio": "TEIXEIRA SOARES", "area_hecta": "1335.3000", "capacidade": 50, "num_famili": 30, "fase": 4, "data_de_cr": "19/12/2000", "forma_obte": "Desapropriação", "data_obten": "04/11/1998", "area_calc_": 1563.339, "sr": null, "descricao_": null, "decada": "2000 - 2009" }, "geometry": { "type": "Point", "coordinates": [ -50.532490247514133, -25.33596829088572 ] } },
{ "type": "Feature", "properties": { "fid": 24, "cd_sipra": "PR0253000", "uf": "PR", "nome_proje": "PA VIDA NOVA", "municipio": "TERRA RICA", "area_hecta": "611.4500", "capacidade": 25, "num_famili": 22, "fase": 5, "data_de_cr": "25/11/1999", "forma_obte": "Desapropriação", "data_obten": "02/09/1999", "area_calc_": 613.1884, "sr": null, "descricao_": null, "decada": "1990 - 1999" }, "geometry": { "type": "Point", "coordinates": [ -52.731308004149703, -22.81970972248892 ] } },
{ "type": "Feature", "properties": { "fid": 25, "cd_sipra": "PR0232000", "uf": "PR", "nome_proje": "PA ILDO LUIZ PERRUZO", "municipio": "SANTA MONICA", "area_hecta": "1256.0000", "capacidade": 37, "num_famili": 37, "fase": 5, "data_de_cr": "30/06/1999", "forma_obte": "Desapropriação", "data_obten": "12/03/1998", "area_calc_": 955.7629, "sr": null, "descricao_": null, "decada": "1990 - 1999" }, "geometry": { "type": "Point", "coordinates": [ -53.108527903600262, -23.156374225803546 ] } },
{ "type": "Feature", "properties": { "fid": 26, "cd_sipra": "PR0140000", "uf": "PR", "nome_proje": "PA BELA MANHÃ", "municipio": "PALMITAL", "area_hecta": "3515.8884", "capacidade": 160, "num_famili": 158, "fase": 6, "data_de_cr": "04/12/1997", "forma_obte": "Compra e Venda", "data_obten": "06/09/1996", "area_calc_": 3418.7254, "sr": null, "descricao_": null, "decada": "1990 - 1999" }, "geometry": { "type": "Point", "coordinates": [ -52.388480890399975, -24.813951609024294 ] } },
{ "type": "Feature", "properties": { "fid": 27, "cd_sipra": "PR0272000", "uf": "PR", "nome_proje": "PA SUMATRA", "municipio": "PLANALTINA DO PARANA", "area_hecta": "780.5400", "capacidade": 29, "num_famili": 29, "fase": 5, "data_de_cr": "22/12/1999", "forma_obte": "Desapropriação", "data_obten": "14/10/1998", "area_calc_": 781.5061, "sr": null, "descricao_": null, "decada": "1990 - 1999" }, "geometry": { "type": "Point", "coordinates": [ -52.879040930892515, -23.024932290201981 ] } },
{ "type": "Feature", "properties": { "fid": 28, "cd_sipra": "PR0284000", "uf": "PR", "nome_proje": "PA OLGA BENARIO", "municipio": "SANTA TEREZA DO OESTE", "area_hecta": "89.3392", "capacidade": 10, "num_famili": 10, "fase": 3, "data_de_cr": "07/01/2005", "forma_obte": "Transferência", "data_obten": "23/07/2004", "area_calc_": 91.4016, "sr": null, "descricao_": null, "decada": "2000 - 2009" }, "geometry": { "type": "Point", "coordinates": [ -53.582240731597125, -25.090000141435109 ] } },
{ "type": "Feature", "properties": { "fid": 29, "cd_sipra": "PR0214000", "uf": "PR", "nome_proje": "PA CACIQUE", "municipio": "TAMARANA", "area_hecta": "162.0432", "capacidade": 12, "num_famili": 12, "fase": 5, "data_de_cr": "20/01/1999", "forma_obte": "Desapropriação", "data_obten": "30/06/1998", "area_calc_": 167.4236, "sr": null, "descricao_": null, "decada": "1990 - 1999" }, "geometry": { "type": "Point", "coordinates": [ -51.030946181633141, -23.773184133607732 ] } },
{ "type": "Feature", "properties": { "fid": 30, "cd_sipra": "PR0203000", "uf": "PR", "nome_proje": "PA BOA ESPERANÇA", "municipio": "SAPOPEMA", "area_hecta": "348.6200", "capacidade": 14, "num_famili": 13, "fase": 5, "data_de_cr": "08/12/1998", "forma_obte": "Desapropriação", "data_obten": "30/06/1998", "area_calc_": 351.1303, "sr": null, "descricao_": null, "decada": "1990 - 1999" }, "geometry": { "type": "Point", "coordinates": [ -50.691080148110835, -23.970565367126202 ] } },
{ "type": "Feature", "properties": { "fid": 31, "cd_sipra": "PR0012000", "uf": "PR", "nome_proje": "PA NOVA CONQUISTA", "municipio": "CHOPINZINHO", "area_hecta": "531.5500", "capacidade": 31, "num_famili": 30, "fase": 7, "data_de_cr": "24/06/1986", "forma_obte": "Desapropriação", "data_obten": "24/09/1985", "area_calc_": 552.4345, "sr": null, "descricao_": null, "decada": "1980 - 1989" }, "geometry": { "type": "Point", "coordinates": [ -52.407828062264919, -25.851385905500159 ] } },
{ "type": "Feature", "properties": { "fid": 32, "cd_sipra": "PR0086000", "uf": "PR", "nome_proje": "PA MODELO", "municipio": "IBAITI", "area_hecta": "2248.7003", "capacidade": 114, "num_famili": 99, "fase": 6, "data_de_cr": "17/03/1994", "forma_obte": "Compra e Venda", "data_obten": "25/11/1992", "area_calc_": 2211.9547, "sr": null, "descricao_": null, "decada": "1990 - 1999" }, "geometry": { "type": "Point", "coordinates": [ -50.346870250304832, -23.706270133830792 ] } },
{ "type": "Feature", "properties": { "fid": 33, "cd_sipra": "PR0076000", "uf": "PR", "nome_proje": "PA ÁGUA FRIA", "municipio": "GOIOXIM", "area_hecta": "368.0000", "capacidade": 15, "num_famili": 15, "fase": 5, "data_de_cr": "02/09/1992", "forma_obte": "Desapropriação", "data_obten": "27/05/1988", "area_calc_": 382.3102, "sr": null, "descricao_": null, "decada": "1990 - 1999" }, "geometry": { "type": "Point", "coordinates": [ -52.132795286458361, -25.004430003701547 ] } },
{ "type": "Feature", "properties": { "fid": 34, "cd_sipra": "PR0229000", "uf": "PR", "nome_proje": "PA ROSELI NUNES", "municipio": "SAO JERONIMO DA SERRA", "area_hecta": "339.5700", "capacidade": 19, "num_famili": 17, "fase": 5, "data_de_cr": "30/06/1999", "forma_obte": "Desapropriação", "data_obten": "03/09/1998", "area_calc_": 340.7463, "sr": null, "descricao_": null, "decada": "1990 - 1999" }, "geometry": { "type": "Point", "coordinates": [ -50.714507465962129, -23.770144997885374 ] } },
{ "type": "Feature", "properties": { "fid": 35, "cd_sipra": "PR0071000", "uf": "PR", "nome_proje": "PA CHOPIM IV", "municipio": "HONORIO SERPA", "area_hecta": "530.0225", "capacidade": 21, "num_famili": 19, "fase": 6, "data_de_cr": "10/06/1992", "forma_obte": "Desapropriação", "data_obten": "27/09/1989", "area_calc_": 529.8957, "sr": null, "descricao_": null, "decada": "1990 - 1999" }, "geometry": { "type": "Point", "coordinates": [ -52.410230324497896, -26.258192817980269 ] } },
{ "type": "Feature", "properties": { "fid": 36, "cd_sipra": "PR0067000", "uf": "PR", "nome_proje": "PA VOLTA GRANDE", "municipio": "GOIOXIM", "area_hecta": "266.0000", "capacidade": 10, "num_famili": 10, "fase": 6, "data_de_cr": "10/06/1992", "forma_obte": "Desapropriação", "data_obten": "27/05/1988", "area_calc_": 256.7499, "sr": null, "descricao_": null, "decada": "1990 - 1999" }, "geometry": { "type": "Point", "coordinates": [ -52.091024913340988, -25.003244043455862 ] } },
{ "type": "Feature", "properties": { "fid": 37, "cd_sipra": "PR0059000", "uf": "PR", "nome_proje": "PA FAZENDA MACHADO", "municipio": "MANGUEIRINHA", "area_hecta": "416.0000", "capacidade": 12, "num_famili": 11, "fase": 6, "data_de_cr": "27/12/1989", "forma_obte": "Desapropriação", "data_obten": "10/08/1988", "area_calc_": 421.2834, "sr": null, "descricao_": null, "decada": "1980 - 1989" }, "geometry": { "type": "Point", "coordinates": [ -52.239517401952646, -26.084060341824326 ] } },
{ "type": "Feature", "properties": { "fid": 38, "cd_sipra": "PR0046000", "uf": "PR", "nome_proje": "PA SERRO VERDE", "municipio": "CAMPINA DO SIMAO", "area_hecta": "261.0000", "capacidade": 14, "num_famili": 13, "fase": 7, "data_de_cr": "27/10/1988", "forma_obte": "Desapropriação", "data_obten": "10/11/1987", "area_calc_": 260.196, "sr": null, "descricao_": null, "decada": "1980 - 1989" }, "geometry": { "type": "Point", "coordinates": [ -51.827994096833379, -25.046292728723976 ] } },
{ "type": "Feature", "properties": { "fid": 39, "cd_sipra": "PR0255000", "uf": "PR", "nome_proje": "PA RIO CATEQUESE", "municipio": "GENERAL CARNEIRO", "area_hecta": "416.5382", "capacidade": 19, "num_famili": 19, "fase": 5, "data_de_cr": "20/12/2000", "forma_obte": "Desapropriação", "data_obten": "10/11/1999", "area_calc_": 407.4038, "sr": null, "descricao_": null, "decada": "2000 - 2009" }, "geometry": { "type": "Point", "coordinates": [ -51.438352326705946, -26.64767556744513 ] } },
{ "type": "Feature", "properties": { "fid": 40, "cd_sipra": "PR0277000", "uf": "PR", "nome_proje": "PA JOSÉ ARNALDO DOS SANTOS", "municipio": "NOVA CANTU", "area_hecta": "1265.1690", "capacidade": 58, "num_famili": 58, "fase": 5, "data_de_cr": "25/02/2000", "forma_obte": "Desapropriação", "data_obten": "16/12/1999", "area_calc_": 1306.0818, "sr": null, "descricao_": null, "decada": "2000 - 2009" }, "geometry": { "type": "Point", "coordinates": [ -52.612924611175714, -24.735907761745086 ] } },
{ "type": "Feature", "properties": { "fid": 41, "cd_sipra": "PR0013000", "uf": "PR", "nome_proje": "PA NHUNDIAQUARA", "municipio": "MORRETES", "area_hecta": "1542.7650", "capacidade": 145, "num_famili": 136, "fase": 5, "data_de_cr": "28/08/1986", "forma_obte": "Desapropriação", "data_obten": "28/08/1984", "area_calc_": 40.3478, "sr": null, "descricao_": null, "decada": "1980 - 1989" }, "geometry": { "type": "Point", "coordinates": [ -48.84411572223496, -25.473647346094602 ] } },
{ "type": "Feature", "properties": { "fid": 42, "cd_sipra": "PR0015000", "uf": "PR", "nome_proje": "PA COLÔNIA SÃO JOÃO BATISTA", "municipio": "CANDOI", "area_hecta": "396.0000", "capacidade": 34, "num_famili": 24, "fase": 7, "data_de_cr": "23/09/1986", "forma_obte": "Desapropriação", "data_obten": "05/02/1985", "area_calc_": 403.2894, "sr": null, "descricao_": null, "decada": "1980 - 1989" }, "geometry": { "type": "Point", "coordinates": [ -52.104107600540161, -25.445724121387734 ] } },
{ "type": "Feature", "properties": { "fid": 43, "cd_sipra": "PR0337000", "uf": "PR", "nome_proje": "PA IRENE COELHO DE SOUZA LOBO", "municipio": "PITANGA", "area_hecta": "25.0651", "capacidade": 2, "num_famili": 0, "fase": 3, "data_de_cr": "19/05/2016", "forma_obte": "Adjudicação", "data_obten": "29/02/2016", "area_calc_": 25.08, "sr": null, "descricao_": null, "decada": "2010 - 2019" }, "geometry": { "type": "Point", "coordinates": [ -51.909272925404068, -24.731829429203714 ] } },
{ "type": "Feature", "properties": { "fid": 44, "cd_sipra": "PR0141000", "uf": "PR", "nome_proje": "PA COLINA VERDE", "municipio": "GENERAL CARNEIRO", "area_hecta": "1784.6000", "capacidade": 60, "num_famili": 58, "fase": 5, "data_de_cr": "14/10/1997", "forma_obte": "Desapropriação", "data_obten": "06/12/1996", "area_calc_": 1649.2552, "sr": null, "descricao_": null, "decada": "1990 - 1999" }, "geometry": { "type": "Point", "coordinates": [ -51.497117765505337, -26.502259812397654 ] } },
{ "type": "Feature", "properties": { "fid": 45, "cd_sipra": "PR0098000", "uf": "PR", "nome_proje": "PA SANTA CATARINA", "municipio": "HONORIO SERPA", "area_hecta": "440.7043", "capacidade": 24, "num_famili": 19, "fase": 7, "data_de_cr": "23/02/1995", "forma_obte": "Desapropriação", "data_obten": "24/11/1993", "area_calc_": 425.7755, "sr": null, "descricao_": null, "decada": "1990 - 1999" }, "geometry": { "type": "Point", "coordinates": [ -52.40998892278877, -26.231326436331042 ] } },
{ "type": "Feature", "properties": { "fid": 46, "cd_sipra": "PR0281000", "uf": "PR", "nome_proje": "PA SÃO LOURENÇO", "municipio": "PALMAS", "area_hecta": "1741.9400", "capacidade": 58, "num_famili": 57, "fase": 4, "data_de_cr": "22/11/2000", "forma_obte": "Desapropriação", "data_obten": "18/11/1999", "area_calc_": 1522.9212, "sr": null, "descricao_": null, "decada": "2000 - 2009" }, "geometry": { "type": "Point", "coordinates": [ -51.708693301494542, -26.354277121479843 ] } },
{ "type": "Feature", "properties": { "fid": 47, "cd_sipra": "PR0130000", "uf": "PR", "nome_proje": "PA MUNDO NOVO", "municipio": "TAMARANA", "area_hecta": "810.5064", "capacidade": 27, "num_famili": 24, "fase": 5, "data_de_cr": "19/06/1997", "forma_obte": "Desapropriação", "data_obten": "23/06/1997", "area_calc_": 813.8071, "sr": null, "descricao_": null, "decada": "1990 - 1999" }, "geometry": { "type": "Point", "coordinates": [ -51.053957226207764, -23.8815122157425 ] } },
{ "type": "Feature", "properties": { "fid": 48, "cd_sipra": "PR0020000", "uf": "PR", "nome_proje": "PA GLEBA 3/CANCAN/CANTU", "municipio": "RONCADOR", "area_hecta": "363.0000", "capacidade": 18, "num_famili": 13, "fase": 7, "data_de_cr": "15/01/1987", "forma_obte": "Desapropriação", "data_obten": "27/07/1986", "area_calc_": 348.3602, "sr": null, "descricao_": null, "decada": "1980 - 1989" }, "geometry": { "type": "Point", "coordinates": [ -52.333217276952468, -24.619268372696251 ] } },
{ "type": "Feature", "properties": { "fid": 49, "cd_sipra": "PR0051000", "uf": "PR", "nome_proje": "PA SÃO BRAZ", "municipio": "SALGADO FILHO", "area_hecta": "335.0000", "capacidade": 9, "num_famili": 6, "fase": 7, "data_de_cr": "08/03/1989", "forma_obte": "Desapropriação", "data_obten": "27/05/1988", "area_calc_": 317.0148, "sr": null, "descricao_": null, "decada": "1980 - 1989" }, "geometry": { "type": "Point", "coordinates": [ -53.525820473171827, -26.06249751209122 ] } },
{ "type": "Feature", "properties": { "fid": 50, "cd_sipra": "PR0230000", "uf": "PR", "nome_proje": "PA FAROL", "municipio": "FAROL", "area_hecta": "100.0000", "capacidade": 8, "num_famili": 8, "fase": 5, "data_de_cr": "30/06/1999", "forma_obte": "Desapropriação", "data_obten": "18/11/1998", "area_calc_": 100.4225, "sr": null, "descricao_": null, "decada": "1990 - 1999" }, "geometry": { "type": "Point", "coordinates": [ -52.657837740442965, -24.16548383954283 ] } },
{ "type": "Feature", "properties": { "fid": 51, "cd_sipra": "PR0212000", "uf": "PR", "nome_proje": "PA SÃO PAULO", "municipio": "TERRA RICA", "area_hecta": "394.4600", "capacidade": 17, "num_famili": 17, "fase": 5, "data_de_cr": "31/12/1998", "forma_obte": "Desapropriação", "data_obten": "03/09/1998", "area_calc_": 420.7327, "sr": null, "descricao_": null, "decada": "1990 - 1999" }, "geometry": { "type": "Point", "coordinates": [ -52.73998997864021, -22.838462095489049 ] } },
{ "type": "Feature", "properties": { "fid": 52, "cd_sipra": "PR0370000", "uf": "PR", "nome_proje": "PA ZARANTONELLO", "municipio": "ICARAIMA", "area_hecta": "359.4000", "capacidade": 17, "num_famili": 17, "fase": 5, "data_de_cr": "07/11/2000", "forma_obte": "Desapropriação", "data_obten": "13/08/1998", "area_calc_": 358.1808, "sr": null, "descricao_": null, "decada": "2000 - 2009" }, "geometry": { "type": "Point", "coordinates": [ -53.630939604671099, -23.318092037369869 ] } },
{ "type": "Feature", "properties": { "fid": 53, "cd_sipra": "PR0375000", "uf": "PR", "nome_proje": "PA EVANDRO FRANCISCO", "municipio": "INACIO MARTINS", "area_hecta": "1742.7799", "capacidade": 77, "num_famili": 77, "fase": 5, "data_de_cr": "22/11/2000", "forma_obte": "Desapropriação", "data_obten": "18/11/1999", "area_calc_": 1738.599, "sr": null, "descricao_": null, "decada": "2000 - 2009" }, "geometry": { "type": "Point", "coordinates": [ -51.225343005384246, -25.691425249523903 ] } },
{ "type": "Feature", "properties": { "fid": 54, "cd_sipra": "PR0064000", "uf": "PR", "nome_proje": "PA CHOPIM III", "municipio": "HONORIO SERPA", "area_hecta": "302.4280", "capacidade": 19, "num_famili": 18, "fase": 6, "data_de_cr": "03/09/1991", "forma_obte": "Desapropriação", "data_obten": "15/07/1988", "area_calc_": 309.4492, "sr": null, "descricao_": null, "decada": "1990 - 1999" }, "geometry": { "type": "Point", "coordinates": [ -52.533807153301353, -26.138474580964896 ] } },
{ "type": "Feature", "properties": { "fid": 55, "cd_sipra": "PR0278000", "uf": "PR", "nome_proje": "PA NATA", "municipio": "IRETAMA", "area_hecta": "514.2640", "capacidade": 24, "num_famili": 23, "fase": 5, "data_de_cr": "22/04/2004", "forma_obte": "Desapropriação", "data_obten": "18/11/1999", "area_calc_": 510.7085, "sr": null, "descricao_": null, "decada": "2000 - 2009" }, "geometry": { "type": "Point", "coordinates": [ -52.085962778118471, -24.330838757076229 ] } },
{ "type": "Feature", "properties": { "fid": 56, "cd_sipra": "PR0312000", "uf": "PR", "nome_proje": "PA ROSA LUXEMBURGO", "municipio": "CONGONHINHAS", "area_hecta": "951.2390", "capacidade": 53, "num_famili": 52, "fase": 3, "data_de_cr": "20/06/2008", "forma_obte": "Compra e Venda", "data_obten": "23/04/2008", "area_calc_": 948.2025, "sr": null, "descricao_": null, "decada": "2000 - 2009" }, "geometry": { "type": "Point", "coordinates": [ -50.461042328625631, -23.557786671247467 ] } },
{ "type": "Feature", "properties": { "fid": 57, "cd_sipra": "PR0122000", "uf": "PR", "nome_proje": "PA JOSÉ DIAS", "municipio": "INACIO MARTINS", "area_hecta": "1975.4000", "capacidade": 106, "num_famili": 106, "fase": 5, "data_de_cr": "14/08/1996", "forma_obte": "Compra e Venda", "data_obten": "28/05/1996", "area_calc_": 2508.3741, "sr": null, "descricao_": null, "decada": "1990 - 1999" }, "geometry": { "type": "Point", "coordinates": [ -51.15593872885696, -25.463173441792826 ] } },
{ "type": "Feature", "properties": { "fid": 58, "cd_sipra": "PR0237000", "uf": "PR", "nome_proje": "PA ÁGUAS DE SANTA CLARA", "municipio": "CANDOI", "area_hecta": "365.2200", "capacidade": 25, "num_famili": 25, "fase": 5, "data_de_cr": "30/06/1999", "forma_obte": "Desapropriação", "data_obten": "18/11/1998", "area_calc_": 361.8597, "sr": null, "descricao_": null, "decada": "1990 - 1999" }, "geometry": { "type": "Point", "coordinates": [ -51.943851314409088, -25.618400860499378 ] } },
{ "type": "Feature", "properties": { "fid": 59, "cd_sipra": "PR0234000", "uf": "PR", "nome_proje": "PA EUROPA", "municipio": "GUARAPUAVA", "area_hecta": "496.1892", "capacidade": 26, "num_famili": 24, "fase": 5, "data_de_cr": "30/06/1999", "forma_obte": "Desapropriação", "data_obten": "23/09/1998", "area_calc_": 501.5956, "sr": null, "descricao_": null, "decada": "1990 - 1999" }, "geometry": { "type": "Point", "coordinates": [ -51.196450450992494, -25.447952708332842 ] } },
{ "type": "Feature", "properties": { "fid": 60, "cd_sipra": "PR0019000", "uf": "PR", "nome_proje": "PA ARAGUAÍ", "municipio": "SANTA MARIA DO OESTE", "area_hecta": "4387.0000", "capacidade": 217, "num_famili": 211, "fase": 7, "data_de_cr": "15/01/1987", "forma_obte": "Desapropriação", "data_obten": "30/12/1985", "area_calc_": 4479.1144, "sr": null, "descricao_": null, "decada": "1980 - 1989" }, "geometry": { "type": "Point", "coordinates": [ -51.76472742239455, -24.918734007509876 ] } },
{ "type": "Feature", "properties": { "fid": 61, "cd_sipra": "PR0017000", "uf": "PR", "nome_proje": "PA VITÓRIA DA UNIÃO DO PARANÁ", "municipio": "MANGUEIRINHA", "area_hecta": "10060.0000", "capacidade": 373, "num_famili": 360, "fase": 7, "data_de_cr": "11/11/1986", "forma_obte": "Desapropriação", "data_obten": "15/01/1986", "area_calc_": 10177.0409, "sr": null, "descricao_": null, "decada": "1980 - 1989" }, "geometry": { "type": "Point", "coordinates": [ -52.337853285164776, -26.064662614178566 ] } },
{ "type": "Feature", "properties": { "fid": 62, "cd_sipra": "PR0074000", "uf": "PR", "nome_proje": "PA BOM RETIRO", "municipio": "INACIO MARTINS", "area_hecta": "277.0000", "capacidade": 11, "num_famili": 11, "fase": 5, "data_de_cr": "10/06/1992", "forma_obte": "Desapropriação", "data_obten": "15/12/1989", "area_calc_": 306.4658, "sr": null, "descricao_": null, "decada": "1990 - 1999" }, "geometry": { "type": "Point", "coordinates": [ -51.304283673807483, -25.751109923423915 ] } },
{ "type": "Feature", "properties": { "fid": 63, "cd_sipra": "PR0034000", "uf": "PR", "nome_proje": "PA BUGRE MORTO", "municipio": "LARANJEIRAS DO SUL", "area_hecta": "216.0000", "capacidade": 10, "num_famili": 9, "fase": 6, "data_de_cr": "17/07/1987", "forma_obte": "Desapropriação", "data_obten": "17/03/1987", "area_calc_": 229.8101, "sr": null, "descricao_": null, "decada": "1980 - 1989" }, "geometry": { "type": "Point", "coordinates": [ -52.355716224507923, -25.399706990894167 ] } },
{ "type": "Feature", "properties": { "fid": 64, "cd_sipra": "PR0238000", "uf": "PR", "nome_proje": "PA SANTA TEREZA", "municipio": "RENASCENCA", "area_hecta": "312.0000", "capacidade": 20, "num_famili": 20, "fase": 5, "data_de_cr": "30/06/1999", "forma_obte": "Desapropriação", "data_obten": "23/09/1998", "area_calc_": 333.4905, "sr": null, "descricao_": null, "decada": "1990 - 1999" }, "geometry": { "type": "Point", "coordinates": [ -52.969918390677449, -26.213798235075775 ] } },
{ "type": "Feature", "properties": { "fid": 65, "cd_sipra": "PR0048000", "uf": "PR", "nome_proje": "PA FAXINAL DOS RIBEIROS QUINHÃO 1- A", "municipio": "PINHAO", "area_hecta": "1487.0000", "capacidade": 46, "num_famili": 45, "fase": 5, "data_de_cr": "27/02/1989", "forma_obte": "Desapropriação", "data_obten": "03/03/1988", "area_calc_": 1488.3605, "sr": null, "descricao_": null, "decada": "1980 - 1989" }, "geometry": { "type": "Point", "coordinates": [ -51.423964282610122, -25.841771628681048 ] } },
{ "type": "Feature", "properties": { "fid": 66, "cd_sipra": "PR0073000", "uf": "PR", "nome_proje": "PA FAXINAL DOS SILVÉRIOS", "municipio": "PINHAO", "area_hecta": "1212.0000", "capacidade": 45, "num_famili": 43, "fase": 6, "data_de_cr": "10/06/1992", "forma_obte": "Desapropriação", "data_obten": "22/08/1989", "area_calc_": 1248.5089, "sr": null, "descricao_": null, "decada": "1990 - 1999" }, "geometry": { "type": "Point", "coordinates": [ -51.402097072964942, -25.816386186186531 ] } },
{ "type": "Feature", "properties": { "fid": 67, "cd_sipra": "PR0174000", "uf": "PR", "nome_proje": "PA ESTRELA DO MEIO", "municipio": "CORONEL DOMINGOS SOARES", "area_hecta": "405.2562", "capacidade": 20, "num_famili": 17, "fase": 5, "data_de_cr": "05/10/1998", "forma_obte": "Desapropriação", "data_obten": "14/05/1998", "area_calc_": 396.3396, "sr": null, "descricao_": null, "decada": "1990 - 1999" }, "geometry": { "type": "Point", "coordinates": [ -51.907567638930047, -26.305233067278756 ] } },
{ "type": "Feature", "properties": { "fid": 68, "cd_sipra": "PR0266000", "uf": "PR", "nome_proje": "PA RETIRO I", "municipio": "CORONEL DOMINGOS SOARES", "area_hecta": "258.0568", "capacidade": 18, "num_famili": 13, "fase": 5, "data_de_cr": "22/12/1999", "forma_obte": "Desapropriação", "data_obten": "24/08/1999", "area_calc_": 254.5884, "sr": null, "descricao_": null, "decada": "1990 - 1999" }, "geometry": { "type": "Point", "coordinates": [ -52.06543531113121, -26.242623939552111 ] } },
{ "type": "Feature", "properties": { "fid": 69, "cd_sipra": "PR0191000", "uf": "PR", "nome_proje": "PA CRICIUMINHA", "municipio": "BITURUNA", "area_hecta": "829.2840", "capacidade": 25, "num_famili": 24, "fase": 5, "data_de_cr": "24/11/1998", "forma_obte": "Desapropriação", "data_obten": "02/09/1998", "area_calc_": 847.1455, "sr": null, "descricao_": null, "decada": "1990 - 1999" }, "geometry": { "type": "Point", "coordinates": [ -51.669985163305988, -26.075027988391994 ] } },
{ "type": "Feature", "properties": { "fid": 70, "cd_sipra": "PR0175000", "uf": "PR", "nome_proje": "PA SANTA BÁRBARA", "municipio": "BITURUNA", "area_hecta": "1669.3400", "capacidade": 47, "num_famili": 46, "fase": 5, "data_de_cr": "16/11/1998", "forma_obte": "Desapropriação", "data_obten": "06/09/1996", "area_calc_": 1742.3753, "sr": null, "descricao_": null, "decada": "1990 - 1999" }, "geometry": { "type": "Point", "coordinates": [ -51.714100238477002, -26.221709478083877 ] } },
{ "type": "Feature", "properties": { "fid": 71, "cd_sipra": "PR0168000", "uf": "PR", "nome_proje": "PA UNIÃO SANTA ADÉLIA", "municipio": "ITAGUAJE", "area_hecta": "277.0900", "capacidade": 13, "num_famili": 13, "fase": 5, "data_de_cr": "17/09/1998", "forma_obte": "Desapropriação", "data_obten": "12/12/1997", "area_calc_": 265.2768, "sr": null, "descricao_": null, "decada": "1990 - 1999" }, "geometry": { "type": "Point", "coordinates": [ -51.936649107195237, -22.746121610090359 ] } },
{ "type": "Feature", "properties": { "fid": 72, "cd_sipra": "PR0063000", "uf": "PR", "nome_proje": "PA RONDON III", "municipio": "BITURUNA", "area_hecta": "4240.0000", "capacidade": 80, "num_famili": 73, "fase": 7, "data_de_cr": "13/05/1991", "forma_obte": "Compra e Venda", "data_obten": "13/05/1991", "area_calc_": 4226.7139, "sr": null, "descricao_": null, "decada": "1990 - 1999" }, "geometry": { "type": "Point", "coordinates": [ -51.440244067581318, -26.248789745411504 ] } },
{ "type": "Feature", "properties": { "fid": 73, "cd_sipra": "PR0407000", "uf": "PR", "nome_proje": "PA NOSSA SENHORA APARECIDA", "municipio": "MARILUZ", "area_hecta": "5758.3000", "capacidade": 235, "num_famili": 235, "fase": 4, "data_de_cr": "20/08/2002", "forma_obte": "Desapropriação", "data_obten": "03/07/1998", "area_calc_": 5710.8778, "sr": null, "descricao_": null, "decada": "2000 - 2009" }, "geometry": { "type": "Point", "coordinates": [ -53.271945933882904, -24.089837066438466 ] } },
{ "type": "Feature", "properties": { "fid": 74, "cd_sipra": "PR0018000", "uf": "PR", "nome_proje": "PA FAZENDA COVOZINHO", "municipio": "MANGUEIRINHA", "area_hecta": "374.0000", "capacidade": 13, "num_famili": 11, "fase": 7, "data_de_cr": "17/12/1986", "forma_obte": "Desapropriação", "data_obten": "27/07/1986", "area_calc_": 94.1283, "sr": null, "descricao_": null, "decada": "1980 - 1989" }, "geometry": { "type": "Point", "coordinates": [ -52.281751092994583, -25.909863606786491 ] } },
{ "type": "Feature", "properties": { "fid": 75, "cd_sipra": "PR0285000", "uf": "PR", "nome_proje": "PA VITÓRIA", "municipio": "MANGUEIRINHA", "area_hecta": "735.4528", "capacidade": 42, "num_famili": 41, "fase": 3, "data_de_cr": "05/08/2005", "forma_obte": "Desapropriação", "data_obten": "29/09/2004", "area_calc_": 726.6491, "sr": null, "descricao_": null, "decada": "2000 - 2009" }, "geometry": { "type": "Point", "coordinates": [ -52.126193735290634, -26.083647809811723 ] } },
{ "type": "Feature", "properties": { "fid": 76, "cd_sipra": "PR0415000", "uf": "PR", "nome_proje": "PA ESTRELA DO OESTE", "municipio": "SANTA MARIA DO OESTE", "area_hecta": "2136.3687", "capacidade": 130, "num_famili": 83, "fase": 4, "data_de_cr": "07/04/2003", "forma_obte": "Desapropriação", "data_obten": "04/03/1997", "area_calc_": 2160.3869, "sr": null, "descricao_": null, "decada": "2000 - 2009" }, "geometry": { "type": "Point", "coordinates": [ -51.829411430270994, -24.928885419224169 ] } },
{ "type": "Feature", "properties": { "fid": 77, "cd_sipra": "PR0182000", "uf": "PR", "nome_proje": "PA PEDRA PRETA", "municipio": "GUAMIRANGA", "area_hecta": "193.6000", "capacidade": 11, "num_famili": 10, "fase": 5, "data_de_cr": "01/12/1998", "forma_obte": "Desapropriação", "data_obten": "15/04/1998", "area_calc_": 189.6382, "sr": null, "descricao_": null, "decada": "1990 - 1999" }, "geometry": { "type": "Point", "coordinates": [ -50.846337113089469, -25.132952451369885 ] } },
{ "type": "Feature", "properties": { "fid": 78, "cd_sipra": "PR0384000", "uf": "PR", "nome_proje": "PA SÉTIMO GARIBALDI", "municipio": "TERRA RICA", "area_hecta": "850.4681", "capacidade": 38, "num_famili": 33, "fase": 5, "data_de_cr": "01/08/2001", "forma_obte": "Desapropriação", "data_obten": "13/08/1998", "area_calc_": 761.5291, "sr": null, "descricao_": null, "decada": "2000 - 2009" }, "geometry": { "type": "Point", "coordinates": [ -52.637464234754809, -22.652457617695493 ] } },
{ "type": "Feature", "properties": { "fid": 79, "cd_sipra": "PR0029000", "uf": "PR", "nome_proje": "PA SANTA MADALENA", "municipio": "WENCESLAU BRAZ", "area_hecta": "452.0000", "capacidade": 21, "num_famili": 18, "fase": 7, "data_de_cr": "02/06/1987", "forma_obte": "Desapropriação", "data_obten": "17/12/1986", "area_calc_": 526.8719, "sr": null, "descricao_": null, "decada": "1980 - 1989" }, "geometry": { "type": "Point", "coordinates": [ -49.820262098700184, -23.899648593358222 ] } },
{ "type": "Feature", "properties": { "fid": 80, "cd_sipra": "PR0240000", "uf": "PR", "nome_proje": "PA RECANTO BONITO", "municipio": "GENERAL CARNEIRO", "area_hecta": "1300.6300", "capacidade": 70, "num_famili": 64, "fase": 5, "data_de_cr": "08/10/1999", "forma_obte": "Desapropriação", "data_obten": "08/02/1999", "area_calc_": 1311.8728, "sr": null, "descricao_": null, "decada": "1990 - 1999" }, "geometry": { "type": "Point", "coordinates": [ -51.56359038735215, -26.485273830226038 ] } },
{ "type": "Feature", "properties": { "fid": 81, "cd_sipra": "PR0080000", "uf": "PR", "nome_proje": "PA RIBEIRÃO BONITO", "municipio": "CARLOPOLIS", "area_hecta": "145.0000", "capacidade": 12, "num_famili": 9, "fase": 6, "data_de_cr": "21/10/1992", "forma_obte": "Desapropriação", "data_obten": "17/08/1989", "area_calc_": 120.4477, "sr": null, "descricao_": null, "decada": "1990 - 1999" }, "geometry": { "type": "Point", "coordinates": [ -49.726116832628655, -23.493740525949491 ] } },
{ "type": "Feature", "properties": { "fid": 82, "cd_sipra": "PR0113000", "uf": "PR", "nome_proje": "PA BELA VISTA", "municipio": "VENTANIA", "area_hecta": "763.8482", "capacidade": 35, "num_famili": 34, "fase": 7, "data_de_cr": "30/11/1995", "forma_obte": "Desapropriação", "data_obten": "01/12/1994", "area_calc_": 761.8892, "sr": null, "descricao_": null, "decada": "1990 - 1999" }, "geometry": { "type": "Point", "coordinates": [ -50.277612595155219, -24.067530316722316 ] } },
{ "type": "Feature", "properties": { "fid": 83, "cd_sipra": "PR0114000", "uf": "PR", "nome_proje": "PA SANTA RUTHE", "municipio": "PRESIDENTE CASTELO BRANCO", "area_hecta": "197.2300", "capacidade": 9, "num_famili": 7, "fase": 5, "data_de_cr": "30/11/1995", "forma_obte": "Desapropriação", "data_obten": "22/08/1994", "area_calc_": 197.143, "sr": null, "descricao_": null, "decada": "1990 - 1999" }, "geometry": { "type": "Point", "coordinates": [ -52.066882191637909, -23.198307115653805 ] } },
{ "type": "Feature", "properties": { "fid": 84, "cd_sipra": "PR0250000", "uf": "PR", "nome_proje": "PA JOSÉ MARIA", "municipio": "SAO JOAO DO TRIUNFO", "area_hecta": "376.8200", "capacidade": 19, "num_famili": 18, "fase": 5, "data_de_cr": "07/12/1999", "forma_obte": "Desapropriação", "data_obten": "12/05/1999", "area_calc_": 394.3316, "sr": null, "descricao_": null, "decada": "1990 - 1999" }, "geometry": { "type": "Point", "coordinates": [ -50.32420155706275, -25.566648497765854 ] } },
{ "type": "Feature", "properties": { "fid": 85, "cd_sipra": "PR0187000", "uf": "PR", "nome_proje": "PA BARRA BONITA", "municipio": "PRIMEIRO DE MAIO", "area_hecta": "224.6026", "capacidade": 13, "num_famili": 13, "fase": 6, "data_de_cr": "05/10/1998", "forma_obte": "Desapropriação", "data_obten": "14/04/1998", "area_calc_": 221.2135, "sr": null, "descricao_": null, "decada": "1990 - 1999" }, "geometry": { "type": "Point", "coordinates": [ -51.118331573928508, -22.929071288498736 ] } },
{ "type": "Feature", "properties": { "fid": 86, "cd_sipra": "PR0236000", "uf": "PR", "nome_proje": "PA RODEIO", "municipio": "RESERVA DO IGUACU", "area_hecta": "363.0000", "capacidade": 19, "num_famili": 18, "fase": 5, "data_de_cr": "30/06/1999", "forma_obte": "Desapropriação", "data_obten": "23/12/1998", "area_calc_": 359.8394, "sr": null, "descricao_": null, "decada": "1990 - 1999" }, "geometry": { "type": "Point", "coordinates": [ -52.05530959288086, -25.780687496453051 ] } },
{ "type": "Feature", "properties": { "fid": 87, "cd_sipra": "PR0252000", "uf": "PR", "nome_proje": "PA PALMARES II", "municipio": "PALMEIRA", "area_hecta": "178.7907", "capacidade": 10, "num_famili": 10, "fase": 5, "data_de_cr": "07/12/1999", "forma_obte": "Desapropriação", "data_obten": "06/07/1999", "area_calc_": 179.5452, "sr": null, "descricao_": null, "decada": "1990 - 1999" }, "geometry": { "type": "Point", "coordinates": [ -49.916883815023439, -25.322029392943087 ] } },
{ "type": "Feature", "properties": { "fid": 88, "cd_sipra": "PR0201000", "uf": "PR", "nome_proje": "PA FAXINAL DOS MINEIROS", "municipio": "FERNANDES PINHEIRO", "area_hecta": "121.2129", "capacidade": 7, "num_famili": 7, "fase": 5, "data_de_cr": "10/02/1999", "forma_obte": "Desapropriação", "data_obten": "13/10/1998", "area_calc_": 139.9472, "sr": null, "descricao_": null, "decada": "1990 - 1999" }, "geometry": { "type": "Point", "coordinates": [ -50.419009536662912, -25.541564394399721 ] } },
{ "type": "Feature", "properties": { "fid": 89, "cd_sipra": "PR0122000", "uf": "PR", "nome_proje": "PA JOSÉ DIAS", "municipio": "INACIO MARTINS", "area_hecta": "1975.4000", "capacidade": 106, "num_famili": 106, "fase": 5, "data_de_cr": "14/08/1996", "forma_obte": "Compra e Venda", "data_obten": "28/05/1996", "area_calc_": 976.9071, "sr": null, "descricao_": null, "decada": "1990 - 1999" }, "geometry": { "type": "Point", "coordinates": [ -52.074736480665855, -26.505068275091141 ] } },
{ "type": "Feature", "properties": { "fid": 90, "cd_sipra": "PR0178000", "uf": "PR", "nome_proje": "PA 12 DE ABRIL", "municipio": "BITURUNA", "area_hecta": "5800.0000", "capacidade": 209, "num_famili": 208, "fase": 4, "data_de_cr": "25/11/1998", "forma_obte": "Desapropriação", "data_obten": "13/08/1998", "area_calc_": 5810.0013, "sr": null, "descricao_": null, "decada": "1990 - 1999" }, "geometry": { "type": "Point", "coordinates": [ -51.375931178254206, -26.228963047603372 ] } },
{ "type": "Feature", "properties": { "fid": 91, "cd_sipra": "PR0078000", "uf": "PR", "nome_proje": "PA FAZENDA BEBEDOURO", "municipio": "SANTANA DO ITARARE", "area_hecta": "99.2200", "capacidade": 6, "num_famili": 11, "fase": 6, "data_de_cr": "03/12/1987", "forma_obte": "Desapropriação", "data_obten": "10/04/1987", "area_calc_": 111.8541, "sr": null, "descricao_": null, "decada": "1980 - 1989" }, "geometry": { "type": "Point", "coordinates": [ -49.655138883009222, -23.818859912105232 ] } },
{ "type": "Feature", "properties": { "fid": 92, "cd_sipra": "PR0206000", "uf": "PR", "nome_proje": "PA PINHEIRAL", "municipio": "PALMEIRA", "area_hecta": "270.3000", "capacidade": 14, "num_famili": 13, "fase": 5, "data_de_cr": "08/12/1998", "forma_obte": "Desapropriação", "data_obten": "16/06/1998", "area_calc_": 296.6213, "sr": null, "descricao_": null, "decada": "1990 - 1999" }, "geometry": { "type": "Point", "coordinates": [ -50.140975306525057, -25.500483974890258 ] } },
{ "type": "Feature", "properties": { "fid": 93, "cd_sipra": "PR0146000", "uf": "PR", "nome_proje": "PA TERRA BOA", "municipio": "CORONEL DOMINGOS SOARES", "area_hecta": "458.4646", "capacidade": 20, "num_famili": 19, "fase": 5, "data_de_cr": "17/11/1997", "forma_obte": "Desapropriação", "data_obten": "03/12/1996", "area_calc_": 455.4085, "sr": null, "descricao_": null, "decada": "1990 - 1999" }, "geometry": { "type": "Point", "coordinates": [ -51.858574623570618, -26.326484994514725 ] } },
{ "type": "Feature", "properties": { "fid": 94, "cd_sipra": "PR0280000", "uf": "PR", "nome_proje": "PA PARAISO DO SUL", "municipio": "PALMAS", "area_hecta": "1380.7300", "capacidade": 58, "num_famili": 54, "fase": 4, "data_de_cr": "07/11/2000", "forma_obte": "Desapropriação", "data_obten": "11/11/1999", "area_calc_": 1514.4665, "sr": null, "descricao_": null, "decada": "2000 - 2009" }, "geometry": { "type": "Point", "coordinates": [ -51.647527210530271, -26.377554708597675 ] } },
{ "type": "Feature", "properties": { "fid": 95, "cd_sipra": "PR0062000", "uf": "PR", "nome_proje": "PA ETIENE", "municipio": "BITURUNA", "area_hecta": "1058.0000", "capacidade": 24, "num_famili": 24, "fase": 6, "data_de_cr": "13/05/1991", "forma_obte": "Compra e Venda", "data_obten": "10/08/1988", "area_calc_": 1034.2293, "sr": null, "descricao_": null, "decada": "1990 - 1999" }, "geometry": { "type": "Point", "coordinates": [ -51.500728246978568, -26.239668700764895 ] } },
{ "type": "Feature", "properties": { "fid": 96, "cd_sipra": "PR0320000", "uf": "PR", "nome_proje": "PA COMPANHEIRO KENO", "municipio": "JACAREZINHO", "area_hecta": "1109.7676", "capacidade": 63, "num_famili": 62, "fase": 3, "data_de_cr": "13/12/2010", "forma_obte": "Desapropriação", "data_obten": "22/11/2007", "area_calc_": 1120.7638, "sr": null, "descricao_": null, "decada": "2010 - 2019" }, "geometry": { "type": "Point", "coordinates": [ -49.830267522516813, -23.107066909355702 ] } },
{ "type": "Feature", "properties": { "fid": 97, "cd_sipra": "PR0213000", "uf": "PR", "nome_proje": "PA MÃE DE DEUS", "municipio": "JARDIM OLINDA", "area_hecta": "1258.4500", "capacidade": 53, "num_famili": 52, "fase": 5, "data_de_cr": "11/01/1999", "forma_obte": "Desapropriação", "data_obten": "02/09/1998", "area_calc_": 1259.7457, "sr": null, "descricao_": null, "decada": "1990 - 1999" }, "geometry": { "type": "Point", "coordinates": [ -52.109759766129336, -22.590183011273481 ] } },
{ "type": "Feature", "properties": { "fid": 98, "cd_sipra": "PR0095000", "uf": "PR", "nome_proje": "PA MATIDA", "municipio": "JUNDIAI DO SUL", "area_hecta": "1980.2092", "capacidade": 83, "num_famili": 80, "fase": 7, "data_de_cr": "23/02/1995", "forma_obte": "Desapropriação", "data_obten": "29/10/1993", "area_calc_": 1979.8671, "sr": null, "descricao_": null, "decada": "1990 - 1999" }, "geometry": { "type": "Point", "coordinates": [ -50.269674424283529, -23.538214204721505 ] } },
{ "type": "Feature", "properties": { "fid": 99, "cd_sipra": "PR0309000", "uf": "PR", "nome_proje": "PA NANGO VIVE", "municipio": "JUNDIAI DO SUL", "area_hecta": "804.3673", "capacidade": 68, "num_famili": 55, "fase": 5, "data_de_cr": "15/09/2011", "forma_obte": "Compra e Venda", "data_obten": "24/06/2011", "area_calc_": 807.1621, "sr": null, "descricao_": null, "decada": "2010 - 2019" }, "geometry": { "type": "Point", "coordinates": [ -50.291061095615646, -23.391546441291858 ] } },
{ "type": "Feature", "properties": { "fid": 100, "cd_sipra": "PR0129000", "uf": "PR", "nome_proje": "PA LIBERTAÇÃO CAMPONESA", "municipio": "ORTIGUEIRA", "area_hecta": "11602.6358", "capacidade": 380, "num_famili": 355, "fase": 5, "data_de_cr": "26/12/1996", "forma_obte": "Desapropriação", "data_obten": "15/10/1998", "area_calc_": 12411.5929, "sr": null, "descricao_": null, "decada": "1990 - 1999" }, "geometry": { "type": "Point", "coordinates": [ -50.935985636091743, -23.907302775086134 ] } },
{ "type": "Feature", "properties": { "fid": 101, "cd_sipra": "PR0165000", "uf": "PR", "nome_proje": "PA PAULO FREIRE", "municipio": "SAO JERONIMO DA SERRA", "area_hecta": "1746.0375", "capacidade": 72, "num_famili": 68, "fase": 5, "data_de_cr": "25/08/1998", "forma_obte": "Desapropriação", "data_obten": "12/03/1998", "area_calc_": 1708.6701, "sr": null, "descricao_": null, "decada": "1990 - 1999" }, "geometry": { "type": "Point", "coordinates": [ -50.683093370532092, -23.679509164904346 ] } },
{ "type": "Feature", "properties": { "fid": 102, "cd_sipra": "PR0135000", "uf": "PR", "nome_proje": "PA TERRA LIVRE", "municipio": "NOVA LARANJEIRAS", "area_hecta": "400.0000", "capacidade": 30, "num_famili": 30, "fase": 6, "data_de_cr": "26/11/1997", "forma_obte": "Desapropriação", "data_obten": "23/10/1996", "area_calc_": 303.3184, "sr": null, "descricao_": null, "decada": "1990 - 1999" }, "geometry": { "type": "Point", "coordinates": [ -52.596747424204608, -25.270090945644526 ] } },
{ "type": "Feature", "properties": { "fid": 103, "cd_sipra": "PR0387000", "uf": "PR", "nome_proje": "PA ANTONIO TAVARES PEREIRA", "municipio": "QUERENCIA DO NORTE", "area_hecta": "1023.4636", "capacidade": 40, "num_famili": 39, "fase": 5, "data_de_cr": "14/09/2001", "forma_obte": "Compra e Venda", "data_obten": "08/10/2001", "area_calc_": 1023.3482, "sr": null, "descricao_": null, "decada": "2000 - 2009" }, "geometry": { "type": "Point", "coordinates": [ -53.411413039688895, -23.008238531576204 ] } },
{ "type": "Feature", "properties": { "fid": 104, "cd_sipra": "PR0123000", "uf": "PR", "nome_proje": "PA PÓ DE SERRA", "municipio": "LONDRINA", "area_hecta": "154.1540", "capacidade": 14, "num_famili": 12, "fase": 5, "data_de_cr": "17/09/1996", "forma_obte": "Desapropriação", "data_obten": "20/01/1994", "area_calc_": 159.1588, "sr": null, "descricao_": null, "decada": "1990 - 1999" }, "geometry": { "type": "Point", "coordinates": [ -50.972613873008605, -23.731899095122788 ] } },
{ "type": "Feature", "properties": { "fid": 105, "cd_sipra": "PR0219000", "uf": "PR", "nome_proje": "PA PALMARES", "municipio": "SAO JERONIMO DA SERRA", "area_hecta": "350.7840", "capacidade": 17, "num_famili": 16, "fase": 5, "data_de_cr": "03/02/1999", "forma_obte": "Desapropriação", "data_obten": "05/11/1998", "area_calc_": 330.6064, "sr": null, "descricao_": null, "decada": "1990 - 1999" }, "geometry": { "type": "Point", "coordinates": [ -50.842873459515765, -23.775089100833146 ] } },
{ "type": "Feature", "properties": { "fid": 106, "cd_sipra": "PR0287000", "uf": "PR", "nome_proje": "PA ACOPAM", "municipio": "BOA VENTURA DE SAO ROQUE", "area_hecta": "96.2300", "capacidade": 6, "num_famili": 7, "fase": 3, "data_de_cr": "27/10/2005", "forma_obte": "Compra e Venda", "data_obten": "10/08/2005", "area_calc_": 96.9047, "sr": null, "descricao_": null, "decada": "2000 - 2009" }, "geometry": { "type": "Point", "coordinates": [ -51.607092767713524, -24.834019608043722 ] } },
{ "type": "Feature", "properties": { "fid": 107, "cd_sipra": "PR0056000", "uf": "PR", "nome_proje": "PA FAZENDA CIELITO", "municipio": "LINDOESTE", "area_hecta": "376.6000", "capacidade": 24, "num_famili": 18, "fase": 6, "data_de_cr": "12/09/1989", "forma_obte": "Desapropriação", "data_obten": "27/05/1988", "area_calc_": 372.1448, "sr": null, "descricao_": null, "decada": "1980 - 1989" }, "geometry": { "type": "Point", "coordinates": [ -53.511527850446328, -25.252346675441135 ] } },
{ "type": "Feature", "properties": { "fid": 108, "cd_sipra": "PR0119000", "uf": "PR", "nome_proje": "PA CHICO MENDES", "municipio": "QUERENCIA DO NORTE", "area_hecta": "2296.5000", "capacidade": 81, "num_famili": 79, "fase": 6, "data_de_cr": "19/12/1995", "forma_obte": "Desapropriação", "data_obten": "24/03/1995", "area_calc_": 2295.8052, "sr": null, "descricao_": null, "decada": "1990 - 1999" }, "geometry": { "type": "Point", "coordinates": [ -53.475283313104612, -22.962855097889896 ] } },
{ "type": "Feature", "properties": { "fid": 109, "cd_sipra": "PR0368000", "uf": "PR", "nome_proje": "PA FAZENDA SANTANA", "municipio": "QUERENCIA DO NORTE", "area_hecta": "560.7100", "capacidade": 21, "num_famili": 21, "fase": 5, "data_de_cr": "07/11/2000", "forma_obte": "Desapropriação", "data_obten": "23/09/1998", "area_calc_": 552.4368, "sr": null, "descricao_": null, "decada": "2000 - 2009" }, "geometry": { "type": "Point", "coordinates": [ -53.503067516463076, -22.92206272637905 ] } },
{ "type": "Feature", "properties": { "fid": 110, "cd_sipra": "PR0106000", "uf": "PR", "nome_proje": "PA CAIÇARA", "municipio": "RESERVA", "area_hecta": "434.3900", "capacidade": 19, "num_famili": 18, "fase": 7, "data_de_cr": "30/11/1995", "forma_obte": "Desapropriação", "data_obten": "26/10/1995", "area_calc_": 390.8558, "sr": null, "descricao_": null, "decada": "1990 - 1999" }, "geometry": { "type": "Point", "coordinates": [ -51.113986592068777, -24.54712339373102 ] } },
{ "type": "Feature", "properties": { "fid": 111, "cd_sipra": "PR0031000", "uf": "PR", "nome_proje": "PA SANTA HELENA", "municipio": "RESERVA", "area_hecta": "681.3862", "capacidade": 23, "num_famili": 18, "fase": 7, "data_de_cr": "02/06/1987", "forma_obte": "Desapropriação", "data_obten": "16/12/1986", "area_calc_": 676.883, "sr": null, "descricao_": null, "decada": "1980 - 1989" }, "geometry": { "type": "Point", "coordinates": [ -50.948478158547317, -24.731813677099442 ] } },
{ "type": "Feature", "properties": { "fid": 112, "cd_sipra": "PR0025000", "uf": "PR", "nome_proje": "PA SAVIO DOIS VIZINHOS", "municipio": "SAO MIGUEL DO IGUACU", "area_hecta": "690.0000", "capacidade": 41, "num_famili": 32, "fase": 7, "data_de_cr": "18/02/1987", "forma_obte": "Desapropriação", "data_obten": "09/01/1986", "area_calc_": 319.5271, "sr": null, "descricao_": null, "decada": "1980 - 1989" }, "geometry": { "type": "Point", "coordinates": [ -54.191728292879958, -25.229274495075561 ] } },
{ "type": "Feature", "properties": { "fid": 113, "cd_sipra": "PR0149000", "uf": "PR", "nome_proje": "PA BOA VISTA", "municipio": "TIBAGI", "area_hecta": "411.8100", "capacidade": 18, "num_famili": 15, "fase": 5, "data_de_cr": "17/11/1997", "forma_obte": "Desapropriação", "data_obten": "17/11/1997", "area_calc_": 410.4095, "sr": null, "descricao_": null, "decada": "1990 - 1999" }, "geometry": { "type": "Point", "coordinates": [ -50.738959227740494, -24.691990574264519 ] } },
{ "type": "Feature", "properties": { "fid": 114, "cd_sipra": "PR0132000", "uf": "PR", "nome_proje": "PA UNIÃO CAMPONESA", "municipio": "TAMARANA", "area_hecta": "546.6700", "capacidade": 27, "num_famili": 24, "fase": 5, "data_de_cr": "20/08/1997", "forma_obte": "Desapropriação", "data_obten": "21/08/1997", "area_calc_": 560.8527, "sr": null, "descricao_": null, "decada": "1990 - 1999" }, "geometry": { "type": "Point", "coordinates": [ -51.002992597026122, -23.896247519255141 ] } },
{ "type": "Feature", "properties": { "fid": 115, "cd_sipra": "PR0372000", "uf": "PR", "nome_proje": "PA RONCADOR", "municipio": "QUINTA DO SOL", "area_hecta": "1195.4308", "capacidade": 65, "num_famili": 64, "fase": 5, "data_de_cr": "07/11/2000", "forma_obte": "Desapropriação", "data_obten": "30/11/1999", "area_calc_": 1243.9145, "sr": null, "descricao_": null, "decada": "2000 - 2009" }, "geometry": { "type": "Point", "coordinates": [ -52.061033888565419, -23.801634262503619 ] } },
{ "type": "Feature", "properties": { "fid": 116, "cd_sipra": "PR0228000", "uf": "PR", "nome_proje": "PA RANCHO ALEGRE", "municipio": "TIBAGI", "area_hecta": "294.6448", "capacidade": 15, "num_famili": 14, "fase": 5, "data_de_cr": "12/05/1999", "forma_obte": "Desapropriação", "data_obten": "02/09/1998", "area_calc_": 294.6431, "sr": null, "descricao_": null, "decada": "1990 - 1999" }, "geometry": { "type": "Point", "coordinates": [ -50.251575885014091, -24.607013681053452 ] } },
{ "type": "Feature", "properties": { "fid": 117, "cd_sipra": "PR0030000", "uf": "PR", "nome_proje": "PA RIO DA AREIA", "municipio": "TEIXEIRA SOARES", "area_hecta": "532.0000", "capacidade": 18, "num_famili": 18, "fase": 7, "data_de_cr": "02/06/1987", "forma_obte": "Desapropriação", "data_obten": "17/02/1987", "area_calc_": 510.3839, "sr": null, "descricao_": null, "decada": "1980 - 1989" }, "geometry": { "type": "Point", "coordinates": [ -50.362021066685109, -25.488338776537574 ] } },
{ "type": "Feature", "properties": { "fid": 118, "cd_sipra": "PR0331000", "uf": "PR", "nome_proje": "PA NOSSA SENHORA APARECIDA II", "municipio": "TIBAGI", "area_hecta": "270.5666", "capacidade": 12, "num_famili": 12, "fase": 3, "data_de_cr": "14/08/2013", "forma_obte": "Compra e Venda", "data_obten": "24/09/2012", "area_calc_": 276.9591, "sr": null, "descricao_": null, "decada": "2010 - 2019" }, "geometry": { "type": "Point", "coordinates": [ -50.682440205955984, -24.80942292478391 ] } },
{ "type": "Feature", "properties": { "fid": 119, "cd_sipra": "PR0381000", "uf": "PR", "nome_proje": "PA PROCOPIACK", "municipio": "TRES BARRAS DO PARANA", "area_hecta": "353.7828", "capacidade": 22, "num_famili": 22, "fase": 5, "data_de_cr": "25/06/2001", "forma_obte": "Desapropriação", "data_obten": "27/12/2001", "area_calc_": 410.6324, "sr": null, "descricao_": null, "decada": "2000 - 2009" }, "geometry": { "type": "Point", "coordinates": [ -53.193024394822388, -25.347386629214572 ] } },
{ "type": "Feature", "properties": { "fid": 120, "cd_sipra": "PR0032000", "uf": "PR", "nome_proje": "PA FIO DE OURO", "municipio": "RESERVA", "area_hecta": "321.0000", "capacidade": 11, "num_famili": 8, "fase": 5, "data_de_cr": "02/06/1987", "forma_obte": "Desapropriação", "data_obten": "17/03/1987", "area_calc_": 298.0162, "sr": null, "descricao_": null, "decada": "1980 - 1989" }, "geometry": { "type": "Point", "coordinates": [ -51.090950563779288, -24.624302132910351 ] } },
{ "type": "Feature", "properties": { "fid": 121, "cd_sipra": "PR0249000", "uf": "PR", "nome_proje": "PA RECANTO DA AMIZADE", "municipio": "RESERVA", "area_hecta": "643.8700", "capacidade": 26, "num_famili": 22, "fase": 5, "data_de_cr": "07/12/1999", "forma_obte": "Desapropriação", "data_obten": "06/07/1998", "area_calc_": 719.6466, "sr": null, "descricao_": null, "decada": "1990 - 1999" }, "geometry": { "type": "Point", "coordinates": [ -51.12433245487621, -24.530385242959543 ] } },
{ "type": "Feature", "properties": { "fid": 122, "cd_sipra": "PR0244000", "uf": "PR", "nome_proje": "PA DONA TONIA", "municipio": "TIBAGI", "area_hecta": "1093.2579", "capacidade": 36, "num_famili": 35, "fase": 5, "data_de_cr": "16/11/1999", "forma_obte": "Desapropriação", "data_obten": "06/07/1999", "area_calc_": 1095.0737, "sr": null, "descricao_": null, "decada": "1990 - 1999" }, "geometry": { "type": "Point", "coordinates": [ -50.588141194320634, -24.777916127418898 ] } },
{ "type": "Feature", "properties": { "fid": 123, "cd_sipra": "PR0107000", "uf": "PR", "nome_proje": "PA SINHÁ ANA", "municipio": "RESERVA", "area_hecta": "726.0000", "capacidade": 33, "num_famili": 31, "fase": 7, "data_de_cr": "30/11/1995", "forma_obte": "Desapropriação", "data_obten": "23/05/1994", "area_calc_": 740.6647, "sr": null, "descricao_": null, "decada": "1990 - 1999" }, "geometry": { "type": "Point", "coordinates": [ -50.789599620407159, -24.677637911259211 ] } },
{ "type": "Feature", "properties": { "fid": 124, "cd_sipra": "PR0200000", "uf": "PR", "nome_proje": "PA RINCÃO", "municipio": "TIBAGI", "area_hecta": "747.1030", "capacidade": 30, "num_famili": 30, "fase": 5, "data_de_cr": "02/12/1998", "forma_obte": "Desapropriação", "data_obten": "10/07/1998", "area_calc_": 749.7333, "sr": null, "descricao_": null, "decada": "1990 - 1999" }, "geometry": { "type": "Point", "coordinates": [ -50.494664091568474, -24.613117694251116 ] } },
{ "type": "Feature", "properties": { "fid": 125, "cd_sipra": "PR0026000", "uf": "PR", "nome_proje": "PA VASTO HORIZONTE", "municipio": "TIBAGI", "area_hecta": "661.0000", "capacidade": 26, "num_famili": 24, "fase": 6, "data_de_cr": "31/03/1987", "forma_obte": "Desapropriação", "data_obten": "01/10/1986", "area_calc_": 648.7805, "sr": null, "descricao_": null, "decada": "1980 - 1989" }, "geometry": { "type": "Point", "coordinates": [ -50.713769888077962, -24.805779770295427 ] } },
{ "type": "Feature", "properties": { "fid": 126, "cd_sipra": "PR0226000", "uf": "PR", "nome_proje": "PA TAPERIVA", "municipio": "SAO JOAO DO CAIUA", "area_hecta": "726.0000", "capacidade": 40, "num_famili": 25, "fase": 5, "data_de_cr": "10/11/1999", "forma_obte": "Doação", "data_obten": "14/10/1998", "area_calc_": 726.458, "sr": null, "descricao_": null, "decada": "1990 - 1999" }, "geometry": { "type": "Point", "coordinates": [ -52.370176764488711, -22.824841209718375 ] } },
{ "type": "Feature", "properties": { "fid": 127, "cd_sipra": "PR0022002", "uf": "PR", "nome_proje": "PA JACIRETÃ III", "municipio": "RENASCENCA", "area_hecta": "783.7126", "capacidade": 41, "num_famili": 27, "fase": 6, "data_de_cr": "10/02/1987", "forma_obte": "Desapropriação", "data_obten": "17/10/1985", "area_calc_": 783.5051, "sr": null, "descricao_": null, "decada": "1980 - 1989" }, "geometry": { "type": "Point", "coordinates": [ -52.976341124032345, -26.324746444429017 ] } },
{ "type": "Feature", "properties": { "fid": 128, "cd_sipra": "PR0160000", "uf": "PR", "nome_proje": "PA SALETE STROZAKE", "municipio": "ITAGUAJE", "area_hecta": "1142.5842", "capacidade": 60, "num_famili": 49, "fase": 5, "data_de_cr": "11/05/1998", "forma_obte": "Desapropriação", "data_obten": "07/11/1997", "area_calc_": 615.4314, "sr": null, "descricao_": null, "decada": "1990 - 1999" }, "geometry": { "type": "Point", "coordinates": [ -50.706221307390344, -24.704033723293698 ] } },
{ "type": "Feature", "properties": { "fid": 129, "cd_sipra": "PR0204000", "uf": "PR", "nome_proje": "PA RENASCENÇA", "municipio": "RESERVA", "area_hecta": "240.6000", "capacidade": 10, "num_famili": 8, "fase": 5, "data_de_cr": "08/12/1998", "forma_obte": "Desapropriação", "data_obten": "30/06/1998", "area_calc_": 205.9487, "sr": null, "descricao_": null, "decada": "1990 - 1999" }, "geometry": { "type": "Point", "coordinates": [ -50.80996429303724, -24.574545985735988 ] } },
{ "type": "Feature", "properties": { "fid": 130, "cd_sipra": "PR0161000", "uf": "PR", "nome_proje": "PA MENINO JESUS", "municipio": "TIBAGI", "area_hecta": "637.7920", "capacidade": 31, "num_famili": 29, "fase": 5, "data_de_cr": "11/05/1998", "forma_obte": "Desapropriação", "data_obten": "14/07/1997", "area_calc_": 1139.073, "sr": null, "descricao_": null, "decada": "1990 - 1999" }, "geometry": { "type": "Point", "coordinates": [ -51.986109438143444, -22.667441030281978 ] } },
{ "type": "Feature", "properties": { "fid": 131, "cd_sipra": "PR0185000", "uf": "PR", "nome_proje": "PA FLORESTAN FERNANDES", "municipio": "FLORESTOPOLIS", "area_hecta": "529.6068", "capacidade": 29, "num_famili": 29, "fase": 5, "data_de_cr": "18/09/1998", "forma_obte": "Desapropriação", "data_obten": "14/04/1998", "area_calc_": 528.3818, "sr": null, "descricao_": null, "decada": "1990 - 1999" }, "geometry": { "type": "Point", "coordinates": [ -51.464202910152252, -22.882131108653173 ] } },
{ "type": "Feature", "properties": { "fid": 132, "cd_sipra": "PR0116000", "uf": "PR", "nome_proje": "PA MASCOTE", "municipio": "ITAGUAJE", "area_hecta": "362.8000", "capacidade": 20, "num_famili": 19, "fase": 3, "data_de_cr": "19/12/1995", "forma_obte": "Desapropriação", "data_obten": "25/03/1995", "area_calc_": 342.9679, "sr": null, "descricao_": null, "decada": "1990 - 1999" }, "geometry": { "type": "Point", "coordinates": [ -51.97192335026169, -22.736744180843964 ] } },
{ "type": "Feature", "properties": { "fid": 133, "cd_sipra": "PR0164000", "uf": "PR", "nome_proje": "PA TRÊS BARRAS", "municipio": "FAXINAL", "area_hecta": "685.1262", "capacidade": 36, "num_famili": 35, "fase": 5, "data_de_cr": "24/08/1998", "forma_obte": "Desapropriação", "data_obten": "22/05/1998", "area_calc_": 707.4233, "sr": null, "descricao_": null, "decada": "1990 - 1999" }, "geometry": { "type": "Point", "coordinates": [ -51.358048410693648, -23.926644162040958 ] } },
{ "type": "Feature", "properties": { "fid": 134, "cd_sipra": "PR0061000", "uf": "PR", "nome_proje": "PA SERRARIA", "municipio": "TAMARANA", "area_hecta": "384.2754", "capacidade": 20, "num_famili": 11, "fase": 7, "data_de_cr": "02/04/1991", "forma_obte": "Desapropriação", "data_obten": "23/06/1989", "area_calc_": 386.3022, "sr": null, "descricao_": null, "decada": "1990 - 1999" }, "geometry": { "type": "Point", "coordinates": [ -51.000565931296492, -23.800593037136135 ] } },
{ "type": "Feature", "properties": { "fid": 135, "cd_sipra": "PR0013000", "uf": "PR", "nome_proje": "PA NHUNDIAQUARA", "municipio": "MORRETES", "area_hecta": "1542.7650", "capacidade": 145, "num_famili": 136, "fase": 5, "data_de_cr": "28/08/1986", "forma_obte": "Desapropriação", "data_obten": "28/08/1984", "area_calc_": 359.7945, "sr": null, "descricao_": null, "decada": "1980 - 1989" }, "geometry": { "type": "Point", "coordinates": [ -48.84600940379233, -25.444206108463685 ] } },
{ "type": "Feature", "properties": { "fid": 136, "cd_sipra": "PR0045000", "uf": "PR", "nome_proje": "PA COLONIA PIQUIRI", "municipio": "GOIOXIM", "area_hecta": "228.0000", "capacidade": 11, "num_famili": 11, "fase": 6, "data_de_cr": "27/10/1988", "forma_obte": "Desapropriação", "data_obten": "18/09/1987", "area_calc_": 270.1791, "sr": null, "descricao_": null, "decada": "1980 - 1989" }, "geometry": { "type": "Point", "coordinates": [ -52.07937659395553, -25.037788923741836 ] } },
{ "type": "Feature", "properties": { "fid": 137, "cd_sipra": "PR0311000", "uf": "PR", "nome_proje": "PA CONQUISTA CAMPONESA", "municipio": "LARANJAL", "area_hecta": "557.2161", "capacidade": 23, "num_famili": 25, "fase": 3, "data_de_cr": "17/04/2008", "forma_obte": "Compra e Venda", "data_obten": "11/01/2008", "area_calc_": 527.6017, "sr": null, "descricao_": null, "decada": "2000 - 2009" }, "geometry": { "type": "Point", "coordinates": [ -52.41313307387972, -24.850140824571429 ] } },
{ "type": "Feature", "properties": { "fid": 138, "cd_sipra": "PR0205000", "uf": "PR", "nome_proje": "PA ÁGUAS DE JUREMA", "municipio": "IRETAMA", "area_hecta": "427.4410", "capacidade": 40, "num_famili": 38, "fase": 5, "data_de_cr": "08/12/1998", "forma_obte": "Desapropriação", "data_obten": "14/10/1998", "area_calc_": 436.4801, "sr": null, "descricao_": null, "decada": "1990 - 1999" }, "geometry": { "type": "Point", "coordinates": [ -52.115798838175529, -24.284825700954528 ] } },
{ "type": "Feature", "properties": { "fid": 139, "cd_sipra": "PR0169000", "uf": "PR", "nome_proje": "PA SEPÉ TIARAJÚ", "municipio": "SANTA TEREZA DO OESTE", "area_hecta": "432.1000", "capacidade": 20, "num_famili": 20, "fase": 5, "data_de_cr": "25/09/2000", "forma_obte": "Desapropriação", "data_obten": "26/05/1998", "area_calc_": 441.5342, "sr": null, "descricao_": null, "decada": "2000 - 2009" }, "geometry": { "type": "Point", "coordinates": [ -53.553458872446221, -25.131365455352064 ] } },
{ "type": "Feature", "properties": { "fid": 140, "cd_sipra": "PR0209000", "uf": "PR", "nome_proje": "PA BRIZANTA", "municipio": "NOVA LONDRINA", "area_hecta": "685.1946", "capacidade": 29, "num_famili": 26, "fase": 5, "data_de_cr": "31/12/1998", "forma_obte": "Desapropriação", "data_obten": "13/08/1998", "area_calc_": 670.0781, "sr": null, "descricao_": null, "decada": "1990 - 1999" }, "geometry": { "type": "Point", "coordinates": [ -52.872685486417055, -22.78792714946719 ] } },
{ "type": "Feature", "properties": { "fid": 141, "cd_sipra": "PR0268000", "uf": "PR", "nome_proje": "PA DORCELINA FOLADOR", "municipio": "ARAPONGAS", "area_hecta": "765.1000", "capacidade": 94, "num_famili": 91, "fase": 6, "data_de_cr": "20/12/2000", "forma_obte": "Compra e Venda", "data_obten": "06/10/1999", "area_calc_": 756.609, "sr": null, "descricao_": null, "decada": "2000 - 2009" }, "geometry": { "type": "Point", "coordinates": [ -51.355442193254774, -23.505594531234564 ] } },
{ "type": "Feature", "properties": { "fid": 142, "cd_sipra": "PR0170000", "uf": "PR", "nome_proje": "PA PARANÁ", "municipio": "SANTA CRUZ DE MONTE CASTELO", "area_hecta": "401.7200", "capacidade": 28, "num_famili": 28, "fase": 5, "data_de_cr": "24/11/1998", "forma_obte": "Desapropriação", "data_obten": "17/04/1998", "area_calc_": 939.1951, "sr": null, "descricao_": null, "decada": "1990 - 1999" }, "geometry": { "type": "Point", "coordinates": [ -53.350604377827956, -22.994383323760019 ] } },
{ "type": "Feature", "properties": { "fid": 143, "cd_sipra": "PR0162000", "uf": "PR", "nome_proje": "PA COLETIVO DA FRONTEIRA", "municipio": "BARRACAO", "area_hecta": "229.6513", "capacidade": 9, "num_famili": 8, "fase": 5, "data_de_cr": "11/05/1998", "forma_obte": "Desapropriação", "data_obten": "11/05/1998", "area_calc_": 218.187, "sr": null, "descricao_": null, "decada": "1990 - 1999" }, "geometry": { "type": "Point", "coordinates": [ -53.467210956385607, -26.276549702977409 ] } },
{ "type": "Feature", "properties": { "fid": 144, "cd_sipra": "PR0260000", "uf": "PR", "nome_proje": "PA BANDEIRANTES", "municipio": "BANDEIRANTES", "area_hecta": "732.3441", "capacidade": 40, "num_famili": 39, "fase": 5, "data_de_cr": "25/09/2000", "forma_obte": "Desapropriação", "data_obten": "11/11/1999", "area_calc_": 731.9856, "sr": null, "descricao_": null, "decada": "2000 - 2009" }, "geometry": { "type": "Point", "coordinates": [ -50.354453717633746, -23.217660237978148 ] } },
{ "type": "Feature", "properties": { "fid": 145, "cd_sipra": "PR0239000", "uf": "PR", "nome_proje": "PA IRACI SALETE", "municipio": "ALVORADA DO SUL", "area_hecta": "1068.6236", "capacidade": 60, "num_famili": 60, "fase": 5, "data_de_cr": "16/08/1999", "forma_obte": "Desapropriação", "data_obten": "11/11/1999", "area_calc_": 1041.2728, "sr": null, "descricao_": null, "decada": "1990 - 1999" }, "geometry": { "type": "Point", "coordinates": [ -51.214776518600083, -22.920753557445398 ] } },
{ "type": "Feature", "properties": { "fid": 146, "cd_sipra": "PR0147000", "uf": "PR", "nome_proje": "PA MARGARIDA ALVES", "municipio": "QUERENCIA DO NORTE", "area_hecta": "556.6000", "capacidade": 20, "num_famili": 19, "fase": 7, "data_de_cr": "04/12/1997", "forma_obte": "Desapropriação", "data_obten": "24/03/1995", "area_calc_": 552.078, "sr": null, "descricao_": null, "decada": "1990 - 1999" }, "geometry": { "type": "Point", "coordinates": [ -53.397177027668825, -22.991224281567352 ] } },
{ "type": "Feature", "properties": { "fid": 147, "cd_sipra": "PR0218000", "uf": "PR", "nome_proje": "PA JUCAPÉ", "municipio": "SAO JERONIMO DA SERRA", "area_hecta": "139.2200", "capacidade": 8, "num_famili": 7, "fase": 5, "data_de_cr": "03/02/1999", "forma_obte": "Desapropriação", "data_obten": "07/12/1998", "area_calc_": 150.3004, "sr": null, "descricao_": null, "decada": "1990 - 1999" }, "geometry": { "type": "Point", "coordinates": [ -50.649540645939908, -23.785897341863585 ] } },
{ "type": "Feature", "properties": { "fid": 148, "cd_sipra": "PR0332000", "uf": "PR", "nome_proje": "PA EGIDIO BRUNETTO", "municipio": "RIO BRANCO DO IVAI", "area_hecta": "2877.4036", "capacidade": 189, "num_famili": 182, "fase": 3, "data_de_cr": "06/12/2013", "forma_obte": "Compra e Venda", "data_obten": "03/06/2013", "area_calc_": 2888.1475, "sr": null, "descricao_": null, "decada": "2010 - 2019" }, "geometry": { "type": "Point", "coordinates": [ -51.427560137055728, -24.299770253572451 ] } },
{ "type": "Feature", "properties": { "fid": 149, "cd_sipra": "PR0265000", "uf": "PR", "nome_proje": "PA TUPY", "municipio": "HONORIO SERPA", "area_hecta": "383.2990", "capacidade": 24, "num_famili": 23, "fase": 5, "data_de_cr": "07/02/2000", "forma_obte": "Desapropriação", "data_obten": "18/11/1999", "area_calc_": 384.0425, "sr": null, "descricao_": null, "decada": "2000 - 2009" }, "geometry": { "type": "Point", "coordinates": [ -52.496282273095964, -26.136143634862421 ] } },
{ "type": "Feature", "properties": { "fid": 150, "cd_sipra": "PR0022001", "uf": "PR", "nome_proje": "PA JACIRETÃ II", "municipio": "RENASCENCA", "area_hecta": "170.7143", "capacidade": 9, "num_famili": 6, "fase": 6, "data_de_cr": "10/02/1987", "forma_obte": "Desapropriação", "data_obten": "17/10/1985", "area_calc_": 170.6729, "sr": null, "descricao_": null, "decada": "1980 - 1989" }, "geometry": { "type": "Point", "coordinates": [ -52.989818689309907, -26.270402727143502 ] } },
{ "type": "Feature", "properties": { "fid": 151, "cd_sipra": "PR0231000", "uf": "PR", "nome_proje": "PA LUZ", "municipio": "LUIZIANA", "area_hecta": "455.5500", "capacidade": 24, "num_famili": 24, "fase": 5, "data_de_cr": "30/06/1999", "forma_obte": "Desapropriação", "data_obten": "04/11/1998", "area_calc_": 444.3526, "sr": null, "descricao_": null, "decada": "1990 - 1999" }, "geometry": { "type": "Point", "coordinates": [ -52.273903789112659, -24.400718492667249 ] } },
{ "type": "Feature", "properties": { "fid": 152, "cd_sipra": "PR0050000", "uf": "PR", "nome_proje": "PA SÃO FRANCISCO", "municipio": "RIBEIRAO DO PINHAL", "area_hecta": "822.0000", "capacidade": 48, "num_famili": 47, "fase": 6, "data_de_cr": "27/02/1989", "forma_obte": "Desapropriação", "data_obten": "30/06/1988", "area_calc_": 835.0003, "sr": null, "descricao_": null, "decada": "1980 - 1989" }, "geometry": { "type": "Point", "coordinates": [ -50.426689554830396, -23.382937046153589 ] } },
{ "type": "Feature", "properties": { "fid": 153, "cd_sipra": "PR0328000", "uf": "PR", "nome_proje": "PA 8 DE OUTUBRO", "municipio": "CANDOI", "area_hecta": "201.0232", "capacidade": 10, "num_famili": 10, "fase": 3, "data_de_cr": "13/12/2010", "forma_obte": "Adjudicação", "data_obten": "13/12/2010", "area_calc_": 201.8337, "sr": null, "descricao_": null, "decada": "2010 - 2019" }, "geometry": { "type": "Point", "coordinates": [ -52.154803832990922, -25.507641181425342 ] } },
{ "type": "Feature", "properties": { "fid": 154, "cd_sipra": "PR0158000", "uf": "PR", "nome_proje": "PA AVENCAL", "municipio": "FERNANDES PINHEIRO", "area_hecta": "241.2700", "capacidade": 11, "num_famili": 11, "fase": 6, "data_de_cr": "18/12/1997", "forma_obte": "Desapropriação", "data_obten": "11/09/1997", "area_calc_": 219.1254, "sr": null, "descricao_": null, "decada": "1990 - 1999" }, "geometry": { "type": "Point", "coordinates": [ -50.41793653851073, -25.570352325370973 ] } },
{ "type": "Feature", "properties": { "fid": 155, "cd_sipra": "PR0128000", "uf": "PR", "nome_proje": "PA JACUTINGA", "municipio": "HONORIO SERPA", "area_hecta": "179.1471", "capacidade": 9, "num_famili": 9, "fase": 6, "data_de_cr": "26/12/1996", "forma_obte": "Desapropriação", "data_obten": "21/06/1989", "area_calc_": 178.0697, "sr": null, "descricao_": null, "decada": "1990 - 1999" }, "geometry": { "type": "Point", "coordinates": [ -52.541421700420109, -26.114119911946123 ] } },
{ "type": "Feature", "properties": { "fid": 156, "cd_sipra": "PR0099000", "uf": "PR", "nome_proje": "PA JABUTICABAL", "municipio": "GOIOXIM", "area_hecta": "1110.6590", "capacidade": 57, "num_famili": 37, "fase": 7, "data_de_cr": "16/06/1995", "forma_obte": "Desapropriação", "data_obten": "20/01/1994", "area_calc_": 1114.7132, "sr": null, "descricao_": null, "decada": "1990 - 1999" }, "geometry": { "type": "Point", "coordinates": [ -51.998858552307162, -25.013106309499445 ] } },
{ "type": "Feature", "properties": { "fid": 157, "cd_sipra": "PR0186000", "uf": "PR", "nome_proje": "PA NOVO HORIZONTE", "municipio": "SANTO INACIO", "area_hecta": "1176.0377", "capacidade": 51, "num_famili": 49, "fase": 5, "data_de_cr": "06/11/1998", "forma_obte": "Desapropriação", "data_obten": "12/12/1997", "area_calc_": 1189.2685, "sr": null, "descricao_": null, "decada": "1990 - 1999" }, "geometry": { "type": "Point", "coordinates": [ -51.751316546564297, -22.731573095610681 ] } },
{ "type": "Feature", "properties": { "fid": 158, "cd_sipra": "PR0102000", "uf": "PR", "nome_proje": "PA ARARAI", "municipio": "CANTAGALO", "area_hecta": "601.6120", "capacidade": 20, "num_famili": 19, "fase": 7, "data_de_cr": "18/10/1995", "forma_obte": "Desapropriação", "data_obten": "20/01/1994", "area_calc_": 594.9556, "sr": null, "descricao_": null, "decada": "1990 - 1999" }, "geometry": { "type": "Point", "coordinates": [ -51.880912050417869, -25.046125305209689 ] } },
{ "type": "Feature", "properties": { "fid": 159, "cd_sipra": "PR0327000", "uf": "PR", "nome_proje": "PA ELI VIVE II", "municipio": "LONDRINA", "area_hecta": "1486.5429", "capacidade": 115, "num_famili": 103, "fase": 3, "data_de_cr": "25/08/2010", "forma_obte": "Compra e Venda", "data_obten": "17/08/2010", "area_calc_": 1496.7134, "sr": null, "descricao_": null, "decada": "2010 - 2019" }, "geometry": { "type": "Point", "coordinates": [ -51.002621321736193, -23.676801243820268 ] } },
{ "type": "Feature", "properties": { "fid": 160, "cd_sipra": "PR0318000", "uf": "PR", "nome_proje": "PA MARIA LARA", "municipio": "CENTENARIO DO SUL", "area_hecta": "486.6409", "capacidade": 40, "num_famili": 40, "fase": 3, "data_de_cr": "17/09/2008", "forma_obte": "Desapropriação", "data_obten": "10/12/2004", "area_calc_": 481.2547, "sr": null, "descricao_": null, "decada": "2000 - 2009" }, "geometry": { "type": "Point", "coordinates": [ -51.531320598539502, -22.751249074990408 ] } },
{ "type": "Feature", "properties": { "fid": 161, "cd_sipra": "PR0100000", "uf": "PR", "nome_proje": "PA 29 DE AGOSTO", "municipio": "GOIOXIM", "area_hecta": "2381.0000", "capacidade": 82, "num_famili": 72, "fase": 6, "data_de_cr": "16/06/1995", "forma_obte": "Desapropriação", "data_obten": "20/12/1993", "area_calc_": 2217.3312, "sr": null, "descricao_": null, "decada": "1990 - 1999" }, "geometry": { "type": "Point", "coordinates": [ -52.022644295420292, -25.128706794827359 ] } },
{ "type": "Feature", "properties": { "fid": 162, "cd_sipra": "PR0194000", "uf": "PR", "nome_proje": "PA JANGADINHA", "municipio": "CASCAVEL", "area_hecta": "705.8228", "capacidade": 31, "num_famili": 15, "fase": 5, "data_de_cr": "02/12/1998", "forma_obte": "Desapropriação", "data_obten": "13/11/1997", "area_calc_": 613.6039, "sr": null, "descricao_": null, "decada": "1990 - 1999" }, "geometry": { "type": "Point", "coordinates": [ -53.423223696044431, -25.172864728375313 ] } },
{ "type": "Feature", "properties": { "fid": 163, "cd_sipra": "PR0143000", "uf": "PR", "nome_proje": "PA SANTA TEREZINHA", "municipio": "CASCAVEL", "area_hecta": "786.3676", "capacidade": 60, "num_famili": 42, "fase": 6, "data_de_cr": "19/12/1997", "forma_obte": "Compra e Venda", "data_obten": "09/10/1997", "area_calc_": 777.597, "sr": null, "descricao_": null, "decada": "1990 - 1999" }, "geometry": { "type": "Point", "coordinates": [ -53.132931218264609, -25.056559351440331 ] } },
{ "type": "Feature", "properties": { "fid": 164, "cd_sipra": "PR0398000", "uf": "PR", "nome_proje": "PA IRMÃ DOROTHY", "municipio": "QUERENCIA DO NORTE", "area_hecta": "2165.9052", "capacidade": 75, "num_famili": 73, "fase": 3, "data_de_cr": "04/12/2006", "forma_obte": "Compra e Venda", "data_obten": "23/11/2006", "area_calc_": 2133.6218, "sr": null, "descricao_": null, "decada": "2000 - 2009" }, "geometry": { "type": "Point", "coordinates": [ -53.482754985215365, -22.898760016105669 ] } },
{ "type": "Feature", "properties": { "fid": 165, "cd_sipra": "PR0301000", "uf": "PR", "nome_proje": "PA MADRE CRISTINA", "municipio": "SAO JOAO DO TRIUNFO", "area_hecta": "232.6720", "capacidade": 13, "num_famili": 13, "fase": 3, "data_de_cr": "10/07/2006", "forma_obte": "Desapropriação", "data_obten": "23/08/2005", "area_calc_": 231.5051, "sr": null, "descricao_": null, "decada": "2000 - 2009" }, "geometry": { "type": "Point", "coordinates": [ -50.285083580641377, -25.756746948070276 ] } },
{ "type": "Feature", "properties": { "fid": 166, "cd_sipra": "PR0317000", "uf": "PR", "nome_proje": "PA SEBASTIÃO DA MAIA", "municipio": "QUERENCIA DO NORTE", "area_hecta": "1072.5800", "capacidade": 76, "num_famili": 74, "fase": 3, "data_de_cr": "15/03/2010", "forma_obte": "Compra e Venda", "data_obten": "22/12/2009", "area_calc_": 1127.1588, "sr": null, "descricao_": null, "decada": "2010 - 2019" }, "geometry": { "type": "Point", "coordinates": [ -53.480347203658411, -23.15180225403985 ] } },
{ "type": "Feature", "properties": { "fid": 167, "cd_sipra": "PR0145000", "uf": "PR", "nome_proje": "PA ANJO DA GUARDA", "municipio": "MARMELEIRO", "area_hecta": "358.5200", "capacidade": 19, "num_famili": 18, "fase": 6, "data_de_cr": "24/10/1997", "forma_obte": "Desapropriação", "data_obten": "03/12/1996", "area_calc_": 379.041, "sr": null, "descricao_": null, "decada": "1990 - 1999" }, "geometry": { "type": "Point", "coordinates": [ -53.165162551636087, -26.20889418572974 ] } },
{ "type": "Feature", "properties": { "fid": 168, "cd_sipra": "PR0386000", "uf": "PR", "nome_proje": "PA RIO AZUL", "municipio": "RONCADOR", "area_hecta": "457.1722", "capacidade": 33, "num_famili": 28, "fase": 5, "data_de_cr": "17/09/2001", "forma_obte": "Desapropriação", "data_obten": "27/12/2000", "area_calc_": 457.5187, "sr": null, "descricao_": null, "decada": "2000 - 2009" }, "geometry": { "type": "Point", "coordinates": [ -52.395149429918192, -24.636311753214404 ] } },
{ "type": "Feature", "properties": { "fid": 169, "cd_sipra": "PR0420000", "uf": "PR", "nome_proje": "PA JOÃO DE PAULA", "municipio": "RENASCENCA", "area_hecta": "1898.5710", "capacidade": 96, "num_famili": 92, "fase": 4, "data_de_cr": "22/04/2004", "forma_obte": "Desapropriação", "data_obten": "06/09/2001", "area_calc_": 1612.7983, "sr": null, "descricao_": null, "decada": "2000 - 2009" }, "geometry": { "type": "Point", "coordinates": [ -52.989583041293898, -26.219728397412126 ] } },
{ "type": "Feature", "properties": { "fid": 170, "cd_sipra": "PR0144000", "uf": "PR", "nome_proje": "PA QUEBRA-BRAÇO", "municipio": "RENASCENCA", "area_hecta": "383.4115", "capacidade": 22, "num_famili": 22, "fase": 5, "data_de_cr": "29/10/1997", "forma_obte": "Desapropriação", "data_obten": "06/12/1996", "area_calc_": 391.837, "sr": null, "descricao_": null, "decada": "1990 - 1999" }, "geometry": { "type": "Point", "coordinates": [ -52.960978144487278, -26.218721094319303 ] } },
{ "type": "Feature", "properties": { "fid": 171, "cd_sipra": "PR0388000", "uf": "PR", "nome_proje": "PA TEIXEIRINHA", "municipio": "SANTA CRUZ DE MONTE CASTELO", "area_hecta": "549.0636", "capacidade": 23, "num_famili": 22, "fase": 5, "data_de_cr": "14/09/2001", "forma_obte": "Compra e Venda", "data_obten": "29/06/2001", "area_calc_": 549.0033, "sr": null, "descricao_": null, "decada": "2000 - 2009" }, "geometry": { "type": "Point", "coordinates": [ -53.339698440928849, -23.020998818300679 ] } },
{ "type": "Feature", "properties": { "fid": 172, "cd_sipra": "PR0137000", "uf": "PR", "nome_proje": "PA NOVA ALIANÇA", "municipio": "PALMITAL", "area_hecta": "740.8000", "capacidade": 25, "num_famili": 22, "fase": 6, "data_de_cr": "17/09/1997", "forma_obte": null, "data_obten": null, "area_calc_": 780.5, "sr": null, "descricao_": null, "decada": "1990 - 1999" }, "geometry": { "type": "Point", "coordinates": [ -52.375151883040594, -25.007698353264036 ] } },
{ "type": "Feature", "properties": { "fid": 173, "cd_sipra": "PR0257000", "uf": "PR", "nome_proje": "PA SANTANA DO IPIRANGA", "municipio": "IPIRANGA", "area_hecta": "477.5431", "capacidade": 22, "num_famili": 22, "fase": 3, "data_de_cr": "25/09/2000", "forma_obte": "Desapropriação", "data_obten": "10/11/1999", "area_calc_": 473.0035, "sr": null, "descricao_": null, "decada": "2000 - 2009" }, "geometry": { "type": "Point", "coordinates": [ -50.670653993424388, -24.936257971836845 ] } },
{ "type": "Feature", "properties": { "fid": 174, "cd_sipra": "PR0104000", "uf": "PR", "nome_proje": "PA VERDUM", "municipio": "LINDOESTE", "area_hecta": "308.9400", "capacidade": 16, "num_famili": 14, "fase": 7, "data_de_cr": "23/11/1995", "forma_obte": "Desapropriação", "data_obten": "23/05/1994", "area_calc_": 291.3803, "sr": null, "descricao_": null, "decada": "1990 - 1999" }, "geometry": { "type": "Point", "coordinates": [ -53.605066208457224, -25.230076831732962 ] } },
{ "type": "Feature", "properties": { "fid": 175, "cd_sipra": "PR0395000", "uf": "PR", "nome_proje": "PA ANDER RODOLFO HENRIQUE", "municipio": "DIAMANTE DO OESTE", "area_hecta": "2973.5789", "capacidade": 108, "num_famili": 106, "fase": 4, "data_de_cr": "26/04/2004", "forma_obte": "Compra e Venda", "data_obten": "20/12/2002", "area_calc_": 3088.7721, "sr": null, "descricao_": null, "decada": "2000 - 2009" }, "geometry": { "type": "Point", "coordinates": [ -54.046770059388521, -24.921199722511783 ] } },
{ "type": "Feature", "properties": { "fid": 176, "cd_sipra": "PR0333000", "uf": "PR", "nome_proje": "PA KARL MARX", "municipio": "MARMELEIRO", "area_hecta": "324.1710", "capacidade": 19, "num_famili": 19, "fase": 3, "data_de_cr": "22/08/2014", "forma_obte": "Arrecadação", "data_obten": "22/08/2014", "area_calc_": 193.5327, "sr": null, "descricao_": null, "decada": "2010 - 2019" }, "geometry": { "type": "Point", "coordinates": [ -53.023736294002617, -26.191177847189937 ] } },
{ "type": "Feature", "properties": { "fid": 177, "cd_sipra": "PR0199000", "uf": "PR", "nome_proje": "PA RECANTO FELIZ", "municipio": "SANTA MARIA DO OESTE", "area_hecta": "357.0000", "capacidade": 16, "num_famili": 14, "fase": 5, "data_de_cr": "16/11/1998", "forma_obte": "Desapropriação", "data_obten": "16/11/1998", "area_calc_": 330.0422, "sr": null, "descricao_": null, "decada": "1990 - 1999" }, "geometry": { "type": "Point", "coordinates": [ -51.830567948988715, -24.894718908100646 ] } },
{ "type": "Feature", "properties": { "fid": 178, "cd_sipra": "PR0233000", "uf": "PR", "nome_proje": "PA CRETAN", "municipio": "SAO JERONIMO DA SERRA", "area_hecta": "287.9675", "capacidade": 18, "num_famili": 13, "fase": 5, "data_de_cr": "30/06/1999", "forma_obte": "Desapropriação", "data_obten": "07/12/1998", "area_calc_": 292.8555, "sr": null, "descricao_": null, "decada": "1990 - 1999" }, "geometry": { "type": "Point", "coordinates": [ -50.676952230366751, -23.769856330781845 ] } },
{ "type": "Feature", "properties": { "fid": 179, "cd_sipra": "PR0335000", "uf": "PR", "nome_proje": "PA BOM SUCESSO", "municipio": "SAPOPEMA", "area_hecta": "703.8933", "capacidade": 31, "num_famili": 30, "fase": 3, "data_de_cr": "01/12/2014", "forma_obte": "Compra e Venda", "data_obten": "08/10/2014", "area_calc_": 703.7588, "sr": null, "descricao_": null, "decada": "2010 - 2019" }, "geometry": { "type": "Point", "coordinates": [ -50.697367145373299, -23.947705429255027 ] } },
{ "type": "Feature", "properties": { "fid": 180, "cd_sipra": "PR0390000", "uf": "PR", "nome_proje": "PA CARLOS LAMARCA", "municipio": "SANTO ANTONIO DO PARAISO", "area_hecta": "2206.7722", "capacidade": 138, "num_famili": 132, "fase": 3, "data_de_cr": "04/12/2001", "forma_obte": "Desapropriação", "data_obten": "06/09/2001", "area_calc_": 2206.1934, "sr": null, "descricao_": null, "decada": "2000 - 2009" }, "geometry": { "type": "Point", "coordinates": [ -50.592243012961205, -23.616818205609636 ] } },
{ "type": "Feature", "properties": { "fid": 181, "cd_sipra": "PR0184000", "uf": "PR", "nome_proje": "PA NORTE SUL", "municipio": "SANTO INACIO", "area_hecta": "375.9000", "capacidade": 15, "num_famili": 15, "fase": 5, "data_de_cr": "24/09/1998", "forma_obte": "Desapropriação", "data_obten": "12/12/1997", "area_calc_": 365.3616, "sr": null, "descricao_": null, "decada": "1990 - 1999" }, "geometry": { "type": "Point", "coordinates": [ -51.852252587318375, -22.8088046737114 ] } },
{ "type": "Feature", "properties": { "fid": 182, "cd_sipra": "PR0181000", "uf": "PR", "nome_proje": "PA ROLA PEDRA", "municipio": "GUAMIRANGA", "area_hecta": "201.2993", "capacidade": 10, "num_famili": 10, "fase": 5, "data_de_cr": "01/12/1998", "forma_obte": "Desapropriação", "data_obten": "13/04/1998", "area_calc_": 202.7509, "sr": null, "descricao_": null, "decada": "1990 - 1999" }, "geometry": { "type": "Point", "coordinates": [ -50.820388335745818, -25.210358524397765 ] } },
{ "type": "Feature", "properties": { "fid": 183, "cd_sipra": "PR0057000", "uf": "PR", "nome_proje": "PA VOLTA GRANDE/ ESTRELA", "municipio": "ORTIGUEIRA", "area_hecta": "72.1170", "capacidade": 3, "num_famili": 3, "fase": 6, "data_de_cr": "20/10/1989", "forma_obte": "Desapropriação", "data_obten": "09/10/1986", "area_calc_": 71.6887, "sr": null, "descricao_": null, "decada": "1980 - 1989" }, "geometry": { "type": "Point", "coordinates": [ -50.86884773962494, -24.170773992707282 ] } },
{ "type": "Feature", "properties": { "fid": 184, "cd_sipra": "PR0193000", "uf": "PR", "nome_proje": "PA AMÉLIA", "municipio": "SAO JERONIMO DA SERRA", "area_hecta": "751.7145", "capacidade": 35, "num_famili": 32, "fase": 6, "data_de_cr": "08/12/1998", "forma_obte": "Desapropriação", "data_obten": "02/09/1998", "area_calc_": 707.033, "sr": null, "descricao_": null, "decada": "1990 - 1999" }, "geometry": { "type": "Point", "coordinates": [ -50.691867132995526, -23.798546519233316 ] } },
{ "type": "Feature", "properties": { "fid": 185, "cd_sipra": "PR0220000", "uf": "PR", "nome_proje": "PA ARIXIGUANA", "municipio": "SAO JERONIMO DA SERRA", "area_hecta": "607.2321", "capacidade": 26, "num_famili": 25, "fase": 5, "data_de_cr": "03/02/1999", "forma_obte": "Desapropriação", "data_obten": "03/09/1998", "area_calc_": 582.4091, "sr": null, "descricao_": null, "decada": "1990 - 1999" }, "geometry": { "type": "Point", "coordinates": [ -50.655544630792448, -23.757098792885579 ] } },
{ "type": "Feature", "properties": { "fid": 186, "cd_sipra": "PR0315000", "uf": "PR", "nome_proje": "PA VALMIR MOTA DE OLIVEIRA", "municipio": "CASCAVEL", "area_hecta": "889.5060", "capacidade": 84, "num_famili": 83, "fase": 3, "data_de_cr": "13/12/2010", "forma_obte": "Compra e Venda", "data_obten": "16/04/2009", "area_calc_": 890.3167, "sr": null, "descricao_": null, "decada": "2010 - 2019" }, "geometry": { "type": "Point", "coordinates": [ -53.320992159311039, -25.02122859429878 ] } },
{ "type": "Feature", "properties": { "fid": 187, "cd_sipra": "PR0077000", "uf": "PR", "nome_proje": "PA SÃO PEDRO", "municipio": "GUARAPUAVA", "area_hecta": "912.0000", "capacidade": 38, "num_famili": 36, "fase": 7, "data_de_cr": "02/09/1992", "forma_obte": "Desapropriação", "data_obten": "06/06/1989", "area_calc_": 911.3058, "sr": null, "descricao_": null, "decada": "1990 - 1999" }, "geometry": { "type": "Point", "coordinates": [ -51.41191182481306, -25.179178816847969 ] } },
{ "type": "Feature", "properties": { "fid": 188, "cd_sipra": "PR0047000", "uf": "PR", "nome_proje": "PA OURO VERDE", "municipio": "CANTAGALO", "area_hecta": "1206.0000", "capacidade": 49, "num_famili": 35, "fase": 7, "data_de_cr": "27/02/1989", "forma_obte": "Desapropriação", "data_obten": "27/02/1989", "area_calc_": 1225.0949, "sr": null, "descricao_": null, "decada": "1980 - 1989" }, "geometry": { "type": "Point", "coordinates": [ -52.103557366669733, -25.13826003041433 ] } },
{ "type": "Feature", "properties": { "fid": 189, "cd_sipra": "PR0403000", "uf": "PR", "nome_proje": "PA ELIAS GONÇALVES DE MEURA", "municipio": "CARLOPOLIS", "area_hecta": "504.7000", "capacidade": 50, "num_famili": 39, "fase": 3, "data_de_cr": "03/09/2014", "forma_obte": "Desapropriação", "data_obten": "10/11/1999", "area_calc_": 522.2853, "sr": null, "descricao_": null, "decada": "2010 - 2019" }, "geometry": { "type": "Point", "coordinates": [ -49.713267468226661, -23.54035399519066 ] } },
{ "type": "Feature", "properties": { "fid": 190, "cd_sipra": "PR0225000", "uf": "PR", "nome_proje": "PA JOSÉ GOMES DA SILVA", "municipio": "FERNANDES PINHEIRO", "area_hecta": "297.0000", "capacidade": 16, "num_famili": 15, "fase": 5, "data_de_cr": "10/03/1999", "forma_obte": "Desapropriação", "data_obten": "03/09/1998", "area_calc_": 296.997, "sr": null, "descricao_": null, "decada": "1990 - 1999" }, "geometry": { "type": "Point", "coordinates": [ -50.43539788236825, -25.523752377426863 ] } },
{ "type": "Feature", "properties": { "fid": 191, "cd_sipra": "PR0310000", "uf": "PR", "nome_proje": "PA ESTRELA DE DAVI", "municipio": "XAMBRE", "area_hecta": "330.8140", "capacidade": 20, "num_famili": 20, "fase": 3, "data_de_cr": "20/12/2007", "forma_obte": "Desapropriação", "data_obten": "05/09/2002", "area_calc_": 332.1569, "sr": null, "descricao_": null, "decada": "2000 - 2009" }, "geometry": { "type": "Point", "coordinates": [ -53.58190175448923, -23.766421368506581 ] } },
{ "type": "Feature", "properties": { "fid": 192, "cd_sipra": "PR0111000", "uf": "PR", "nome_proje": "PA TRÊS LAGOAS", "municipio": "CASTRO", "area_hecta": "455.9962", "capacidade": 17, "num_famili": 17, "fase": 7, "data_de_cr": "30/11/1995", "forma_obte": "Desapropriação", "data_obten": "01/12/1994", "area_calc_": 455.6275, "sr": null, "descricao_": null, "decada": "1990 - 1999" }, "geometry": { "type": "Point", "coordinates": [ -49.849221118140726, -24.958532062305675 ] } },
{ "type": "Feature", "properties": { "fid": 193, "cd_sipra": "PR0069000", "uf": "PR", "nome_proje": "PA BOM RETIRO BUTIA", "municipio": "CORONEL DOMINGOS SOARES", "area_hecta": "1730.0000", "capacidade": 73, "num_famili": 60, "fase": 6, "data_de_cr": "10/06/1992", "forma_obte": "Desapropriação", "data_obten": "27/09/1989", "area_calc_": 1752.845, "sr": null, "descricao_": null, "decada": "1990 - 1999" }, "geometry": { "type": "Point", "coordinates": [ -52.051630547934998, -26.075511485626652 ] } },
{ "type": "Feature", "properties": { "fid": 194, "cd_sipra": "PR0423000", "uf": "PR", "nome_proje": "PA ROBSON DE SOUZA", "municipio": "CONGONHINHAS", "area_hecta": "653.3079", "capacidade": 39, "num_famili": 38, "fase": 4, "data_de_cr": "05/07/2004", "forma_obte": "Desapropriação", "data_obten": "29/11/1999", "area_calc_": 644.4939, "sr": null, "descricao_": null, "decada": "2000 - 2009" }, "geometry": { "type": "Point", "coordinates": [ -50.516905635699935, -23.512693671633642 ] } },
{ "type": "Feature", "properties": { "fid": 195, "cd_sipra": "PR0152000", "uf": "PR", "nome_proje": "PA MISSÕES", "municipio": "FRANCISCO BELTRAO", "area_hecta": "1983.4366", "capacidade": 136, "num_famili": 132, "fase": 6, "data_de_cr": "18/12/1997", "forma_obte": "Desapropriação", "data_obten": "16/07/1997", "area_calc_": 1996.2322, "sr": null, "descricao_": null, "decada": "1990 - 1999" }, "geometry": { "type": "Point", "coordinates": [ -53.193730771636147, -26.130024933157252 ] } },
{ "type": "Feature", "properties": { "fid": 196, "cd_sipra": "PR0215000", "uf": "PR", "nome_proje": "PA PADRE JOSINO", "municipio": "ORTIGUEIRA", "area_hecta": "383.6905", "capacidade": 10, "num_famili": 10, "fase": 6, "data_de_cr": "20/01/1999", "forma_obte": "Desapropriação", "data_obten": "30/07/1998", "area_calc_": 374.3874, "sr": null, "descricao_": null, "decada": "1990 - 1999" }, "geometry": { "type": "Point", "coordinates": [ -50.973763193546638, -24.176658846917576 ] } },
{ "type": "Feature", "properties": { "fid": 197, "cd_sipra": "PR0112000", "uf": "PR", "nome_proje": "PA GUANABARA", "municipio": "IMBAU", "area_hecta": "1183.3800", "capacidade": 35, "num_famili": 35, "fase": 6, "data_de_cr": "30/11/1995", "forma_obte": "Desapropriação", "data_obten": "24/11/1993", "area_calc_": 1170.8869, "sr": null, "descricao_": null, "decada": "1990 - 1999" }, "geometry": { "type": "Point", "coordinates": [ -50.807399199690195, -24.408401518965519 ] } },
{ "type": "Feature", "properties": { "fid": 198, "cd_sipra": "PR0382000", "uf": "PR", "nome_proje": "PA DOM ELDER CAMARA", "municipio": "SAO JERONIMO DA SERRA", "area_hecta": "1957.4426", "capacidade": 124, "num_famili": 109, "fase": 5, "data_de_cr": "25/06/2001", "forma_obte": "Desapropriação", "data_obten": "27/12/2000", "area_calc_": 1955.8799, "sr": null, "descricao_": null, "decada": "2000 - 2009" }, "geometry": { "type": "Point", "coordinates": [ -50.828960351255212, -23.730673820260265 ] } },
{ "type": "Feature", "properties": { "fid": 199, "cd_sipra": "PR0052000", "uf": "PR", "nome_proje": "PA BARRA GRANDE", "municipio": "PALMITAL", "area_hecta": "554.8600", "capacidade": 23, "num_famili": 22, "fase": 7, "data_de_cr": "15/08/1989", "forma_obte": "Desapropriação", "data_obten": "27/05/1988", "area_calc_": 517.5741, "sr": null, "descricao_": null, "decada": "1980 - 1989" }, "geometry": { "type": "Point", "coordinates": [ -52.34135119002633, -24.932247319583723 ] } },
{ "type": "Feature", "properties": { "fid": 200, "cd_sipra": "PR0151000", "uf": "PR", "nome_proje": "PA NOVA FARTURA", "municipio": "SAUDADE DO IGUACU", "area_hecta": "3516.7790", "capacidade": 169, "num_famili": 167, "fase": 6, "data_de_cr": "18/12/1997", "forma_obte": "Desapropriação", "data_obten": "20/12/1997", "area_calc_": 3506.8141, "sr": null, "descricao_": null, "decada": "1990 - 1999" }, "geometry": { "type": "Point", "coordinates": [ -52.622858136119298, -25.761067943457999 ] } },
{ "type": "Feature", "properties": { "fid": 201, "cd_sipra": "PR0131000", "uf": "PR", "nome_proje": "PA SOL NASCENTE", "municipio": "SAO JERONIMO DA SERRA", "area_hecta": "227.9700", "capacidade": 12, "num_famili": 7, "fase": 5, "data_de_cr": "10/07/1997", "forma_obte": "Desapropriação", "data_obten": "17/09/1996", "area_calc_": 221.2895, "sr": null, "descricao_": null, "decada": "1990 - 1999" }, "geometry": { "type": "Point", "coordinates": [ -50.618807061622576, -23.763022371708885 ] } },
{ "type": "Feature", "properties": { "fid": 202, "cd_sipra": "PR0188000", "uf": "PR", "nome_proje": "PA SÃO JOAQUIM", "municipio": "TEIXEIRA SOARES", "area_hecta": "1592.4208", "capacidade": 96, "num_famili": 94, "fase": 4, "data_de_cr": "07/10/1998", "forma_obte": "Desapropriação", "data_obten": "08/07/1998", "area_calc_": 1688.5859, "sr": null, "descricao_": null, "decada": "1990 - 1999" }, "geometry": { "type": "Point", "coordinates": [ -50.485575971879186, -25.318477230663042 ] } },
{ "type": "Feature", "properties": { "fid": 203, "cd_sipra": "PR0401000", "uf": "PR", "nome_proje": "PA ANTONIO COMPANHEIRO TAVARES", "municipio": "SAO MIGUEL DO IGUACU", "area_hecta": "1089.1305", "capacidade": 84, "num_famili": 81, "fase": 5, "data_de_cr": "08/10/2002", "forma_obte": "Transferência", "data_obten": "14/08/2002", "area_calc_": 1089.0429, "sr": null, "descricao_": null, "decada": "2000 - 2009" }, "geometry": { "type": "Point", "coordinates": [ -54.364508552598721, -25.407423437845122 ] } },
{ "type": "Feature", "properties": { "fid": 204, "cd_sipra": "PR0036000", "uf": "PR", "nome_proje": "PA CHOPIM", "municipio": "HONORIO SERPA", "area_hecta": "943.8020", "capacidade": 27, "num_famili": 24, "fase": 6, "data_de_cr": "25/08/1987", "forma_obte": "Desapropriação", "data_obten": "29/04/1987", "area_calc_": 897.509, "sr": null, "descricao_": null, "decada": "1980 - 1989" }, "geometry": { "type": "Point", "coordinates": [ -52.476797205599759, -26.146806755507825 ] } },
{ "type": "Feature", "properties": { "fid": 205, "cd_sipra": "PR0211000", "uf": "PR", "nome_proje": "PA SANTO ANTONIO DAS ÁGUAS DO CORVO I", "municipio": "TERRA RICA", "area_hecta": "1326.1588", "capacidade": 52, "num_famili": 49, "fase": 5, "data_de_cr": "31/12/1998", "forma_obte": "Desapropriação", "data_obten": "27/05/1998", "area_calc_": 1361.3579, "sr": null, "descricao_": null, "decada": "1990 - 1999" }, "geometry": { "type": "Point", "coordinates": [ -52.783739086353656, -22.725053815080756 ] } },
{ "type": "Feature", "properties": { "fid": 206, "cd_sipra": "PR0154000", "uf": "PR", "nome_proje": "PA FAZENDA CAROLINA", "municipio": "GUARAPUAVA", "area_hecta": "580.8000", "capacidade": 27, "num_famili": 25, "fase": 5, "data_de_cr": "18/12/1997", "forma_obte": "Desapropriação", "data_obten": "03/09/1998", "area_calc_": 577.0781, "sr": null, "descricao_": null, "decada": "1990 - 1999" }, "geometry": { "type": "Point", "coordinates": [ -51.756150602651736, -25.233100977543469 ] } },
{ "type": "Feature", "properties": { "fid": 207, "cd_sipra": "PR0180000", "uf": "PR", "nome_proje": "PA PAIOL DE TELHA", "municipio": "GUARAPUAVA", "area_hecta": "1051.9000", "capacidade": 64, "num_famili": 51, "fase": 5, "data_de_cr": "16/11/1998", "forma_obte": "Desapropriação", "data_obten": "13/08/1998", "area_calc_": 1123.9991, "sr": null, "descricao_": null, "decada": "1990 - 1999" }, "geometry": { "type": "Point", "coordinates": [ -51.588528974771812, -25.603399689918326 ] } },
{ "type": "Feature", "properties": { "fid": 208, "cd_sipra": "PR0148000", "uf": "PR", "nome_proje": "PA VALE VERDE", "municipio": "IBAITI", "area_hecta": "1488.9848", "capacidade": 76, "num_famili": 70, "fase": 5, "data_de_cr": "17/11/1997", "forma_obte": "Desapropriação", "data_obten": "24/04/2000", "area_calc_": 1519.8437, "sr": null, "descricao_": null, "decada": "1990 - 1999" }, "geometry": { "type": "Point", "coordinates": [ -50.330256376957799, -23.812383986646726 ] } },
{ "type": "Feature", "properties": { "fid": 209, "cd_sipra": "PR0118000", "uf": "PR", "nome_proje": "PA PONTAL DO TIGRE", "municipio": "QUERENCIA DO NORTE", "area_hecta": "8096.1000", "capacidade": 359, "num_famili": 331, "fase": 6, "data_de_cr": "19/12/1995", "forma_obte": "Desapropriação", "data_obten": "04/03/1988", "area_calc_": 7955.8989, "sr": null, "descricao_": null, "decada": "1990 - 1999" }, "geometry": { "type": "Point", "coordinates": [ -53.56106625653517, -23.158044575852475 ] } },
{ "type": "Feature", "properties": { "fid": 210, "cd_sipra": "PR0413000", "uf": "PR", "nome_proje": "PA SANTA IZABEL", "municipio": "RAMILANDIA", "area_hecta": "917.8516", "capacidade": 31, "num_famili": 31, "fase": 4, "data_de_cr": "07/03/2003", "forma_obte": "Desapropriação", "data_obten": "06/09/2001", "area_calc_": 917.7462, "sr": null, "descricao_": null, "decada": "2000 - 2009" }, "geometry": { "type": "Point", "coordinates": [ -54.15490569472874, -25.103878980261786 ] } },
{ "type": "Feature", "properties": { "fid": 211, "cd_sipra": "PR0198000", "uf": "PR", "nome_proje": "PA CRUZ DE MALTA", "municipio": "TAMARANA", "area_hecta": "407.1892", "capacidade": 14, "num_famili": 14, "fase": 5, "data_de_cr": "24/11/1998", "forma_obte": "Desapropriação", "data_obten": "11/09/1997", "area_calc_": 408.5682, "sr": null, "descricao_": null, "decada": "1990 - 1999" }, "geometry": { "type": "Point", "coordinates": [ -51.076434424825791, -23.845476008759864 ] } },
{ "type": "Feature", "properties": { "fid": 212, "cd_sipra": "PR0081000", "uf": "PR", "nome_proje": "PA SANTA MARIA", "municipio": "PARANACITY", "area_hecta": "256.5200", "capacidade": 22, "num_famili": 20, "fase": 5, "data_de_cr": "12/11/1992", "forma_obte": null, "data_obten": null, "area_calc_": 238.685, "sr": null, "descricao_": null, "decada": "1990 - 1999" }, "geometry": { "type": "Point", "coordinates": [ -52.143613478913302, -22.918969921730046 ] } },
{ "type": "Feature", "properties": { "fid": 213, "cd_sipra": "PR0251000", "uf": "PR", "nome_proje": "PA JERUSALEM", "municipio": "NOVA CANTU", "area_hecta": "670.0600", "capacidade": 28, "num_famili": 23, "fase": 5, "data_de_cr": "07/12/1999", "forma_obte": "Desapropriação", "data_obten": "14/07/1998", "area_calc_": 648.7695, "sr": null, "descricao_": null, "decada": "1990 - 1999" }, "geometry": { "type": "Point", "coordinates": [ -52.55442713461882, -24.723914744174106 ] } },
{ "type": "Feature", "properties": { "fid": 214, "cd_sipra": "PR0041000", "uf": "PR", "nome_proje": "PA FAZENDA MARRECAS", "municipio": "TURVO", "area_hecta": "562.0000", "capacidade": 20, "num_famili": 16, "fase": 7, "data_de_cr": "27/04/1988", "forma_obte": "Desapropriação", "data_obten": "18/09/1987", "area_calc_": 549.5818, "sr": null, "descricao_": null, "decada": "1980 - 1989" }, "geometry": { "type": "Point", "coordinates": [ -51.410083631543884, -24.933398436647366 ] } },
{ "type": "Feature", "properties": { "fid": 215, "cd_sipra": "PR0150000", "uf": "PR", "nome_proje": "PA DO TESOURO", "municipio": "TAMARANA", "area_hecta": "581.6470", "capacidade": 24, "num_famili": 24, "fase": 5, "data_de_cr": "26/11/1997", "forma_obte": "Desapropriação", "data_obten": "27/11/1997", "area_calc_": 578.9916, "sr": null, "descricao_": null, "decada": "1990 - 1999" }, "geometry": { "type": "Point", "coordinates": [ -51.016926111207574, -23.815610315141885 ] } },
{ "type": "Feature", "properties": { "fid": 216, "cd_sipra": "PR0325000", "uf": "PR", "nome_proje": "PA NOVA GERAÇÃO", "municipio": "GUARAPUAVA", "area_hecta": "588.4271", "capacidade": 31, "num_famili": 30, "fase": 4, "data_de_cr": "22/11/2010", "forma_obte": "Transferência", "data_obten": "29/05/2009", "area_calc_": 584.6423, "sr": null, "descricao_": null, "decada": "2010 - 2019" }, "geometry": { "type": "Point", "coordinates": [ -51.525969039343302, -25.484090486853233 ] } },
{ "type": "Feature", "properties": { "fid": 217, "cd_sipra": "PR0235000", "uf": "PR", "nome_proje": "PA ROSA", "municipio": "GUARAPUAVA", "area_hecta": "563.3907", "capacidade": 32, "num_famili": 23, "fase": 4, "data_de_cr": "30/06/1999", "forma_obte": "Desapropriação", "data_obten": "23/09/1998", "area_calc_": 566.5517, "sr": null, "descricao_": null, "decada": "1990 - 1999" }, "geometry": { "type": "Point", "coordinates": [ -51.224334331722552, -25.36482609416273 ] } },
{ "type": "Feature", "properties": { "fid": 218, "cd_sipra": "PR0264000", "uf": "PR", "nome_proje": "PA 8 DE JUNHO", "municipio": "LARANJEIRAS DO SUL", "area_hecta": "1477.4434", "capacidade": 74, "num_famili": 73, "fase": 5, "data_de_cr": "25/09/2000", "forma_obte": "Desapropriação", "data_obten": "11/11/1999", "area_calc_": 1486.6787, "sr": null, "descricao_": null, "decada": "2000 - 2009" }, "geometry": { "type": "Point", "coordinates": [ -52.46361283311289, -25.447626714193323 ] } },
{ "type": "Feature", "properties": { "fid": 219, "cd_sipra": "PR0049000", "uf": "PR", "nome_proje": "PA SÃO CARLOS", "municipio": "PALMITAL", "area_hecta": "333.0095", "capacidade": 4, "num_famili": 4, "fase": 3, "data_de_cr": "27/02/1989", "forma_obte": "Desapropriação", "data_obten": "20/07/1988", "area_calc_": 335.0505, "sr": null, "descricao_": null, "decada": "1980 - 1989" }, "geometry": { "type": "Point", "coordinates": [ -52.354008415323769, -25.012566280341961 ] } },
{ "type": "Feature", "properties": { "fid": 220, "cd_sipra": "PR0083000", "uf": "PR", "nome_proje": "PA CAMPO BONITO", "municipio": "CAMPO BONITO", "area_hecta": "946.7989", "capacidade": 65, "num_famili": 45, "fase": 7, "data_de_cr": "20/10/1993", "forma_obte": "Compra e Venda", "data_obten": "11/01/1993", "area_calc_": 960.841, "sr": null, "descricao_": null, "decada": "1990 - 1999" }, "geometry": { "type": "Point", "coordinates": [ -53.07584719960947, -24.945259094641017 ] } },
{ "type": "Feature", "properties": { "fid": 221, "cd_sipra": "PR0035000", "uf": "PR", "nome_proje": "PA JUQUIA DE CIMA", "municipio": "CANTAGALO", "area_hecta": "550.0000", "capacidade": 20, "num_famili": 20, "fase": 7, "data_de_cr": "14/08/1987", "forma_obte": "Desapropriação", "data_obten": "18/03/1987", "area_calc_": 543.149, "sr": null, "descricao_": null, "decada": "1980 - 1989" }, "geometry": { "type": "Point", "coordinates": [ -52.072729661920683, -25.190037496680045 ] } },
{ "type": "Feature", "properties": { "fid": 222, "cd_sipra": "PR0167000", "uf": "PR", "nome_proje": "PA ZUMBI DOS PALMARES", "municipio": "QUERENCIA DO NORTE", "area_hecta": "801.8000", "capacidade": 25, "num_famili": 22, "fase": 5, "data_de_cr": "17/09/1998", "forma_obte": "Compra e Venda", "data_obten": "09/12/1997", "area_calc_": 797.1408, "sr": null, "descricao_": null, "decada": "1990 - 1999" }, "geometry": { "type": "Point", "coordinates": [ -53.652343054613382, -23.207297964119444 ] } },
{ "type": "Feature", "properties": { "fid": 223, "cd_sipra": "PR0314000", "uf": "PR", "nome_proje": "PA 19 DE JUNHO", "municipio": "CANDIDO DE ABREU", "area_hecta": "1055.9995", "capacidade": 51, "num_famili": 51, "fase": 3, "data_de_cr": "02/09/2008", "forma_obte": "Desapropriação", "data_obten": "03/02/2007", "area_calc_": 1051.6358, "sr": null, "descricao_": null, "decada": "2000 - 2009" }, "geometry": { "type": "Point", "coordinates": [ -51.295697657127413, -24.560667749669651 ] } },
{ "type": "Feature", "properties": { "fid": 224, "cd_sipra": "PR0109000", "uf": "PR", "nome_proje": "PA SANTA LUZIA", "municipio": "CANTAGALO", "area_hecta": "454.2375", "capacidade": 20, "num_famili": 20, "fase": 6, "data_de_cr": "30/11/1995", "forma_obte": "Desapropriação", "data_obten": "12/01/1995", "area_calc_": 450.8917, "sr": null, "descricao_": null, "decada": "1990 - 1999" }, "geometry": { "type": "Point", "coordinates": [ -52.171735660728544, -25.233914067896034 ] } },
{ "type": "Feature", "properties": { "fid": 225, "cd_sipra": "PR0276000", "uf": "PR", "nome_proje": "PA ILHA DAS FLORES", "municipio": "CANDIDO DE ABREU", "area_hecta": "486.1658", "capacidade": 27, "num_famili": 27, "fase": 4, "data_de_cr": "22/12/1999", "forma_obte": "Desapropriação", "data_obten": "05/11/1998", "area_calc_": 918.7211, "sr": null, "descricao_": null, "decada": "1990 - 1999" }, "geometry": { "type": "Point", "coordinates": [ -51.402922248157658, -24.733750860320072 ] } },
{ "type": "Feature", "properties": { "fid": 226, "cd_sipra": "PR0303000", "uf": "PR", "nome_proje": "PA SÃO SEBASTIÃO", "municipio": "CASTRO", "area_hecta": "48.4000", "capacidade": 3, "num_famili": 3, "fase": 3, "data_de_cr": "19/10/2007", "forma_obte": "Transferência", "data_obten": "09/05/2006", "area_calc_": 49.3539, "sr": null, "descricao_": null, "decada": "2000 - 2009" }, "geometry": { "type": "Point", "coordinates": [ -49.913080491015812, -24.923629734596748 ] } },
{ "type": "Feature", "properties": { "fid": 227, "cd_sipra": "PR0190000", "uf": "PR", "nome_proje": "PA MONTE ALTO", "municipio": "PEABIRU", "area_hecta": "378.8133", "capacidade": 17, "num_famili": 16, "fase": 5, "data_de_cr": "22/12/1998", "forma_obte": "Desapropriação", "data_obten": "14/04/1998", "area_calc_": 342.8252, "sr": null, "descricao_": null, "decada": "1990 - 1999" }, "geometry": { "type": "Point", "coordinates": [ -52.247306029152625, -23.926487813070661 ] } },
{ "type": "Feature", "properties": { "fid": 228, "cd_sipra": "PR0299000", "uf": "PR", "nome_proje": "PA IRACI SALETE STROZAKE II", "municipio": "ORTIGUEIRA", "area_hecta": "639.7940", "capacidade": 35, "num_famili": 32, "fase": 3, "data_de_cr": "31/01/2006", "forma_obte": "Compra e Venda", "data_obten": "06/01/2006", "area_calc_": 681.2511, "sr": null, "descricao_": null, "decada": "2000 - 2009" }, "geometry": { "type": "Point", "coordinates": [ -50.913389655349114, -24.346446228653754 ] } },
{ "type": "Feature", "properties": { "fid": 229, "cd_sipra": "PR0103000", "uf": "PR", "nome_proje": "PA CRUZEIRO DO SUL", "municipio": "PALMAS", "area_hecta": "601.5701", "capacidade": 30, "num_famili": 30, "fase": 4, "data_de_cr": "23/11/1995", "forma_obte": "Desapropriação", "data_obten": "29/07/1986", "area_calc_": 599.2774, "sr": null, "descricao_": null, "decada": "1990 - 1999" }, "geometry": { "type": "Point", "coordinates": [ -52.078085123754533, -26.499787057876635 ] } },
{ "type": "Feature", "properties": { "fid": 230, "cd_sipra": "PR0055000", "uf": "PR", "nome_proje": "PA SÃO JOÃO", "municipio": "PALMITAL", "area_hecta": "357.0000", "capacidade": 10, "num_famili": 8, "fase": 7, "data_de_cr": "29/08/1989", "forma_obte": "Desapropriação", "data_obten": "01/06/1988", "area_calc_": 344.2052, "sr": null, "descricao_": null, "decada": "1980 - 1989" }, "geometry": { "type": "Point", "coordinates": [ -52.229911111250878, -24.975059463508881 ] } },
{ "type": "Feature", "properties": { "fid": 231, "cd_sipra": "PR0097000", "uf": "PR", "nome_proje": "PA NÚCLEO AGRÍCOLA VITÓRIA", "municipio": "QUEDAS DO IGUACU", "area_hecta": "642.4947", "capacidade": 36, "num_famili": 10, "fase": 6, "data_de_cr": "23/02/1995", "forma_obte": "Desapropriação", "data_obten": "02/04/1987", "area_calc_": 645.7942, "sr": null, "descricao_": null, "decada": "1990 - 1999" }, "geometry": { "type": "Point", "coordinates": [ -52.754106611563429, -25.371724831421879 ] } },
{ "type": "Feature", "properties": { "fid": 232, "cd_sipra": "PR0256000", "uf": "PR", "nome_proje": "PA FAXINAL DOS RIBEIROS QUIN. 1-G", "municipio": "PINHAO", "area_hecta": "2395.3550", "capacidade": 88, "num_famili": 88, "fase": 4, "data_de_cr": "22/12/1999", "forma_obte": "Desapropriação", "data_obten": "22/12/1999", "area_calc_": 2598.9287, "sr": null, "descricao_": null, "decada": "1990 - 1999" }, "geometry": { "type": "Point", "coordinates": [ -51.496691707061785, -25.81433123861996 ] } },
{ "type": "Feature", "properties": { "fid": 233, "cd_sipra": "PR0043000", "uf": "PR", "nome_proje": "PA RIO PERDIDO", "municipio": "QUEDAS DO IGUACU", "area_hecta": "1200.0000", "capacidade": 60, "num_famili": 54, "fase": 7, "data_de_cr": "27/10/1988", "forma_obte": "Compra e Venda", "data_obten": "12/11/1987", "area_calc_": 1184.1456, "sr": null, "descricao_": null, "decada": "1980 - 1989" }, "geometry": { "type": "Point", "coordinates": [ -53.056677260425907, -25.55422994314479 ] } },
{ "type": "Feature", "properties": { "fid": 234, "cd_sipra": "PR0066000", "uf": "PR", "nome_proje": "PA FAXINAL DOS RIBEIROS QUIN. I- C", "municipio": "PINHAO", "area_hecta": "872.0000", "capacidade": 31, "num_famili": 25, "fase": 6, "data_de_cr": "18/05/1992", "forma_obte": "Desapropriação", "data_obten": "15/08/1988", "area_calc_": 821.0923, "sr": null, "descricao_": null, "decada": "1990 - 1999" }, "geometry": { "type": "Point", "coordinates": [ -51.449249102666663, -25.886635547514526 ] } },
{ "type": "Feature", "properties": { "fid": 235, "cd_sipra": "PR0307000", "uf": "PR", "nome_proje": "PA TERRA E VIDA", "municipio": "CANDIDO DE ABREU", "area_hecta": "1586.8862", "capacidade": 50, "num_famili": 47, "fase": 3, "data_de_cr": "21/09/2007", "forma_obte": "Compra e Venda", "data_obten": "17/08/2007", "area_calc_": 1581.4743, "sr": null, "descricao_": null, "decada": "2000 - 2009" }, "geometry": { "type": "Point", "coordinates": [ -51.151458187358593, -24.693388751233012 ] } },
{ "type": "Feature", "properties": { "fid": 236, "cd_sipra": "PR0101000", "uf": "PR", "nome_proje": "PA SANTA CLARA", "municipio": "GOIOXIM", "area_hecta": "296.0064", "capacidade": 12, "num_famili": 12, "fase": 7, "data_de_cr": "16/06/1995", "forma_obte": "Desapropriação", "data_obten": "25/04/1994", "area_calc_": 323.0344, "sr": null, "descricao_": null, "decada": "1990 - 1999" }, "geometry": { "type": "Point", "coordinates": [ -51.915311697523329, -25.098132121154897 ] } },
{ "type": "Feature", "properties": { "fid": 237, "cd_sipra": "PR0392000", "uf": "PR", "nome_proje": "PA VALE DA SERRA", "municipio": "PITANGA", "area_hecta": "2272.0300", "capacidade": 70, "num_famili": 67, "fase": 4, "data_de_cr": "30/07/2002", "forma_obte": "Desapropriação", "data_obten": "22/11/2001", "area_calc_": 2206.0329, "sr": null, "descricao_": null, "decada": "2000 - 2009" }, "geometry": { "type": "Point", "coordinates": [ -51.546836050176118, -24.652135686460227 ] } },
{ "type": "Feature", "properties": { "fid": 238, "cd_sipra": "PR0389000", "uf": "PR", "nome_proje": "PA VALE DA CONQUISTA", "municipio": "CANDIDO DE ABREU", "area_hecta": "1418.3620", "capacidade": 40, "num_famili": 36, "fase": 3, "data_de_cr": "29/10/2001", "forma_obte": "Compra e Venda", "data_obten": "22/08/2001", "area_calc_": 1537.6491, "sr": null, "descricao_": null, "decada": "2000 - 2009" }, "geometry": { "type": "Point", "coordinates": [ -51.293037481149867, -24.456710948498046 ] } },
{ "type": "Feature", "properties": { "fid": 239, "cd_sipra": "PR0258000", "uf": "PR", "nome_proje": "PA MATA DO CAVERNOSO", "municipio": "CANDOI", "area_hecta": "1177.1972", "capacidade": 66, "num_famili": 63, "fase": 5, "data_de_cr": "22/12/1999", "forma_obte": "Desapropriação", "data_obten": "02/09/1999", "area_calc_": 1140.7857, "sr": null, "descricao_": null, "decada": "1990 - 1999" }, "geometry": { "type": "Point", "coordinates": [ -52.101846705838724, -25.515766813798699 ] } },
{ "type": "Feature", "properties": { "fid": 240, "cd_sipra": "PR0127000", "uf": "PR", "nome_proje": "PA MARIMBONDO", "municipio": "IBAITI", "area_hecta": "1126.5100", "capacidade": 72, "num_famili": 63, "fase": 5, "data_de_cr": "16/12/1996", "forma_obte": "Desapropriação", "data_obten": "02/07/1996", "area_calc_": 1215.1718, "sr": null, "descricao_": null, "decada": "1990 - 1999" }, "geometry": { "type": "Point", "coordinates": [ -50.204443883155186, -23.730125650526027 ] } },
{ "type": "Feature", "properties": { "fid": 241, "cd_sipra": "PR0065000", "uf": "PR", "nome_proje": "PA JARAU", "municipio": "GOIOXIM", "area_hecta": "1575.8523", "capacidade": 48, "num_famili": 45, "fase": 7, "data_de_cr": "03/09/1991", "forma_obte": "Desapropriação", "data_obten": "30/06/1988", "area_calc_": 1574.5138, "sr": null, "descricao_": null, "decada": "1990 - 1999" }, "geometry": { "type": "Point", "coordinates": [ -52.107954452911201, -25.171646581939772 ] } },
{ "type": "Feature", "properties": { "fid": 242, "cd_sipra": "PR0136000", "uf": "PR", "nome_proje": "PA NOSSA SENHORA DAS VITÓRIAS", "municipio": "CANTAGALO", "area_hecta": "3448.7588", "capacidade": 143, "num_famili": 131, "fase": 6, "data_de_cr": "17/09/1997", "forma_obte": "Desapropriação", "data_obten": "25/11/1996", "area_calc_": 3692.8649, "sr": null, "descricao_": null, "decada": "1990 - 1999" }, "geometry": { "type": "Point", "coordinates": [ -52.057024638378991, -25.148179441207283 ] } },
{ "type": "Feature", "properties": { "fid": 243, "cd_sipra": "PR0094000", "uf": "PR", "nome_proje": "PA 1ª CONQUISTA DE BRACATINGA", "municipio": "ESPIGAO ALTO DO IGUACU", "area_hecta": "403.0000", "capacidade": 23, "num_famili": 23, "fase": 6, "data_de_cr": "30/06/1994", "forma_obte": "Arrecadação", "data_obten": "30/06/1994", "area_calc_": 406.0428, "sr": null, "descricao_": null, "decada": "1990 - 1999" }, "geometry": { "type": "Point", "coordinates": [ -52.792524450569772, -25.336787641572542 ] } },
{ "type": "Feature", "properties": { "fid": 244, "cd_sipra": "PR0138000", "uf": "PR", "nome_proje": "PA CHE GUEVARA", "municipio": "QUERENCIA DO NORTE", "area_hecta": "2453.2464", "capacidade": 70, "num_famili": 69, "fase": 5, "data_de_cr": "14/10/1997", "forma_obte": "Desapropriação", "data_obten": "15/01/1997", "area_calc_": 2206.5401, "sr": null, "descricao_": null, "decada": "1990 - 1999" }, "geometry": { "type": "Point", "coordinates": [ -53.507982358843265, -23.174584128509025 ] } },
{ "type": "Feature", "properties": { "fid": 245, "cd_sipra": "PR0305000", "uf": "PR", "nome_proje": "PA MILTON SANTOS", "municipio": "PLANALTINA DO PARANA", "area_hecta": "2755.7416", "capacidade": 130, "num_famili": 126, "fase": 3, "data_de_cr": "26/04/2007", "forma_obte": "Desapropriação", "data_obten": "14/09/2006", "area_calc_": 2751.9644, "sr": null, "descricao_": null, "decada": "2000 - 2009" }, "geometry": { "type": "Point", "coordinates": [ -52.892574959361689, -22.983116656709289 ] } },
{ "type": "Feature", "properties": { "fid": 246, "cd_sipra": "PR0286000", "uf": "PR", "nome_proje": "PA 10 DE MAIO", "municipio": "RIO BONITO DO IGUACU", "area_hecta": "1035.3244", "capacidade": 69, "num_famili": 67, "fase": 3, "data_de_cr": "26/09/2005", "forma_obte": "Arrecadação", "data_obten": "17/11/2004", "area_calc_": 1289.8001, "sr": null, "descricao_": null, "decada": "2000 - 2009" }, "geometry": { "type": "Point", "coordinates": [ -52.697775824499217, -25.560781252325807 ] } },
{ "type": "Feature", "properties": { "fid": 247, "cd_sipra": "PR0246000", "uf": "PR", "nome_proje": "PA FAZENDA BANANAS", "municipio": "GUARAPUAVA", "area_hecta": "1096.4358", "capacidade": 62, "num_famili": 58, "fase": 5, "data_de_cr": "16/11/1999", "forma_obte": "Doação", "data_obten": "26/07/1999", "area_calc_": 1104.6331, "sr": null, "descricao_": null, "decada": "1990 - 1999" }, "geometry": { "type": "Point", "coordinates": [ -51.247457057568056, -25.399759515014825 ] } },
{ "type": "Feature", "properties": { "fid": 248, "cd_sipra": "PR0221000", "uf": "PR", "nome_proje": "PA LUIZ CARLOS PRESTES", "municipio": "QUERENCIA DO NORTE", "area_hecta": "1256.0000", "capacidade": 50, "num_famili": 47, "fase": 5, "data_de_cr": "25/02/1999", "forma_obte": "Desapropriação", "data_obten": "04/11/1998", "area_calc_": 1283.7223, "sr": null, "descricao_": null, "decada": "1990 - 1999" }, "geometry": { "type": "Point", "coordinates": [ -53.433697115926847, -23.041500700405962 ] } },
{ "type": "Feature", "properties": { "fid": 249, "cd_sipra": "PR0134000", "uf": "PR", "nome_proje": "PA IRENO ALVES DOS SANTOS", "municipio": "RIO BONITO DO IGUACU", "area_hecta": "16852.1600", "capacidade": 934, "num_famili": 905, "fase": 5, "data_de_cr": "30/10/1997", "forma_obte": "Desapropriação", "data_obten": "16/01/1997", "area_calc_": 17324.4243, "sr": null, "descricao_": null, "decada": "1990 - 1999" }, "geometry": { "type": "Point", "coordinates": [ -52.618710135935338, -25.524786292143123 ] } },
{ "type": "Feature", "properties": { "fid": 250, "cd_sipra": "PR0117000", "uf": "PR", "nome_proje": "PA FAXINAL DOS RODRIGUES", "municipio": "INACIO MARTINS", "area_hecta": "485.3670", "capacidade": 20, "num_famili": 20, "fase": 4, "data_de_cr": "19/12/1995", "forma_obte": "Desapropriação", "data_obten": "24/03/1995", "area_calc_": 484.447, "sr": null, "descricao_": null, "decada": "1990 - 1999" }, "geometry": { "type": "Point", "coordinates": [ -51.248188415841476, -25.721009397105277 ] } },
{ "type": "Feature", "properties": { "fid": 251, "cd_sipra": "PR0208000", "uf": "PR", "nome_proje": "PA MONTE AZUL", "municipio": "MIRADOR", "area_hecta": "617.7923", "capacidade": 29, "num_famili": 29, "fase": 6, "data_de_cr": "30/12/1998", "forma_obte": "Desapropriação", "data_obten": "02/09/1998", "area_calc_": 621.3902, "sr": null, "descricao_": null, "decada": "1990 - 1999" }, "geometry": { "type": "Point", "coordinates": [ -52.799432792758843, -23.251509576485589 ] } },
{ "type": "Feature", "properties": { "fid": 252, "cd_sipra": "PR0306000", "uf": "PR", "nome_proje": "PA ELY MOUTINHO", "municipio": "JUNDIAI DO SUL", "area_hecta": "392.1038", "capacidade": 25, "num_famili": 23, "fase": 3, "data_de_cr": "22/05/2007", "forma_obte": "Compra e Venda", "data_obten": "28/03/2007", "area_calc_": 392.2052, "sr": null, "descricao_": null, "decada": "2000 - 2009" }, "geometry": { "type": "Point", "coordinates": [ -50.237080166444272, -23.401557749958396 ] } },
{ "type": "Feature", "properties": { "fid": 253, "cd_sipra": "PR0374000", "uf": "PR", "nome_proje": "PA AGUSTINHO EDERLI", "municipio": "ITAGUAJE", "area_hecta": "1036.7600", "capacidade": 56, "num_famili": 54, "fase": 5, "data_de_cr": "22/12/2000", "forma_obte": "Desapropriação", "data_obten": "17/11/1999", "area_calc_": 1002.999, "sr": null, "descricao_": null, "decada": "2000 - 2009" }, "geometry": { "type": "Point", "coordinates": [ -51.955523220079741, -22.752222294016537 ] } },
{ "type": "Feature", "properties": { "fid": 254, "cd_sipra": "PR0329000", "uf": "PR", "nome_proje": "PA ESPERANÇA VIVA", "municipio": "MANGUEIRINHA", "area_hecta": "429.2016", "capacidade": 18, "num_famili": 18, "fase": 3, "data_de_cr": "25/04/2012", "forma_obte": "Escritura Pública de Doação", "data_obten": "14/10/2011", "area_calc_": 431.3184, "sr": null, "descricao_": null, "decada": "2010 - 2019" }, "geometry": { "type": "Point", "coordinates": [ -52.105686282277382, -26.030710318703818 ] } },
{ "type": "Feature", "properties": { "fid": 255, "cd_sipra": "PR0142000", "uf": "PR", "nome_proje": "PA PEDRA BRANCA", "municipio": "LARANJAL", "area_hecta": "1621.6152", "capacidade": 60, "num_famili": 57, "fase": 6, "data_de_cr": "27/07/1998", "forma_obte": "Desapropriação", "data_obten": "20/10/1997", "area_calc_": 1357.5318, "sr": null, "descricao_": null, "decada": "1990 - 1999" }, "geometry": { "type": "Point", "coordinates": [ -52.424676872205048, -24.992687626879338 ] } },
{ "type": "Feature", "properties": { "fid": 256, "cd_sipra": "PR0028000", "uf": "PR", "nome_proje": "PA FAZENDA PERSEVERANÇA", "municipio": "MARMELEIRO", "area_hecta": "795.0000", "capacidade": 34, "num_famili": 34, "fase": 7, "data_de_cr": "12/05/1987", "forma_obte": "Desapropriação", "data_obten": "16/12/1986", "area_calc_": 674.0513, "sr": null, "descricao_": null, "decada": "1980 - 1989" }, "geometry": { "type": "Point", "coordinates": [ -53.116948753364383, -26.187421552490925 ] } },
{ "type": "Feature", "properties": { "fid": 257, "cd_sipra": "PR0133000", "uf": "PR", "nome_proje": "PA SÃO JORGE", "municipio": "MARMELEIRO", "area_hecta": "300.0000", "capacidade": 18, "num_famili": 18, "fase": 6, "data_de_cr": "20/08/1997", "forma_obte": "Desapropriação", "data_obten": "22/10/1996", "area_calc_": 294.6361, "sr": null, "descricao_": null, "decada": "1990 - 1999" }, "geometry": { "type": "Point", "coordinates": [ -53.128731709689866, -26.195175176085815 ] } },
{ "type": "Feature", "properties": { "fid": 258, "cd_sipra": "PR0084000", "uf": "PR", "nome_proje": "PA FAZENDA GUAMPARA", "municipio": "MARQUINHO", "area_hecta": "176.0000", "capacidade": 7, "num_famili": 7, "fase": 6, "data_de_cr": "21/10/1992", "forma_obte": "Desapropriação", "data_obten": "27/09/1989", "area_calc_": 170.0969, "sr": null, "descricao_": null, "decada": "1990 - 1999" }, "geometry": { "type": "Point", "coordinates": [ -52.167427357520879, -25.008075965886313 ] } },
{ "type": "Feature", "properties": { "fid": 259, "cd_sipra": "PR0421000", "uf": "PR", "nome_proje": "PA 8 DE ABRIL", "municipio": "JARDIM ALEGRE", "area_hecta": "13733.6703", "capacidade": 555, "num_famili": 536, "fase": 4, "data_de_cr": "16/11/2004", "forma_obte": "Compra e Venda", "data_obten": "27/10/2004", "area_calc_": 13782.9055, "sr": null, "descricao_": null, "decada": "2000 - 2009" }, "geometry": { "type": "Point", "coordinates": [ -51.871205514410633, -24.23859071207799 ] } },
{ "type": "Feature", "properties": { "fid": 260, "cd_sipra": "PR0283000", "uf": "PR", "nome_proje": "PA COM CULTIVO DE ESPECIES FLORESTAIS CELSO FURTADO", "municipio": "QUEDAS DO IGUACU", "area_hecta": "23585.1123", "capacidade": 976, "num_famili": 975, "fase": 3, "data_de_cr": "06/12/2004", "forma_obte": "Arrecadação", "data_obten": "17/11/2004", "area_calc_": 23590.8898, "sr": null, "descricao_": null, "decada": "2000 - 2009" }, "geometry": { "type": "Point", "coordinates": [ -52.861987068343169, -25.518565248201288 ] } },
{ "type": "Feature", "properties": { "fid": 261, "cd_sipra": "PR0418000", "uf": "PR", "nome_proje": "PA 13 DE NOVEMBRO", "municipio": "GUARAPUAVA", "area_hecta": "1828.7906", "capacidade": 48, "num_famili": 46, "fase": 4, "data_de_cr": "22/04/2004", "forma_obte": "Desapropriação", "data_obten": "18/11/1999", "area_calc_": 1843.191, "sr": null, "descricao_": null, "decada": "2000 - 2009" }, "geometry": { "type": "Point", "coordinates": [ -51.294404395341076, -25.38985986125407 ] } },
{ "type": "Feature", "properties": { "fid": 262, "cd_sipra": "PR0245000", "uf": "PR", "nome_proje": "PA CERRO AZUL", "municipio": "LINDOESTE", "area_hecta": "449.4737", "capacidade": 19, "num_famili": 19, "fase": 5, "data_de_cr": "21/10/1999", "forma_obte": "Desapropriação", "data_obten": "21/10/1999", "area_calc_": 446.1525, "sr": null, "descricao_": null, "decada": "1990 - 1999" }, "geometry": { "type": "Point", "coordinates": [ -53.588485529378708, -25.297954850736943 ] } },
{ "type": "Feature", "properties": { "fid": 263, "cd_sipra": "PR0248000", "uf": "PR", "nome_proje": "PA NATAL DA ESPERANÇA", "municipio": "MANGUEIRINHA", "area_hecta": "517.7718", "capacidade": 25, "num_famili": 25, "fase": 5, "data_de_cr": "16/11/1999", "forma_obte": "Desapropriação", "data_obten": "10/12/1998", "area_calc_": 520.5161, "sr": null, "descricao_": null, "decada": "1990 - 1999" }, "geometry": { "type": "Point", "coordinates": [ -52.245789521602113, -25.849869885937707 ] } },
{ "type": "Feature", "properties": { "fid": 264, "cd_sipra": "PR0027000", "uf": "PR", "nome_proje": "PA PASSO LISO", "municipio": "LARANJEIRAS DO SUL", "area_hecta": "574.0000", "capacidade": 36, "num_famili": 31, "fase": 7, "data_de_cr": "12/05/1987", "forma_obte": "Desapropriação", "data_obten": "16/12/1986", "area_calc_": 582.9794, "sr": null, "descricao_": null, "decada": "1980 - 1989" }, "geometry": { "type": "Point", "coordinates": [ -52.363056861393268, -25.237659341308127 ] } },
{ "type": "Feature", "properties": { "fid": 265, "cd_sipra": "PR0207000", "uf": "PR", "nome_proje": "PA EDUARDO RADUAN", "municipio": "MARMELEIRO", "area_hecta": "3946.0000", "capacidade": 436, "num_famili": 357, "fase": 6, "data_de_cr": "15/12/1998", "forma_obte": "Desapropriação", "data_obten": "15/04/1998", "area_calc_": 3936.7989, "sr": null, "descricao_": null, "decada": "1990 - 1999" }, "geometry": { "type": "Point", "coordinates": [ -53.104109810803024, -26.325321691465785 ] } },
{ "type": "Feature", "properties": { "fid": 266, "cd_sipra": "PR0308000", "uf": "PR", "nome_proje": "PA SÃO JOÃO MARIA", "municipio": "MANGUEIRINHA", "area_hecta": "427.4295", "capacidade": 23, "num_famili": 22, "fase": 3, "data_de_cr": "19/10/2007", "forma_obte": "Desapropriação", "data_obten": "14/09/2006", "area_calc_": 422.7298, "sr": null, "descricao_": null, "decada": "2000 - 2009" }, "geometry": { "type": "Point", "coordinates": [ -52.130355398725754, -26.047163750151153 ] } },
{ "type": "Feature", "properties": { "fid": 267, "cd_sipra": "PR0270000", "uf": "PR", "nome_proje": "PA QUATRO IRMÃOS", "municipio": "MARILENA", "area_hecta": "719.6400", "capacidade": 29, "num_famili": 27, "fase": 5, "data_de_cr": "22/12/1999", "forma_obte": "Desapropriação", "data_obten": "12/03/1998", "area_calc_": 744.2186, "sr": null, "descricao_": null, "decada": "1990 - 1999" }, "geometry": { "type": "Point", "coordinates": [ -53.05245537042407, -22.66324871912386 ] } },
{ "type": "Feature", "properties": { "fid": 268, "cd_sipra": "PR0016000", "uf": "PR", "nome_proje": "PA TRÊS CAPÕES", "municipio": "MANGUEIRINHA", "area_hecta": "843.0000", "capacidade": 33, "num_famili": 29, "fase": 7, "data_de_cr": "05/11/1986", "forma_obte": "Desapropriação", "data_obten": "27/07/1986", "area_calc_": 864.2632, "sr": null, "descricao_": null, "decada": "1980 - 1989" }, "geometry": { "type": "Point", "coordinates": [ -52.115079893282989, -26.120107539217841 ] } },
{ "type": "Feature", "properties": { "fid": 269, "cd_sipra": "PR0171000", "uf": "PR", "nome_proje": "PA SANTO ANGELO", "municipio": "MARILENA", "area_hecta": "872.8900", "capacidade": 37, "num_famili": 33, "fase": 6, "data_de_cr": "24/09/1998", "forma_obte": "Desapropriação", "data_obten": "10/11/1997", "area_calc_": 871.2634, "sr": null, "descricao_": null, "decada": "1990 - 1999" }, "geometry": { "type": "Point", "coordinates": [ -53.061072033956478, -22.847645747193237 ] } },
{ "type": "Feature", "properties": { "fid": 270, "cd_sipra": "PR0022000", "uf": "PR", "nome_proje": "PA JACIRETÃ", "municipio": "RENASCENCA", "area_hecta": "511.2504", "capacidade": 29, "num_famili": 42, "fase": 6, "data_de_cr": "10/02/1987", "forma_obte": "Desapropriação", "data_obten": "17/10/1985", "area_calc_": 1465.316, "sr": null, "descricao_": null, "decada": "1980 - 1989" }, "geometry": { "type": "Point", "coordinates": [ -52.984959096449451, -26.289681323324217 ] } },
{ "type": "Feature", "properties": { "fid": 271, "cd_sipra": "PR0166000", "uf": "PR", "nome_proje": "PA SEBASTIÃO CAMARGO FILHO", "municipio": "MARILENA", "area_hecta": "920.0525", "capacidade": 41, "num_famili": 40, "fase": 5, "data_de_cr": "04/09/1998", "forma_obte": "Desapropriação", "data_obten": "07/11/1997", "area_calc_": 916.3994, "sr": null, "descricao_": null, "decada": "1990 - 1999" }, "geometry": { "type": "Point", "coordinates": [ -53.067287402058142, -22.791772947291054 ] } },
{ "type": "Feature", "properties": { "fid": 272, "cd_sipra": "PR0096000", "uf": "PR", "nome_proje": "PA SANTO ANTONIO", "municipio": "GOIOXIM", "area_hecta": "1003.2773", "capacidade": 40, "num_famili": 32, "fase": 7, "data_de_cr": "23/02/1995", "forma_obte": "Desapropriação", "data_obten": "24/10/1993", "area_calc_": 969.6356, "sr": null, "descricao_": null, "decada": "1990 - 1999" }, "geometry": { "type": "Point", "coordinates": [ -51.925932371869486, -25.123156609466729 ] } },
{ "type": "Feature", "properties": { "fid": 273, "cd_sipra": "PR0040000", "uf": "PR", "nome_proje": "PA CHOPIM - I", "municipio": "HONORIO SERPA", "area_hecta": "1880.5500", "capacidade": 119, "num_famili": 70, "fase": 7, "data_de_cr": "25/04/1988", "forma_obte": "Compra e Venda", "data_obten": "28/08/1987", "area_calc_": 1862.6882, "sr": null, "descricao_": null, "decada": "1980 - 1989" }, "geometry": { "type": "Point", "coordinates": [ -52.447073373392364, -26.157635535153293 ] } },
{ "type": "Feature", "properties": { "fid": 274, "cd_sipra": "PR0385000", "uf": "PR", "nome_proje": "PA UNIÃO SÃO PEDRO", "municipio": "CANDOI", "area_hecta": "854.2146", "capacidade": 44, "num_famili": 42, "fase": 5, "data_de_cr": "02/08/2001", "forma_obte": "Compra e Venda", "data_obten": "02/06/2001", "area_calc_": 850.5631, "sr": null, "descricao_": null, "decada": "2000 - 2009" }, "geometry": { "type": "Point", "coordinates": [ -52.035468590832018, -25.487431596891579 ] } },
{ "type": "Feature", "properties": { "fid": 275, "cd_sipra": "PR0014000", "uf": "PR", "nome_proje": "PA TERCEIRA CONQUISTA DA UNIÃO", "municipio": "NOVA LARANJEIRAS", "area_hecta": "2425.9600", "capacidade": 164, "num_famili": 160, "fase": 7, "data_de_cr": "16/09/1986", "forma_obte": "Desapropriação", "data_obten": "24/09/1985", "area_calc_": 2378.4671, "sr": null, "descricao_": null, "decada": "1980 - 1989" }, "geometry": { "type": "Point", "coordinates": [ -52.554715153303853, -25.381107473178119 ] } },
{ "type": "Feature", "properties": { "fid": 276, "cd_sipra": "PR0242000", "uf": "PR", "nome_proje": "PA NOVO MUNDO", "municipio": "MAUA DA SERRA", "area_hecta": "321.2792", "capacidade": 64, "num_famili": 62, "fase": 5, "data_de_cr": "08/10/1999", "forma_obte": "Desapropriação", "data_obten": "13/05/1999", "area_calc_": 345.6344, "sr": null, "descricao_": null, "decada": "1990 - 1999" }, "geometry": { "type": "Point", "coordinates": [ -51.250925261445957, -23.889665370153121 ] } },
{ "type": "Feature", "properties": { "fid": 277, "cd_sipra": "PR0085000", "uf": "PR", "nome_proje": "PA ÁGUA QUENTE", "municipio": "PALMITAL", "area_hecta": "484.7966", "capacidade": 14, "num_famili": 10, "fase": 7, "data_de_cr": "30/12/1993", "forma_obte": "Desapropriação", "data_obten": "11/04/1989", "area_calc_": 451.8837, "sr": null, "descricao_": null, "decada": "1990 - 1999" }, "geometry": { "type": "Point", "coordinates": [ -52.35315168378672, -24.84710400208002 ] } },
{ "type": "Feature", "properties": { "fid": 278, "cd_sipra": "PR0108000", "uf": "PR", "nome_proje": "PA RECANTO ESTRELA-19 DE OUTUBRO", "municipio": "NOVA LARANJEIRAS", "area_hecta": "611.1615", "capacidade": 26, "num_famili": 26, "fase": 7, "data_de_cr": "30/11/1995", "forma_obte": "Desapropriação", "data_obten": "24/03/1995", "area_calc_": 658.1982, "sr": null, "descricao_": null, "decada": "1990 - 1999" }, "geometry": { "type": "Point", "coordinates": [ -52.596565011357249, -25.259390104084297 ] } },
{ "type": "Feature", "properties": { "fid": 279, "cd_sipra": "PR0369000", "uf": "PR", "nome_proje": "PA RIBEIRINHO", "municipio": "ICARAIMA", "area_hecta": "522.4100", "capacidade": 21, "num_famili": 21, "fase": 5, "data_de_cr": "07/11/2000", "forma_obte": "Desapropriação", "data_obten": "13/08/1998", "area_calc_": 503.3854, "sr": null, "descricao_": null, "decada": "2000 - 2009" }, "geometry": { "type": "Point", "coordinates": [ -53.657584456656956, -23.29925725538866 ] } },
{ "type": "Feature", "properties": { "fid": 280, "cd_sipra": "PR0082000", "uf": "PR", "nome_proje": "PA JACAREZINHO", "municipio": "JACAREZINHO", "area_hecta": "179.2042", "capacidade": 14, "num_famili": 9, "fase": 6, "data_de_cr": "24/11/1992", "forma_obte": "Transferência", "data_obten": "09/03/2007", "area_calc_": 169.4577, "sr": null, "descricao_": null, "decada": "1990 - 1999" }, "geometry": { "type": "Point", "coordinates": [ -49.944618513911003, -23.121406961412927 ] } },
{ "type": "Feature", "properties": { "fid": 281, "cd_sipra": "PR0021000", "uf": "PR", "nome_proje": "PA IMBAUZINHO", "municipio": "ORTIGUEIRA", "area_hecta": "802.0000", "capacidade": 35, "num_famili": 28, "fase": 7, "data_de_cr": "06/02/1987", "forma_obte": "Desapropriação", "data_obten": "27/07/1986", "area_calc_": 810.052, "sr": null, "descricao_": null, "decada": "1980 - 1989" }, "geometry": { "type": "Point", "coordinates": [ -50.813508778223948, -24.372617496498151 ] } },
{ "type": "Feature", "properties": { "fid": 282, "cd_sipra": "PR0274000", "uf": "PR", "nome_proje": "PA COLMÉIA", "municipio": "BARRACAO", "area_hecta": "107.3871", "capacidade": 5, "num_famili": 5, "fase": 5, "data_de_cr": "07/02/2000", "forma_obte": "Desapropriação", "data_obten": "28/10/1999", "area_calc_": 112.339, "sr": null, "descricao_": null, "decada": "2000 - 2009" }, "geometry": { "type": "Point", "coordinates": [ -53.5693973222672, -26.235907856313013 ] } },
{ "type": "Feature", "properties": { "fid": 283, "cd_sipra": "PR0054000", "uf": "PR", "nome_proje": "PA SÃO JOSÉ", "municipio": "PALMITAL", "area_hecta": "297.0000", "capacidade": 13, "num_famili": 12, "fase": 7, "data_de_cr": "29/08/1989", "forma_obte": "Desapropriação", "data_obten": "27/05/1988", "area_calc_": 228.298, "sr": null, "descricao_": null, "decada": "1980 - 1989" }, "geometry": { "type": "Point", "coordinates": [ -52.284203119453679, -24.786032871349494 ] } },
{ "type": "Feature", "properties": { "fid": 284, "cd_sipra": "PR0243000", "uf": "PR", "nome_proje": "PA SITIO SÃO JOÃO", "municipio": "FAROL", "area_hecta": "81.6000", "capacidade": 6, "num_famili": 7, "fase": 5, "data_de_cr": "08/10/1999", "forma_obte": "Desapropriação", "data_obten": "09/02/1999", "area_calc_": 82.3646, "sr": null, "descricao_": null, "decada": "1990 - 1999" }, "geometry": { "type": "Point", "coordinates": [ -52.669649958424976, -24.059003274727456 ] } },
{ "type": "Feature", "properties": { "fid": 285, "cd_sipra": "PR0217000", "uf": "PR", "nome_proje": "PA PINGO DE OURO", "municipio": "ALTAMIRA DO PARANA", "area_hecta": "873.2328", "capacidade": 43, "num_famili": 43, "fase": 5, "data_de_cr": "10/02/1999", "forma_obte": "Desapropriação", "data_obten": "14/10/1998", "area_calc_": 974.9961, "sr": null, "descricao_": null, "decada": "1990 - 1999" }, "geometry": { "type": "Point", "coordinates": [ -52.658035946503929, -24.919362003608033 ] } },
{ "type": "Feature", "properties": { "fid": 286, "cd_sipra": "PR0156000", "uf": "PR", "nome_proje": "PA ANTONIO CONSELHEIRO", "municipio": "AMAPORA", "area_hecta": "968.0000", "capacidade": 47, "num_famili": 35, "fase": 6, "data_de_cr": "18/12/1997", "forma_obte": "Desapropriação", "data_obten": "09/07/1997", "area_calc_": 961.0806, "sr": null, "descricao_": null, "decada": "1990 - 1999" }, "geometry": { "type": "Point", "coordinates": [ -52.891751869160075, -23.058045615271133 ] } },
{ "type": "Feature", "properties": { "fid": 287, "cd_sipra": "PR0422000", "uf": "PR", "nome_proje": "PA ÍNDIO GALDINO", "municipio": "ORTIGUEIRA", "area_hecta": "1126.2144", "capacidade": 36, "num_famili": 35, "fase": 6, "data_de_cr": "05/07/2004", "forma_obte": "Desapropriação", "data_obten": "12/09/1997", "area_calc_": 1126.0217, "sr": null, "descricao_": null, "decada": "2000 - 2009" }, "geometry": { "type": "Point", "coordinates": [ -50.759908242092003, -23.991219486320702 ] } },
{ "type": "Feature", "properties": { "fid": 288, "cd_sipra": "PR0300000", "uf": "PR", "nome_proje": "PA COMPANHEIRA ROSELI NUNES", "municipio": "AMAPORA", "area_hecta": "1121.2043", "capacidade": 60, "num_famili": 58, "fase": 3, "data_de_cr": "02/03/2006", "forma_obte": "Compra e Venda", "data_obten": "04/01/2006", "area_calc_": 1121.808, "sr": null, "descricao_": null, "decada": "2000 - 2009" }, "geometry": { "type": "Point", "coordinates": [ -52.769775701808214, -23.017376737140054 ] } },
{ "type": "Feature", "properties": { "fid": 289, "cd_sipra": "PR0037000", "uf": "PR", "nome_proje": "PA TRÊS PINHEIROS", "municipio": "CASTRO", "area_hecta": "976.0000", "capacidade": 35, "num_famili": 26, "fase": 7, "data_de_cr": "21/10/1987", "forma_obte": "Desapropriação", "data_obten": "19/11/1986", "area_calc_": 856.0581, "sr": null, "descricao_": null, "decada": "1980 - 1989" }, "geometry": { "type": "Point", "coordinates": [ -49.983359301112792, -24.644197763508505 ] } },
{ "type": "Feature", "properties": { "fid": 290, "cd_sipra": "PR0263000", "uf": "PR", "nome_proje": "PA FAZENDA BARREIROS", "municipio": "RESERVA DO IGUACU", "area_hecta": "1347.9849", "capacidade": 77, "num_famili": 75, "fase": 4, "data_de_cr": "25/02/2000", "forma_obte": "Doação", "data_obten": "18/11/1999", "area_calc_": 1615.6876, "sr": null, "descricao_": null, "decada": "2000 - 2009" }, "geometry": { "type": "Point", "coordinates": [ -52.125625015938617, -25.864851945813292 ] } },
{ "type": "Feature", "properties": { "fid": 291, "cd_sipra": "PR0279000", "uf": "PR", "nome_proje": "PA MARGEM DO IRATIM", "municipio": "PALMAS", "area_hecta": "1333.3904", "capacidade": 57, "num_famili": 54, "fase": 4, "data_de_cr": "07/11/2000", "forma_obte": "Desapropriação", "data_obten": "18/11/1999", "area_calc_": 1448.124, "sr": null, "descricao_": null, "decada": "2000 - 2009" }, "geometry": { "type": "Point", "coordinates": [ -51.570325335082842, -26.407015770741022 ] } },
{ "type": "Feature", "properties": { "fid": 292, "cd_sipra": "PR0033000", "uf": "PR", "nome_proje": "PA FAZENDA CAVACO", "municipio": "GOIOXIM", "area_hecta": "704.0000", "capacidade": 24, "num_famili": 24, "fase": 7, "data_de_cr": "22/06/1987", "forma_obte": "Desapropriação", "data_obten": "01/08/1989", "area_calc_": 715.2395, "sr": null, "descricao_": null, "decada": "1980 - 1989" }, "geometry": { "type": "Point", "coordinates": [ -52.14190960601244, -25.182070425815748 ] } },
{ "type": "Feature", "properties": { "fid": 293, "cd_sipra": "PR0070000", "uf": "PR", "nome_proje": "PA NOVA ESPERANÇA DO PÍQUIRI", "municipio": "GOIOXIM", "area_hecta": "202.0000", "capacidade": 10, "num_famili": 9, "fase": 4, "data_de_cr": "10/06/1992", "forma_obte": "Desapropriação", "data_obten": "10/06/1992", "area_calc_": 183.0256, "sr": null, "descricao_": null, "decada": "1990 - 1999" }, "geometry": { "type": "Point", "coordinates": [ -51.897782746608279, -25.036547196477706 ] } },
{ "type": "Feature", "properties": { "fid": 294, "cd_sipra": "PR0105000", "uf": "PR", "nome_proje": "PA NOVA TERRA", "municipio": "HONORIO SERPA", "area_hecta": "1300.0000", "capacidade": 72, "num_famili": 66, "fase": 5, "data_de_cr": "23/11/1995", "forma_obte": "Desapropriação", "data_obten": "25/03/1995", "area_calc_": 1290.9468, "sr": null, "descricao_": null, "decada": "1990 - 1999" }, "geometry": { "type": "Point", "coordinates": [ -52.334420218801689, -26.25722671756105 ] } },
{ "type": "Feature", "properties": { "fid": 295, "cd_sipra": "PR0373000", "uf": "PR", "nome_proje": "PA MUQUILÃO", "municipio": "IRETAMA", "area_hecta": "3378.6658", "capacidade": 126, "num_famili": 119, "fase": 4, "data_de_cr": "22/12/2000", "forma_obte": "Desapropriação", "data_obten": "20/09/2000", "area_calc_": 3491.7679, "sr": null, "descricao_": null, "decada": "2000 - 2009" }, "geometry": { "type": "Point", "coordinates": [ -52.014572345105179, -24.250757218653504 ] } },
{ "type": "Feature", "properties": { "fid": 296, "cd_sipra": "PR0110000", "uf": "PR", "nome_proje": "PA FAZENDA CHAPADÃO", "municipio": "LARANJAL", "area_hecta": "3931.6000", "capacidade": 215, "num_famili": 206, "fase": 6, "data_de_cr": "30/11/1995", "forma_obte": "Desapropriação", "data_obten": "01/12/1995", "area_calc_": 4059.9788, "sr": null, "descricao_": null, "decada": "1990 - 1999" }, "geometry": { "type": "Point", "coordinates": [ -52.447502965987731, -24.799072152555599 ] } },
{ "type": "Feature", "properties": { "fid": 297, "cd_sipra": "PR0153000", "uf": "PR", "nome_proje": "PA CAPÃO VERDE", "municipio": "LINDOESTE", "area_hecta": "516.2962", "capacidade": 20, "num_famili": 19, "fase": 6, "data_de_cr": "04/12/1997", "forma_obte": "Desapropriação", "data_obten": "04/05/1994", "area_calc_": 514.1948, "sr": null, "descricao_": null, "decada": "1990 - 1999" }, "geometry": { "type": "Point", "coordinates": [ -53.529292090570088, -25.261923076562056 ] } },
{ "type": "Feature", "properties": { "fid": 298, "cd_sipra": "PR0288000", "uf": "PR", "nome_proje": "PA RIO LARANJEIRAS", "municipio": "LUIZIANA", "area_hecta": "317.3060", "capacidade": 16, "num_famili": 17, "fase": 3, "data_de_cr": "16/11/2005", "forma_obte": "Desapropriação", "data_obten": "03/02/2004", "area_calc_": 295.7749, "sr": null, "descricao_": null, "decada": "2000 - 2009" }, "geometry": { "type": "Point", "coordinates": [ -52.239104976768701, -24.358923470000622 ] } },
{ "type": "Feature", "properties": { "fid": 299, "cd_sipra": "PR0330000", "uf": "PR", "nome_proje": "PA ANJO DA GUARDA I", "municipio": "MANGUEIRINHA", "area_hecta": "843.4112", "capacidade": 43, "num_famili": 41, "fase": 3, "data_de_cr": "25/04/2012", "forma_obte": "Escritura Pública de Doação", "data_obten": "25/04/2012", "area_calc_": 843.032, "sr": null, "descricao_": null, "decada": "2010 - 2019" }, "geometry": { "type": "Point", "coordinates": [ -52.110232525172229, -26.064925063816823 ] } },
{ "type": "Feature", "properties": { "fid": 300, "cd_sipra": "PR0261000", "uf": "PR", "nome_proje": "PA NOVA ITAÚNA", "municipio": "MANOEL RIBAS", "area_hecta": "2210.5430", "capacidade": 120, "num_famili": 114, "fase": 5, "data_de_cr": "22/12/1999", "forma_obte": "Desapropriação", "data_obten": "06/07/1999", "area_calc_": 2245.1243, "sr": null, "descricao_": null, "decada": "1990 - 1999" }, "geometry": { "type": "Point", "coordinates": [ -51.593503845563141, -24.463071858103955 ] } },
{ "type": "Feature", "properties": { "fid": 301, "cd_sipra": "PR0371000", "uf": "PR", "nome_proje": "PA MARAJÓ", "municipio": "PEABIRU", "area_hecta": "983.4766", "capacidade": 58, "num_famili": 55, "fase": 5, "data_de_cr": "07/11/2000", "forma_obte": "Desapropriação", "data_obten": "07/11/2000", "area_calc_": 991.2571, "sr": null, "descricao_": null, "decada": "2000 - 2009" }, "geometry": { "type": "Point", "coordinates": [ -52.208194141196913, -23.914549472277134 ] } },
{ "type": "Feature", "properties": { "fid": 302, "cd_sipra": "PR0163000", "uf": "PR", "nome_proje": "PA 17 DE ABRIL", "municipio": "SANTA CRUZ DE MONTE CASTELO", "area_hecta": "2033.8600", "capacidade": 74, "num_famili": 72, "fase": 5, "data_de_cr": "08/06/1998", "forma_obte": "Desapropriação", "data_obten": "07/11/1997", "area_calc_": 1995.0136, "sr": null, "descricao_": null, "decada": "1990 - 1999" }, "geometry": { "type": "Point", "coordinates": [ -53.299462271121975, -22.989479562451372 ] } },
{ "type": "Feature", "properties": { "fid": 303, "cd_sipra": "PR0155000", "uf": "PR", "nome_proje": "PA OZIEL ALVES PEREIRA", "municipio": "SANTA CRUZ DE MONTE CASTELO", "area_hecta": "498.5000", "capacidade": 15, "num_famili": 13, "fase": 5, "data_de_cr": "18/12/1997", "forma_obte": "Desapropriação", "data_obten": "21/10/1997", "area_calc_": 468.6984, "sr": null, "descricao_": null, "decada": "1990 - 1999" }, "geometry": { "type": "Point", "coordinates": [ -53.367106828710021, -23.002797116184407 ] } },
{ "type": "Feature", "properties": { "fid": 304, "cd_sipra": "PR0173000", "uf": "PR", "nome_proje": "PA NOVA UNIÃO", "municipio": "SAO PEDRO DO IGUACU", "area_hecta": "743.7266", "capacidade": 41, "num_famili": 38, "fase": 5, "data_de_cr": "08/10/1999", "forma_obte": "Desapropriação", "data_obten": "13/08/1998", "area_calc_": 743.5946, "sr": null, "descricao_": null, "decada": "1990 - 1999" }, "geometry": { "type": "Point", "coordinates": [ -53.825654446413758, -24.959596787546495 ] } },
{ "type": "Feature", "properties": { "fid": 305, "cd_sipra": "PR0053000", "uf": "PR", "nome_proje": "PA SÃO LUIZ II", "municipio": "SAPOPEMA", "area_hecta": "4039.0000", "capacidade": 137, "num_famili": 124, "fase": 7, "data_de_cr": "16/08/1989", "forma_obte": "Desapropriação", "data_obten": "28/04/1987", "area_calc_": 3981.6163, "sr": null, "descricao_": null, "decada": "1980 - 1989" }, "geometry": { "type": "Point", "coordinates": [ -50.717405704973757, -23.890822184216223 ] } },
{ "type": "Feature", "properties": { "fid": 306, "cd_sipra": "PR0210000", "uf": "PR", "nome_proje": "PA NOSSA SENHORA DA PENHA", "municipio": "TERRA RICA", "area_hecta": "916.1000", "capacidade": 36, "num_famili": 36, "fase": 5, "data_de_cr": "31/12/1998", "forma_obte": "Desapropriação", "data_obten": "03/09/1998", "area_calc_": 892.8677, "sr": null, "descricao_": null, "decada": "1990 - 1999" }, "geometry": { "type": "Point", "coordinates": [ -52.792438630855877, -22.79058076321877 ] } },
{ "type": "Feature", "properties": { "fid": 307, "cd_sipra": "PR0079000", "uf": "PR", "nome_proje": "PA FAZENDA RETIRO", "municipio": "TIBAGI", "area_hecta": "254.0000", "capacidade": 10, "num_famili": 8, "fase": 6, "data_de_cr": "21/10/1992", "forma_obte": "Desapropriação", "data_obten": "15/12/1989", "area_calc_": 259.9251, "sr": null, "descricao_": null, "decada": "1990 - 1999" }, "geometry": { "type": "Point", "coordinates": [ -50.448935219098509, -24.838373600111414 ] } },
{ "type": "Feature", "properties": { "fid": 308, "cd_sipra": "PR0024000", "uf": "PR", "nome_proje": "PA FAZENDA LAGOA", "municipio": "HONORIO SERPA", "area_hecta": "722.0000", "capacidade": 32, "num_famili": 31, "fase": 7, "data_de_cr": "18/02/1987", "forma_obte": "Desapropriação", "data_obten": "30/12/1985", "area_calc_": 704.8491, "sr": null, "descricao_": null, "decada": "1980 - 1989" }, "geometry": { "type": "Point", "coordinates": [ -52.361239659759427, -26.256390400740418 ] } },
{ "type": "Feature", "properties": { "fid": 309, "cd_sipra": "PR0013000", "uf": "PR", "nome_proje": "PA NHUNDIAQUARA", "municipio": "MORRETES", "area_hecta": "1542.7650", "capacidade": 145, "num_famili": 136, "fase": 5, "data_de_cr": "28/08/1986", "forma_obte": "Desapropriação", "data_obten": "28/08/1984", "area_calc_": 333.7567, "sr": null, "descricao_": null, "decada": "1980 - 1989" }, "geometry": { "type": "Point", "coordinates": [ -48.844405809052233, -25.48917831105188 ] } },
{ "type": "Feature", "properties": { "fid": 310, "cd_sipra": "PR0013000", "uf": "PR", "nome_proje": "PA NHUNDIAQUARA", "municipio": "MORRETES", "area_hecta": "1542.7650", "capacidade": 145, "num_famili": 136, "fase": 5, "data_de_cr": "28/08/1986", "forma_obte": "Desapropriação", "data_obten": "28/08/1984", "area_calc_": 234.3185, "sr": null, "descricao_": null, "decada": "1980 - 1989" }, "geometry": { "type": "Point", "coordinates": [ -48.866987632291746, -25.517060728445362 ] } },
{ "type": "Feature", "properties": { "fid": 311, "cd_sipra": "PR0013000", "uf": "PR", "nome_proje": "PA NHUNDIAQUARA", "municipio": "MORRETES", "area_hecta": "1542.7650", "capacidade": 145, "num_famili": 136, "fase": 5, "data_de_cr": "28/08/1986", "forma_obte": "Desapropriação", "data_obten": "28/08/1984", "area_calc_": 69.8218, "sr": null, "descricao_": null, "decada": "1980 - 1989" }, "geometry": { "type": "Point", "coordinates": [ -48.811964391218517, -25.503391744887338 ] } }
]
}
