{
"type": "FeatureCollection",
"name": "estradas_p3",
"crs": { "type": "name", "properties": { "name": "urn:ogc:def:crs:OGC:1.3:CRS84" } },
"features": [
{ "type": "Feature", "properties": { "nome_pa": "FAZENDA CHAPADÃO", "tipo": "Estrada" }, "geometry": { "type": "MultiPolygon", "coordinates": [ [ [ [ -52.445521599290934, -24.820149393720577 ], [ -52.445511452090273, -24.820162422817095 ], [ -52.44540398682863, -24.820393147193574 ], [ -52.445310344802465, -24.820616142141912 ], [ -52.445217548418761, -24.820859579803788 ], [ -52.445130042758805, -24.821110250236 ], [ -52.445037775427032, -24.82139425937519 ], [ -52.444979116929737, -24.821658783755435 ], [ -52.444945789291531, -24.821906840206612 ], [ -52.44491219003347, -24.822189919233889 ], [ -52.444887889571262, -24.822486841664965 ], [ -52.444870111268656, -24.822732563916734 ], [ -52.444895321071314, -24.822944368921494 ], [ -52.444994315272048, -24.823027028105521 ], [ -52.44500501618294, -24.823035950750828 ], [ -52.445015118514121, -24.822783874011176 ], [ -52.445035921074407, -24.822496347397209 ], [ -52.445059989223481, -24.822202259269147 ], [ -52.44509320890625, -24.821922375411948 ], [ -52.445125707070858, -24.821680490567903 ], [ -52.445181917255226, -24.821427005669804 ], [ -52.445271889383392, -24.821150060425452 ], [ -52.445358346011325, -24.820902394253249 ], [ -52.445449738781619, -24.820662638044872 ], [ -52.445541597367665, -24.820443889510845 ], [ -52.445637661085236, -24.820244164234484 ], [ -52.445521599290934, -24.820149393720577 ] ] ] ] } },
{ "type": "Feature", "properties": { "nome_pa": "FAZENDA CHAPADÃO", "tipo": "Estrada" }, "geometry": { "type": "MultiPolygon", "coordinates": [ [ [ [ -52.470992146144511, -24.791138310388433 ], [ -52.470928138809484, -24.79098850531545 ], [ -52.4708635118565, -24.790803212087557 ], [ -52.470771718104508, -24.79058166236506 ], [ -52.47066403848914, -24.790384593339237 ], [ -52.470576678285809, -24.790189895844687 ], [ -52.47048963748454, -24.789954564705511 ], [ -52.470409289706019, -24.789738983406576 ], [ -52.470341746747316, -24.789537643667515 ], [ -52.470275897443784, -24.789350738377358 ], [ -52.470205928283526, -24.789181615792756 ], [ -52.470183387688515, -24.78905243222777 ], [ -52.470246534324517, -24.788950823737828 ], [ -52.470338467287689, -24.788892519664344 ], [ -52.470500324787992, -24.78878423252506 ], [ -52.470565580544871, -24.788625773869473 ], [ -52.470326071397054, -24.788401352152359 ], [ -52.470211787439283, -24.788350558456582 ], [ -52.470164881091137, -24.788329016834648 ], [ -52.470056244528209, -24.788279125680386 ], [ -52.469912122217693, -24.78819935781307 ], [ -52.469755854173492, -24.788118915352896 ], [ -52.469600969164269, -24.788015778410141 ], [ -52.469447780478447, -24.787883545148777 ], [ -52.469313843574241, -24.787743432138438 ], [ -52.469212800576372, -24.787675194867354 ], [ -52.469241037050281, -24.787584572567123 ], [ -52.469272010444001, -24.787439597571598 ], [ -52.469314064152293, -24.787279662019184 ], [ -52.469361342569051, -24.7871053993332 ], [ -52.469406453272796, -24.786938144397837 ], [ -52.469441106020739, -24.786769303397648 ], [ -52.469460304377158, -24.786597563669389 ], [ -52.469497988052645, -24.786383212305275 ], [ -52.469455074057315, -24.786279902905687 ], [ -52.469434746770283, -24.786304091604173 ], [ -52.469385462706377, -24.786387247042828 ], [ -52.469370147516749, -24.786427224600175 ], [ -52.469342585549668, -24.786583436898507 ], [ -52.469323540952786, -24.786753799721875 ], [ -52.469290415662776, -24.786915197638098 ], [ -52.469246121845259, -24.787079423267851 ], [ -52.46919875999653, -24.787253992871875 ], [ -52.469156011134793, -24.787416571599092 ], [ -52.469125510035425, -24.787559335336159 ], [ -52.469092807323236, -24.787664291275625 ], [ -52.469002602341455, -24.787727084242295 ], [ -52.468882109326984, -24.78770126916957 ], [ -52.468757858676966, -24.787621063553264 ], [ -52.468580605393072, -24.787510614321569 ], [ -52.468429167240203, -24.78743749835315 ], [ -52.46831494675709, -24.787375549155559 ], [ -52.468231169050348, -24.787285817695317 ], [ -52.468189914903199, -24.787196160898603 ], [ -52.468151792882473, -24.787092039873862 ], [ -52.468111327914038, -24.786971385169846 ], [ -52.468073936561588, -24.786832324092771 ], [ -52.468037280338436, -24.786705296958853 ], [ -52.468011618803736, -24.786608125297882 ], [ -52.467980924555484, -24.786530290750822 ], [ -52.467955650117688, -24.786491355370298 ], [ -52.467928117929745, -24.78645021974306 ], [ -52.467833119062028, -24.786515591279883 ], [ -52.467876188319174, -24.786581466279969 ], [ -52.467896242752303, -24.786633518744111 ], [ -52.467922196484587, -24.786731797198335 ], [ -52.467958915130097, -24.786859041050295 ], [ -52.467996865647578, -24.787000182174864 ], [ -52.468038752957881, -24.787125078220971 ], [ -52.468078767488308, -24.78723436843687 ], [ -52.46812888735645, -24.787343293114127 ], [ -52.468237397144144, -24.787459514348708 ], [ -52.468371079351783, -24.78753201892869 ], [ -52.468519214812957, -24.787603540336523 ], [ -52.468690139766522, -24.787710046309538 ], [ -52.468832474549295, -24.787801925503896 ], [ -52.46887552071906, -24.787811147965598 ], [ -52.468838058829576, -24.787835663529933 ], [ -52.468699564982821, -24.787943630743754 ], [ -52.468564102700277, -24.788055556657863 ], [ -52.46846177535803, -24.788144937508935 ], [ -52.468295570051602, -24.788301735380308 ], [ -52.468326747592798, -24.788408522157447 ], [ -52.468504440645276, -24.788257385785645 ], [ -52.468644963559534, -24.788134879341605 ], [ -52.468777937751433, -24.788025009152122 ], [ -52.468911299576348, -24.787921042713243 ], [ -52.469051597154575, -24.787829229948763 ], [ -52.469145024466293, -24.787764193870576 ], [ -52.46923790445053, -24.787826918441805 ], [ -52.469361789077034, -24.78795842936395 ], [ -52.469524920978223, -24.788099245727331 ], [ -52.469691517674434, -24.788210181440469 ], [ -52.469852195275671, -24.788292893836843 ], [ -52.469998721970796, -24.788373992476515 ], [ -52.470159141254982, -24.788447664726704 ], [ -52.47020813858834, -24.788469441691326 ], [ -52.470255508421211, -24.788490495287039 ], [ -52.470427954314594, -24.788652078436765 ], [ -52.470401573555129, -24.78871613790832 ], [ -52.470304345232137, -24.788781751669468 ], [ -52.470156635973936, -24.788875911382029 ], [ -52.470059640049939, -24.789031986121977 ], [ -52.470090624819854, -24.789209565525827 ], [ -52.470163820810654, -24.789386488081117 ], [ -52.470228507956243, -24.789570095186289 ], [ -52.47029634226314, -24.789772303943355 ], [ -52.470377233700937, -24.789989344452831 ], [ -52.470465429149975, -24.790227797960831 ], [ -52.470555873496409, -24.790429369391848 ], [ -52.47066283206653, -24.79062511911247 ], [ -52.470751381179888, -24.790838838148503 ], [ -52.470816193511119, -24.791024663341652 ], [ -52.470881165151027, -24.791176725622119 ], [ -52.470920054761287, -24.791273098960097 ], [ -52.47096626098611, -24.791402481411492 ], [ -52.471113890891985, -24.791811286613274 ], [ -52.471223241280875, -24.791764619692298 ], [ -52.471078667776794, -24.791367683165884 ], [ -52.471032199990454, -24.791237568633161 ], [ -52.470992146144511, -24.791138310388433 ] ] ] ] } },
{ "type": "Feature", "properties": { "nome_pa": "FAZENDA CHAPADÃO", "tipo": "Estrada" }, "geometry": { "type": "MultiPolygon", "coordinates": [ [ [ [ -52.417316365649441, -24.83181843826878 ], [ -52.417417922082542, -24.831800430115702 ], [ -52.417975733807303, -24.831645012780434 ], [ -52.418138653205034, -24.831587675366244 ], [ -52.41829971284799, -24.831527792930693 ], [ -52.41846823378134, -24.831453289715803 ], [ -52.418645689114292, -24.831375032074764 ], [ -52.41882397372791, -24.831302047185826 ], [ -52.419011945550992, -24.831246031509096 ], [ -52.419226472955941, -24.831210143254076 ], [ -52.419467812621832, -24.831178354268527 ], [ -52.419697604710279, -24.831149231649256 ], [ -52.419897583335974, -24.831133267388399 ], [ -52.420086637651615, -24.831190085178896 ], [ -52.420258620931506, -24.831315088837624 ], [ -52.420438229014025, -24.831424626274615 ], [ -52.420650350691801, -24.83150136082098 ], [ -52.420863073871665, -24.831515498103794 ], [ -52.421053357487928, -24.831466023938237 ], [ -52.421230513294873, -24.831368685467915 ], [ -52.421396181717007, -24.831247422476967 ], [ -52.421584018109222, -24.831045342657642 ], [ -52.421482956353245, -24.830986574726865 ], [ -52.421313010876403, -24.831169406824138 ], [ -52.421162445627594, -24.831279614808572 ], [ -52.421005642797681, -24.831365770287853 ], [ -52.420850745567883, -24.83140604390837 ], [ -52.420677155257401, -24.831394507332416 ], [ -52.420493708082674, -24.831328145719528 ], [ -52.420328710452864, -24.831227518764408 ], [ -52.420143971663379, -24.831093243958339 ], [ -52.419911544695026, -24.831023391079931 ], [ -52.419684257383821, -24.831041535396327 ], [ -52.419451166544846, -24.831071076074519 ], [ -52.419207281991682, -24.831103200258397 ], [ -52.418982682874493, -24.83114077339464 ], [ -52.418781129403577, -24.831200836396299 ], [ -52.418595553091073, -24.83127680629369 ], [ -52.418416549578083, -24.831355746660847 ], [ -52.418251383598779, -24.831428766602645 ], [ -52.41809489119818, -24.831486950909117 ], [ -52.417931277824003, -24.831544532544584 ], [ -52.417394973620787, -24.831694124872222 ], [ -52.417210387895153, -24.831726855852477 ], [ -52.417316365649441, -24.83181843826878 ] ] ] ] } },
{ "type": "Feature", "properties": { "nome_pa": "FAZENDA CHAPADÃO", "tipo": "Estrada" }, "geometry": { "type": "MultiPolygon", "coordinates": [ [ [ [ -52.448659006276529, -24.774899481784963 ], [ -52.448741558070843, -24.774821579301726 ], [ -52.44866436422982, -24.774749238627468 ], [ -52.448528384641548, -24.774594004351624 ], [ -52.448420691307696, -24.774433245423314 ], [ -52.448308805089489, -24.77420025479358 ], [ -52.448274062121456, -24.774113334744037 ], [ -52.448253616150161, -24.774026386241271 ], [ -52.448221810610214, -24.773714390428008 ], [ -52.448206989713597, -24.773609085287617 ], [ -52.448170290362583, -24.77349744657084 ], [ -52.448109023257217, -24.773388001919017 ], [ -52.44802633857369, -24.773286359569028 ], [ -52.447680703278351, -24.772968639992829 ], [ -52.447653423887502, -24.772931992299725 ], [ -52.447526660108359, -24.772954451429186 ], [ -52.447588745674686, -24.773037858561345 ], [ -52.447936145197389, -24.773357200100218 ], [ -52.448007857276089, -24.773445354161616 ], [ -52.448059723564384, -24.773538005775286 ], [ -52.448090528671266, -24.773631714569603 ], [ -52.448103843450859, -24.773726319100629 ], [ -52.448136109614389, -24.774042836290871 ], [ -52.448159762413148, -24.774143422534731 ], [ -52.448198613497908, -24.774240620497331 ], [ -52.448315246421558, -24.774483496033714 ], [ -52.4484310438447, -24.774656352519173 ], [ -52.448575312771396, -24.77482105003363 ], [ -52.448659006276529, -24.774899481784963 ] ] ] ] } },
{ "type": "Feature", "properties": { "nome_pa": "FAZENDA CHAPADÃO", "tipo": "Estrada" }, "geometry": { "type": "MultiPolygon", "coordinates": [ [ [ [ -52.420508693459588, -24.828706857807386 ], [ -52.420380207059388, -24.828708161811583 ], [ -52.420309587692699, -24.828713185851498 ], [ -52.420238698024626, -24.828718905136739 ], [ -52.42016830342051, -24.828727483500295 ], [ -52.420098194763938, -24.828741002924623 ], [ -52.42003034166931, -24.828759221392442 ], [ -52.419953857459106, -24.828790049955177 ], [ -52.419966143888537, -24.82890955019279 ], [ -52.420015683993583, -24.828882552699525 ], [ -52.420070379132504, -24.82886141142891 ], [ -52.420127266045256, -24.828846137363048 ], [ -52.420188461391575, -24.828834336736879 ], [ -52.420251788953834, -24.828826619567916 ], [ -52.420319429048511, -24.828821162450907 ], [ -52.420385041124092, -24.828816494640641 ], [ -52.420523260119154, -24.828814652309426 ], [ -52.420508693459588, -24.828706857807386 ] ] ] ] } },
{ "type": "Feature", "properties": { "nome_pa": "FAZENDA CHAPADÃO", "tipo": "Estrada" }, "geometry": { "type": "MultiPolygon", "coordinates": [ [ [ [ -52.420938110849548, -24.828070166893699 ], [ -52.420886543062274, -24.828098775090989 ], [ -52.420827538662358, -24.828127919977621 ], [ -52.420770445853563, -24.828152786078807 ], [ -52.420712602385294, -24.828175117218962 ], [ -52.420654581740393, -24.828193083366685 ], [ -52.420564670722278, -24.828213924356458 ], [ -52.420578033353245, -24.828322503526149 ], [ -52.420688515155561, -24.828296990868978 ], [ -52.420754859909316, -24.828276447148713 ], [ -52.42081916576803, -24.828251621122423 ], [ -52.42088139694858, -24.828224517056594 ], [ -52.420945671252973, -24.828192769121134 ], [ -52.42100833887671, -24.828158003067273 ], [ -52.420991511815458, -24.828026272831305 ], [ -52.420938110849548, -24.828070166893699 ] ] ] ] } },
{ "type": "Feature", "properties": { "nome_pa": "FAZENDA CHAPADÃO", "tipo": "Estrada" }, "geometry": { "type": "MultiPolygon", "coordinates": [ [ [ [ -52.485999005879371, -24.823148082209247 ], [ -52.486487101772809, -24.823344165808781 ], [ -52.486585762077361, -24.823365717220401 ], [ -52.486936466946545, -24.823412454162447 ], [ -52.487170646707796, -24.823494197429952 ], [ -52.487287528617493, -24.823559477579671 ], [ -52.487437185011785, -24.823675958326746 ], [ -52.487474420574095, -24.823741196102773 ], [ -52.487562966944445, -24.823893611455276 ], [ -52.487667852599387, -24.823842858732547 ], [ -52.487579508690743, -24.823690792090897 ], [ -52.487531798864126, -24.823607203206272 ], [ -52.487357459421311, -24.823471511188927 ], [ -52.487223279030864, -24.823396569612886 ], [ -52.486966612563833, -24.823306977085753 ], [ -52.486608203593029, -24.823259213459469 ], [ -52.486535786074057, -24.823243388440588 ], [ -52.486038893482906, -24.823045759687062 ], [ -52.485828746919267, -24.822992136865849 ], [ -52.485660706455128, -24.822968160758194 ], [ -52.485583857612504, -24.822957771488543 ], [ -52.485485552037304, -24.822939463461516 ], [ -52.485344095451239, -24.822907117246544 ], [ -52.485149903206967, -24.822861877136379 ], [ -52.485022840155004, -24.822826689509078 ], [ -52.484750323404093, -24.822690503576549 ], [ -52.48455420271204, -24.822579037436295 ], [ -52.484453875677005, -24.822516677791498 ], [ -52.484337958720246, -24.822435295095957 ], [ -52.48419616281943, -24.822357419859532 ], [ -52.484051928836692, -24.822295587344282 ], [ -52.483999507065604, -24.822279162677969 ], [ -52.483739977086884, -24.822245251402329 ], [ -52.483457379713059, -24.822311911601393 ], [ -52.483323754412204, -24.822320313505148 ], [ -52.483187038180603, -24.822286360000376 ], [ -52.483063954519679, -24.822231177590151 ], [ -52.482919347705398, -24.822165445249865 ], [ -52.482756514364105, -24.822163508198173 ], [ -52.482599956704874, -24.822203495769028 ], [ -52.482425095012673, -24.8222342762888 ], [ -52.482251968594205, -24.822272806490691 ], [ -52.482095852850513, -24.822328689972114 ], [ -52.48198055587627, -24.822342505593824 ], [ -52.481883674132483, -24.822472771596502 ], [ -52.482077347673098, -24.822441244344013 ], [ -52.482130155815092, -24.822432647896012 ], [ -52.482288168371419, -24.822376270587359 ], [ -52.482450413946857, -24.822340161963474 ], [ -52.482627241592368, -24.822309035368601 ], [ -52.48277205341968, -24.822272047892834 ], [ -52.482890690337605, -24.822273459186746 ], [ -52.48301131949674, -24.822328292255456 ], [ -52.483144898207698, -24.822388179935892 ], [ -52.483311920676712, -24.822429659990643 ], [ -52.483477369771684, -24.822419257113037 ], [ -52.483739050121976, -24.822354580662417 ], [ -52.483971573764748, -24.822384963163621 ], [ -52.484007287877702, -24.82239615302441 ], [ -52.484140173982766, -24.822453120754187 ], [ -52.484270943651801, -24.822524940324779 ], [ -52.484384212556343, -24.822604463901111 ], [ -52.484489384859209, -24.822669835205055 ], [ -52.484690390204634, -24.822784077582405 ], [ -52.484976606206565, -24.822927109504153 ], [ -52.485117970869879, -24.822966257684772 ], [ -52.485314987959335, -24.823012155882047 ], [ -52.485459244903609, -24.823045142435802 ], [ -52.485563276658688, -24.823064516878965 ], [ -52.48564283990823, -24.82307527310973 ], [ -52.485803508375092, -24.823098197373888 ], [ -52.485999005879371, -24.823148082209247 ] ] ] ] } },
{ "type": "Feature", "properties": { "nome_pa": "FAZENDA CHAPADÃO", "tipo": "Estrada" }, "geometry": { "type": "MultiPolygon", "coordinates": [ [ [ [ -52.482475644005113, -24.786612753369322 ], [ -52.48244627083379, -24.786588525936562 ], [ -52.482338331512736, -24.78664695581357 ], [ -52.482390076768581, -24.786688194470418 ], [ -52.482411429686941, -24.786711342305786 ], [ -52.482472105186645, -24.786763145088212 ], [ -52.482534838978196, -24.78682107101735 ], [ -52.482601671146973, -24.786881504854662 ], [ -52.482678885625624, -24.786948063775927 ], [ -52.482783451812402, -24.787007966771125 ], [ -52.48289193175674, -24.787057298342784 ], [ -52.483017072021525, -24.787107070755187 ], [ -52.483144182150205, -24.787154771758967 ], [ -52.483272726765428, -24.787183383669607 ], [ -52.48358138196852, -24.787192647398498 ], [ -52.483709349760844, -24.787171876623425 ], [ -52.483878773606953, -24.787134083554612 ], [ -52.48405186945886, -24.787104183923642 ], [ -52.484220615896483, -24.787096440915608 ], [ -52.484381261685591, -24.787115969087701 ], [ -52.484566797011155, -24.787133069500339 ], [ -52.484760096685044, -24.787132298604952 ], [ -52.484949908715741, -24.787105250960693 ], [ -52.485122377169866, -24.787035685261881 ], [ -52.485275527950634, -24.786951966082363 ], [ -52.485402600413586, -24.786862548235629 ], [ -52.48550490943407, -24.786805541480906 ], [ -52.485579428056653, -24.786796122135581 ], [ -52.48566586385445, -24.786806823096942 ], [ -52.485776118220834, -24.786838060403486 ], [ -52.485931444696767, -24.786881732981808 ], [ -52.486075828376073, -24.78691740062013 ], [ -52.486200559095231, -24.786939550880483 ], [ -52.486329868354701, -24.786959560177184 ], [ -52.486440536121634, -24.786971021769933 ], [ -52.486561215890006, -24.786980499370411 ], [ -52.486661103297955, -24.78699689202783 ], [ -52.486774621817041, -24.787008175984383 ], [ -52.486905886019514, -24.78703685322251 ], [ -52.487026329136903, -24.787075474244155 ], [ -52.487162828711519, -24.787115006797642 ], [ -52.487343831506983, -24.787153091700688 ], [ -52.487538214945921, -24.787183229306926 ], [ -52.487701750415248, -24.787204714522538 ], [ -52.487840555497698, -24.787226658981986 ], [ -52.487949923710822, -24.787254816844687 ], [ -52.488039412243957, -24.78729716630394 ], [ -52.488203722996914, -24.787319784405259 ], [ -52.488317417575551, -24.787307634979609 ], [ -52.488422925063098, -24.787297983457169 ], [ -52.488523749900104, -24.787289946452585 ], [ -52.488615533735249, -24.787285225813012 ], [ -52.488717253254165, -24.78728006040572 ], [ -52.488830166473981, -24.787275784015229 ], [ -52.488941592064599, -24.787274328872083 ], [ -52.489074961258744, -24.787264576951742 ], [ -52.489184417021519, -24.787256821738815 ], [ -52.489294657677014, -24.787301695316398 ], [ -52.489331925559341, -24.787350934542491 ], [ -52.489357218448937, -24.787404454702841 ], [ -52.489383579780792, -24.787500236121026 ], [ -52.489407276363387, -24.787610308884634 ], [ -52.489418777080054, -24.787733330266366 ], [ -52.489432619361395, -24.787835220389859 ], [ -52.489516770459389, -24.78791839175517 ], [ -52.489616996021361, -24.787966204739678 ], [ -52.489726678415238, -24.787997832427436 ], [ -52.489778438078105, -24.788021030513107 ], [ -52.489820027497395, -24.788039670392873 ], [ -52.489890700997748, -24.788108418502453 ], [ -52.489963398071495, -24.788176574461083 ], [ -52.490078662126919, -24.788252554496076 ], [ -52.490201375438019, -24.788306079974252 ], [ -52.490357888885384, -24.788355898394251 ], [ -52.49049317895291, -24.788395911304917 ], [ -52.490613958638171, -24.788424689631803 ], [ -52.490747494380983, -24.788458057028677 ], [ -52.490891611884493, -24.788486530282615 ], [ -52.491053534874943, -24.788508579806773 ], [ -52.491236554098442, -24.788536122761375 ], [ -52.491408310480494, -24.788572844632323 ], [ -52.49157622069832, -24.788621354274525 ], [ -52.491761158364632, -24.788650450422654 ], [ -52.491927173871261, -24.78863321544836 ], [ -52.492073152243528, -24.788574122484167 ], [ -52.49220486805725, -24.788519971998575 ], [ -52.492358099725507, -24.788473760623546 ], [ -52.492600127044945, -24.788396961952593 ], [ -52.492746190829131, -24.788338082106581 ], [ -52.49286315490464, -24.788262295334032 ], [ -52.492937663641079, -24.78814907260217 ], [ -52.493056937051264, -24.787797861728237 ], [ -52.492958288365102, -24.787511928201624 ], [ -52.492933289002728, -24.787189684629841 ], [ -52.492996560487214, -24.78707629376515 ], [ -52.49306529440765, -24.787022937837495 ], [ -52.493147371778001, -24.787017696282959 ], [ -52.493220292687077, -24.78706922874947 ], [ -52.493390320912546, -24.787240593998913 ], [ -52.493630077051066, -24.787515980838581 ], [ -52.493862162192698, -24.787813022275301 ], [ -52.493959617601256, -24.787950668316302 ], [ -52.494007580418291, -24.788084594579338 ], [ -52.494004041840334, -24.78820793234711 ], [ -52.493966903528055, -24.788381501259046 ], [ -52.493953464053185, -24.788509884603418 ], [ -52.493992610994987, -24.788690680581364 ], [ -52.494150361502868, -24.789043080098857 ], [ -52.494273298434265, -24.789280727730361 ], [ -52.494421495308927, -24.789501787125896 ], [ -52.494730648502959, -24.789921508140438 ], [ -52.494890710011681, -24.790182337429776 ], [ -52.494973580239169, -24.790427103910215 ], [ -52.495076253756395, -24.790363516725638 ], [ -52.495000394646219, -24.790139392218691 ], [ -52.494831831564788, -24.789864709507764 ], [ -52.494521400340808, -24.789443253829546 ], [ -52.494377876930955, -24.789229165908953 ], [ -52.494259028917753, -24.788999422870621 ], [ -52.494106815254518, -24.788659392806903 ], [ -52.494073259272312, -24.788504418748357 ], [ -52.494084495924589, -24.788397077336313 ], [ -52.494122423581494, -24.788219818558943 ], [ -52.494126758522306, -24.78806871840295 ], [ -52.494067642699783, -24.787903650090254 ], [ -52.493960361042163, -24.787752125629734 ], [ -52.493724906565291, -24.787450772122799 ], [ -52.493480850347673, -24.787170446379388 ], [ -52.493301222599548, -24.786989406227519 ], [ -52.493184234205891, -24.786906731719455 ], [ -52.493018117632765, -24.786917340110211 ], [ -52.492901588824488, -24.7870077976314 ], [ -52.492812575659357, -24.787167320731122 ], [ -52.492840890694318, -24.787532308079687 ], [ -52.492932595877221, -24.787798116634967 ], [ -52.492828548469596, -24.788104492346914 ], [ -52.492774209595133, -24.78818706505799 ], [ -52.492732585400752, -24.788214035417198 ], [ -52.492675246556928, -24.788251188032135 ], [ -52.492555137519439, -24.788296701279254 ], [ -52.492320161322432, -24.788371097411762 ], [ -52.492161770725716, -24.788418864593972 ], [ -52.492024730425854, -24.788475204050584 ], [ -52.491895691697536, -24.788527439736633 ], [ -52.491764600456811, -24.788541049026701 ], [ -52.491604332704007, -24.788515834172046 ], [ -52.491439792261488, -24.788468298053768 ], [ -52.491259763551909, -24.788429807536126 ], [ -52.491071942806173, -24.788401541984694 ], [ -52.490912941142653, -24.788379890262298 ], [ -52.49077573327903, -24.788352782138592 ], [ -52.490644612239009, -24.78832001811249 ], [ -52.490526482196735, -24.78829187111743 ], [ -52.490395719462043, -24.788253197190844 ], [ -52.490246632467141, -24.788205742620423 ], [ -52.490139473122227, -24.788159001525095 ], [ -52.49004123511471, -24.788094244778883 ], [ -52.489976493819178, -24.788033547660593 ], [ -52.489891758001086, -24.787951120374291 ], [ -52.489776714526108, -24.787899559249887 ], [ -52.489662704030145, -24.787865762708989 ], [ -52.489589983675828, -24.7878310711951 ], [ -52.48954570081353, -24.787787303931225 ], [ -52.489536835939475, -24.787722051886337 ], [ -52.489524977999707, -24.787595210614732 ], [ -52.489499437282767, -24.787476572193082 ], [ -52.489469987056509, -24.787369567915775 ], [ -52.489436244150767, -24.787298167512606 ], [ -52.489373381404555, -24.787215111801022 ], [ -52.489205250498763, -24.787146673939432 ], [ -52.489065631835423, -24.787156566277286 ], [ -52.488935999556077, -24.787166044951935 ], [ -52.488826857381454, -24.787167470268795 ], [ -52.48871149754229, -24.78717183931635 ], [ -52.488608921217207, -24.787177048229189 ], [ -52.488515248227415, -24.787181866013942 ], [ -52.488411846312026, -24.787190108440218 ], [ -52.488304500842155, -24.787199928091553 ], [ -52.488205895663953, -24.787210512817719 ], [ -52.488076563694534, -24.787192709697109 ], [ -52.487993792551343, -24.787153539159931 ], [ -52.487866858372939, -24.787120858775506 ], [ -52.48772033266313, -24.787097693716102 ], [ -52.487556606310022, -24.787076183417415 ], [ -52.487367114497133, -24.787046804212693 ], [ -52.487194151304735, -24.787010410921958 ], [ -52.487063947358934, -24.786972701683148 ], [ -52.48693945090961, -24.786932780923298 ], [ -52.486794936992069, -24.786901209019522 ], [ -52.486678046101552, -24.786889589842662 ], [ -52.486576640247407, -24.786872947983511 ], [ -52.486465209810746, -24.78686453619483 ], [ -52.486417970642108, -24.786859643760536 ], [ -52.486346486802027, -24.786852240341243 ], [ -52.486221809832017, -24.786832947838636 ], [ -52.486102694116759, -24.786811794713415 ], [ -52.485964420964784, -24.786777636576087 ], [ -52.485811173285136, -24.786734548480489 ], [ -52.485691603890892, -24.786700672029472 ], [ -52.485579260615523, -24.786686763652483 ], [ -52.485464163814015, -24.786701312175772 ], [ -52.485335259705423, -24.786773137743747 ], [ -52.485208586428278, -24.786862274660638 ], [ -52.485067701829927, -24.786939288561108 ], [ -52.484916203468025, -24.787000395896403 ], [ -52.484750632310273, -24.787023989278332 ], [ -52.484572514264386, -24.78702469961927 ], [ -52.484395058364392, -24.78700834386083 ], [ -52.48422551018141, -24.786987733495501 ], [ -52.484037792642056, -24.786996346995462 ], [ -52.483853638623295, -24.787028156748786 ], [ -52.48368417646175, -24.787065958359857 ], [ -52.483577762549565, -24.787084134148937 ], [ -52.483288904617851, -24.787075464592192 ], [ -52.483181009184676, -24.787051448843851 ], [ -52.483063339914025, -24.787007290735954 ], [ -52.482942124756129, -24.786959079470325 ], [ -52.482841592053774, -24.786913361935163 ], [ -52.482751867696898, -24.786861961415031 ], [ -52.48268418249566, -24.786803616759553 ], [ -52.482618799183804, -24.786744493100588 ], [ -52.482554867517344, -24.78668546113186 ], [ -52.482497656626776, -24.786636616348005 ], [ -52.482475644005113, -24.786612753369322 ] ] ] ] } },
{ "type": "Feature", "properties": { "nome_pa": "FAZENDA CHAPADÃO", "tipo": "Estrada" }, "geometry": { "type": "MultiPolygon", "coordinates": [ [ [ [ -52.472754529284643, -24.807694301508558 ], [ -52.472702747809464, -24.807700265353795 ], [ -52.472600489659072, -24.807710624140054 ], [ -52.472514238285918, -24.807715434129531 ], [ -52.472426992951718, -24.807712433623717 ], [ -52.472345479709119, -24.807703328253471 ], [ -52.472260448148987, -24.807689759236251 ], [ -52.472166803594078, -24.807670864974501 ], [ -52.47207038024299, -24.807653414445582 ], [ -52.471977714783648, -24.807638681029555 ], [ -52.471881983900225, -24.807625591544824 ], [ -52.471787407955865, -24.807613707467365 ], [ -52.47169992236168, -24.807605281972432 ], [ -52.471615311862656, -24.807599257208889 ], [ -52.47152481955542, -24.80759193470162 ], [ -52.471415094623048, -24.807586343747612 ], [ -52.471286881730279, -24.80758346990882 ], [ -52.471154993235615, -24.807586928592574 ], [ -52.471038067221208, -24.807589020653797 ], [ -52.470918125244772, -24.807585279112988 ], [ -52.470823534906316, -24.807584414927426 ], [ -52.47072624764921, -24.807583835975798 ], [ -52.470621961654018, -24.807581165220732 ], [ -52.470522556440798, -24.807577723184863 ], [ -52.470437668859311, -24.8075763141142 ], [ -52.470349451921535, -24.807571845156016 ], [ -52.470258581304584, -24.807568654931387 ], [ -52.470179415711023, -24.807566725009515 ], [ -52.47013930855848, -24.807563485440831 ], [ -52.470144266911596, -24.807672761225209 ], [ -52.470172866058107, -24.807674950320411 ], [ -52.470254715472088, -24.80767694566703 ], [ -52.470343881480773, -24.807680076043887 ], [ -52.470433299251717, -24.807684605830136 ], [ -52.470519227058908, -24.807686032165257 ], [ -52.470618047076613, -24.807689453933364 ], [ -52.470724195888558, -24.807692172390446 ], [ -52.470822553939193, -24.807692757710853 ], [ -52.470915503639468, -24.807693606903999 ], [ -52.471037202593656, -24.807697403246205 ], [ -52.471157860965228, -24.80769524440122 ], [ -52.471287129365315, -24.80769185442405 ], [ -52.471410328375697, -24.80769461587321 ], [ -52.471516268184899, -24.807700013954719 ], [ -52.471605454541582, -24.807707230781922 ], [ -52.471689076690325, -24.807713185166353 ], [ -52.47177308246421, -24.807721275526074 ], [ -52.471865096384754, -24.807732837664634 ], [ -52.471958734375512, -24.807745640980244 ], [ -52.472048649138806, -24.807759937043709 ], [ -52.472142447359396, -24.807776912477575 ], [ -52.47223740536316, -24.807796071743557 ], [ -52.472328037486797, -24.807810534474037 ], [ -52.472417531962158, -24.807820531377129 ], [ -52.472515626410356, -24.807823904996937 ], [ -52.472610662001699, -24.807818605134198 ], [ -52.472716725343702, -24.807807860877155 ], [ -52.472747413164178, -24.807804326459674 ], [ -52.47307330588368, -24.807878208974593 ], [ -52.473172660883463, -24.807900733395744 ], [ -52.473187317554299, -24.80790458038144 ], [ -52.473162863824854, -24.807930376016003 ], [ -52.473122397783492, -24.807977641843181 ], [ -52.473169872751363, -24.808093614556714 ], [ -52.473253689550347, -24.808000149552829 ], [ -52.473281808055759, -24.807970488010778 ], [ -52.473313758373287, -24.80793663823745 ], [ -52.473348942867901, -24.807895933453903 ], [ -52.473376911828446, -24.807859227715042 ], [ -52.473469119557201, -24.807688922860841 ], [ -52.473502362815367, -24.807611469051082 ], [ -52.473537512369383, -24.807537483591815 ], [ -52.473577292773264, -24.807473448247624 ], [ -52.473625880067424, -24.807413938794994 ], [ -52.473673811497669, -24.807355724530613 ], [ -52.473719471159121, -24.807297176495798 ], [ -52.473759103775336, -24.807251582617997 ], [ -52.473801722870483, -24.807210730201561 ], [ -52.473862345261772, -24.807160145700081 ], [ -52.473894195718898, -24.807094252663386 ], [ -52.473941508359736, -24.806943427227939 ], [ -52.474019414911531, -24.806735456980284 ], [ -52.474027895844067, -24.806687702637131 ], [ -52.474043442751977, -24.806600161194467 ], [ -52.474050242505427, -24.806542486147727 ], [ -52.474038790141996, -24.806432077807315 ], [ -52.474017402363089, -24.806373370993153 ], [ -52.473983541927858, -24.806316806934788 ], [ -52.473933374591049, -24.806264805198964 ], [ -52.473828490831238, -24.806232853525284 ], [ -52.473768978607403, -24.806239444465405 ], [ -52.473575355469364, -24.806272312731043 ], [ -52.473480019117233, -24.806287670999311 ], [ -52.473388828461488, -24.806297050321113 ], [ -52.473272279043329, -24.806303834112164 ], [ -52.473154473535729, -24.806310597075306 ], [ -52.473043502402312, -24.806315426017914 ], [ -52.472932818165816, -24.806314249817884 ], [ -52.47282729793934, -24.806303016663325 ], [ -52.472725238483491, -24.806282778644448 ], [ -52.472623169740082, -24.806251295331254 ], [ -52.472515422817153, -24.80621618359757 ], [ -52.472400589175336, -24.80618836219282 ], [ -52.472275749424568, -24.806179995875539 ], [ -52.472155705904925, -24.806180495672987 ], [ -52.47203155829407, -24.806181278135924 ], [ -52.471904077500263, -24.806178353113278 ], [ -52.471771750449186, -24.806166683305403 ], [ -52.471647236427565, -24.806155868680701 ], [ -52.471519103964717, -24.806145087245124 ], [ -52.471391360625901, -24.806130787205248 ], [ -52.471273824977793, -24.806117041143139 ], [ -52.471162549254707, -24.806103687601677 ], [ -52.47104505745834, -24.806091003722877 ], [ -52.470919081686311, -24.806081243979932 ], [ -52.470784600077053, -24.806076701619279 ], [ -52.470652175192505, -24.806083778549873 ], [ -52.470527763848189, -24.806090346224096 ], [ -52.470395099622934, -24.806095632098096 ], [ -52.470283499667872, -24.806094255678705 ], [ -52.470170446657598, -24.806081603340409 ], [ -52.470050005120079, -24.806067119854074 ], [ -52.469931200219285, -24.806058767171336 ], [ -52.469824183520139, -24.806044897719076 ], [ -52.469682207889903, -24.806014556243252 ], [ -52.469544651764465, -24.805988923490499 ], [ -52.469395978522428, -24.805982048214673 ], [ -52.469242250543623, -24.805973706451475 ], [ -52.469103472018858, -24.805952088069091 ], [ -52.468963326168613, -24.805913148203345 ], [ -52.468851494796183, -24.805875482674164 ], [ -52.468741710865061, -24.805836367944039 ], [ -52.468666862866336, -24.805806722106034 ], [ -52.46860419366984, -24.80578296234038 ], [ -52.468506799714994, -24.805744343765944 ], [ -52.468405481468515, -24.80570640763591 ], [ -52.468114959099267, -24.805715088190933 ], [ -52.468208439809793, -24.805749356838295 ], [ -52.46830175083339, -24.805786576868918 ], [ -52.468377263386273, -24.8058124713158 ], [ -52.468460333705956, -24.805844047144337 ], [ -52.468557777463431, -24.805882685466734 ], [ -52.468620468796516, -24.805906453625809 ], [ -52.468696489182655, -24.805936563823458 ], [ -52.468809364891804, -24.805976780117994 ], [ -52.468925465340476, -24.806015883497416 ], [ -52.469076094869287, -24.806057736272763 ], [ -52.469228703342637, -24.806081509025663 ], [ -52.469389453320389, -24.806090231821283 ], [ -52.469529692375779, -24.806096717063618 ], [ -52.469656801338125, -24.806120403042659 ], [ -52.469802267195782, -24.806151490402915 ], [ -52.469918285836769, -24.806166526510161 ], [ -52.470037686111617, -24.806174921049184 ], [ -52.47015547144936, -24.806189085112567 ], [ -52.47027545131526, -24.806202512663258 ], [ -52.470396887467679, -24.806204010393838 ], [ -52.470533779183981, -24.806198556075376 ], [ -52.470659049821776, -24.806191943034438 ], [ -52.470785877153169, -24.806185165254295 ], [ -52.470911863474143, -24.806189420664808 ], [ -52.471033063936382, -24.806198810444034 ], [ -52.471147841477027, -24.806211201299003 ], [ -52.471258545862703, -24.806224486272797 ], [ -52.471376593107934, -24.806238292162515 ], [ -52.471506428441849, -24.806252826381783 ], [ -52.471636166337753, -24.806263742898683 ], [ -52.471760420754912, -24.806274534970392 ], [ -52.471896869299279, -24.806286568241593 ], [ -52.472030476380276, -24.806289633826349 ], [ -52.472156386425233, -24.806288840251167 ], [ -52.472271668127476, -24.806288360276493 ], [ -52.472380846826098, -24.806295677043508 ], [ -52.472480180300117, -24.806319743128434 ], [ -52.472584211163969, -24.806353643897697 ], [ -52.472693539000623, -24.8063873662887 ], [ -52.472807776275801, -24.806410019121088 ], [ -52.472925231268938, -24.806422522786153 ], [ -52.473045639602717, -24.806423802316758 ], [ -52.473161025558838, -24.806418781258216 ], [ -52.473279755654076, -24.806411965212114 ], [ -52.473399257250925, -24.806405009603314 ], [ -52.473496996692397, -24.806394956708594 ], [ -52.473596522840438, -24.806378923479397 ], [ -52.473786996910633, -24.806346589774567 ], [ -52.47381626022473, -24.806343348882649 ], [ -52.473865439555482, -24.80635833082021 ], [ -52.473885717995451, -24.80637935076459 ], [ -52.473908128593592, -24.806416787851443 ], [ -52.473921891598714, -24.806454565695084 ], [ -52.473930938956926, -24.80654178899054 ], [ -52.473925763556885, -24.806585686025254 ], [ -52.473912566827188, -24.806659993704653 ], [ -52.473903850351164, -24.806709074088108 ], [ -52.473828220043337, -24.806910967427896 ], [ -52.473782316336873, -24.807057300974336 ], [ -52.473763824522216, -24.807095557245184 ], [ -52.473718597158822, -24.807133295805439 ], [ -52.473669446696633, -24.807180408811774 ], [ -52.473624561517781, -24.807232045260069 ], [ -52.473577998491251, -24.807291751593045 ], [ -52.473530845172021, -24.807349020760164 ], [ -52.473477689231245, -24.807414125798886 ], [ -52.473431130406247, -24.807489072405918 ], [ -52.473392614852351, -24.80757014272794 ], [ -52.473360451227769, -24.807645080933963 ], [ -52.473273793385431, -24.807805135060949 ], [ -52.473267782326545, -24.807812963361997 ], [ -52.473203379917059, -24.807796059454816 ], [ -52.473123398655162, -24.807777927189903 ], [ -52.472754529284643, -24.807694301508558 ] ] ] ] } },
{ "type": "Feature", "properties": { "nome_pa": "FAZENDA CHAPADÃO", "tipo": "Estrada" }, "geometry": { "type": "MultiPolygon", "coordinates": [ [ [ [ -52.482453431111345, -24.809394143642255 ], [ -52.482400426381759, -24.809404540188044 ], [ -52.482328046258836, -24.809432998971307 ], [ -52.48219301213323, -24.809499286726879 ], [ -52.481959154118066, -24.809607466414182 ], [ -52.481852083915165, -24.80965142068446 ], [ -52.481247975744779, -24.809861250610602 ], [ -52.481165875103734, -24.809896927337459 ], [ -52.481096748277302, -24.809947196994216 ], [ -52.481051762540673, -24.809996414972865 ], [ -52.480997750176591, -24.81006098442262 ], [ -52.480599192137255, -24.810539821148225 ], [ -52.480402598440158, -24.8107723341179 ], [ -52.480402081581055, -24.810940111737978 ], [ -52.480692916803214, -24.81060632005536 ], [ -52.481092184115781, -24.810126630737788 ], [ -52.481144554023949, -24.810064024714624 ], [ -52.481180161255331, -24.810025067537271 ], [ -52.481229194219821, -24.809989410302535 ], [ -52.481294673573053, -24.809960956324552 ], [ -52.48189757766076, -24.809751544554583 ], [ -52.482010357407432, -24.809705246401002 ], [ -52.482247963603442, -24.809595332823861 ], [ -52.482379736828861, -24.80953064581654 ], [ -52.482436721031682, -24.80950824047509 ], [ -52.482476990517981, -24.809500341864194 ], [ -52.482537999590491, -24.80948975366659 ], [ -52.482536229362594, -24.809461412871212 ], [ -52.482530974685872, -24.809377287028145 ], [ -52.482453431111345, -24.809394143642255 ] ] ] ] } },
{ "type": "Feature", "properties": { "nome_pa": "FAZENDA CHAPADÃO", "tipo": "Estrada" }, "geometry": { "type": "MultiPolygon", "coordinates": [ [ [ [ -52.441026491490142, -24.776870872873218 ], [ -52.440905088198399, -24.776835424427745 ], [ -52.440742227501609, -24.776816870162968 ], [ -52.44052544498377, -24.776812601698747 ], [ -52.440303699903318, -24.776805836526183 ], [ -52.440104081494887, -24.776803986514867 ], [ -52.43987121189484, -24.776798773809631 ], [ -52.439623953069095, -24.77678001710008 ], [ -52.439439497420935, -24.776756860140193 ], [ -52.439277083432742, -24.776735667034888 ], [ -52.43915528236888, -24.776725818333432 ], [ -52.43897514220874, -24.776709859813145 ], [ -52.438809464777805, -24.77670550676833 ], [ -52.438642602699332, -24.776744884632858 ], [ -52.438496332342218, -24.776835385714964 ], [ -52.438356849584416, -24.776927045333622 ], [ -52.438247098982814, -24.776997495614374 ], [ -52.438127102668119, -24.777034748299098 ], [ -52.437991808559666, -24.777048546021479 ], [ -52.437829247854204, -24.777034479283163 ], [ -52.437624906436234, -24.777005774352176 ], [ -52.437474352603665, -24.77698047640849 ], [ -52.43736110175746, -24.776938071166171 ], [ -52.437262431863175, -24.776884369884627 ], [ -52.437097736913813, -24.776767544807917 ], [ -52.43692749250291, -24.776643119741372 ], [ -52.436823644080498, -24.776553083655561 ], [ -52.43676379846773, -24.776468068853401 ], [ -52.436703343960566, -24.776335971557835 ], [ -52.436672635219033, -24.776235273334184 ], [ -52.436648027609799, -24.776097846186623 ], [ -52.436635801470729, -24.775905424176141 ], [ -52.436617011413134, -24.775690076029605 ], [ -52.436582408012306, -24.775460172913125 ], [ -52.436535179593832, -24.775249751198849 ], [ -52.436492870601647, -24.775044970167812 ], [ -52.436435095574289, -24.774840855823051 ], [ -52.436345824782897, -24.774695733127157 ], [ -52.436205599138965, -24.774562984158212 ], [ -52.436037747513971, -24.774426440108481 ], [ -52.435857665159283, -24.774289781930229 ], [ -52.435737694967798, -24.77420092867267 ], [ -52.435615415503648, -24.774122717174215 ], [ -52.435468392900788, -24.774027473562242 ], [ -52.435326657648702, -24.773927897256886 ], [ -52.435222678468847, -24.773843010902894 ], [ -52.435114886902255, -24.773747237279558 ], [ -52.435014874240025, -24.773662680995855 ], [ -52.43490107289815, -24.773594709904703 ], [ -52.434762775836276, -24.773538555783851 ], [ -52.434666882564379, -24.773498994300692 ], [ -52.434521055742266, -24.773448662224585 ], [ -52.434358988080298, -24.773385506640764 ], [ -52.43421036523722, -24.773327317933873 ], [ -52.434011428863101, -24.77324943827313 ], [ -52.433820357605924, -24.773169719089012 ], [ -52.433661282651961, -24.7731401421707 ], [ -52.433505468860133, -24.77314139822894 ], [ -52.433333132949379, -24.773144836186994 ], [ -52.433192997323744, -24.773138573488506 ], [ -52.433008763646079, -24.773151829120053 ], [ -52.432844357152412, -24.773163399002481 ], [ -52.432690947344298, -24.773174500957211 ], [ -52.432525278271697, -24.773175068432494 ], [ -52.432381288784875, -24.773170494054806 ], [ -52.432251515971835, -24.773144546763856 ], [ -52.432165070923496, -24.773105179848546 ], [ -52.43206018021754, -24.773044263051727 ], [ -52.431939540378764, -24.772982394173329 ], [ -52.431809886958462, -24.772949805249862 ], [ -52.431682364140677, -24.772948853572373 ], [ -52.431544434286522, -24.772947346948492 ], [ -52.431423686782416, -24.77293808440033 ], [ -52.431314122461089, -24.772898222687694 ], [ -52.431198232491596, -24.772835837768067 ], [ -52.431085950463988, -24.772760906666406 ], [ -52.430993016383546, -24.772678526515254 ], [ -52.430914202140123, -24.772584474851946 ], [ -52.430848339323468, -24.772475117963801 ], [ -52.430817780342949, -24.772365806586187 ], [ -52.430805784286648, -24.772255088171967 ], [ -52.430812749804538, -24.772162814380138 ], [ -52.430861438954459, -24.772103269161548 ], [ -52.430968861327344, -24.772000961017159 ], [ -52.431121798591739, -24.771859256390485 ], [ -52.431285766048369, -24.771729886525851 ], [ -52.431383771232369, -24.771655563861003 ], [ -52.431490286327133, -24.771592314910304 ], [ -52.431580674235462, -24.771540479023962 ], [ -52.431724077765779, -24.771455113477263 ], [ -52.431869972455111, -24.771316814692899 ], [ -52.43193068495178, -24.771228328341731 ], [ -52.431985803794134, -24.771077378034384 ], [ -52.432019592969247, -24.770903148817656 ], [ -52.432073046183909, -24.770686346831976 ], [ -52.432117532077093, -24.770542949885158 ], [ -52.43217629284046, -24.770430613692202 ], [ -52.432247820111058, -24.770304456133246 ], [ -52.432303865088542, -24.770186279798192 ], [ -52.432330271066931, -24.77006571117246 ], [ -52.432338883933511, -24.769954164100451 ], [ -52.432357386221497, -24.769845946764924 ], [ -52.432384404061239, -24.769729716654457 ], [ -52.432421988686365, -24.769600267666977 ], [ -52.43246393471194, -24.769465622836961 ], [ -52.432504703695173, -24.769323375193689 ], [ -52.432532769039369, -24.769188578798875 ], [ -52.432553249760304, -24.769091942026314 ], [ -52.432585599370441, -24.768941602004602 ], [ -52.43260109374279, -24.768838324001564 ], [ -52.432601285177398, -24.768721769936672 ], [ -52.432599332417539, -24.768630995605399 ], [ -52.432595053033147, -24.768514134038778 ], [ -52.432597926005215, -24.7684287628493 ], [ -52.432612241870387, -24.7683143070191 ], [ -52.432645387624845, -24.768174018172289 ], [ -52.432675820826191, -24.768036151543033 ], [ -52.432713975942391, -24.767904342544483 ], [ -52.432760911066119, -24.76778286965725 ], [ -52.432826073161173, -24.767665826490294 ], [ -52.432891421036565, -24.767560539061598 ], [ -52.432947121412106, -24.767462730510015 ], [ -52.432994804906834, -24.767352283681124 ], [ -52.433007557516873, -24.767229551923958 ], [ -52.432992940059769, -24.767090363570578 ], [ -52.432986234352825, -24.766973035708954 ], [ -52.432987748430442, -24.766892506083067 ], [ -52.433004148913135, -24.766781269883204 ], [ -52.433046840008032, -24.766643233893554 ], [ -52.433092563596112, -24.766495463644951 ], [ -52.433106422548036, -24.766338931407265 ], [ -52.433088736202635, -24.766195371526461 ], [ -52.433041158145159, -24.766064325893403 ], [ -52.432988985495307, -24.765932505302182 ], [ -52.432918755383753, -24.765770878569334 ], [ -52.432864471827877, -24.765601559158458 ], [ -52.432850441044131, -24.765472054092736 ], [ -52.432857752833328, -24.765313086720806 ], [ -52.432832883269889, -24.765167237971241 ], [ -52.432770291941544, -24.765052685386703 ], [ -52.432700232539219, -24.764956020559918 ], [ -52.432649190421955, -24.764864482837986 ], [ -52.432602181665729, -24.764750183396984 ], [ -52.43257405012649, -24.764672124018123 ], [ -52.432542023472166, -24.764537625254626 ], [ -52.432513142177505, -24.764367828026259 ], [ -52.432509058825673, -24.764309685960139 ], [ -52.432502531305076, -24.764216741684955 ], [ -52.43244780752314, -24.764052036183493 ], [ -52.432333892110861, -24.763923673249295 ], [ -52.432219967891974, -24.763821324477551 ], [ -52.432124986232999, -24.763713734839534 ], [ -52.432037642584199, -24.763596740187992 ], [ -52.43198534212744, -24.763488865351633 ], [ -52.431965471508221, -24.763392588990829 ], [ -52.431959788417153, -24.763269245786333 ], [ -52.43195932608328, -24.763146175917758 ], [ -52.431982351864747, -24.76306123452088 ], [ -52.432031829362252, -24.76299196407976 ], [ -52.432116630233281, -24.76291839547611 ], [ -52.432224699352432, -24.762864787362485 ], [ -52.432326222743967, -24.762838923580397 ], [ -52.43245673039182, -24.762834988756076 ], [ -52.432660937401735, -24.762859844246581 ], [ -52.432919259422874, -24.762895266534549 ], [ -52.433165278346543, -24.762917277045716 ], [ -52.433384835865816, -24.762941520387141 ], [ -52.433551321726036, -24.762968858359759 ], [ -52.433708785641628, -24.762977489171409 ], [ -52.43364326769688, -24.762867511544354 ], [ -52.433564361745979, -24.762859406984376 ], [ -52.43340247448397, -24.762834330242359 ], [ -52.433178188411738, -24.762809564771125 ], [ -52.432933865800408, -24.76278770601742 ], [ -52.432677589182688, -24.762752564190873 ], [ -52.432462652359732, -24.762726402683313 ], [ -52.432308062075258, -24.762731063594302 ], [ -52.43217986454011, -24.762763722791384 ], [ -52.432046238815616, -24.762830008338657 ], [ -52.43194002670657, -24.762922152106952 ], [ -52.431871991729111, -24.763017403634844 ], [ -52.431840615525985, -24.763133149084837 ], [ -52.431841135921303, -24.763271709639273 ], [ -52.431847275505497, -24.763404963092501 ], [ -52.431871277254956, -24.763521255962779 ], [ -52.431933510502837, -24.763649618384175 ], [ -52.432029617290901, -24.763778351177233 ], [ -52.432131872967958, -24.763894180483035 ], [ -52.432245905667472, -24.76399662677829 ], [ -52.43234099656263, -24.764103777839249 ], [ -52.43238499170922, -24.76423619305913 ], [ -52.43239506542551, -24.764379632832043 ], [ -52.432425313561701, -24.764557466892398 ], [ -52.432459406549199, -24.764700643953326 ], [ -52.432490231617308, -24.764786177547137 ], [ -52.432540434804686, -24.764908244341715 ], [ -52.432597550144081, -24.765010673786062 ], [ -52.432667341283654, -24.765106968586039 ], [ -52.432718469725316, -24.765200542322312 ], [ -52.432738703782277, -24.765319206562815 ], [ -52.432731531891456, -24.765475129134586 ], [ -52.432747475509387, -24.765622291061714 ], [ -52.432806421191351, -24.765806152939337 ], [ -52.43289966058127, -24.766025610073989 ], [ -52.432931696869588, -24.766106553813749 ], [ -52.43297219126768, -24.76621864518853 ], [ -52.432987220434626, -24.766340637708652 ], [ -52.432975219102133, -24.766476187298224 ], [ -52.432932644824376, -24.766613779130431 ], [ -52.432887666686703, -24.766759209523453 ], [ -52.432869220401194, -24.766884320568085 ], [ -52.432867516697513, -24.76697493129706 ], [ -52.432874571060033, -24.767098361534057 ], [ -52.432888354202845, -24.767229606687639 ], [ -52.432878255100675, -24.767326800065668 ], [ -52.4328389893642, -24.767417749076891 ], [ -52.43278712587518, -24.767508820004565 ], [ -52.432721508469456, -24.767614541547129 ], [ -52.432651597803172, -24.767740113824807 ], [ -52.432600475251533, -24.767872423892829 ], [ -52.432560192366672, -24.768011582941657 ], [ -52.432529220436344, -24.768151889493822 ], [ -52.432495007826383, -24.768296693206693 ], [ -52.432479467382649, -24.768420938641313 ], [ -52.432477261617429, -24.768486481737206 ], [ -52.432480712367784, -24.768634201329501 ], [ -52.432482617221176, -24.768722752631184 ], [ -52.432482439562293, -24.768830856740216 ], [ -52.432468462856889, -24.768924018116856 ], [ -52.432437943826457, -24.769065698467116 ], [ -52.432416226603046, -24.769168169133945 ], [ -52.432388879476342, -24.769299515376169 ], [ -52.432349451577494, -24.769437083372999 ], [ -52.432307557223972, -24.76957156193571 ], [ -52.432268938623203, -24.769704571714534 ], [ -52.432240635813173, -24.76982632924442 ], [ -52.432220863036264, -24.769941976853275 ], [ -52.432212427935774, -24.770051220298765 ], [ -52.432189968413489, -24.770153769128605 ], [ -52.432140551488494, -24.770257969362358 ], [ -52.432070032031817, -24.770382349174973 ], [ -52.432006104114905, -24.770504563487876 ], [ -52.431957986878714, -24.770659665340432 ], [ -52.431903220098931, -24.770881794197546 ], [ -52.431870471873175, -24.771050655092644 ], [ -52.431822592478795, -24.771181778880926 ], [ -52.431756855970171, -24.77127437643599 ], [ -52.431649788528063, -24.771370006870498 ], [ -52.431519162978091, -24.771447806259914 ], [ -52.431426373555837, -24.771501019353884 ], [ -52.431313271897636, -24.771568179395139 ], [ -52.431209052074919, -24.771647214921437 ], [ -52.431040609637371, -24.771780115457265 ], [ -52.430884670981818, -24.771924600942519 ], [ -52.430772618114304, -24.772031351744491 ], [ -52.430739161087601, -24.772071698376429 ], [ -52.430705992079304, -24.772053698567756 ], [ -52.430602844939855, -24.772019929598947 ], [ -52.430496891143761, -24.772011188668568 ], [ -52.430376056910269, -24.772029523345228 ], [ -52.430259315363735, -24.77206558887746 ], [ -52.430177904735743, -24.772103209697146 ], [ -52.430104185947577, -24.772118034353852 ], [ -52.429986891745784, -24.772125151741712 ], [ -52.429821833974152, -24.772127454232852 ], [ -52.429654602437111, -24.772142186402036 ], [ -52.429491021929415, -24.772200862266686 ], [ -52.429365528283398, -24.772261662334248 ], [ -52.42923340576467, -24.772324573131215 ], [ -52.4291238616116, -24.772379503583981 ], [ -52.429023050620522, -24.772451060254255 ], [ -52.428933383582105, -24.772566007252664 ], [ -52.428863461012952, -24.772678292349482 ], [ -52.428825839179218, -24.772803795967761 ], [ -52.428827570610061, -24.772924439194842 ], [ -52.428856816043634, -24.772986149210997 ], [ -52.428973888316314, -24.772960341150789 ], [ -52.428945919406594, -24.772901324820012 ], [ -52.428944718565226, -24.77281765771421 ], [ -52.428973987854576, -24.772720017254137 ], [ -52.429033554206754, -24.772624362542292 ], [ -52.429109619363125, -24.772526852131367 ], [ -52.429189253040541, -24.772470327304095 ], [ -52.429289412465245, -24.772420102764571 ], [ -52.429420778279621, -24.772357552257048 ], [ -52.429540690428382, -24.77229945634032 ], [ -52.429682534122186, -24.77224857740319 ], [ -52.429828449764905, -24.772235723034381 ], [ -52.42999173607199, -24.772233445243852 ], [ -52.43012097829812, -24.772225602844784 ], [ -52.430218095693938, -24.772206072782382 ], [ -52.430305360222107, -24.772165746803537 ], [ -52.430404990230535, -24.7721349676156 ], [ -52.430501350948091, -24.772120346404339 ], [ -52.430577064023097, -24.772126592545806 ], [ -52.430655182334291, -24.77215216741499 ], [ -52.430693051140572, -24.772172717658691 ], [ -52.430686710870866, -24.772256707575693 ], [ -52.430700572478834, -24.772384645338402 ], [ -52.430737086233599, -24.772515257732458 ], [ -52.430750337658985, -24.772568718403495 ], [ -52.430814523094504, -24.772643832036092 ], [ -52.430904080234157, -24.772750703645304 ], [ -52.431009232797805, -24.772843914753061 ], [ -52.431132925226784, -24.772926460580361 ], [ -52.431261714236228, -24.772995789212551 ], [ -52.431396158717384, -24.773044702824958 ], [ -52.431538749415864, -24.773055640966632 ], [ -52.431681169347847, -24.773057196632472 ], [ -52.431793374445483, -24.773058033998343 ], [ -52.431894064429464, -24.773083342839083 ], [ -52.431999230443452, -24.77313727613015 ], [ -52.432106583565457, -24.773199623018215 ], [ -52.432211734908009, -24.773247508745278 ], [ -52.43236641101884, -24.773278435297236 ], [ -52.432523436846672, -24.773283423822445 ], [ -52.432695865277161, -24.77328283318597 ], [ -52.432853605428789, -24.773271417849461 ], [ -52.433017985007908, -24.773259849854611 ], [ -52.433194765098612, -24.773247130507084 ], [ -52.43333152622494, -24.773253242387462 ], [ -52.433507288955298, -24.773249736063274 ], [ -52.433663915041372, -24.773250620634965 ], [ -52.433783950586545, -24.773273522011998 ], [ -52.433912126020672, -24.773325630865909 ], [ -52.434164228374193, -24.773427144429665 ], [ -52.434312311114894, -24.773485121677009 ], [ -52.434476762530807, -24.773549206177425 ], [ -52.434621423153892, -24.773599135743105 ], [ -52.434714231510661, -24.773637424521603 ], [ -52.434844111240835, -24.773690160877827 ], [ -52.434941562280578, -24.773748366298605 ], [ -52.435033177550224, -24.773825822989433 ], [ -52.435141710017653, -24.773922254955608 ], [ -52.435250819116419, -24.774011329302507 ], [ -52.435397845482996, -24.774114622923456 ], [ -52.435547034278365, -24.774211269857645 ], [ -52.435666181153614, -24.77428747773547 ], [ -52.435782354623385, -24.774373519064309 ], [ -52.435960324675222, -24.774508574343308 ], [ -52.436123299314808, -24.774641151120711 ], [ -52.436249821167387, -24.774760927048817 ], [ -52.436324062668952, -24.774881617597458 ], [ -52.436331294550151, -24.774915954654514 ], [ -52.436376986277999, -24.775068592868546 ], [ -52.436418736377213, -24.775270669681433 ], [ -52.436465370194497, -24.775478443067964 ], [ -52.436498982494399, -24.775701762750867 ], [ -52.436517401828894, -24.775912864413108 ], [ -52.436529911779076, -24.77610975612448 ], [ -52.436556566079936, -24.776258614289841 ], [ -52.436590999048612, -24.776371525103986 ], [ -52.436657990972861, -24.776517907380352 ], [ -52.436731548121408, -24.776622654198192 ], [ -52.436849411719678, -24.776724841432795 ], [ -52.437024246189608, -24.776852621246036 ], [ -52.437195390765559, -24.776974021348781 ], [ -52.437307911181421, -24.777035260813079 ], [ -52.437440737407208, -24.77708499578906 ], [ -52.437605138226935, -24.777112620477254 ], [ -52.437814613104194, -24.777142046523313 ], [ -52.437992807412044, -24.777157466059428 ], [ -52.438011055609955, -24.77715553750301 ], [ -52.438153095771789, -24.777141119337362 ], [ -52.438301425425401, -24.777095070595713 ], [ -52.438425643105298, -24.777015333694592 ], [ -52.438564297366845, -24.776924218476275 ], [ -52.438692181171234, -24.776845093589621 ], [ -52.438822871489066, -24.776814251908423 ], [ -52.438967696062114, -24.776818057048747 ], [ -52.439144316874639, -24.776833703782103 ], [ -52.439263443637543, -24.776843336239207 ], [ -52.439423018847727, -24.776864158909355 ], [ -52.439610947291222, -24.776887751842171 ], [ -52.440301115546966, -24.776914166122623 ], [ -52.440522183769353, -24.776920910634729 ], [ -52.440733578052672, -24.776925073000633 ], [ -52.440878543533969, -24.776941588510574 ], [ -52.441036977856726, -24.776982636031196 ], [ -52.441026491490142, -24.776870872873218 ] ] ] ] } },
{ "type": "Feature", "properties": { "nome_pa": "FAZENDA CHAPADÃO", "tipo": "Estrada" }, "geometry": { "type": "MultiPolygon", "coordinates": [ [ [ [ -52.435905740230652, -24.784607359947131 ], [ -52.435807008828775, -24.784858135154238 ], [ -52.435746852738951, -24.785030339587632 ], [ -52.435693141977502, -24.785185391340885 ], [ -52.435629915312205, -24.785366962958491 ], [ -52.435577364218595, -24.785538697986183 ], [ -52.435522172753849, -24.785721895508821 ], [ -52.435456002553707, -24.785916396710626 ], [ -52.43537960828592, -24.786107124438221 ], [ -52.435291774966018, -24.7862851975658 ], [ -52.435176813264214, -24.786454906944822 ], [ -52.435045508470466, -24.786604337090935 ], [ -52.434917514001157, -24.786770642884346 ], [ -52.434827194730588, -24.786963842540853 ], [ -52.434872338296529, -24.787134443824321 ], [ -52.434990843407761, -24.787295971390225 ], [ -52.435183716825335, -24.787388940610139 ], [ -52.435384150681145, -24.787428364983448 ], [ -52.435559703450515, -24.787465531346747 ], [ -52.435696840478045, -24.787529996174502 ], [ -52.435819589937601, -24.787652208463967 ], [ -52.435962667773147, -24.787805751230241 ], [ -52.436095266250824, -24.787921906583403 ], [ -52.436212076509662, -24.788017366870534 ], [ -52.436605870012492, -24.788317034394261 ], [ -52.436780569028919, -24.788429750478763 ], [ -52.43694636912916, -24.788536488573563 ], [ -52.437090679908572, -24.788640442160432 ], [ -52.437194441134821, -24.788746441022774 ], [ -52.437222270613674, -24.788778762870724 ], [ -52.437305273138477, -24.788904834114287 ], [ -52.437372452585691, -24.789076069665299 ], [ -52.43740310178331, -24.789257778976552 ], [ -52.43742542216097, -24.78943204789395 ], [ -52.437452863419018, -24.789790601883002 ], [ -52.43746068761385, -24.790008248282074 ], [ -52.437502167339652, -24.790385590141213 ], [ -52.437550418667961, -24.790729839310494 ], [ -52.437574158189378, -24.79088914378115 ], [ -52.437585888813274, -24.791048522474849 ], [ -52.437579401140425, -24.791126923514899 ], [ -52.437472125442525, -24.791381898988064 ], [ -52.437391959170355, -24.79154241065816 ], [ -52.437297626456527, -24.791753101341744 ], [ -52.437225671901302, -24.791953054554114 ], [ -52.437204197700758, -24.792038328818755 ], [ -52.437191921046924, -24.792090261709244 ], [ -52.4372064905127, -24.792233196429784 ], [ -52.437331766855785, -24.792346288172791 ], [ -52.437542997998463, -24.792363188130672 ], [ -52.437775791893898, -24.792409561769286 ], [ -52.437992151147824, -24.792476270491424 ], [ -52.438201772160724, -24.792527480922207 ], [ -52.438399532928479, -24.792559394674573 ], [ -52.438552293527131, -24.792584045813989 ], [ -52.438666182349799, -24.792688580472479 ], [ -52.438718318581579, -24.792869485392771 ], [ -52.438826456187918, -24.793080853342865 ], [ -52.438964988948932, -24.793290098838451 ], [ -52.439047305703291, -24.793404775719438 ], [ -52.439171952750925, -24.79351580899932 ], [ -52.439319718294286, -24.793615401349726 ], [ -52.439428923180266, -24.793715494136819 ], [ -52.439547472264898, -24.793842352443566 ], [ -52.4397225918704, -24.793935681598391 ], [ -52.439875722444015, -24.794015209229478 ], [ -52.439999619375584, -24.794149550949523 ], [ -52.440263009358929, -24.794572342142313 ], [ -52.440376081024752, -24.794754138779741 ], [ -52.440446252245572, -24.794904777809975 ], [ -52.44046814114165, -24.794942583418049 ], [ -52.440500729520657, -24.794997915914525 ], [ -52.440576337874795, -24.795109631028176 ], [ -52.440654452174343, -24.795207573019677 ], [ -52.440712386676068, -24.795280421792437 ], [ -52.440770690605767, -24.795353797939978 ], [ -52.440857356160635, -24.795460604296562 ], [ -52.440924412406318, -24.795534013094542 ], [ -52.440999493399147, -24.79560971216435 ], [ -52.441073638967296, -24.795679243899858 ], [ -52.44114209580507, -24.795743080157049 ], [ -52.441192116223057, -24.79580100127728 ], [ -52.441215128971123, -24.795897079879651 ], [ -52.441162994581958, -24.79601676099373 ], [ -52.441059831544457, -24.796130860684304 ], [ -52.440937134295297, -24.796249138357851 ], [ -52.440822124127841, -24.796358697709767 ], [ -52.44071804322563, -24.796472044870061 ], [ -52.440629312253449, -24.796609004216805 ], [ -52.440564608989241, -24.796770068598761 ], [ -52.440522299467439, -24.796941220497278 ], [ -52.4404709074512, -24.797088752348412 ], [ -52.440405583748657, -24.797246947895999 ], [ -52.440343860905571, -24.797420109980298 ], [ -52.440331667378686, -24.797505270637448 ], [ -52.440319774123175, -24.797607524475431 ], [ -52.440333855909827, -24.797805763607876 ], [ -52.440367341887004, -24.797995242522077 ], [ -52.440385186900741, -24.798181951659611 ], [ -52.440385768412035, -24.798369972757975 ], [ -52.440401240489443, -24.798547795045536 ], [ -52.440437549386239, -24.798735472121031 ], [ -52.440466956583577, -24.798911446284599 ], [ -52.440492421273987, -24.799102599884677 ], [ -52.440514271050795, -24.799301173170683 ], [ -52.440540296460476, -24.799503316500875 ], [ -52.440544844458621, -24.799697862064374 ], [ -52.440546719731664, -24.799883711691042 ], [ -52.440527338914137, -24.800067979574415 ], [ -52.440496066260842, -24.800202637265127 ], [ -52.440482961297278, -24.800245775395933 ], [ -52.440406446912583, -24.800518525901328 ], [ -52.440374196452481, -24.800682130600809 ], [ -52.440352698855186, -24.800844563622146 ], [ -52.440319665371938, -24.801009683529507 ], [ -52.440243982197842, -24.801192520568453 ], [ -52.440155670988972, -24.801374375719977 ], [ -52.440079851570303, -24.801553177071526 ], [ -52.440021926056922, -24.801736946864022 ], [ -52.439964274997052, -24.80192203880263 ], [ -52.439920800788606, -24.802107681080965 ], [ -52.439889446338753, -24.802277884624143 ], [ -52.439643594076458, -24.802763081198744 ], [ -52.43995535985492, -24.802508297009176 ], [ -52.439961345621626, -24.802470972382977 ], [ -52.4400058523021, -24.802299371795044 ], [ -52.440037422023551, -24.802127998804078 ], [ -52.440079525908018, -24.801948207321661 ], [ -52.440136047375475, -24.801766741456547 ], [ -52.440192456997998, -24.80158778033573 ], [ -52.440265337914845, -24.801415908344119 ], [ -52.440353842596892, -24.801233654440114 ], [ -52.44043449984482, -24.80103880048928 ], [ -52.440470108457276, -24.800860807806565 ], [ -52.440491624365208, -24.800698235270684 ], [ -52.440522503026145, -24.800541588877692 ], [ -52.440597655232111, -24.800273693227357 ], [ -52.440611423135152, -24.800228372731969 ], [ -52.440644848693061, -24.800084444209809 ], [ -52.440665467622559, -24.799888402897967 ], [ -52.440663528132909, -24.799696207222045 ], [ -52.44065884338913, -24.799495820353112 ], [ -52.440632271640105, -24.799289435041185 ], [ -52.440610397819754, -24.799090644943657 ], [ -52.440584565620419, -24.798896733962376 ], [ -52.440554676839078, -24.79871787897579 ], [ -52.440519112848612, -24.798534053140578 ], [ -52.440504449202571, -24.798365524073198 ], [ -52.440503866208708, -24.798177081504999 ], [ -52.440485210132699, -24.797981888300292 ], [ -52.440451934872094, -24.797793602725477 ], [ -52.440438917788335, -24.797610354611351 ], [ -52.440450198112721, -24.797519741518091 ], [ -52.440460373414993, -24.797443411384531 ], [ -52.440517609432945, -24.797282836565429 ], [ -52.440583073323729, -24.797124301166555 ], [ -52.440636957642738, -24.796969614212088 ], [ -52.440678695624968, -24.796800773697402 ], [ -52.44073700710144, -24.796655619923211 ], [ -52.440815255021477, -24.796534841373667 ], [ -52.440910551937819, -24.79643106014025 ], [ -52.441023074993126, -24.79632386994675 ], [ -52.441148796092243, -24.796202677252658 ], [ -52.441266399211052, -24.796072606514553 ], [ -52.441338836929177, -24.795906316164363 ], [ -52.441302234897861, -24.795753502678146 ], [ -52.441231365402636, -24.795671439457802 ], [ -52.441158572403126, -24.795603559755428 ], [ -52.441086039654287, -24.795535540518703 ], [ -52.441014021408328, -24.795462929455635 ], [ -52.440950700360652, -24.795393609760005 ], [ -52.440866420104271, -24.795289743126922 ], [ -52.440808457386723, -24.795216796464629 ], [ -52.440750453901018, -24.795143861007578 ], [ -52.440674943911652, -24.795049184465249 ], [ -52.440603669160453, -24.794943872585328 ], [ -52.440553424560264, -24.79485797107316 ], [ -52.440542444571996, -24.794834400014967 ], [ -52.440482648896278, -24.794706034726943 ], [ -52.440366029015273, -24.794518533517106 ], [ -52.440232735760901, -24.794307504698644 ], [ -52.440097648831966, -24.794087612919498 ], [ -52.439952854935775, -24.79393061267529 ], [ -52.439781860024958, -24.793841807317371 ], [ -52.439624701948887, -24.793758050702099 ], [ -52.439516249276444, -24.793641996534593 ], [ -52.439397459850404, -24.793533119001012 ], [ -52.439249009719781, -24.793433065290809 ], [ -52.439205900308984, -24.793395482266654 ], [ -52.439139475521401, -24.793335494311563 ], [ -52.439065448876249, -24.793232366623339 ], [ -52.438931313094464, -24.793029762747647 ], [ -52.438830381423095, -24.792832479992438 ], [ -52.438772844287932, -24.79263283530517 ], [ -52.438631818873056, -24.792503392993517 ], [ -52.438609952580471, -24.792483322648529 ], [ -52.438420193741649, -24.792452701081917 ], [ -52.438227492420154, -24.792421603796669 ], [ -52.438026517840271, -24.792372505683307 ], [ -52.437807836297189, -24.792305080931616 ], [ -52.437570192146666, -24.792256509709755 ], [ -52.437384759047617, -24.792241747742253 ], [ -52.437320665513695, -24.792183888090527 ], [ -52.437311837713885, -24.792097283150582 ], [ -52.437340220438927, -24.791981898570583 ], [ -52.437409077725817, -24.791790551810436 ], [ -52.437500931276709, -24.791585397884749 ], [ -52.437581622123353, -24.791423835599915 ], [ -52.437696445559922, -24.791150919865313 ], [ -52.437704876778888, -24.791048972496124 ], [ -52.437692307147273, -24.790878196786931 ], [ -52.437668083611321, -24.790715645356389 ], [ -52.437620114408837, -24.790373439888999 ], [ -52.437579052888815, -24.789999905661976 ], [ -52.437571428082734, -24.789785115612407 ], [ -52.437543715372577, -24.789422670793414 ], [ -52.437520733460019, -24.789243238184739 ], [ -52.437488023981231, -24.789049315181426 ], [ -52.437470311007118, -24.789004166253342 ], [ -52.437413048334932, -24.788858208109271 ], [ -52.437320197302753, -24.788717178292561 ], [ -52.437285215931112, -24.78867657112357 ], [ -52.437172300751293, -24.788561220969981 ], [ -52.437017379669243, -24.788449624346949 ], [ -52.436849018517442, -24.788341237541115 ], [ -52.436678231100643, -24.788231045261 ], [ -52.436286926486986, -24.787933271822389 ], [ -52.43617677958845, -24.787843150659473 ], [ -52.436049174980788, -24.787731369963101 ], [ -52.435908558923231, -24.787580469130717 ], [ -52.435770003506249, -24.787442520119178 ], [ -52.43560090420231, -24.78736303060467 ], [ -52.435410057190715, -24.787322626293054 ], [ -52.435224685192139, -24.7872861645195 ], [ -52.435072769918584, -24.78721293804163 ], [ -52.434986086348239, -24.787094784723003 ], [ -52.434966461052326, -24.786967186664295 ], [ -52.435023839244032, -24.78682095796017 ], [ -52.43514044790026, -24.786669445809718 ], [ -52.435273934358371, -24.786517532694017 ], [ -52.435396802243652, -24.786336151781235 ], [ -52.435489593839726, -24.786148025918521 ], [ -52.435568474253984, -24.785951090773413 ], [ -52.435636090610039, -24.785752338191873 ], [ -52.435691733960645, -24.785567640152998 ], [ -52.435743655820993, -24.785397960923252 ], [ -52.435806273166527, -24.785218138645547 ], [ -52.435859967298249, -24.785063134486688 ], [ -52.435919424402613, -24.7848929305414 ], [ -52.436030872024759, -24.784609855726895 ], [ -52.435905740230652, -24.784607359947131 ] ] ] ] } },
{ "type": "Feature", "properties": { "nome_pa": "FAZENDA CHAPADÃO", "tipo": "Estrada" }, "geometry": { "type": "MultiPolygon", "coordinates": [ [ [ [ -52.464979626671443, -24.779916362587329 ], [ -52.46489043741915, -24.780037681809461 ], [ -52.464796181352796, -24.78014827965465 ], [ -52.464630617997543, -24.780314835665479 ], [ -52.464577290148142, -24.780366381266823 ], [ -52.464257899523027, -24.780668538244747 ], [ -52.464083577669776, -24.780826856900582 ], [ -52.463985115797122, -24.780947854819004 ], [ -52.463957679254257, -24.781000221924288 ], [ -52.463907550171918, -24.781267379252441 ], [ -52.463907606622179, -24.781438730744089 ], [ -52.463908987715001, -24.781560185415671 ], [ -52.463916584545245, -24.78186904941413 ], [ -52.463925992774762, -24.78204724615539 ], [ -52.463905243557214, -24.782230059707473 ], [ -52.463871404331123, -24.782346387150351 ], [ -52.463843131325369, -24.78242884389741 ], [ -52.463660573839995, -24.782839735829366 ], [ -52.463600235004918, -24.783039319888665 ], [ -52.463547370894261, -24.783173578360238 ], [ -52.463484569327065, -24.783266962002013 ], [ -52.463372722885538, -24.783359994619932 ], [ -52.463239533747519, -24.783432710936864 ], [ -52.46311372325497, -24.783494508487564 ], [ -52.462994396432279, -24.783554032308142 ], [ -52.46287248933519, -24.783607943533877 ], [ -52.462758840142421, -24.783661479694899 ], [ -52.462591160320621, -24.783734383564166 ], [ -52.462427067371642, -24.783798821438634 ], [ -52.462254466261363, -24.783839634341213 ], [ -52.46204796524065, -24.783880346622187 ], [ -52.46181325014166, -24.783927892342248 ], [ -52.461698318210921, -24.783959613010136 ], [ -52.461647395611706, -24.78383934703416 ], [ -52.46155191414983, -24.783716272653354 ], [ -52.461184427052743, -24.783562091549509 ], [ -52.460980364488584, -24.783535919109877 ], [ -52.460776711014951, -24.783529227024129 ], [ -52.460551921377977, -24.783526659532303 ], [ -52.460328540313142, -24.783537742220915 ], [ -52.460084050664676, -24.78353156823465 ], [ -52.459840381570217, -24.783510529126168 ], [ -52.4596481870948, -24.783491242771163 ], [ -52.459480122617158, -24.78346171321925 ], [ -52.459304164095649, -24.783417533284123 ], [ -52.459041986373983, -24.783360219677483 ], [ -52.458762086111527, -24.783306798354179 ], [ -52.458569902361376, -24.783258840352943 ], [ -52.458466977794323, -24.78321588833948 ], [ -52.458426175690086, -24.783198860962017 ], [ -52.458242976057598, -24.783128327524366 ], [ -52.458006881741809, -24.783058122825423 ], [ -52.457834750116874, -24.783027386800359 ], [ -52.457673297630443, -24.783005962077208 ], [ -52.457559537840581, -24.782979888033459 ], [ -52.457345470831413, -24.782925100899263 ], [ -52.457140663458453, -24.782865134620771 ], [ -52.456967837557897, -24.782813916105347 ], [ -52.456793295897562, -24.782766406155332 ], [ -52.456636742226415, -24.782691751156392 ], [ -52.456471817479851, -24.782579045267102 ], [ -52.456288242970246, -24.782483521631619 ], [ -52.456141420369121, -24.782421289055083 ], [ -52.455999516064026, -24.782383418722684 ], [ -52.455830955283986, -24.782346858668937 ], [ -52.455663371064141, -24.78230860561019 ], [ -52.455491905113369, -24.782263689828365 ], [ -52.455323356976727, -24.782223883845379 ], [ -52.455158106420946, -24.782173612490297 ], [ -52.45502643114591, -24.782110421739517 ], [ -52.454894484516004, -24.782052631772761 ], [ -52.45470721525249, -24.781991278244615 ], [ -52.454504591525719, -24.78193828341794 ], [ -52.454316952844941, -24.781895845084751 ], [ -52.454090717620254, -24.781844585378344 ], [ -52.453868162371741, -24.781797200651202 ], [ -52.453658529961828, -24.781738773190121 ], [ -52.453463412416255, -24.781662123225022 ], [ -52.453316602446591, -24.781598678909258 ], [ -52.45318143850151, -24.781503389782745 ], [ -52.453066506813087, -24.781395199970166 ], [ -52.452935312472079, -24.781280393756973 ], [ -52.45275197202524, -24.781129916075265 ], [ -52.452521484730312, -24.780936844025348 ], [ -52.452345866381876, -24.780769841688148 ], [ -52.45225562217226, -24.780643357607282 ], [ -52.452188838610034, -24.780473288245947 ], [ -52.452112551064111, -24.780251978479214 ], [ -52.45202688738506, -24.780076817524442 ], [ -52.451933910800086, -24.779901439462424 ], [ -52.451804504791674, -24.779660752686091 ], [ -52.451667079305928, -24.779398995492702 ], [ -52.451604178590443, -24.779276621375857 ], [ -52.451572268021685, -24.779213715503168 ], [ -52.451527178824414, -24.779125383877837 ], [ -52.451451320980347, -24.778966880775901 ], [ -52.451241977520077, -24.778558007175445 ], [ -52.451191172244769, -24.778459318304339 ], [ -52.451020764700111, -24.777995256565227 ], [ -52.450967522702591, -24.777914339378796 ], [ -52.450868138903594, -24.777809023958007 ], [ -52.450740992568711, -24.777708638339075 ], [ -52.450577368316615, -24.77759232944473 ], [ -52.450433812848864, -24.777444333504789 ], [ -52.450346135973355, -24.777294479793085 ], [ -52.450274044454851, -24.777104974034152 ], [ -52.450205229495481, -24.776922289830296 ], [ -52.450130903561195, -24.776761887713874 ], [ -52.450063198650682, -24.776596788934658 ], [ -52.450002580753356, -24.776418056621033 ], [ -52.449948377235792, -24.77624467882357 ], [ -52.449889350265749, -24.776021755391874 ], [ -52.449878668413398, -24.775925490688042 ], [ -52.449877802398866, -24.775831514720643 ], [ -52.449865485101526, -24.775717851885076 ], [ -52.449785231239126, -24.775616591638929 ], [ -52.449660290842587, -24.775564704512615 ], [ -52.449370996875338, -24.775441917686472 ], [ -52.449281872738879, -24.775388066941535 ], [ -52.449194686185201, -24.77530620224487 ], [ -52.449109914147648, -24.775189985808986 ], [ -52.449033788125547, -24.775096478709475 ], [ -52.448985062588633, -24.775034708752855 ], [ -52.448853625744455, -24.774914877853831 ], [ -52.448741558070843, -24.774821579301726 ], [ -52.448659006276529, -24.774899481784963 ], [ -52.448771677330498, -24.77499328271092 ], [ -52.448798059088723, -24.775017334986252 ], [ -52.448715509322547, -24.775023046824103 ], [ -52.448616519097676, -24.775022213037794 ], [ -52.448524186939764, -24.775033482483217 ], [ -52.448407704636601, -24.775050083888463 ], [ -52.448319248148827, -24.775074373183209 ], [ -52.448225622727378, -24.77512370079598 ], [ -52.448110194784277, -24.775213953007025 ], [ -52.447968473969169, -24.775322165599071 ], [ -52.447818769415854, -24.7754259751405 ], [ -52.447695785049959, -24.775517600769493 ], [ -52.447543714754886, -24.775635720782898 ], [ -52.447425973500046, -24.775740549670118 ], [ -52.447356989215244, -24.775835442683416 ], [ -52.44727196553486, -24.775998183593025 ], [ -52.447219005966744, -24.776138120743358 ], [ -52.447175120036192, -24.776298235026619 ], [ -52.447114641509032, -24.776451589554664 ], [ -52.447035763040581, -24.776600447827686 ], [ -52.446953919143446, -24.776777501482616 ], [ -52.446915142365619, -24.776966204233972 ], [ -52.446965857437895, -24.777077016588056 ], [ -52.446990531899885, -24.777130930166184 ], [ -52.447100075164748, -24.777216233725092 ], [ -52.447229611447362, -24.777300281646841 ], [ -52.447352059757868, -24.777415120665335 ], [ -52.447433774832227, -24.777560169628085 ], [ -52.447526406820565, -24.777748343079658 ], [ -52.447637688648648, -24.777931236866472 ], [ -52.447764719557448, -24.778238862581652 ], [ -52.447807472646751, -24.778379326350247 ], [ -52.447846143606277, -24.778519872724683 ], [ -52.447870418954324, -24.778650164559281 ], [ -52.447882691768413, -24.77879354172153 ], [ -52.447896767017369, -24.778957503823442 ], [ -52.447917865786053, -24.779109481717786 ], [ -52.44794500384603, -24.779276080718457 ], [ -52.447953711073716, -24.779438751047572 ], [ -52.447956881973489, -24.779573363859139 ], [ -52.447957768674542, -24.779611006475385 ], [ -52.447952461525567, -24.779758524716765 ], [ -52.447939433292944, -24.779921187855212 ], [ -52.447921388815963, -24.780085127551327 ], [ -52.44788601655339, -24.780239568206596 ], [ -52.447867659730761, -24.780413584981712 ], [ -52.447864871232639, -24.780637276137462 ], [ -52.447882371085235, -24.780845057795485 ], [ -52.447937227595446, -24.781034541332055 ], [ -52.448027444342856, -24.781175531336899 ], [ -52.448165530247309, -24.781300315503124 ], [ -52.44835217234094, -24.781427892248413 ], [ -52.448531425467067, -24.78155530615091 ], [ -52.448758569926788, -24.781680678745627 ], [ -52.448982659578327, -24.78178000221844 ], [ -52.449105391110471, -24.781859916087438 ], [ -52.449118900803533, -24.781874337193869 ], [ -52.449204478846291, -24.781965590733364 ], [ -52.449311085005355, -24.782112407632557 ], [ -52.449337534231297, -24.782134315637698 ], [ -52.449438832929069, -24.782218221656684 ], [ -52.44961392746827, -24.782305852812783 ], [ -52.449835822687419, -24.782407894825628 ], [ -52.44998226238453, -24.782513936298013 ], [ -52.450103208606556, -24.782645281592693 ], [ -52.450190862646508, -24.782798956524061 ], [ -52.450248139315036, -24.78295221504899 ], [ -52.450281275438805, -24.783123435499419 ], [ -52.450306506789325, -24.783318967888725 ], [ -52.45031292369805, -24.783487192914318 ], [ -52.450303942274118, -24.783621856928082 ], [ -52.45027916843587, -24.783747484525851 ], [ -52.450237986917841, -24.783945347462872 ], [ -52.450206062967716, -24.784154051896412 ], [ -52.450191502138196, -24.784314867285381 ], [ -52.450186992782513, -24.784364670280738 ], [ -52.450204779427999, -24.7845110799502 ], [ -52.450241823045332, -24.784635563450188 ], [ -52.450334952053439, -24.78480707624233 ], [ -52.450423163730591, -24.784958481024894 ], [ -52.450474663850805, -24.785097054549968 ], [ -52.450522876336322, -24.785257611945841 ], [ -52.45057355923948, -24.785447531449549 ], [ -52.450625352866361, -24.785639820108642 ], [ -52.450686683314167, -24.785839554173762 ], [ -52.450732010896985, -24.786005099725475 ], [ -52.45078262156408, -24.786129619634522 ], [ -52.450866839766043, -24.78630645702038 ], [ -52.450931918761931, -24.786473595060915 ], [ -52.450950764978955, -24.78655451370367 ], [ -52.450982114953774, -24.786689118560986 ], [ -52.450993681034468, -24.786945666987251 ], [ -52.450988991780086, -24.787129740887451 ], [ -52.45098343890961, -24.787361017941496 ], [ -52.450966875995356, -24.787548719510816 ], [ -52.450943017848232, -24.787709819860442 ], [ -52.450904513434352, -24.78787257295885 ], [ -52.450884314694768, -24.787956367114734 ], [ -52.450850905336125, -24.788020169418061 ], [ -52.450805890497108, -24.788099472767712 ], [ -52.450742139324376, -24.788196868216687 ], [ -52.450658916024288, -24.78828170369955 ], [ -52.450575539238564, -24.788403447140315 ], [ -52.450568807634284, -24.788538048433281 ], [ -52.450636905393054, -24.788617989914744 ], [ -52.450665971068446, -24.788652110718381 ], [ -52.450779678274912, -24.788720188168369 ], [ -52.450895298020505, -24.788770673031618 ], [ -52.451116689700271, -24.788844440363864 ], [ -52.451327857775951, -24.78889908843874 ], [ -52.451459378448881, -24.788930740277205 ], [ -52.451559291652302, -24.788958382264465 ], [ -52.451658776826797, -24.789009504496281 ], [ -52.451769432666005, -24.789107291193812 ], [ -52.451859086926021, -24.789239782634791 ], [ -52.451987854292639, -24.789606769025699 ], [ -52.451995812000249, -24.789661009679403 ], [ -52.452000436925807, -24.789760569962311 ], [ -52.451988196332294, -24.7898579742576 ], [ -52.4519597157704, -24.789954035266053 ], [ -52.451912629563935, -24.790046640053578 ], [ -52.451853835549777, -24.790147754868865 ], [ -52.45178516718105, -24.790251259603743 ], [ -52.451720578488469, -24.790344804532637 ], [ -52.451618731851724, -24.790476889146621 ], [ -52.451525176521507, -24.790625824759847 ], [ -52.451252919338039, -24.790986822103164 ], [ -52.451187210078629, -24.791079877246258 ], [ -52.451132563346995, -24.791244397622481 ], [ -52.451080979002121, -24.791390380281431 ], [ -52.451026840410393, -24.791498458053724 ], [ -52.450946600287025, -24.791576650327599 ], [ -52.45082108305526, -24.79162836962356 ], [ -52.450622915006669, -24.791668331308198 ], [ -52.450379388151404, -24.791700891884584 ], [ -52.450188508478476, -24.791720987607821 ], [ -52.450028324212482, -24.791719176902053 ], [ -52.449778557467845, -24.791680447549457 ], [ -52.449513814222016, -24.791607361678587 ], [ -52.449353695024264, -24.791532834375388 ], [ -52.449280275293212, -24.791489013934072 ], [ -52.449157624300696, -24.79140336953105 ], [ -52.449016403171214, -24.791312158945161 ], [ -52.448875019022623, -24.791266981691422 ], [ -52.448675708767702, -24.791299719878793 ], [ -52.448627439367542, -24.791319601838453 ], [ -52.448493842152033, -24.791418285153757 ], [ -52.448427426528561, -24.791463245151721 ], [ -52.44841383396647, -24.791476725725321 ], [ -52.448383647074785, -24.791452714406045 ], [ -52.448307881459293, -24.791377650068426 ], [ -52.448224677657223, -24.791196867251696 ], [ -52.44818380064968, -24.79105495055947 ], [ -52.448149746782768, -24.790939149057841 ], [ -52.448080175435599, -24.790369530489077 ], [ -52.447994091875671, -24.78987836662246 ], [ -52.447961811013968, -24.789754996640479 ], [ -52.447947975929097, -24.78969557465286 ], [ -52.447947828983438, -24.789695313321594 ], [ -52.44788910318303, -24.789454850770976 ], [ -52.447866522765743, -24.789286675232724 ], [ -52.447831022179997, -24.789121761194362 ], [ -52.447766494539948, -24.788973586273407 ], [ -52.447675486902462, -24.78881539224162 ], [ -52.447608070702252, -24.788727650230619 ], [ -52.447566611192421, -24.788673747069932 ], [ -52.447449123681025, -24.788544376342557 ], [ -52.447300735556233, -24.788437845691476 ], [ -52.447113266882894, -24.788363166820524 ], [ -52.446949244340175, -24.788310128429792 ], [ -52.446835916208165, -24.788273058802019 ], [ -52.446740171611381, -24.788204093627158 ], [ -52.446662031608753, -24.788078237190675 ], [ -52.446587065928618, -24.787928767278395 ], [ -52.44652795655054, -24.787842966453223 ], [ -52.446370039314921, -24.787643963914942 ], [ -52.446214792121346, -24.787452763677887 ], [ -52.446066384562293, -24.787291207831196 ], [ -52.445866873459053, -24.787141969691113 ], [ -52.445648328016574, -24.78702812530469 ], [ -52.445401122983107, -24.786970487766101 ], [ -52.445161732277448, -24.786974810958441 ], [ -52.444967358034489, -24.786980097111485 ], [ -52.44481019014902, -24.786959759779705 ], [ -52.444775116346833, -24.786919441059236 ], [ -52.444689645356746, -24.786809231790357 ], [ -52.444624454593288, -24.786686709097925 ], [ -52.444604761301193, -24.786629330651106 ], [ -52.444581677091428, -24.786562072337382 ], [ -52.444541230489946, -24.786381961481762 ], [ -52.444475121620776, -24.786132439175105 ], [ -52.444395200157253, -24.785828943657318 ], [ -52.444375557667122, -24.785682555616233 ], [ -52.444373766283256, -24.785555343848362 ], [ -52.44441074497648, -24.785440106975141 ], [ -52.444509780376862, -24.785302946585908 ], [ -52.444611200606978, -24.785180446894124 ], [ -52.444690398748207, -24.785075606371556 ], [ -52.444736340811232, -24.784980768191211 ], [ -52.444741517416745, -24.784967419615974 ], [ -52.444764812858992, -24.784758347642651 ], [ -52.444761393279194, -24.784744001298051 ], [ -52.444618305617325, -24.78436761929856 ], [ -52.444501760206322, -24.784125929043078 ], [ -52.4444365667037, -24.783971337793076 ], [ -52.444393067832742, -24.783864239305583 ], [ -52.444343929676364, -24.783755972385649 ], [ -52.444269667648207, -24.783636009783589 ], [ -52.444151691076506, -24.783529570040741 ], [ -52.443994226869442, -24.783424546363658 ], [ -52.443860297529206, -24.783336393114233 ], [ -52.443721592611688, -24.783242994726074 ], [ -52.443579278463766, -24.783140268238878 ], [ -52.443436700852089, -24.783037544592755 ], [ -52.443297918886891, -24.782950070923807 ], [ -52.44315819535975, -24.782912858780364 ], [ -52.44311958623075, -24.782915439171017 ], [ -52.442932341474233, -24.782982635768192 ], [ -52.442786776585763, -24.78307957809211 ], [ -52.442678866354555, -24.78311393615801 ], [ -52.442625224798796, -24.783131015319633 ], [ -52.442408998644289, -24.783130411883761 ], [ -52.442186927937733, -24.783147519676568 ], [ -52.441956633328864, -24.783219421415257 ], [ -52.441743015061263, -24.783295116241476 ], [ -52.441580852825346, -24.783340663059818 ], [ -52.441475861044843, -24.783363791245492 ], [ -52.441274665606535, -24.783426150893391 ], [ -52.44111606332978, -24.783507507671374 ], [ -52.440980238559291, -24.783603624423989 ], [ -52.440849121659994, -24.783698338306582 ], [ -52.44073201600964, -24.783819329294811 ], [ -52.440639180270878, -24.783932563670543 ], [ -52.440545838043889, -24.784033651364663 ], [ -52.440451840582426, -24.784140537819617 ], [ -52.440351032089893, -24.784245446371447 ], [ -52.440260045210245, -24.784325337127857 ], [ -52.440157232988213, -24.784390371163482 ], [ -52.440055365054917, -24.784441391285505 ], [ -52.439945243355609, -24.784501583687739 ], [ -52.439829871332961, -24.784551342344024 ], [ -52.439750623549742, -24.784572338275321 ], [ -52.439603349930167, -24.784563975281735 ], [ -52.43949330410716, -24.784511053706971 ], [ -52.439385969140737, -24.784434628237197 ], [ -52.43929093212472, -24.784353548406003 ], [ -52.43920842753856, -24.784276281403894 ], [ -52.439132839439964, -24.784216177183691 ], [ -52.4391022566709, -24.784166796369259 ], [ -52.439053087893058, -24.784070341134075 ], [ -52.439038383308834, -24.783965439427057 ], [ -52.439037014362377, -24.783885921843062 ], [ -52.439053531380004, -24.783712147533279 ], [ -52.439066795323754, -24.783659460134317 ], [ -52.439097497541546, -24.783557283054673 ], [ -52.43913390376769, -24.783457830076834 ], [ -52.439196263043264, -24.783301569015688 ], [ -52.439234577389598, -24.783205555200638 ], [ -52.43927970830665, -24.783106562077627 ], [ -52.439348751705921, -24.782990335495285 ], [ -52.439439999780021, -24.782876369246022 ], [ -52.43956159667912, -24.782759328761085 ], [ -52.439679638616816, -24.782654506560142 ], [ -52.43980504107077, -24.782531306821124 ], [ -52.439934657922144, -24.782418864722704 ], [ -52.440075554402085, -24.782291286118955 ], [ -52.440172133834636, -24.782155764253602 ], [ -52.440196360600311, -24.782019202197453 ], [ -52.440184819817709, -24.781849432162272 ], [ -52.440182189260675, -24.781645151404916 ], [ -52.440194852616003, -24.781450245737407 ], [ -52.44023099587158, -24.781276755922637 ], [ -52.440277275037438, -24.781094345541181 ], [ -52.440342168912302, -24.780919000852322 ], [ -52.44042218679494, -24.780742853029913 ], [ -52.440508606097815, -24.780580057918119 ], [ -52.440614286097215, -24.780436359172739 ], [ -52.440726681359394, -24.780334478770484 ], [ -52.440831644836138, -24.780267352293869 ], [ -52.440961264070033, -24.780217030671977 ], [ -52.441111065730873, -24.780171445613565 ], [ -52.441255334221928, -24.780122870075072 ], [ -52.441396052849385, -24.780088022760598 ], [ -52.44153945050585, -24.780035763714608 ], [ -52.441660014554486, -24.77995842185312 ], [ -52.441742411852914, -24.779858888986816 ], [ -52.441790426452805, -24.779752420670629 ], [ -52.441823254003097, -24.779647110138821 ], [ -52.441878621642445, -24.779465752591737 ], [ -52.441929998156738, -24.779287129611539 ], [ -52.441945327999477, -24.779159048112241 ], [ -52.441935150412554, -24.779024470886032 ], [ -52.441884954168181, -24.778814608949823 ], [ -52.441816580774486, -24.778586930693269 ], [ -52.441739500372606, -24.778394351493439 ], [ -52.441713638290189, -24.778338282782297 ], [ -52.441624194123946, -24.77816553669409 ], [ -52.441492815563784, -24.777945553628381 ], [ -52.441366323722121, -24.777732348439599 ], [ -52.441269740569076, -24.777564037939783 ], [ -52.441209140513251, -24.777423442805951 ], [ -52.441176090343987, -24.77730203057887 ], [ -52.441164306540806, -24.777156559578245 ], [ -52.441156627556545, -24.776988405893466 ], [ -52.441142362360196, -24.776659737648806 ], [ -52.441126130997304, -24.776507050235008 ], [ -52.441091548813482, -24.776431683423201 ], [ -52.441080208612163, -24.776407138488796 ], [ -52.440993098952177, -24.776328842092443 ], [ -52.440878247127138, -24.776279581546127 ], [ -52.440668116474974, -24.776241134324149 ], [ -52.440504036998462, -24.776203603151547 ], [ -52.440356266182512, -24.776157162333792 ], [ -52.440245299341953, -24.776104418256008 ], [ -52.440073971794824, -24.776019971983143 ], [ -52.439905215387306, -24.775928042225967 ], [ -52.439819201977691, -24.77586955091488 ], [ -52.439749129097244, -24.775794037018443 ], [ -52.439706423411344, -24.775714271801142 ], [ -52.439674019926791, -24.775607809939657 ], [ -52.439679684272924, -24.775485782937725 ], [ -52.439696388246965, -24.775418338166542 ], [ -52.439771347180233, -24.775270481660293 ], [ -52.439874818484981, -24.775096227329819 ], [ -52.439992609372268, -24.774942617009994 ], [ -52.44013490354321, -24.774770885189298 ], [ -52.440274655168203, -24.774612285120632 ], [ -52.440422224040795, -24.774471714107008 ], [ -52.440566077440565, -24.774332389372468 ], [ -52.440715162118785, -24.774211665739504 ], [ -52.440877727396867, -24.774078138625168 ], [ -52.440879729298352, -24.774076271923992 ], [ -52.4409312780259, -24.774025054763406 ], [ -52.441117957416296, -24.773756687175119 ], [ -52.441243019059314, -24.773547995840286 ], [ -52.441391906907249, -24.773309005759561 ], [ -52.441501243673905, -24.773099872222758 ], [ -52.441528615655301, -24.772993359181172 ], [ -52.44151849086969, -24.772891232186613 ], [ -52.441455804010339, -24.772782261221774 ], [ -52.441342367145282, -24.772685132646838 ], [ -52.441174371059823, -24.772575783178223 ], [ -52.441004862082153, -24.772498784613255 ], [ -52.440822495038169, -24.772433550908186 ], [ -52.440589599821799, -24.772360683174135 ], [ -52.440377855514342, -24.772294812376963 ], [ -52.440249662910261, -24.772258811566463 ], [ -52.440117520542032, -24.772232203645483 ], [ -52.439991452641557, -24.772219474011916 ], [ -52.439817867891847, -24.772228036318534 ], [ -52.439657899742613, -24.772243782084427 ], [ -52.439617445717111, -24.77223392619149 ], [ -52.43957313464724, -24.772192301534428 ], [ -52.439563158287946, -24.772138459573938 ], [ -52.439591494509806, -24.772059324233446 ], [ -52.439645077224135, -24.771945591289256 ], [ -52.439707769766855, -24.771826709497589 ], [ -52.439754887416768, -24.7717467382836 ], [ -52.439831602102466, -24.7716166262923 ], [ -52.439928422600445, -24.771460934496037 ], [ -52.440023140123607, -24.771305574629459 ], [ -52.440150907176516, -24.771081273700609 ], [ -52.440303345893867, -24.77082354500201 ], [ -52.440396892576452, -24.770653412977605 ], [ -52.440435903359017, -24.770531774691577 ], [ -52.440457410636668, -24.770414840740443 ], [ -52.440518967839452, -24.77029885922839 ], [ -52.440548804512609, -24.77027337674636 ], [ -52.440653735240787, -24.770216990793976 ], [ -52.440786993110763, -24.770158259467735 ], [ -52.440907377769591, -24.77009224310078 ], [ -52.441018024257176, -24.770016098583859 ], [ -52.44109924043687, -24.769920073646045 ], [ -52.441169948766913, -24.769823876069605 ], [ -52.441217855480588, -24.769720791736923 ], [ -52.441224587722111, -24.769605919847855 ], [ -52.441210373000153, -24.769498595621116 ], [ -52.44117804692366, -24.769336882406439 ], [ -52.441115778826877, -24.76910889319754 ], [ -52.441082001633504, -24.768900410426543 ], [ -52.441072532509601, -24.768763966793163 ], [ -52.44107463086349, -24.768653495979521 ], [ -52.441084510298253, -24.768518362249019 ], [ -52.441132952034565, -24.768420697739327 ], [ -52.441233571316182, -24.768342347468781 ], [ -52.441347390049224, -24.768300462050476 ], [ -52.441525883852954, -24.768256167474803 ], [ -52.441718519922347, -24.768201190507305 ], [ -52.441913860719659, -24.7681395619386 ], [ -52.442117751555408, -24.768070435266857 ], [ -52.442325528083913, -24.767995482052537 ], [ -52.442506812531839, -24.767928460416297 ], [ -52.442671589607301, -24.767862719108631 ], [ -52.442894474206682, -24.767779116172843 ], [ -52.44307866234788, -24.767704717596772 ], [ -52.443241421827942, -24.767623316088702 ], [ -52.44341867853057, -24.76751228452034 ], [ -52.443599199190466, -24.767397924219118 ], [ -52.443800349188599, -24.767285187735204 ], [ -52.443974135668192, -24.767166090369368 ], [ -52.444127439883573, -24.76700228606099 ], [ -52.444202441005174, -24.766876967134067 ], [ -52.444255322382936, -24.766752119300019 ], [ -52.444300666468251, -24.766607914373882 ], [ -52.444339563203023, -24.766480251810641 ], [ -52.444380315440668, -24.766391328976855 ], [ -52.44439400261308, -24.766365732490609 ], [ -52.444533022848169, -24.766373662234027 ], [ -52.444649766864224, -24.766368611063935 ], [ -52.444771236661268, -24.766372833015183 ], [ -52.444910222123653, -24.766382199927051 ], [ -52.44504347996012, -24.76639270167842 ], [ -52.445167139536338, -24.766399294931098 ], [ -52.445361841153094, -24.766402257599648 ], [ -52.445491587678404, -24.766405973576049 ], [ -52.44569373717416, -24.766411820699911 ], [ -52.445833048559997, -24.766391717634615 ], [ -52.44588721166101, -24.766388259706059 ], [ -52.445936781152504, -24.766385095029523 ], [ -52.446033599147896, -24.766399613207192 ], [ -52.446180310159484, -24.766450724727811 ], [ -52.446303498572959, -24.766490802483833 ], [ -52.446484568531858, -24.76652705358617 ], [ -52.446564053236692, -24.766533032005562 ], [ -52.446569782490059, -24.766424748077913 ], [ -52.446502225802298, -24.7664196668191 ], [ -52.446336251063713, -24.766386437848546 ], [ -52.446221380204797, -24.766349066096957 ], [ -52.44606475310119, -24.766294499975899 ], [ -52.445942959844558, -24.766276088134873 ], [ -52.445819622825141, -24.766283962345412 ], [ -52.445686289990732, -24.766303202689201 ], [ -52.445598142620611, -24.766300624080348 ], [ -52.445364690075287, -24.766293937993041 ], [ -52.445171588843699, -24.766290999671146 ], [ -52.4450520423322, -24.766284625712768 ], [ -52.444919691959257, -24.766274195470167 ], [ -52.444777863148431, -24.766264636924728 ], [ -52.444649214403952, -24.766260165446869 ], [ -52.444533916459392, -24.76626515404967 ], [ -52.444402146120566, -24.766257637834006 ], [ -52.444383104439204, -24.766204429634492 ], [ -52.444359006730437, -24.766041937892449 ], [ -52.444298181093608, -24.765856462423841 ], [ -52.444231418192992, -24.765658728893303 ], [ -52.444190578252666, -24.76549853015273 ], [ -52.444187588146498, -24.765372533251043 ], [ -52.444193655734679, -24.765236987245878 ], [ -52.444218014722125, -24.76506251707066 ], [ -52.444243340835072, -24.764901160619797 ], [ -52.444277278387837, -24.764764887217613 ], [ -52.444344823823322, -24.764588994985651 ], [ -52.444422518480827, -24.764397300888465 ], [ -52.444445986201458, -24.764292299920232 ], [ -52.444454109855315, -24.764247653638733 ], [ -52.444518749365606, -24.764257665146303 ], [ -52.444575753379318, -24.764283963144265 ], [ -52.444618705146176, -24.764299048254568 ], [ -52.444670386315551, -24.764319232431916 ], [ -52.444728740558226, -24.764340972827021 ], [ -52.444789705692479, -24.764344248744148 ], [ -52.444850611659305, -24.764332178195172 ], [ -52.444886347937917, -24.76431201037574 ], [ -52.444911313330913, -24.764294915800445 ], [ -52.444936778464651, -24.76427786503077 ], [ -52.444948590255855, -24.7642658714352 ], [ -52.444811463830888, -24.76422689854093 ], [ -52.444780435574152, -24.76423521520503 ], [ -52.444755352385947, -24.764233867377452 ], [ -52.444716136438075, -24.764219257122281 ], [ -52.444663352796162, -24.764198642371984 ], [ -52.444623930676876, -24.764184796911987 ], [ -52.444572810412126, -24.764159070153745 ], [ -52.444237961068573, -24.764136091857345 ], [ -52.444107809937506, -24.764195153806572 ], [ -52.443991806637541, -24.764268875193089 ], [ -52.443860609564958, -24.764308645844853 ], [ -52.4436957083838, -24.76432804305092 ], [ -52.443474348090902, -24.764339637618733 ], [ -52.443224048193102, -24.764345743958305 ], [ -52.443028516154932, -24.764338001775776 ], [ -52.44282721764128, -24.764295755685428 ], [ -52.442749905385369, -24.764269473708655 ], [ -52.442635137576595, -24.764213592411291 ], [ -52.442495104378516, -24.764144296583872 ], [ -52.442404227079535, -24.764102200116785 ], [ -52.442243317352485, -24.764041461530663 ], [ -52.442094733303279, -24.764007186622791 ], [ -52.441959275005026, -24.763994032031924 ], [ -52.441795713935846, -24.764010636990729 ], [ -52.441652678211923, -24.764027499422191 ], [ -52.441543660011121, -24.764005503224624 ], [ -52.441435004934263, -24.763933584962842 ], [ -52.441320450940367, -24.763843362869466 ], [ -52.441169293237529, -24.763743841604484 ], [ -52.441050068705728, -24.763658637441011 ], [ -52.441002765689028, -24.763629839490811 ], [ -52.440875150081496, -24.763538513575885 ], [ -52.440746209889916, -24.763459050141446 ], [ -52.440612163406797, -24.763355217515475 ], [ -52.440418323063959, -24.763204294600122 ], [ -52.440312827819888, -24.763155765767319 ], [ -52.440148794648039, -24.763097693189707 ], [ -52.439944342788962, -24.763023961590072 ], [ -52.439801242690955, -24.76295955193239 ], [ -52.439675226886934, -24.762881147435102 ], [ -52.439587147495828, -24.762809032618719 ], [ -52.439481532235931, -24.762729986176922 ], [ -52.439364951311859, -24.762663400249526 ], [ -52.439238839623982, -24.762617675252482 ], [ -52.439122519708334, -24.762592086920662 ], [ -52.439085988360162, -24.762593929929967 ], [ -52.438927249194187, -24.762592266407651 ], [ -52.438679838244255, -24.762609378401677 ], [ -52.438429391421259, -24.762628942354606 ], [ -52.438264371243463, -24.762637162108422 ], [ -52.438079303465457, -24.762641097583334 ], [ -52.437908464105114, -24.762649778368097 ], [ -52.437693909915218, -24.762662658451209 ], [ -52.437383981373124, -24.762697978130642 ], [ -52.437116282285189, -24.762726463259977 ], [ -52.436975195088024, -24.762723392462505 ], [ -52.436866316797349, -24.762695787646273 ], [ -52.436745620834188, -24.762637330166115 ], [ -52.436594323643916, -24.76254443252331 ], [ -52.436425026683324, -24.7624459904387 ], [ -52.436233326755485, -24.76237887707719 ], [ -52.436102325311801, -24.762372580295391 ], [ -52.436004779521376, -24.762393366052873 ], [ -52.435913854476226, -24.762456600876803 ], [ -52.435843932828895, -24.762536738833081 ], [ -52.43581923964701, -24.762574198808078 ], [ -52.435762654507144, -24.762660502424488 ], [ -52.43568899215736, -24.76275472344599 ], [ -52.435621935942407, -24.76279911202667 ], [ -52.435550387157676, -24.762822641912194 ], [ -52.435456672578141, -24.762823254899473 ], [ -52.435296731644897, -24.762794881566478 ], [ -52.435111460383581, -24.762779324982077 ], [ -52.434889223047676, -24.762781769930967 ], [ -52.434759550731265, -24.7627953891527 ], [ -52.434646648806314, -24.762815300163787 ], [ -52.434495147091027, -24.762863331111046 ], [ -52.434335874332042, -24.762942576713488 ], [ -52.434230914525877, -24.76301174175752 ], [ -52.434168761360901, -24.763037360409719 ], [ -52.434082594621401, -24.763066068943164 ], [ -52.434030688133284, -24.763066030505893 ], [ -52.433971756969157, -24.763046842361845 ], [ -52.433901313026006, -24.763007018269853 ], [ -52.433839752783285, -24.762958096199181 ], [ -52.433784810281288, -24.762888501876564 ], [ -52.433739457304341, -24.762799421480398 ], [ -52.433696336262948, -24.762705046747783 ], [ -52.433653256629896, -24.762613050464289 ], [ -52.433603097276738, -24.762507064219413 ], [ -52.433552712490183, -24.762406089054057 ], [ -52.433526502201019, -24.762333830801886 ], [ -52.43351832824095, -24.762252968855908 ], [ -52.433545262492615, -24.762172688885371 ], [ -52.433611131329911, -24.762034406513127 ], [ -52.433660104107751, -24.761932271212832 ], [ -52.433727128213576, -24.761846079351645 ], [ -52.433804802772521, -24.761796793970269 ], [ -52.433903698631042, -24.76175880021383 ], [ -52.434034099702828, -24.761716566069758 ], [ -52.43416943598347, -24.761668987311015 ], [ -52.434301030588813, -24.761616321837781 ], [ -52.434400517835989, -24.761542879265839 ], [ -52.434478296820664, -24.76147095116119 ], [ -52.43456192378158, -24.761367111062661 ], [ -52.434633416381523, -24.761249240659993 ], [ -52.434696775746481, -24.761150925546545 ], [ -52.434766612250506, -24.761066711352356 ], [ -52.434877249538282, -24.760972341874208 ], [ -52.435023507907722, -24.760852248476329 ], [ -52.435200346102526, -24.760716420673489 ], [ -52.435402535857563, -24.760577267337592 ], [ -52.43559422156536, -24.760450572817017 ], [ -52.435701745039019, -24.760373991812891 ], [ -52.435769941434472, -24.760328862990466 ], [ -52.435876135158288, -24.760272093231912 ], [ -52.435879274613164, -24.760144863632235 ], [ -52.435704996927726, -24.760238030200238 ], [ -52.435630418396961, -24.760287382367636 ], [ -52.435522921688722, -24.760363944274907 ], [ -52.435332031285178, -24.760490113082085 ], [ -52.435126391519404, -24.760631640757072 ], [ -52.434945624470288, -24.760770486205324 ], [ -52.434797071696686, -24.760892463479234 ], [ -52.434678165541854, -24.760993885923927 ], [ -52.434598010228626, -24.761090543236513 ], [ -52.434530364366147, -24.761195509600419 ], [ -52.434461813862718, -24.761308529193393 ], [ -52.434387806915716, -24.761400423972148 ], [ -52.434320750122957, -24.761462436412842 ], [ -52.434238812671026, -24.761522923508629 ], [ -52.434124278385518, -24.761568761254111 ], [ -52.433992941358497, -24.761614934026117 ], [ -52.433860820918397, -24.761657725025238 ], [ -52.433747311958129, -24.761701332820415 ], [ -52.433642384303852, -24.761767910565602 ], [ -52.433556295306737, -24.761878619444563 ], [ -52.433502375625004, -24.761991071573306 ], [ -52.43343377278461, -24.762135093325 ], [ -52.433398020331026, -24.762241656438 ], [ -52.433409591927372, -24.762356131012794 ], [ -52.433442080574991, -24.762445698080704 ], [ -52.433494634037842, -24.762551019631072 ], [ -52.433544241093728, -24.762655839063935 ], [ -52.433587025612233, -24.762747205298155 ], [ -52.43364326769688, -24.762867511544354 ], [ -52.433708785641628, -24.762977489171409 ], [ -52.433751510606861, -24.763031607868285 ], [ -52.433830668440081, -24.763094514814338 ], [ -52.433920018897453, -24.763145027338926 ], [ -52.434010117587107, -24.763174363708387 ], [ -52.43410352051167, -24.763174432870343 ], [ -52.434213570946255, -24.763137766905274 ], [ -52.43429064761019, -24.763105996988163 ], [ -52.434399234956309, -24.763034441495915 ], [ -52.434543321665579, -24.762962751638966 ], [ -52.434677518665588, -24.76292020683665 ], [ -52.434777607896145, -24.762902555424375 ], [ -52.434896737241047, -24.76289004350561 ], [ -52.435106729494812, -24.762887733263085 ], [ -52.435279941294311, -24.762902277249317 ], [ -52.435445673724068, -24.762931677970368 ], [ -52.435571516267011, -24.762930854825544 ], [ -52.435677967530495, -24.76289584673281 ], [ -52.435774318159751, -24.762832066371551 ], [ -52.435861984237924, -24.762719933170072 ], [ -52.435941648254655, -24.762598627557704 ], [ -52.435997477851252, -24.762534640598886 ], [ -52.436056475808982, -24.762493609804128 ], [ -52.436112898425755, -24.762481586863387 ], [ -52.436208358939872, -24.762486175313644 ], [ -52.436371377725465, -24.762543247519083 ], [ -52.436529337401836, -24.762635097257494 ], [ -52.436684546101944, -24.76273039661363 ], [ -52.436822124058665, -24.762797030665293 ], [ -52.436957641264272, -24.762831389461912 ], [ -52.437121762717609, -24.762834961602636 ], [ -52.437213641713733, -24.762825232948558 ], [ -52.437398196952145, -24.762805546986645 ], [ -52.437705159647756, -24.762770565289184 ], [ -52.437915653114203, -24.762757928968579 ], [ -52.438112459480372, -24.762746815351893 ], [ -52.438268985464354, -24.762745441607514 ], [ -52.438437682374378, -24.762737038706916 ], [ -52.438689376974473, -24.762717377274637 ], [ -52.438931056776241, -24.762700661665523 ], [ -52.439021241272314, -24.762703096425437 ], [ -52.439075290557845, -24.762702173173569 ], [ -52.439206640699531, -24.762722578310257 ], [ -52.439311152494568, -24.762760471716437 ], [ -52.439412175523159, -24.762818171663636 ], [ -52.439509889963404, -24.762891304858343 ], [ -52.439601886450042, -24.762966626815455 ], [ -52.439738127065944, -24.763051393008229 ], [ -52.439896628053155, -24.763123246829064 ], [ -52.440264961171358, -24.763255026749277 ], [ -52.44034992926683, -24.763293433761124 ], [ -52.440535285976033, -24.763437751415228 ], [ -52.440674420549534, -24.763545525321678 ], [ -52.440805271287672, -24.763626166217243 ], [ -52.440930567923502, -24.763715832626158 ], [ -52.441098995732773, -24.763831135663704 ], [ -52.441246858861653, -24.763928487834917 ], [ -52.441361299420777, -24.764018620617264 ], [ -52.441493980041145, -24.764106441278376 ], [ -52.441647315002697, -24.76413737910103 ], [ -52.441809868513523, -24.764118215730075 ], [ -52.441959559868316, -24.764103018845056 ], [ -52.442073821668465, -24.764114115000812 ], [ -52.442205923169929, -24.764144587761582 ], [ -52.44235464315895, -24.76420072508607 ], [ -52.442439981510724, -24.76424025578709 ], [ -52.442578949797927, -24.764309024647339 ], [ -52.442701130599986, -24.76436851538843 ], [ -52.442791762502772, -24.764399487938633 ], [ -52.443012522438472, -24.764445818347262 ], [ -52.443223061191397, -24.764454154723996 ], [ -52.443479331824754, -24.764447902713783 ], [ -52.443706700800867, -24.764435993408171 ], [ -52.443887129074412, -24.764414769749859 ], [ -52.444045495733398, -24.764366762984711 ], [ -52.444168434750665, -24.764288633857571 ], [ -52.444264228351663, -24.764245163184874 ], [ -52.444333946692012, -24.764246967546271 ], [ -52.444329285936831, -24.764272582163596 ], [ -52.444308073530159, -24.764367491848223 ], [ -52.44423318402071, -24.764552264446422 ], [ -52.444163067055243, -24.764734852650427 ], [ -52.444126563157617, -24.764881430445744 ], [ -52.444100421787709, -24.765047980019094 ], [ -52.444075300723306, -24.765227907309647 ], [ -52.444068873092355, -24.765371493385661 ], [ -52.444072210508473, -24.765512130819459 ], [ -52.44411679174636, -24.765687005811444 ], [ -52.444184642895742, -24.765887962976727 ], [ -52.444242664009366, -24.766064887114563 ], [ -52.444266961101597, -24.766228724311382 ], [ -52.44426620080754, -24.766357712364872 ], [ -52.444227094961825, -24.766445128023967 ], [ -52.444186475470268, -24.766578444429484 ], [ -52.444143130383395, -24.766714155478279 ], [ -52.444094575223254, -24.766831252094867 ], [ -52.444029592409862, -24.766933721760257 ], [ -52.443892842560636, -24.767086329912082 ], [ -52.443733548934944, -24.767195495145213 ], [ -52.44353428724007, -24.767307173263411 ], [ -52.443351291004028, -24.767423101804713 ], [ -52.443179197544779, -24.767530899138322 ], [ -52.443026060612802, -24.767607488061298 ], [ -52.44284791583646, -24.767679445538199 ], [ -52.442625280861158, -24.767762954818828 ], [ -52.442460778985563, -24.767828586315478 ], [ -52.442281457496378, -24.767894882221139 ], [ -52.442075291650227, -24.767969254382038 ], [ -52.441873824605651, -24.768037559282156 ], [ -52.44168143340427, -24.768098257262416 ], [ -52.441492609715311, -24.768152146192474 ], [ -52.441309517611913, -24.768197581854832 ], [ -52.441171279825973, -24.76824845349255 ], [ -52.441035787300798, -24.768353958814657 ], [ -52.440967540625586, -24.768491552280402 ], [ -52.440956033677487, -24.76864894556757 ], [ -52.440953801472681, -24.76876645726702 ], [ -52.440961750635232, -24.768881000892112 ], [ -52.440964076073378, -24.768914509286081 ], [ -52.440999252877496, -24.769130035262187 ], [ -52.441061989459307, -24.769359740570934 ], [ -52.44109299352823, -24.769514841078568 ], [ -52.441105538145919, -24.769609556333194 ], [ -52.441100472288092, -24.769695993402806 ], [ -52.44106512102676, -24.769772061111247 ], [ -52.441002906089544, -24.769856703460544 ], [ -52.44093385560307, -24.769938344373337 ], [ -52.44084093237943, -24.770002292089679 ], [ -52.440730533258332, -24.770062832580695 ], [ -52.440597752501716, -24.770121353605028 ], [ -52.440477314830652, -24.770186072397621 ], [ -52.440427665263876, -24.770222431169444 ], [ -52.440343200226714, -24.770381573679877 ], [ -52.440320040083122, -24.770507493549101 ], [ -52.440286023435888, -24.770613559476317 ], [ -52.440198088151121, -24.770773485867167 ], [ -52.440046052871622, -24.771030532092475 ], [ -52.439918635316111, -24.771254219125961 ], [ -52.439824980042921, -24.771407836426011 ], [ -52.439727746519047, -24.771564192170189 ], [ -52.439650392965355, -24.771695387523302 ], [ -52.439602002821978, -24.771777518371074 ], [ -52.439537062390343, -24.771900662554913 ], [ -52.439480365522996, -24.772021005269508 ], [ -52.439450151322703, -24.772106461449649 ], [ -52.439441270236735, -24.772130187445097 ], [ -52.439462130485921, -24.772242769825894 ], [ -52.439552553709689, -24.772330253182165 ], [ -52.439645758827915, -24.772352974441585 ], [ -52.439827435459804, -24.772336070438211 ], [ -52.439988108841717, -24.772328144999864 ], [ -52.440098164478961, -24.772339257798691 ], [ -52.440219390338989, -24.772363667588696 ], [ -52.44034126701785, -24.772397894669965 ], [ -52.440551228570477, -24.772463210871383 ], [ -52.440781596592934, -24.772535287901309 ], [ -52.440956694209781, -24.772597921293382 ], [ -52.441113117665346, -24.772668975837345 ], [ -52.441266997227451, -24.77276913681845 ], [ -52.441360041618651, -24.772848804696945 ], [ -52.441402435791872, -24.772922500215351 ], [ -52.441408698531738, -24.772985672007778 ], [ -52.441388635021575, -24.773063745187184 ], [ -52.441286648148107, -24.7732588199002 ], [ -52.44113931046455, -24.773495321372931 ], [ -52.441015961497747, -24.773701217656086 ], [ -52.440836759318167, -24.773958835818952 ], [ -52.440794864727842, -24.774000459319463 ], [ -52.440636105249901, -24.774130860363844 ], [ -52.440483365347035, -24.774254543796282 ], [ -52.440336209977524, -24.77439706645443 ], [ -52.44018541888984, -24.774540706775365 ], [ -52.440041330454086, -24.774704228423758 ], [ -52.439866560440734, -24.774918040604163 ], [ -52.439773715019967, -24.775039160133833 ], [ -52.439665230047176, -24.775221857639444 ], [ -52.439584658812151, -24.775380784127986 ], [ -52.439551059655443, -24.775496941186745 ], [ -52.439555907842056, -24.775624425370118 ], [ -52.439595008664938, -24.775752891764483 ], [ -52.439649013627559, -24.775853761800899 ], [ -52.439737429286332, -24.775949042824106 ], [ -52.4398391959039, -24.776018246743604 ], [ -52.440015353579682, -24.776114208348055 ], [ -52.440189707804336, -24.776200146462912 ], [ -52.440309294575144, -24.776256987714472 ], [ -52.440470241336634, -24.776307569415323 ], [ -52.440642021933733, -24.776346862121024 ], [ -52.440840815308185, -24.776383234986998 ], [ -52.440924290175261, -24.776419037796821 ], [ -52.440979990466268, -24.776469102674699 ], [ -52.441009748693645, -24.776533846738737 ], [ -52.441023718570769, -24.776665261646947 ], [ -52.441026491490142, -24.776870872873218 ], [ -52.441036977856726, -24.776982636031196 ], [ -52.441045815167534, -24.777162813448221 ], [ -52.441058484323385, -24.777319215935929 ], [ -52.441095851941952, -24.777456489092035 ], [ -52.441161651260188, -24.777609147079797 ], [ -52.441261583167915, -24.777783293536057 ], [ -52.441388544017478, -24.777997289540359 ], [ -52.441518069132577, -24.778214169456383 ], [ -52.441594978418706, -24.77836687060412 ], [ -52.441629682010344, -24.778435655465337 ], [ -52.441703428405127, -24.778619905318024 ], [ -52.441769677041897, -24.778840508953962 ], [ -52.441817354713827, -24.779039841942701 ], [ -52.44182620560337, -24.77915687784639 ], [ -52.441812979967942, -24.779267377723635 ], [ -52.441764063721308, -24.779437446423323 ], [ -52.44170902197515, -24.779617735953011 ], [ -52.44167812503121, -24.779716852823533 ], [ -52.441638502415607, -24.779804712454194 ], [ -52.441576558288723, -24.779879538581149 ], [ -52.44148257074437, -24.779939831582421 ], [ -52.441358396202979, -24.779985085049027 ], [ -52.441230669644192, -24.780016715023528 ], [ -52.441068844688552, -24.78007008562798 ], [ -52.440919212325298, -24.780115619153328 ], [ -52.440773750163558, -24.780172091401418 ], [ -52.440650273393331, -24.780251057509673 ], [ -52.440522318080468, -24.780367042202812 ], [ -52.440405439126316, -24.78052596859192 ], [ -52.440313885446159, -24.780698435470768 ], [ -52.440231014728973, -24.780880863035627 ], [ -52.440162974639023, -24.781064708409769 ], [ -52.440114767673343, -24.781254716559847 ], [ -52.440083684735498, -24.781417084430306 ], [ -52.440076428552658, -24.781444944993602 ], [ -52.44006346935339, -24.781642547108589 ], [ -52.440066184689726, -24.781853427137591 ], [ -52.440077088570021, -24.782013830317748 ], [ -52.440058988727678, -24.782115855437901 ], [ -52.439982986099018, -24.782222503456499 ], [ -52.439851987122211, -24.782341120004766 ], [ -52.439720616274563, -24.782455083612827 ], [ -52.439594741693945, -24.782578747100924 ], [ -52.439477134357602, -24.782683183301067 ], [ -52.439348667863918, -24.782806835873686 ], [ -52.439248230786745, -24.782932278800061 ], [ -52.439172480149352, -24.783059796059231 ], [ -52.439123944251328, -24.783166257684471 ], [ -52.439083668204525, -24.783267198891433 ], [ -52.43902184843494, -24.783422107689706 ], [ -52.438983906139399, -24.783525756575511 ], [ -52.438951695472269, -24.783632953448208 ], [ -52.438933230648622, -24.78372450492224 ], [ -52.438918253211497, -24.783882079817268 ], [ -52.438919821669963, -24.78397319142627 ], [ -52.438937708068643, -24.784100792865459 ], [ -52.438962551760916, -24.784149529278896 ], [ -52.438640939555746, -24.784100728118467 ], [ -52.438449454203408, -24.784087036817333 ], [ -52.438260306694573, -24.784137210689337 ], [ -52.438111422954769, -24.784228502698838 ], [ -52.437963227125202, -24.784333085923386 ], [ -52.437797279287295, -24.784392703049672 ], [ -52.437637559857237, -24.784405239259193 ], [ -52.437496089545618, -24.784383136055258 ], [ -52.437335819779186, -24.784357035364032 ], [ -52.437169582665753, -24.784339406471112 ], [ -52.436987981985233, -24.784356233509751 ], [ -52.436794928160069, -24.784406689387595 ], [ -52.436625159117561, -24.784470048006344 ], [ -52.436460383859732, -24.784496364467039 ], [ -52.436293623721454, -24.784495595710204 ], [ -52.436129043103733, -24.784497120203643 ], [ -52.435979700610559, -24.78450360813537 ], [ -52.435840695357321, -24.784494438848089 ], [ -52.435665037988151, -24.784480789850821 ], [ -52.435486197510414, -24.784416750385393 ], [ -52.435303780775271, -24.784339411004069 ], [ -52.435091614681134, -24.78427856639885 ], [ -52.434886509136547, -24.784252248379648 ], [ -52.434558554945205, -24.784224269208167 ], [ -52.434394849899675, -24.784172757160967 ], [ -52.434261219286313, -24.784085800569599 ], [ -52.434114466447646, -24.784000377752999 ], [ -52.433951867430565, -24.783912768221331 ], [ -52.433781363849796, -24.783812402482404 ], [ -52.433710935566189, -24.783789628820987 ], [ -52.43359784984947, -24.783753061380942 ], [ -52.433394567153414, -24.783741713184824 ], [ -52.433206840265314, -24.783772185327159 ], [ -52.43306598362647, -24.783811563937391 ], [ -52.432946388313361, -24.783850687679323 ], [ -52.432852936021263, -24.783885337524367 ], [ -52.432495506208589, -24.783972761828448 ], [ -52.432284643178733, -24.783977894968437 ], [ -52.43208384454406, -24.783969458164687 ], [ -52.431882138563587, -24.783978864922016 ], [ -52.431699396353295, -24.784014252237352 ], [ -52.431410041667924, -24.784124095355317 ], [ -52.431220019727007, -24.784222092257696 ], [ -52.43102982107002, -24.784343755941713 ], [ -52.430850164768778, -24.784471395484282 ], [ -52.430666892239458, -24.784638297551822 ], [ -52.430544551756896, -24.784759518311017 ], [ -52.430417408128385, -24.784904289876636 ], [ -52.43027636945255, -24.784948927814067 ], [ -52.430108864192107, -24.784910857480376 ], [ -52.429930739498907, -24.784831094874377 ], [ -52.42979525546162, -24.784735728894841 ], [ -52.429662608270185, -24.784639410678835 ], [ -52.429497138759906, -24.784533799416852 ], [ -52.429344362642034, -24.784469960463959 ], [ -52.429194908541092, -24.784422525375035 ], [ -52.429120476179854, -24.784396645395262 ], [ -52.429019471608086, -24.784363344393675 ], [ -52.428895647036647, -24.784317905427475 ], [ -52.428791597847052, -24.7842524503215 ], [ -52.428709933991357, -24.784176092953878 ], [ -52.428560710006543, -24.784024564556539 ], [ -52.428473401690013, -24.783941675165217 ], [ -52.428350991023628, -24.783873036839957 ], [ -52.428210053078352, -24.783861641886102 ], [ -52.428052966075008, -24.783858948298061 ], [ -52.427898438747874, -24.783906050854316 ], [ -52.427765197339838, -24.783990231789115 ], [ -52.427660927528706, -24.784097890184476 ], [ -52.427590997949409, -24.784197690160696 ], [ -52.427433393414269, -24.784258260378188 ], [ -52.427357239018754, -24.78424597581791 ], [ -52.427269309032731, -24.784232517151544 ], [ -52.427151671525181, -24.784219660257502 ], [ -52.427021622626349, -24.784210050831703 ], [ -52.426953930861245, -24.784207949500789 ], [ -52.426844306553988, -24.784195493063336 ], [ -52.426812197144841, -24.784301232242456 ], [ -52.426933648632605, -24.784315649275499 ], [ -52.42701097653093, -24.784317966874216 ], [ -52.427139826316143, -24.784327487692806 ], [ -52.427252434127354, -24.784339794874651 ], [ -52.427337101394649, -24.78435275414159 ], [ -52.427429969131872, -24.784367734742428 ], [ -52.427463317996391, -24.7843643172932 ], [ -52.427498913645096, -24.784350637275413 ], [ -52.427524036182376, -24.784378008583271 ], [ -52.42763927472496, -24.784870004268598 ], [ -52.427670374789805, -24.78495243691486 ], [ -52.427780915131535, -24.785245429918696 ], [ -52.427962799997339, -24.785397411956186 ], [ -52.428327364676313, -24.785626943902709 ], [ -52.428399319560185, -24.785680408047146 ], [ -52.428437605607485, -24.785722105130148 ], [ -52.428436629897938, -24.785762719423708 ], [ -52.428395510134166, -24.785808335229817 ], [ -52.428289676251431, -24.785857306471346 ], [ -52.428172683744748, -24.785891875648851 ], [ -52.428016329611957, -24.785934162582745 ], [ -52.42786608098573, -24.785981146989851 ], [ -52.427714411358821, -24.78604621139538 ], [ -52.427544432607618, -24.786158869354939 ], [ -52.427394534079617, -24.78626978388353 ], [ -52.427280399955649, -24.786362220111371 ], [ -52.427201918710239, -24.786408799096794 ], [ -52.427081340457178, -24.786444904942243 ], [ -52.426889133871079, -24.786469853520501 ], [ -52.426683938620599, -24.786502858754638 ], [ -52.426470980237816, -24.786543860574351 ], [ -52.426266701698871, -24.78658931745672 ], [ -52.426083023426123, -24.786633709963464 ], [ -52.425916901016556, -24.786656696630722 ], [ -52.425754032886019, -24.786625858912092 ], [ -52.425579971958093, -24.786596912612062 ], [ -52.425389227352383, -24.786558989996493 ], [ -52.425209261824456, -24.786506611054783 ], [ -52.425048412468776, -24.786460714261878 ], [ -52.424902047200526, -24.786437863233811 ], [ -52.42451313501082, -24.786403678489219 ], [ -52.424309969314116, -24.78636882530062 ], [ -52.424154367347832, -24.786330953206562 ], [ -52.423993021594299, -24.786287573668979 ], [ -52.423840969559322, -24.786256797889035 ], [ -52.423749600238594, -24.786240244844969 ], [ -52.423641861286342, -24.786230020097257 ], [ -52.423547093359055, -24.786228997031753 ], [ -52.423449140151554, -24.786233302999275 ], [ -52.423333714215822, -24.786252468226291 ], [ -52.423201873776598, -24.786295565181678 ], [ -52.423062114762743, -24.786371784781881 ], [ -52.422925648205798, -24.786454477644234 ], [ -52.422824639752697, -24.786541368136902 ], [ -52.422763340161382, -24.78662552516063 ], [ -52.422666638184552, -24.786763520134926 ], [ -52.422598234843342, -24.786831281682328 ], [ -52.422534091222367, -24.78685880520035 ], [ -52.42245390237801, -24.786893213541379 ], [ -52.422409846159859, -24.786896703448644 ], [ -52.422151083972473, -24.786896074843323 ], [ -52.42198293059591, -24.786913106536193 ], [ -52.421779456022229, -24.786946575432047 ], [ -52.421581934272396, -24.786980010433776 ], [ -52.421471535899215, -24.786990021592203 ], [ -52.421329190638836, -24.786961663021238 ], [ -52.421162721280936, -24.786882299069369 ], [ -52.421005381690719, -24.786793168508563 ], [ -52.420863391533764, -24.786713697985796 ], [ -52.420715033817594, -24.786636382507577 ], [ -52.420570974846434, -24.78656201021391 ], [ -52.420424013069422, -24.786496167420204 ], [ -52.420248442235795, -24.786446097066353 ], [ -52.420069050672758, -24.786415558498401 ], [ -52.419902917758016, -24.786407350289107 ], [ -52.419744769282445, -24.786429783145575 ], [ -52.419563684050523, -24.786507026648831 ], [ -52.419376502495957, -24.786601721047823 ], [ -52.419217256901064, -24.78668378062849 ], [ -52.419070159410929, -24.786738207341841 ], [ -52.418917390985861, -24.786801162792212 ], [ -52.418746615119971, -24.786877344107555 ], [ -52.418667541577683, -24.786921534960896 ], [ -52.418568179570748, -24.786990752853107 ], [ -52.418458030503828, -24.787102787848468 ], [ -52.41836920468122, -24.787233728032362 ], [ -52.418276063054648, -24.787395478251288 ], [ -52.418199991725714, -24.787564617094073 ], [ -52.418141512364137, -24.787760259031092 ], [ -52.418089765963856, -24.787976636623778 ], [ -52.418032946492481, -24.788140817798521 ], [ -52.417912793198902, -24.788293741791559 ], [ -52.41784115681908, -24.788354836527006 ], [ -52.41775218142724, -24.788430718626188 ], [ -52.417580089116186, -24.788556306555893 ], [ -52.417432518239814, -24.788672305802308 ], [ -52.417330065468619, -24.788751937560132 ], [ -52.41720676820178, -24.788855750191821 ], [ -52.417084123494135, -24.788957667616884 ], [ -52.416902289412107, -24.789128800705196 ], [ -52.416844478340998, -24.789186281002593 ], [ -52.416759031490443, -24.789290592008406 ], [ -52.416705738334436, -24.789387787313512 ], [ -52.416669777209258, -24.789473156249318 ], [ -52.416649491280658, -24.789547009402664 ], [ -52.41663706807325, -24.789663491158183 ], [ -52.416635352791459, -24.789746516120569 ], [ -52.4166763852405, -24.790005593544358 ], [ -52.416709438256682, -24.790132754887306 ], [ -52.41674039975414, -24.79023044422954 ], [ -52.416764117207599, -24.790320672618691 ], [ -52.416777953509225, -24.790456694072272 ], [ -52.416803782036865, -24.790684195154771 ], [ -52.416815930777062, -24.790823442577583 ], [ -52.416798355311698, -24.790899677536288 ], [ -52.416771124276821, -24.790940495270544 ], [ -52.416734274944922, -24.790995730223045 ], [ -52.416620357524749, -24.791121132924658 ], [ -52.416514755826839, -24.791251561195818 ], [ -52.416410945852192, -24.791359629048294 ], [ -52.416318995374404, -24.791441448291458 ], [ -52.416237885515251, -24.791521182167276 ], [ -52.416179096295096, -24.791597013380624 ], [ -52.416130358218631, -24.791699687588462 ], [ -52.416073904143772, -24.791920183285832 ], [ -52.416016538002125, -24.792175385728196 ], [ -52.415964519005662, -24.792391814129818 ], [ -52.415909090968917, -24.792568538855921 ], [ -52.415867279979857, -24.792657128140341 ], [ -52.415795739545182, -24.792715983194373 ], [ -52.415659506034345, -24.792751947685282 ], [ -52.415527380096634, -24.792764946010308 ], [ -52.415403908885281, -24.792772337592421 ], [ -52.415354461338531, -24.792775297732287 ], [ -52.415233097334657, -24.792806882033378 ], [ -52.415031497413018, -24.792920904790254 ], [ -52.414824593984818, -24.793076793691942 ], [ -52.414642524882012, -24.793246212632742 ], [ -52.414524107515163, -24.793338476466907 ], [ -52.414298564935308, -24.793486896159557 ], [ -52.413873724561931, -24.79380608792615 ], [ -52.413749898273814, -24.793893086340272 ], [ -52.413607099461743, -24.793977612153547 ], [ -52.413417369108608, -24.794087222521245 ], [ -52.413236756709694, -24.794205898364893 ], [ -52.413007206622211, -24.794374360381696 ], [ -52.41276006994633, -24.79456527976572 ], [ -52.412742880265583, -24.794594276639629 ], [ -52.412728021946684, -24.794666030892554 ], [ -52.412636961382127, -24.794686688754258 ], [ -52.412586394461556, -24.794733123603208 ], [ -52.412530599465164, -24.794781682535639 ], [ -52.412458909812045, -24.794895712051368 ], [ -52.412412150077735, -24.79497965072342 ], [ -52.412333084145317, -24.795026421343337 ], [ -52.412131111046264, -24.795096640711929 ], [ -52.411975346492504, -24.79516960193115 ], [ -52.411783575826718, -24.795296571930891 ], [ -52.411568190854993, -24.795406576599337 ], [ -52.411385849673287, -24.795471933993863 ], [ -52.411127597209735, -24.795551495038556 ], [ -52.41089448394851, -24.795616169602891 ], [ -52.410756626608766, -24.795642284381277 ], [ -52.410631153808382, -24.795641802756066 ], [ -52.410485984400573, -24.795615082216163 ], [ -52.410302183598986, -24.795600098506863 ], [ -52.410079084278522, -24.795600092747382 ], [ -52.409721618093521, -24.795607715258559 ], [ -52.409718940442964, -24.795607849845418 ], [ -52.409549838627214, -24.79561273627171 ], [ -52.409333898526967, -24.795632054527921 ], [ -52.409095408082877, -24.795662572345311 ], [ -52.408940645012962, -24.795680131780259 ], [ -52.408585152372851, -24.795722956246276 ], [ -52.408127525612535, -24.795792604375382 ], [ -52.407913574574366, -24.79583637715907 ], [ -52.40774790395885, -24.795903298875462 ], [ -52.407458876757644, -24.796075000933858 ], [ -52.407234722090443, -24.796204700351417 ], [ -52.406927410099598, -24.796398427671484 ], [ -52.406844943316123, -24.796448678972833 ], [ -52.40671269927649, -24.796524886422414 ], [ -52.406581666984536, -24.796607064701302 ], [ -52.406504804973899, -24.796664563648541 ], [ -52.406525315905711, -24.796686869340395 ], [ -52.406580039200037, -24.796748366780143 ], [ -52.406653017992191, -24.796693772766183 ], [ -52.406778010626226, -24.796615382289005 ], [ -52.406909583268302, -24.796539561711732 ], [ -52.406994087171078, -24.796488069067969 ], [ -52.407300243633088, -24.796295070112507 ], [ -52.407523022106339, -24.796166166932391 ], [ -52.407804653737742, -24.79599885830369 ], [ -52.407950926864409, -24.795939772080889 ], [ -52.408150281782667, -24.795898985539278 ], [ -52.408602681631685, -24.795830132895308 ], [ -52.408955729632957, -24.795787602907364 ], [ -52.409110967549815, -24.795769989589484 ], [ -52.409347931497855, -24.795739667099674 ], [ -52.409557513011798, -24.795720917683113 ], [ -52.409724081621178, -24.795716104447951 ], [ -52.409726267870909, -24.795715994560332 ], [ -52.410080468743658, -24.795708441663606 ], [ -52.410296892577833, -24.795708447245257 ], [ -52.410468923733276, -24.795722471469805 ], [ -52.410619059598275, -24.795750106143281 ], [ -52.410768565297161, -24.795750680012159 ], [ -52.410923859927706, -24.795721262026344 ], [ -52.411163839981405, -24.795654682339574 ], [ -52.411426541120143, -24.795573750752396 ], [ -52.411619092822093, -24.795504733534059 ], [ -52.411845620244065, -24.7953890379925 ], [ -52.412038207353852, -24.795261937654132 ], [ -52.412179473280766, -24.795195767673512 ], [ -52.412387078854856, -24.795123590047716 ], [ -52.412500144681822, -24.795056707114409 ], [ -52.412520389869186, -24.795025411502959 ], [ -52.412563500078818, -24.794947024118809 ], [ -52.412625178359171, -24.794848918562533 ], [ -52.412679735152018, -24.794788514568179 ], [ -52.412756831161786, -24.794771139724865 ], [ -52.412842670896964, -24.794695705108147 ], [ -52.41285598541733, -24.79463140593392 ], [ -52.41308219111913, -24.794458351598688 ], [ -52.413308683226838, -24.794292133690316 ], [ -52.413482349648056, -24.794177905757113 ], [ -52.413671124946013, -24.794068847098881 ], [ -52.413818493202299, -24.793981616493703 ], [ -52.413947653004286, -24.793890870795881 ], [ -52.414371055249873, -24.793572759377863 ], [ -52.414597460450537, -24.793423771957958 ], [ -52.414723573176666, -24.793325512300306 ], [ -52.414904954036913, -24.793156733682469 ], [ -52.415100845727075, -24.793009141368969 ], [ -52.415281546186293, -24.79290693909579 ], [ -52.415374843382338, -24.79288265901755 ], [ -52.415496015135822, -24.79287540511837 ], [ -52.415682525079333, -24.79285865916847 ], [ -52.415854926253793, -24.792813146700926 ], [ -52.415966015046898, -24.792721755858018 ], [ -52.416021102782835, -24.792605035545176 ], [ -52.416079650891845, -24.792418362347345 ], [ -52.416132642409721, -24.792197886849703 ], [ -52.416189845866349, -24.791943407075507 ], [ -52.41624350396112, -24.791733831032253 ], [ -52.416283098374535, -24.791650419192301 ], [ -52.416330216362425, -24.791589642437064 ], [ -52.416403956176573, -24.791517153521674 ], [ -52.41649711893875, -24.791434255507333 ], [ -52.416607258717072, -24.79131959813639 ], [ -52.416713834158287, -24.791187967075995 ], [ -52.416831150119059, -24.791058823067658 ], [ -52.416861206506333, -24.791013770287247 ], [ -52.416910308200954, -24.790940169616533 ], [ -52.416935605173762, -24.790830441568488 ], [ -52.416921916724185, -24.790673547901093 ], [ -52.416896357290959, -24.79044888451099 ], [ -52.416881510656253, -24.790302932053851 ], [ -52.416855171884755, -24.790202731728403 ], [ -52.416824252061502, -24.790105174157318 ], [ -52.416793074129885, -24.789985227051243 ], [ -52.416754160582258, -24.78974168536628 ], [ -52.416755645235298, -24.789669820237417 ], [ -52.416766888603561, -24.789565361694223 ], [ -52.416783156174063, -24.789505871109384 ], [ -52.416814449205418, -24.789431583707579 ], [ -52.416860423680923, -24.789347735977827 ], [ -52.416935947133773, -24.78925553907148 ], [ -52.417010920185284, -24.789180994911966 ], [ -52.417166139660736, -24.78903602826967 ], [ -52.417286949021232, -24.788935635951926 ], [ -52.417408799684566, -24.788833041258414 ], [ -52.417509710266444, -24.788754608128794 ], [ -52.417655889546829, -24.788639702697225 ], [ -52.417829861616674, -24.788512742905475 ], [ -52.417966871237148, -24.788395894997297 ], [ -52.418002393046784, -24.788365600360763 ], [ -52.418140417275417, -24.788189931110654 ], [ -52.418204566420251, -24.788004570198613 ], [ -52.41825681477134, -24.787786092852041 ], [ -52.418312562908419, -24.787599587615681 ], [ -52.418383724564976, -24.787441364739806 ], [ -52.418472310424619, -24.787287525855721 ], [ -52.41855366321267, -24.787167601700425 ], [ -52.418643602381373, -24.787074502133137 ], [ -52.41871269730597, -24.787026368985845 ], [ -52.418803779290343, -24.786972435949732 ], [ -52.418967870865316, -24.786899236403631 ], [ -52.419116882319038, -24.786837829175742 ], [ -52.419268930795241, -24.786781570556709 ], [ -52.419434436486121, -24.78669628511518 ], [ -52.419617631809047, -24.786603607309242 ], [ -52.419779695183124, -24.786534477738201 ], [ -52.419908886344878, -24.786516152377072 ], [ -52.420054905737331, -24.78652336681979 ], [ -52.420219769266595, -24.786551432213951 ], [ -52.420379915457751, -24.78659710367269 ], [ -52.42051557248044, -24.786657881636394 ], [ -52.42065640309923, -24.786730587259896 ], [ -52.420802940953536, -24.786806954343625 ], [ -52.420943076242274, -24.786885386727903 ], [ -52.421103882145701, -24.786976480917637 ], [ -52.421288348174983, -24.787064424747928 ], [ -52.421464579373236, -24.787099534198013 ], [ -52.421598648453653, -24.787087376530771 ], [ -52.421800797590663, -24.787053158234833 ], [ -52.422000016622533, -24.787020389313955 ], [ -52.422157490284341, -24.787004439328985 ], [ -52.422414828108373, -24.787005064453773 ], [ -52.422465003713931, -24.787001089798917 ], [ -52.4226780697105, -24.786912077653621 ], [ -52.422760988034533, -24.786829937249514 ], [ -52.422862749946056, -24.78668472152232 ], [ -52.422915934269021, -24.786611705717565 ], [ -52.422999693419619, -24.78653965354475 ], [ -52.423125400688754, -24.786463480313955 ], [ -52.423252792162678, -24.78639400551253 ], [ -52.423364544132497, -24.786357475212387 ], [ -52.423462671647101, -24.786341182196161 ], [ -52.423549247760242, -24.786337376354691 ], [ -52.423635009381115, -24.786338302189947 ], [ -52.423731875774308, -24.78634749509559 ], [ -52.423816570913644, -24.786362838998414 ], [ -52.423963377841964, -24.786392553149749 ], [ -52.424122310474452, -24.786435283886515 ], [ -52.42428332308522, -24.786474472875689 ], [ -52.424482511503101, -24.786509836211685 ], [ -52.424646440792351, -24.786524245468978 ], [ -52.42489106144393, -24.786545747092589 ], [ -52.425020314205334, -24.786566214238153 ], [ -52.425173533374398, -24.786609933824177 ], [ -52.425358506887981, -24.786663770331376 ], [ -52.425556702922286, -24.786703174387739 ], [ -52.425731343496452, -24.786732217078498 ], [ -52.425913641169046, -24.786766733597091 ], [ -52.426107174155455, -24.786739954079312 ], [ -52.426295944604824, -24.786694330859216 ], [ -52.426497285541615, -24.786649527654667 ], [ -52.426706487572979, -24.786609249052702 ], [ -52.426907789180568, -24.786576870094606 ], [ -52.427108396781968, -24.786550831040902 ], [ -52.427253623678332, -24.786507344415469 ], [ -52.427352526361872, -24.786448645192532 ], [ -52.42747131831181, -24.78635243658637 ], [ -52.427616711523449, -24.78624485562646 ], [ -52.427775049670089, -24.78613991275024 ], [ -52.427910681241706, -24.786081728455308 ], [ -52.428052431298539, -24.786037401633113 ], [ -52.428207818611099, -24.785995376170554 ], [ -52.42833505356861, -24.785957780521631 ], [ -52.428471348556329, -24.785894714351667 ], [ -52.428554382963448, -24.785802600857302 ], [ -52.428616306503542, -24.785838424156886 ], [ -52.428703034033624, -24.785921542368452 ], [ -52.428785145334373, -24.786022454417846 ], [ -52.428866792537981, -24.786137402487164 ], [ -52.428992926352471, -24.786293883328558 ], [ -52.429055092808582, -24.786391134829216 ], [ -52.429098684462858, -24.786472863140485 ], [ -52.429134504434295, -24.786547050492135 ], [ -52.429175370368625, -24.786641380227536 ], [ -52.429226303422922, -24.786743393412465 ], [ -52.429296526378899, -24.786827454705548 ], [ -52.429408614680383, -24.786930289278512 ], [ -52.429450560159736, -24.786989145684579 ], [ -52.429490918859713, -24.787053488714708 ], [ -52.429489984649592, -24.787135220848203 ], [ -52.42950957573823, -24.787197889888137 ], [ -52.429560152156384, -24.787310275871803 ], [ -52.429581060178222, -24.787378260422201 ], [ -52.429589197757387, -24.787404720562041 ], [ -52.429602147439411, -24.787504760351929 ], [ -52.429639543099981, -24.787631891668017 ], [ -52.429668669602414, -24.787723082150961 ], [ -52.429679028163321, -24.787816981105603 ], [ -52.42966735995045, -24.787896413081569 ], [ -52.42964225410396, -24.788003477289749 ], [ -52.429638776020255, -24.788062084362338 ], [ -52.429653200411288, -24.788147787205201 ], [ -52.42967445798741, -24.788241454180152 ], [ -52.429692515829601, -24.78833053427735 ], [ -52.42970063843822, -24.788408710779727 ], [ -52.429696182629762, -24.788492745321843 ], [ -52.429679567968961, -24.788586218503543 ], [ -52.429646497115954, -24.788685862074811 ], [ -52.429615223372387, -24.788759815797572 ], [ -52.429567317476213, -24.78886700309917 ], [ -52.429560295482851, -24.78889669473471 ], [ -52.429549809711069, -24.788954411902051 ], [ -52.4295393875691, -24.789010984331266 ], [ -52.429525788180015, -24.789063539939704 ], [ -52.429497670900737, -24.789130672397206 ], [ -52.429469647155692, -24.789200290498066 ], [ -52.429453349741891, -24.789240547952016 ], [ -52.429416196655595, -24.789322583257896 ], [ -52.429401052614828, -24.789386776252694 ], [ -52.429386407227142, -24.789598960011109 ], [ -52.429388698343217, -24.789678400819753 ], [ -52.429396560216098, -24.789773324936718 ], [ -52.429409158745344, -24.789874840076262 ], [ -52.429419534710533, -24.789981181077177 ], [ -52.429424885778992, -24.790104447588838 ], [ -52.429430031287779, -24.790244400570678 ], [ -52.429467043114705, -24.790390435516752 ], [ -52.429520771669424, -24.790528155129252 ], [ -52.429569550838366, -24.79063927692189 ], [ -52.42959723679121, -24.790733226340521 ], [ -52.429621832602983, -24.790794500852218 ], [ -52.429749948762463, -24.790814421102482 ], [ -52.429710484760072, -24.790700449378402 ], [ -52.429684163121628, -24.790611129890202 ], [ -52.429631862848204, -24.790489966960951 ], [ -52.429581138453052, -24.790359948051755 ], [ -52.429548264263765, -24.790230239163268 ], [ -52.429543493604626, -24.790100485070401 ], [ -52.429538012472257, -24.789974225180291 ], [ -52.429527250914468, -24.789863933393669 ], [ -52.429514741657407, -24.789763138349382 ], [ -52.42950726673174, -24.789672887257403 ], [ -52.429505191805333, -24.789600944854509 ], [ -52.429518945903155, -24.789401671439677 ], [ -52.429529968393574, -24.78935494880519 ], [ -52.42956389367091, -24.789280040458394 ], [ -52.429581011639478, -24.789237755996748 ], [ -52.429608806056876, -24.789168707448336 ], [ -52.429639474597792, -24.789095483468255 ], [ -52.429655786107659, -24.789032446489038 ], [ -52.429666873905596, -24.788972260504885 ], [ -52.429676912764812, -24.788917003005711 ], [ -52.429681135843396, -24.788899146167115 ], [ -52.42972553916686, -24.788799795507497 ], [ -52.429758805420427, -24.788721129881495 ], [ -52.429795451722839, -24.788610713053007 ], [ -52.429814405864896, -24.788504077509192 ], [ -52.429819595495864, -24.788406201645071 ], [ -52.429810174683027, -24.788315531329026 ], [ -52.429790931266247, -24.788220603179468 ], [ -52.429770041320943, -24.788128556468283 ], [ -52.429757952500744, -24.788056730875866 ], [ -52.429760260701173, -24.788017836169608 ], [ -52.42978437932517, -24.787914981562793 ], [ -52.429798511147091, -24.78781877781077 ], [ -52.429786231114868, -24.787707456567102 ], [ -52.429753711527049, -24.787602245051538 ], [ -52.429719001914954, -24.787484245669333 ], [ -52.429705972523621, -24.787383590817868 ], [ -52.429672553658243, -24.787274926339709 ], [ -52.429639580948887, -24.787201657775043 ], [ -52.429621880166629, -24.787162324875336 ], [ -52.429608841868877, -24.787120617382936 ], [ -52.42960993253692, -24.787025189161469 ], [ -52.429551879300838, -24.786932636240518 ], [ -52.429501402163893, -24.786861808585908 ], [ -52.429386163045216, -24.786756083394408 ], [ -52.429328764741044, -24.786687374076735 ], [ -52.429284621237393, -24.78659895974042 ], [ -52.42924402821864, -24.786505260151383 ], [ -52.429206376588688, -24.786427279357238 ], [ -52.429159845983648, -24.786340041054277 ], [ -52.429092253845013, -24.786234301893 ], [ -52.428964462878064, -24.786075765351612 ], [ -52.428882670082992, -24.785960612425601 ], [ -52.428793976810113, -24.785851611444677 ], [ -52.42869629450734, -24.785757994416912 ], [ -52.428563480254525, -24.785662985167072 ], [ -52.428478622773866, -24.785599633408669 ], [ -52.428398625576349, -24.785540193661348 ], [ -52.428032716444832, -24.785309815314132 ], [ -52.427884062905378, -24.785186119081239 ], [ -52.427839699063703, -24.78506853079222 ], [ -52.427753828961094, -24.784840927633208 ], [ -52.42763393134409, -24.784329042502343 ], [ -52.427613376081226, -24.784306647323177 ], [ -52.427671076569872, -24.784284471953768 ], [ -52.427755939286705, -24.78416336005132 ], [ -52.427844571625783, -24.784071847249944 ], [ -52.427952067784325, -24.784003931946952 ], [ -52.428071168923331, -24.783967627888934 ], [ -52.428203696280072, -24.783969900337596 ], [ -52.428312688028242, -24.783978712418449 ], [ -52.428398366676461, -24.78402675430484 ], [ -52.428473507306684, -24.784098091885696 ], [ -52.428624131816299, -24.78425095818838 ], [ -52.428714748217757, -24.784335686409591 ], [ -52.428839157270069, -24.784413949485696 ], [ -52.428977170498143, -24.784464595162376 ], [ -52.429079196499771, -24.784498232927504 ], [ -52.42915429317032, -24.784524343884989 ], [ -52.429300080474263, -24.784570615175095 ], [ -52.429437958134621, -24.784628228671892 ], [ -52.429591600763189, -24.784726291421414 ], [ -52.429722078923177, -24.784821034682697 ], [ -52.42986774067694, -24.784923564688125 ], [ -52.430067938073883, -24.785013211255027 ], [ -52.430281921700676, -24.785061845094525 ], [ -52.430488604254677, -24.784996431230315 ], [ -52.430634595926982, -24.784830198315994 ], [ -52.430770065622731, -24.784695971140209 ], [ -52.430928579040227, -24.784552976615444 ], [ -52.431100361377069, -24.784430931188449 ], [ -52.431283406347951, -24.784313843431228 ], [ -52.431462199493382, -24.784221637343546 ], [ -52.431734795030543, -24.784118156214252 ], [ -52.431897574969817, -24.78408663450654 ], [ -52.432084144472853, -24.784077933644269 ], [ -52.432283495272451, -24.784086309600767 ], [ -52.43251268086842, -24.784080730409421 ], [ -52.432890766905572, -24.783988253757332 ], [ -52.43298875277096, -24.783951922968598 ], [ -52.433103396460375, -24.783914419065084 ], [ -52.433234705390745, -24.783877709656007 ], [ -52.433401429142293, -24.783850646774908 ], [ -52.433573952854829, -24.783860277854501 ], [ -52.433728687932302, -24.783910312997516 ], [ -52.433889525666373, -24.784004989009812 ], [ -52.434052384793603, -24.784092738708701 ], [ -52.434194829974842, -24.784175654114772 ], [ -52.434339945053097, -24.784270083927552 ], [ -52.434533079109258, -24.784330856217803 ], [ -52.434873834458394, -24.784360035070303 ], [ -52.435065394284244, -24.784384614973547 ], [ -52.435260820496183, -24.784440658940131 ], [ -52.435439491840022, -24.784516410379837 ], [ -52.435637772578566, -24.784587411031207 ], [ -52.435831386065232, -24.784602455264807 ], [ -52.435905740230652, -24.784607359947131 ], [ -52.436030872024759, -24.784609855726895 ], [ -52.436132466972097, -24.78460544208777 ], [ -52.436293926153603, -24.784603946500855 ], [ -52.436470389375813, -24.784604759974737 ], [ -52.436658219604702, -24.784574761366738 ], [ -52.436833830548665, -24.784509222520768 ], [ -52.437010483164507, -24.784463053198969 ], [ -52.437168717643658, -24.784448391257278 ], [ -52.437318535815223, -24.784464278965281 ], [ -52.437475658337902, -24.784489867104785 ], [ -52.437632551759009, -24.784514379988366 ], [ -52.437824659955901, -24.784499301609927 ], [ -52.438022427192209, -24.784428253278644 ], [ -52.438180877853704, -24.784316433086563 ], [ -52.438311151350682, -24.784236552419046 ], [ -52.43846177501392, -24.784196597498621 ], [ -52.438626744046871, -24.784208392853355 ], [ -52.438926195997475, -24.784252911309203 ], [ -52.438975782170353, -24.784264247065533 ], [ -52.439053661116219, -24.784296901413267 ], [ -52.439126826134185, -24.784355078937491 ], [ -52.439207879340756, -24.784430986735469 ], [ -52.439308805385764, -24.784517090769484 ], [ -52.439428645273082, -24.784602420114187 ], [ -52.439570566975604, -24.784670670952845 ], [ -52.439710102302648, -24.784678594546296 ], [ -52.439756984680287, -24.784681256759431 ], [ -52.439785832105635, -24.784674120702054 ], [ -52.43987804669591, -24.784651309313578 ], [ -52.440001560401726, -24.784597084225997 ], [ -52.440114410571752, -24.784535400427849 ], [ -52.44021974003028, -24.78448264659535 ], [ -52.44033545746943, -24.784409449312129 ], [ -52.440436929308447, -24.784320352215435 ], [ -52.440542764627843, -24.784210212301506 ], [ -52.440637493999006, -24.784102493484166 ], [ -52.440732135210503, -24.783999998927484 ], [ -52.440824141922498, -24.783887775636451 ], [ -52.440931054917343, -24.783777315394236 ], [ -52.441053414909206, -24.783688927120025 ], [ -52.441181841902683, -24.783598045386647 ], [ -52.441323222390679, -24.783525522692766 ], [ -52.441508924130282, -24.783467965232727 ], [ -52.441612250585116, -24.783445203886085 ], [ -52.441781985660583, -24.783397530059297 ], [ -52.441997323213393, -24.783321225999156 ], [ -52.442211486910672, -24.78325436059016 ], [ -52.44241381599052, -24.783238773630458 ], [ -52.442645149964214, -24.783239419199816 ], [ -52.442742534134759, -24.783208412633318 ], [ -52.442842489114689, -24.783176587454943 ], [ -52.442989958047697, -24.783078377071881 ], [ -52.443145845542553, -24.783022433656281 ], [ -52.443246272970775, -24.783049180185241 ], [ -52.443366154274301, -24.78312474085828 ], [ -52.443505692553948, -24.783225274743941 ], [ -52.443649545906013, -24.783329112307495 ], [ -52.443790369189593, -24.783423937148491 ], [ -52.443924517441737, -24.78351223451288 ], [ -52.444074550130928, -24.783612301637412 ], [ -52.444174483006641, -24.783702462215565 ], [ -52.444237054020491, -24.783803539319113 ], [ -52.444282569691559, -24.783903824941788 ], [ -52.44432554632408, -24.784009637851543 ], [ -52.444392010917923, -24.784167243520422 ], [ -52.444507755539099, -24.784407273544243 ], [ -52.444644545339351, -24.784767090323339 ], [ -52.444624967846231, -24.784942792933851 ], [ -52.444586367978239, -24.785022474480058 ], [ -52.444514965208207, -24.785116995576722 ], [ -52.44441279491992, -24.785240401096324 ], [ -52.444301855602063, -24.785394047782443 ], [ -52.444278217287277, -24.785467711800987 ], [ -52.444254865506785, -24.78554048281152 ], [ -52.444256968887125, -24.785689860549002 ], [ -52.444278222416081, -24.785848256160065 ], [ -52.444359716877862, -24.786157726077036 ], [ -52.444426581488649, -24.786410914791055 ], [ -52.444466622379906, -24.786589219708691 ], [ -52.444492127844825, -24.786663532803509 ], [ -52.444513841231881, -24.786726797165102 ], [ -52.444587149117638, -24.786864575785316 ], [ -52.444680142417369, -24.78698448470087 ], [ -52.444700608212294, -24.787008010964424 ], [ -52.444693081025036, -24.787017036738892 ], [ -52.444620107821187, -24.787040108322717 ], [ -52.444499896002668, -24.787074039805191 ], [ -52.444371857922398, -24.787113052313437 ], [ -52.444214141765947, -24.787157008059737 ], [ -52.444052302873018, -24.787204283509148 ], [ -52.444029514373057, -24.787211671838758 ], [ -52.443897781504539, -24.787248647247711 ], [ -52.443765901756493, -24.78728656186691 ], [ -52.443640378475081, -24.787320657204038 ], [ -52.443515508920648, -24.787353527714519 ], [ -52.443407782744103, -24.787379603500654 ], [ -52.443320959033883, -24.787391623895047 ], [ -52.443227562544358, -24.787402897366661 ], [ -52.443083675474284, -24.787427212261733 ], [ -52.442934618970369, -24.787452400563943 ], [ -52.442768930709413, -24.787457909073993 ], [ -52.443104298258604, -24.787533915606911 ], [ -52.443246154468035, -24.787509943894715 ], [ -52.443337636666094, -24.787498901483666 ], [ -52.443431960456032, -24.787485842727765 ], [ -52.443547162708597, -24.787457957307478 ], [ -52.443673743585173, -24.787424636303918 ], [ -52.443800651963464, -24.787390164731502 ], [ -52.44393304629407, -24.787352102165535 ], [ -52.444066830591034, -24.787314550942423 ], [ -52.444090256626104, -24.787306955914325 ], [ -52.444249555052679, -24.787260422560788 ], [ -52.444407977869446, -24.78721626985638 ], [ -52.444536216665234, -24.787177196184196 ], [ -52.444657067103478, -24.787143084433549 ], [ -52.444765795398382, -24.787108708314349 ], [ -52.44479870848501, -24.787069242534404 ], [ -52.444961640998983, -24.787088648288044 ], [ -52.445164672999177, -24.787083126679544 ], [ -52.445387363334667, -24.787079105084459 ], [ -52.445603429576373, -24.787129482394686 ], [ -52.445799378773131, -24.787231555985468 ], [ -52.445982578487602, -24.787368592945477 ], [ -52.446121566161089, -24.787519894445406 ], [ -52.4462743067945, -24.787708007799733 ], [ -52.446429560968703, -24.787903654611249 ], [ -52.446482421936111, -24.787980385579324 ], [ -52.446556253479699, -24.788127594430755 ], [ -52.446648391222745, -24.78827599653955 ], [ -52.446777625564359, -24.788369084532206 ], [ -52.446909414278821, -24.788412192624399 ], [ -52.447069665199329, -24.788464011422747 ], [ -52.44723932672543, -24.788531596757824 ], [ -52.447365822433376, -24.788622410456362 ], [ -52.447472198633641, -24.78873954610415 ], [ -52.447504077431667, -24.788781687942475 ], [ -52.447573955937919, -24.7888719304981 ], [ -52.447658513919592, -24.789018913620801 ], [ -52.447716680137113, -24.789152481066587 ], [ -52.447749239899665, -24.789303734477357 ], [ -52.447772003260951, -24.789473273725083 ], [ -52.447833578725557, -24.789725405643434 ], [ -52.447846028437574, -24.789778852023392 ], [ -52.447877607947767, -24.789899542029396 ], [ -52.447962364193401, -24.790383135255414 ], [ -52.44796254575116, -24.790384912153726 ], [ -52.448032574968153, -24.790957565618463 ], [ -52.448069122914632, -24.791082875768101 ], [ -52.448112018218794, -24.791231800035707 ], [ -52.448206511628086, -24.791437112945406 ], [ -52.44830582787808, -24.791534543525888 ], [ -52.448338369370475, -24.791560432636565 ], [ -52.44829317853511, -24.791628248576238 ], [ -52.448232694735935, -24.791735669466195 ], [ -52.448037419293435, -24.792145846367617 ], [ -52.44795892704353, -24.792292416786733 ], [ -52.447863799023182, -24.792472411049165 ], [ -52.447779813687291, -24.792643217955977 ], [ -52.44756294069667, -24.793050598434132 ], [ -52.447520406676269, -24.79313341538877 ], [ -52.447485655264124, -24.793185816090531 ], [ -52.447416059252006, -24.793306357880741 ], [ -52.447299244471317, -24.793537243383884 ], [ -52.447210465973157, -24.793757351461604 ], [ -52.447182814056184, -24.793889031480852 ], [ -52.447167762956006, -24.794020543452099 ], [ -52.447151907390044, -24.794184834942275 ], [ -52.4471337307819, -24.79433266059317 ], [ -52.447089325776822, -24.794482090625856 ], [ -52.447051917679623, -24.794549873539559 ], [ -52.446813112159468, -24.794555305774413 ], [ -52.446637551145642, -24.794557274925225 ], [ -52.446466377794223, -24.794564148647119 ], [ -52.446265559080857, -24.794582928999237 ], [ -52.446040133403265, -24.794582922656101 ], [ -52.446008641132366, -24.794578600982163 ], [ -52.445960823264741, -24.794555310982169 ], [ -52.445927741188839, -24.794465810953763 ], [ -52.44586833469554, -24.794262381630407 ], [ -52.445809910898816, -24.794144013022152 ], [ -52.445731239247749, -24.794047390621525 ], [ -52.445640519578021, -24.793973696563771 ], [ -52.445520971707019, -24.793920892350322 ], [ -52.445389759789222, -24.793910212522903 ], [ -52.445268252898536, -24.793937057531014 ], [ -52.445154270182854, -24.793964017370865 ], [ -52.445037817342289, -24.793954371175296 ], [ -52.444914086525223, -24.793939598894951 ], [ -52.444782877939502, -24.793921308736078 ], [ -52.444635013352453, -24.793908710264638 ], [ -52.444478022216856, -24.793919906577717 ], [ -52.444343670478098, -24.793960122540778 ], [ -52.444204328513074, -24.79403758701039 ], [ -52.444087089509296, -24.794123613877503 ], [ -52.443981242840948, -24.794194205835247 ], [ -52.443863612444972, -24.794283270771423 ], [ -52.44375118096945, -24.794373837563196 ], [ -52.443667868673984, -24.794411507915182 ], [ -52.443545125956852, -24.794394421945476 ], [ -52.443394343299921, -24.794333694972629 ], [ -52.44324940434533, -24.794263449051833 ], [ -52.443090185129442, -24.794199378935975 ], [ -52.442919907235307, -24.794181376590569 ], [ -52.442755035765956, -24.794180310773605 ], [ -52.442606625253404, -24.794177725517748 ], [ -52.442483299330377, -24.794165207995032 ], [ -52.442371119813266, -24.794138727965429 ], [ -52.442245838937225, -24.79409274145608 ], [ -52.442026930048499, -24.79398994615573 ], [ -52.441928285283282, -24.793944199605114 ], [ -52.441804805673591, -24.793906047211955 ], [ -52.441683798980215, -24.793849243530545 ], [ -52.441584556811407, -24.79375070605704 ], [ -52.441413500554411, -24.793494076065077 ], [ -52.441379241903569, -24.793438699022339 ], [ -52.441311543636346, -24.793335501107805 ], [ -52.441237922844614, -24.793253617565973 ], [ -52.441156765181724, -24.793185213033567 ], [ -52.440970801151863, -24.793205257836274 ], [ -52.441088682866933, -24.793274040544716 ], [ -52.441150973812043, -24.793327690201256 ], [ -52.441214227961083, -24.79339804366516 ], [ -52.441276637818518, -24.793493180138832 ], [ -52.441311102292453, -24.793548889952181 ], [ -52.441489252696925, -24.793816163347056 ], [ -52.441610727702894, -24.793936775854192 ], [ -52.441758384552443, -24.794006089825547 ], [ -52.441882142716857, -24.794044328292266 ], [ -52.44197290478256, -24.794086419238134 ], [ -52.442196446393481, -24.794191389977723 ], [ -52.44233396776869, -24.794241869572549 ], [ -52.442461775554378, -24.794272038658267 ], [ -52.442598918781123, -24.794285958626677 ], [ -52.442753483220457, -24.794288651077967 ], [ -52.442912638304669, -24.794289679938679 ], [ -52.443058717969613, -24.794305123966723 ], [ -52.443197569311465, -24.794360998004993 ], [ -52.443342491698758, -24.794431235898209 ], [ -52.443511644403372, -24.794499361311328 ], [ -52.443686994666471, -24.79452377030994 ], [ -52.443817936118208, -24.794464564032285 ], [ -52.443940782772302, -24.794365607472006 ], [ -52.444054207192188, -24.794279727086124 ], [ -52.444159316772044, -24.794209626678004 ], [ -52.44427266440622, -24.794126455160232 ], [ -52.444393688056515, -24.794059174383516 ], [ -52.444501468226555, -24.794026912171805 ], [ -52.444634114047247, -24.794017452113906 ], [ -52.444768392221071, -24.794028892976922 ], [ -52.444897430299996, -24.794046880565222 ], [ -52.445024753320993, -24.794062081714966 ], [ -52.445164079534941, -24.794073622577681 ], [ -52.445297099448368, -24.794042159955225 ], [ -52.445398684700102, -24.794019716317116 ], [ -52.445488812840772, -24.794027052179704 ], [ -52.445573956432064, -24.794064660046846 ], [ -52.445643242890775, -24.79412094334641 ], [ -52.445707238279105, -24.794199540825868 ], [ -52.445755591135097, -24.794296937978871 ], [ -52.44581237292266, -24.794491379955819 ], [ -52.445865789712634, -24.794628372299183 ], [ -52.445970793896656, -24.794682972137377 ], [ -52.446031260058732, -24.794691269888862 ], [ -52.446172333440892, -24.794677753753835 ], [ -52.446271621079013, -24.794691276645011 ], [ -52.446475041204884, -24.794672253010113 ], [ -52.446640889163106, -24.794665593130002 ], [ -52.446815319718439, -24.79466363665037 ], [ -52.446991320771993, -24.794659633092671 ], [ -52.446906432791451, -24.794813114509349 ], [ -52.446802726955433, -24.795000573738861 ], [ -52.446687794567964, -24.795230422271882 ], [ -52.446545151505852, -24.795510273524869 ], [ -52.446393096668061, -24.795802945809243 ], [ -52.446235177505315, -24.796127187423753 ], [ -52.446093520849018, -24.796414177440216 ], [ -52.445951998704032, -24.796705068374941 ], [ -52.445814522583845, -24.796975679586389 ], [ -52.445692632949743, -24.79724664094924 ], [ -52.445609968378207, -24.797423295688585 ], [ -52.445566295345124, -24.797516295889064 ], [ -52.445446168506024, -24.797772569865046 ], [ -52.445331797964045, -24.798023334566832 ], [ -52.445242033198468, -24.798223295126984 ], [ -52.445139148870567, -24.798444644968075 ], [ -52.445030508346647, -24.798695212469358 ], [ -52.444901896693629, -24.799031942375148 ], [ -52.44483206016595, -24.799171631918881 ], [ -52.444769012390637, -24.799246076454558 ], [ -52.444653251878961, -24.799272423682488 ], [ -52.444195986620052, -24.799231948897461 ], [ -52.444072207859705, -24.7992230046105 ], [ -52.443964033744827, -24.799233859079767 ], [ -52.443832997195102, -24.79929747143121 ], [ -52.44371372492175, -24.799387615652929 ], [ -52.443594245498232, -24.799496126731047 ], [ -52.443487317199065, -24.799611708105708 ], [ -52.443376603636118, -24.799717632844317 ], [ -52.443269484119249, -24.799822439080909 ], [ -52.443163321777142, -24.799925870463973 ], [ -52.442987525935216, -24.800104652619094 ], [ -52.442928158335015, -24.800162440178529 ], [ -52.442850399700937, -24.800228248866397 ], [ -52.442770704076146, -24.800301208130183 ], [ -52.442682987964893, -24.800388076942443 ], [ -52.442579511198545, -24.800493435499604 ], [ -52.442470366059574, -24.800604794230821 ], [ -52.442359861696552, -24.800717572293607 ], [ -52.442145948591026, -24.800913845606598 ], [ -52.442081630409945, -24.800967881799654 ], [ -52.441959917355213, -24.801056602269263 ], [ -52.441582736458265, -24.801308863302804 ], [ -52.441375927978051, -24.801479042038839 ], [ -52.441297383265827, -24.801541949277972 ], [ -52.44110304084105, -24.801691031714061 ], [ -52.441015107459478, -24.801746684179388 ], [ -52.440666346348202, -24.801943451420058 ], [ -52.440573567843195, -24.802002766886361 ], [ -52.440452643484342, -24.802099302703571 ], [ -52.440308172057918, -24.802213533903732 ], [ -52.44016522307934, -24.802343374438447 ], [ -52.440040091118668, -24.802443582570017 ], [ -52.43995535985492, -24.802508297009176 ], [ -52.439643594076458, -24.802763081198744 ], [ -52.439460738779324, -24.802916257171784 ], [ -52.439274615198457, -24.803073599539353 ], [ -52.439129098091463, -24.803211759047567 ], [ -52.439025311111109, -24.803300386111101 ], [ -52.439067066666667, -24.803413066666664 ], [ -52.439333463835055, -24.803542254823029 ], [ -52.439543554806143, -24.803640952705255 ], [ -52.439702281896352, -24.803723617965804 ], [ -52.440130370294632, -24.803878326555342 ], [ -52.440130727513306, -24.803878477309432 ], [ -52.440224873519405, -24.803920309259897 ], [ -52.440373170377327, -24.8039954418085 ], [ -52.440462915308039, -24.804050430472078 ], [ -52.440512338778944, -24.804080713258561 ], [ -52.440623689600471, -24.804178452657293 ], [ -52.440686831834249, -24.804311133506406 ], [ -52.440662311563564, -24.804448438774585 ], [ -52.44058011850246, -24.804584324982748 ], [ -52.440429761612812, -24.804709946705707 ], [ -52.440210715926661, -24.804852050029314 ], [ -52.440002026863283, -24.805007415842248 ], [ -52.439853870718913, -24.805256237646883 ], [ -52.439831502226198, -24.805345989091297 ], [ -52.439769472764297, -24.805592683695235 ], [ -52.439709144965867, -24.805797122803597 ], [ -52.439651564114186, -24.806003213915826 ], [ -52.439599868538849, -24.806189324961768 ], [ -52.439554740086734, -24.806364240035219 ], [ -52.439505693093444, -24.806535015887793 ], [ -52.439465878722913, -24.806706181496409 ], [ -52.439422579154332, -24.806900743866606 ], [ -52.439371883536211, -24.807094599341603 ], [ -52.439358772527974, -24.80715846407125 ], [ -52.439327704454392, -24.807309798815179 ], [ -52.439287493883107, -24.807541849234561 ], [ -52.439242548446643, -24.807755349961337 ], [ -52.439172993556582, -24.80795842149891 ], [ -52.439100802793412, -24.808160706606049 ], [ -52.439050064723901, -24.808349278674491 ], [ -52.438996183291415, -24.808495636223359 ], [ -52.438914218081251, -24.808630140566937 ], [ -52.438804809880459, -24.808753405246115 ], [ -52.438675398181239, -24.808853024639014 ], [ -52.438474838166961, -24.808931518117664 ], [ -52.438436022001341, -24.808952132285945 ], [ -52.438257622674641, -24.809046874912227 ], [ -52.438043948501679, -24.809248882135098 ], [ -52.437909635755979, -24.809513789918373 ], [ -52.437803525677673, -24.809747434719867 ], [ -52.437651116002016, -24.809924372318189 ], [ -52.437442889920845, -24.81004466675709 ], [ -52.43719910352408, -24.810153593889108 ], [ -52.437014670072188, -24.810213994555724 ], [ -52.436849978150633, -24.810211947792009 ], [ -52.436716656567796, -24.810177894801729 ], [ -52.436585937073254, -24.810127388094763 ], [ -52.436479142111857, -24.810083774955078 ], [ -52.43637199895759, -24.81003234277301 ], [ -52.436347103521257, -24.809960630600145 ], [ -52.436340792747572, -24.809850987253167 ], [ -52.436343016968841, -24.809725469296446 ], [ -52.43635738311675, -24.80960523094145 ], [ -52.436385909696099, -24.809478766698369 ], [ -52.436420121143691, -24.809336132259421 ], [ -52.436457823111652, -24.809190518965423 ], [ -52.436497427507291, -24.809022264381831 ], [ -52.436510735897436, -24.808840280073536 ], [ -52.436497020203888, -24.808651417714895 ], [ -52.436453020197284, -24.808506436189528 ], [ -52.436409175594669, -24.808469856966987 ], [ -52.436481293915044, -24.808349897983412 ], [ -52.436519205166348, -24.8082868376889 ], [ -52.436569830337973, -24.808059554393903 ], [ -52.436591670038815, -24.807802452170154 ], [ -52.436605456407548, -24.807538631500162 ], [ -52.436616945093348, -24.80729282869105 ], [ -52.436626693110263, -24.807074801509604 ], [ -52.436508386477676, -24.807070016732901 ], [ -52.436498349368478, -24.80728822883469 ], [ -52.436486874018307, -24.807533741314536 ], [ -52.43647318565214, -24.807795681793372 ], [ -52.436452048012647, -24.808044516395366 ], [ -52.436406471273656, -24.808249133741739 ], [ -52.436301185472253, -24.808424262117843 ], [ -52.436198991891864, -24.808416630827303 ], [ -52.43607101273885, -24.808529507841858 ], [ -52.435948769385959, -24.808662789545554 ], [ -52.43577882294494, -24.808785702967668 ], [ -52.435593244945906, -24.808894627940447 ], [ -52.435430113167179, -24.808998695150454 ], [ -52.435243111792857, -24.809049521000631 ], [ -52.43502765033297, -24.809024911896003 ], [ -52.434801404973527, -24.809027759680045 ], [ -52.434581660378143, -24.809085693636085 ], [ -52.434384711772715, -24.809158934223674 ], [ -52.434106094525532, -24.809229925564388 ], [ -52.434036328884844, -24.809247701673204 ], [ -52.433962367169073, -24.809259862864184 ], [ -52.433885232606038, -24.809261385779084 ], [ -52.433727347177715, -24.8092384742591 ], [ -52.43355662605741, -24.809238773248666 ], [ -52.433323427975722, -24.809247417975765 ], [ -52.433119483086195, -24.809257842296795 ], [ -52.432934938544001, -24.809264739564785 ], [ -52.432749342325486, -24.809244564844018 ], [ -52.432526710027574, -24.809194754230319 ], [ -52.432348955555554, -24.809148191666669 ], [ -52.432318137509228, -24.809140556903152 ], [ -52.43209575558194, -24.809061808763978 ], [ -52.431839008382816, -24.808993285330864 ], [ -52.431566825469638, -24.808953388957232 ], [ -52.431348896629075, -24.808931219441746 ], [ -52.431162816247998, -24.808883516098589 ], [ -52.43096200222773, -24.808801608013944 ], [ -52.430789466403013, -24.808731944017193 ], [ -52.430644181278829, -24.808675349245146 ], [ -52.430471997193187, -24.808614780618942 ], [ -52.430304155565103, -24.808554286456541 ], [ -52.430146846919911, -24.808501325702149 ], [ -52.429970605380362, -24.808423598456859 ], [ -52.4297878956692, -24.808308975438447 ], [ -52.429613693770584, -24.808195088049811 ], [ -52.429430576294941, -24.808081761152479 ], [ -52.429273602741389, -24.807979335452238 ], [ -52.429154540870272, -24.807882111603067 ], [ -52.429063948517559, -24.807793152107912 ], [ -52.428954842446913, -24.807699852614004 ], [ -52.428650189660267, -24.807456948933055 ], [ -52.428572765614753, -24.807405280069361 ], [ -52.428435313830633, -24.80733705390951 ], [ -52.428251694515126, -24.807269675796334 ], [ -52.428029925770367, -24.807201336369996 ], [ -52.427822957778972, -24.80714281123517 ], [ -52.427534759987914, -24.807050407778114 ], [ -52.427355839224248, -24.806991628634599 ], [ -52.427130131920478, -24.806915167563631 ], [ -52.426886042741607, -24.806837182529801 ], [ -52.426628917018171, -24.806762829160249 ], [ -52.426452694419496, -24.806713967155087 ], [ -52.426279080069925, -24.80663128509887 ], [ -52.42611787823131, -24.806519454166885 ], [ -52.425974029991259, -24.806415081343701 ], [ -52.42558180991923, -24.806214941857618 ], [ -52.425522155555555, -24.806190433333335 ], [ -52.425407306360107, -24.806142214323543 ], [ -52.425240172922393, -24.806082818180425 ], [ -52.425052837015627, -24.806033403689739 ], [ -52.424873205094457, -24.805996460722017 ], [ -52.424677107588039, -24.805945260233877 ], [ -52.424518093309722, -24.805901706725678 ], [ -52.424307789939149, -24.805826944009031 ], [ -52.424085031747502, -24.805749620430255 ], [ -52.42383472157006, -24.805709124701064 ], [ -52.423594480999668, -24.805696403481313 ], [ -52.423398846386853, -24.805679008433099 ], [ -52.423223849016537, -24.805633771829282 ], [ -52.422985918692945, -24.805561112793207 ], [ -52.422752002182271, -24.805491017676033 ], [ -52.422502104316266, -24.805417401471875 ], [ -52.422243852866394, -24.805350596869928 ], [ -52.42198575, -24.80530745 ], [ -52.421772892946699, -24.805279199620067 ], [ -52.421534511860173, -24.805249141654965 ], [ -52.421295103297311, -24.80524345886268 ], [ -52.421066956341868, -24.805247833817521 ], [ -52.420813107560718, -24.805245211529691 ], [ -52.420537131578591, -24.80524841659437 ], [ -52.420293391921064, -24.805267792686472 ], [ -52.420067152414823, -24.805297226258531 ], [ -52.419913696057932, -24.805320244226547 ], [ -52.419808255197701, -24.805293507518176 ], [ -52.419705686801976, -24.805206859821475 ], [ -52.419612497250874, -24.805092891503694 ], [ -52.419516287905154, -24.804951112182742 ], [ -52.419416132300356, -24.804782424521392 ], [ -52.419371264216693, -24.80460842243593 ], [ -52.419367783361139, -24.804436912322824 ], [ -52.419366938155235, -24.804224834179113 ], [ -52.419338569021605, -24.804055353202667 ], [ -52.419221662806443, -24.803916395861172 ], [ -52.419091964597733, -24.803803716277216 ], [ -52.418999023536479, -24.803727423567491 ], [ -52.419068467361491, -24.803684124937767 ], [ -52.4192089186351, -24.803599947560045 ], [ -52.419340077114676, -24.803531948035232 ], [ -52.419532754668417, -24.803369007034295 ], [ -52.419533989889871, -24.803368509882805 ], [ -52.419629008335043, -24.803275302434376 ], [ -52.419756145026696, -24.803198390446418 ], [ -52.419843103024427, -24.803182324756282 ], [ -52.420011895993632, -24.803183753594929 ], [ -52.420163144153477, -24.803177651361484 ], [ -52.420357366428547, -24.803146518091289 ], [ -52.420541035638543, -24.803092141873542 ], [ -52.420552301010332, -24.803086626681921 ], [ -52.420742107624434, -24.802982850237719 ], [ -52.420900919939854, -24.802854401584014 ], [ -52.421057764605401, -24.802694906621802 ], [ -52.421206402822229, -24.802515844656778 ], [ -52.421344510759255, -24.802372715160008 ], [ -52.421412299850047, -24.802329089868373 ], [ -52.421674254149593, -24.802198041601198 ], [ -52.421731296888048, -24.80213122084465 ], [ -52.421732573159147, -24.802009184761733 ], [ -52.421659583544852, -24.801924838534493 ], [ -52.421530840378985, -24.801885936383947 ], [ -52.421434595259875, -24.801867768722968 ], [ -52.421233469916359, -24.801804822149272 ], [ -52.421127301181563, -24.801759351767103 ], [ -52.420954433465006, -24.801689589641313 ], [ -52.420783493750108, -24.801642620827877 ], [ -52.420599575663161, -24.801573813352654 ], [ -52.420370514945816, -24.801422711850595 ], [ -52.420188676465912, -24.801267348976097 ], [ -52.420070891131921, -24.801111405663264 ], [ -52.419916249455362, -24.800824763440893 ], [ -52.419781167046295, -24.800629107262839 ], [ -52.419672501202207, -24.800491471548693 ], [ -52.419534395835804, -24.800322668914184 ], [ -52.419496095826055, -24.800184142818967 ], [ -52.419472143197034, -24.800077646349973 ], [ -52.419494263077041, -24.79997875588445 ], [ -52.419561496000895, -24.799839778566604 ], [ -52.419640662477264, -24.799682444384352 ], [ -52.419694974211353, -24.799514470380391 ], [ -52.419744946213086, -24.799341609623809 ], [ -52.419806531504548, -24.799183922502039 ], [ -52.419867842085303, -24.799057143848927 ], [ -52.419929552178132, -24.798933546729796 ], [ -52.419955974212705, -24.798871216870374 ], [ -52.419836678917378, -24.798852399976731 ], [ -52.419817761971629, -24.798896912044402 ], [ -52.419758271504577, -24.799015423815256 ], [ -52.41969618890797, -24.799143798608156 ], [ -52.419631458710121, -24.799309537771567 ], [ -52.419580645971955, -24.799485306204282 ], [ -52.419529237309561, -24.799644301210758 ], [ -52.41945326840338, -24.799795280317639 ], [ -52.419380521699658, -24.799945654891985 ], [ -52.419350984283909, -24.800077706072702 ], [ -52.419380358148388, -24.800208306610916 ], [ -52.419425108527825, -24.800370163349736 ], [ -52.419576795186757, -24.800555566246029 ], [ -52.419682714730463, -24.800689723633326 ], [ -52.419811833105442, -24.800876741593076 ], [ -52.419925916656652, -24.801100527602649 ], [ -52.420098218625483, -24.801338468148291 ], [ -52.420294893207569, -24.801506507083268 ], [ -52.420541495342164, -24.801669179940642 ], [ -52.420743786957516, -24.801744861332278 ], [ -52.42091317067252, -24.801791402610807 ], [ -52.421078052026864, -24.801857941775538 ], [ -52.421187484479681, -24.801904970078887 ], [ -52.421403202289028, -24.801972483680913 ], [ -52.42150215199834, -24.801991161873364 ], [ -52.421584752207636, -24.802013161380945 ], [ -52.421613480581762, -24.802046359695137 ], [ -52.421612987165069, -24.802093535530609 ], [ -52.421582168397237, -24.802129637074266 ], [ -52.421351064596415, -24.802235928748232 ], [ -52.421261811073158, -24.802294495148569 ], [ -52.421114436935063, -24.802447227647995 ], [ -52.420966136470447, -24.802625882569284 ], [ -52.420817120879406, -24.802777416050091 ], [ -52.420671646990662, -24.802895076416497 ], [ -52.420494168834033, -24.802992112258057 ], [ -52.420328650574703, -24.803041114781234 ], [ -52.420150203743788, -24.803069719285478 ], [ -52.420011131789025, -24.803075330252923 ], [ -52.419831688056206, -24.803073888227054 ], [ -52.419709885989199, -24.803096391429239 ], [ -52.419551705941686, -24.803192083223806 ], [ -52.419456188452607, -24.803285738558269 ], [ -52.41925932832347, -24.803449206775728 ], [ -52.419146967832432, -24.803507460390509 ], [ -52.419002411027044, -24.803594098326688 ], [ -52.418899044242181, -24.803658548072942 ], [ -52.418802157292568, -24.803599756008996 ], [ -52.418682011943211, -24.803554367322985 ], [ -52.418607677923603, -24.80352628524204 ], [ -52.418408071548555, -24.803463074399044 ], [ -52.418182097819646, -24.803408623435047 ], [ -52.417968310074869, -24.803390550593921 ], [ -52.417790064938245, -24.803434554306143 ], [ -52.417644453722055, -24.803537374010613 ], [ -52.417559442993934, -24.803713272360287 ], [ -52.417496344083801, -24.803873049052914 ], [ -52.417466933166438, -24.803813308988399 ], [ -52.417362825193969, -24.803679005606686 ], [ -52.417217664644575, -24.803585676512959 ], [ -52.417094853932959, -24.803558068790519 ], [ -52.416789638672853, -24.803520672502849 ], [ -52.416626667999644, -24.803502541317386 ], [ -52.416160386683153, -24.803519003224935 ], [ -52.415997323575262, -24.803524039315143 ], [ -52.415803176223299, -24.803525323180519 ], [ -52.415601806368159, -24.803520127555306 ], [ -52.415631049043483, -24.803628484049909 ], [ -52.415801316111754, -24.803633686869755 ], [ -52.41599976093098, -24.803632374579003 ], [ -52.41616468740564, -24.803627280934407 ], [ -52.416621749839592, -24.803611144493921 ], [ -52.416774561691284, -24.803628145456372 ], [ -52.417072701201064, -24.803664674786926 ], [ -52.417167580799607, -24.803686003626265 ], [ -52.41727774503736, -24.803756832312818 ], [ -52.417363383541279, -24.803867309449661 ], [ -52.417433631948548, -24.8040099995766 ], [ -52.417488601258498, -24.804163511694625 ], [ -52.417546648628608, -24.804257149667148 ], [ -52.417601322874027, -24.80436225318109 ], [ -52.417680841396724, -24.804531621554261 ], [ -52.417751138302684, -24.804721958362975 ], [ -52.41780790172519, -24.804934081118148 ], [ -52.417860816123977, -24.805153209740084 ], [ -52.417903681260547, -24.805377094945769 ], [ -52.41798247025605, -24.805580754003003 ], [ -52.418089776036048, -24.805787635098085 ], [ -52.418188875555749, -24.805945751370736 ], [ -52.418302206472632, -24.806087434688301 ], [ -52.41838930911041, -24.806185804680016 ], [ -52.418463073086386, -24.806295320952369 ], [ -52.418616213728946, -24.806615130463797 ], [ -52.418675268169132, -24.806794018554818 ], [ -52.418690043573456, -24.806908843932764 ], [ -52.418697310106353, -24.806951557080907 ], [ -52.418701715784316, -24.80697928417209 ], [ -52.418705520129912, -24.807006669675079 ], [ -52.418714024390049, -24.80705422131582 ], [ -52.418722999709573, -24.80710252749801 ], [ -52.418748311591344, -24.807213220210599 ], [ -52.418769439942544, -24.807354220112387 ], [ -52.418784303579379, -24.807464860342403 ], [ -52.418786360743745, -24.807576076974286 ], [ -52.41879507015809, -24.807691970724356 ], [ -52.41881251123209, -24.807854927449689 ], [ -52.418831471342244, -24.808002833866698 ], [ -52.418862065262672, -24.808134696020538 ], [ -52.418913546442027, -24.808281054839043 ], [ -52.41899558538887, -24.808448284589499 ], [ -52.419109834776926, -24.808665784766585 ], [ -52.419227048517371, -24.808886455747107 ], [ -52.419304665668975, -24.809020635797928 ], [ -52.419402511028785, -24.809164391105679 ], [ -52.419511311542351, -24.809314591977323 ], [ -52.419602460044338, -24.809450328747957 ], [ -52.419666105855562, -24.809552193158837 ], [ -52.419753016595081, -24.809693671800591 ], [ -52.419850251979028, -24.80986001917584 ], [ -52.419945300112261, -24.810029224057722 ], [ -52.420050124586439, -24.810204441477396 ], [ -52.420124885813756, -24.810334948266259 ], [ -52.420164605047525, -24.81040892794427 ], [ -52.420239066597105, -24.81054664298215 ], [ -52.420277938933481, -24.810629706279538 ], [ -52.420333028185802, -24.810735434899502 ], [ -52.420452844183771, -24.810916573687617 ], [ -52.420572748521657, -24.811050015396134 ], [ -52.420715311211815, -24.81119004586251 ], [ -52.420860289625836, -24.811319720095334 ], [ -52.421018737887259, -24.811427510623087 ], [ -52.421148878829428, -24.811504224598597 ], [ -52.421278909575655, -24.811574723317069 ], [ -52.42140631072332, -24.811643385684174 ], [ -52.421477768339308, -24.811690534430557 ], [ -52.421538715230753, -24.811734023843531 ], [ -52.421602817072845, -24.811800337401891 ], [ -52.421660839281373, -24.811869504000526 ], [ -52.42169338942886, -24.811911437030616 ], [ -52.421714772182845, -24.811936082748357 ], [ -52.421745105555566, -24.811965677777781 ], [ -52.421789864332339, -24.812021853409167 ], [ -52.421819412684705, -24.812058381442419 ], [ -52.421856206205518, -24.812097741113583 ], [ -52.421921136724364, -24.812149876615145 ], [ -52.42195433276283, -24.812209176942378 ], [ -52.42197156255402, -24.812271390973702 ], [ -52.422001743818463, -24.812355754671675 ], [ -52.422059398356318, -24.812441822627441 ], [ -52.422113319597109, -24.812511744078829 ], [ -52.42217248026494, -24.812588269413869 ], [ -52.422201594914625, -24.81265014738198 ], [ -52.422341542321035, -24.812874379236465 ], [ -52.422387148297027, -24.812930091345827 ], [ -52.42251607985785, -24.813188696115098 ], [ -52.422645470538022, -24.813536037273671 ], [ -52.422675910093702, -24.813723890959924 ], [ -52.422740900646161, -24.813951620458521 ], [ -52.422929332481978, -24.814140034695676 ], [ -52.423115873544468, -24.814270629485122 ], [ -52.423191263512088, -24.814367338885177 ], [ -52.423320183609029, -24.814576910049645 ], [ -52.423523190654997, -24.814789175160456 ], [ -52.423828292020239, -24.815146712251224 ], [ -52.423996313972495, -24.815360592712029 ], [ -52.424004107605263, -24.815380493452189 ], [ -52.424058718470839, -24.81551993998244 ], [ -52.424050298047959, -24.815598744236059 ], [ -52.423965551309848, -24.815778785063486 ], [ -52.423939776685089, -24.815954242914895 ], [ -52.423925440268604, -24.816123994094973 ], [ -52.423911163309967, -24.816267914084992 ], [ -52.423909360131489, -24.816443752437017 ], [ -52.4239126156547, -24.816609065988374 ], [ -52.423896831089067, -24.816760190578641 ], [ -52.423880737148785, -24.81683510048828 ], [ -52.423857796069882, -24.8168054101683 ], [ -52.423749921852384, -24.816622211615268 ], [ -52.423635328792699, -24.81646816639789 ], [ -52.423482358565856, -24.816349209285008 ], [ -52.423318969347726, -24.816257058518513 ], [ -52.423157360775747, -24.816207384583233 ], [ -52.423033131704862, -24.816152138783199 ], [ -52.422934864682091, -24.816044655982331 ], [ -52.422849189538169, -24.815894100360964 ], [ -52.422769110871222, -24.815749089619441 ], [ -52.422706958967154, -24.815654896175424 ], [ -52.422648678323185, -24.81557647465047 ], [ -52.422615312633397, -24.815531578241639 ], [ -52.422384048493605, -24.815289327680485 ], [ -52.422267863894426, -24.815157060538631 ], [ -52.422160282530939, -24.815051851798337 ], [ -52.422059662165836, -24.814996174806318 ], [ -52.421952209529536, -24.814983617828041 ], [ -52.421800757499341, -24.81503290222803 ], [ -52.421690828789103, -24.815066896339435 ], [ -52.421510398178768, -24.815107515849437 ], [ -52.421301722276581, -24.815128503218503 ], [ -52.421131340215403, -24.815100636454929 ], [ -52.420992613171528, -24.815056260882169 ], [ -52.420863940236153, -24.815006929386701 ], [ -52.420829099726404, -24.814990067557193 ], [ -52.420523842586661, -24.814858379466937 ], [ -52.420387685884585, -24.814820485199817 ], [ -52.420245979585061, -24.814827901161767 ], [ -52.420100886470706, -24.814888713600663 ], [ -52.420041006572553, -24.814931427509954 ], [ -52.419982655601565, -24.814980129477394 ], [ -52.419884083254679, -24.815063763751422 ], [ -52.419739379091077, -24.815180247484729 ], [ -52.419699696373293, -24.81524655176549 ], [ -52.419633110572505, -24.815357807167299 ], [ -52.419630389443711, -24.815547085065329 ], [ -52.419660574001711, -24.815694167019181 ], [ -52.419687190808474, -24.815776074474318 ], [ -52.419695890758085, -24.815805434813257 ], [ -52.419713488829522, -24.815855293222217 ], [ -52.419777221437286, -24.815972774479192 ], [ -52.419874115323552, -24.816112249236081 ], [ -52.419986843311264, -24.816251296533338 ], [ -52.420098824023874, -24.816375638679784 ], [ -52.420170879879109, -24.816500131504394 ], [ -52.420185343661458, -24.816666573245538 ], [ -52.420147570027368, -24.816860756655792 ], [ -52.420095504567783, -24.817062555887677 ], [ -52.42002005801946, -24.817240042065219 ], [ -52.419933202008039, -24.817396063150738 ], [ -52.419825804032186, -24.817546240769008 ], [ -52.419757459760731, -24.817734990936316 ], [ -52.419764724912298, -24.817923874485469 ], [ -52.41979744020346, -24.818109564495618 ], [ -52.41981892960181, -24.818305561418846 ], [ -52.41983724470272, -24.818499943485929 ], [ -52.419871085569397, -24.818724981492057 ], [ -52.419900028555311, -24.818963411926443 ], [ -52.419908296190783, -24.819101534058607 ], [ -52.419913838899454, -24.819190739819661 ], [ -52.41989524730748, -24.81939618039198 ], [ -52.419869157796541, -24.819592088916725 ], [ -52.419863687099571, -24.819819591629532 ], [ -52.419876908205481, -24.820087894459235 ], [ -52.419883888380475, -24.820315047474192 ], [ -52.419884418379411, -24.820477771468166 ], [ -52.419888672831839, -24.820630922780399 ], [ -52.419919110392783, -24.820791824106941 ], [ -52.419976964775728, -24.820949497116239 ], [ -52.420018026352089, -24.821076668446203 ], [ -52.42003240423962, -24.821197492183067 ], [ -52.420030917617268, -24.821335094877043 ], [ -52.420034587307562, -24.821477446813461 ], [ -52.420032393099156, -24.821625740389916 ], [ -52.42003525728051, -24.821762119619756 ], [ -52.420037139285711, -24.821808840603545 ], [ -52.420050684750429, -24.822059624348444 ], [ -52.420045717707843, -24.822204703453657 ], [ -52.42004617009902, -24.822331370594593 ], [ -52.420060798899691, -24.822510792314862 ], [ -52.42008206399958, -24.822674404536187 ], [ -52.420110133407377, -24.822811858696337 ], [ -52.420118312014424, -24.822877145975763 ], [ -52.42014154851276, -24.823099325590778 ], [ -52.420149651977603, -24.823279338889193 ], [ -52.42016134080545, -24.823463985798025 ], [ -52.420170945310254, -24.823657504437932 ], [ -52.420188550217134, -24.823906810034142 ], [ -52.420196949270718, -24.824192841625379 ], [ -52.420217175277159, -24.824462057392026 ], [ -52.420238715313445, -24.824695462557912 ], [ -52.420259731658305, -24.824915895882125 ], [ -52.420276076957876, -24.825102168595041 ], [ -52.420292047395172, -24.825266772738388 ], [ -52.420315098250327, -24.82547906186252 ], [ -52.420325886647831, -24.825728584879663 ], [ -52.420330287055897, -24.825991388933556 ], [ -52.420338014734114, -24.826293508086362 ], [ -52.420334939969081, -24.826452707316221 ], [ -52.420305730187799, -24.826660914114658 ], [ -52.420247901053294, -24.826867919430075 ], [ -52.420176060945657, -24.827090887076285 ], [ -52.420114980580799, -24.827297652021969 ], [ -52.420085864285319, -24.82747406980323 ], [ -52.42009303964705, -24.827630023163053 ], [ -52.420149632297353, -24.827740996732306 ], [ -52.420072218929533, -24.827742201689887 ], [ -52.419689328734485, -24.827823291315287 ], [ -52.419640040387073, -24.827833729670079 ], [ -52.419435526534109, -24.827831879379588 ], [ -52.419247313487091, -24.827787350280396 ], [ -52.419021093652155, -24.827702840869005 ], [ -52.418818057049556, -24.827615315721452 ], [ -52.418644155419763, -24.827552136118236 ], [ -52.418456634778146, -24.827524598505072 ], [ -52.418181976641527, -24.82750037656411 ], [ -52.417868230718234, -24.827467200649338 ], [ -52.417481510679103, -24.827398122128074 ], [ -52.417050828711325, -24.827311823376021 ], [ -52.416928947165154, -24.827313736081859 ], [ -52.416787707365749, -24.827335657840269 ], [ -52.416549587046909, -24.827405780252278 ], [ -52.416279787524175, -24.827501625573888 ], [ -52.416035157429114, -24.8275870701891 ], [ -52.415874752956611, -24.827627860406253 ], [ -52.415738124943168, -24.82760693876773 ], [ -52.415591434396433, -24.827517564754221 ], [ -52.415465741942114, -24.827394091136398 ], [ -52.415323163094328, -24.827229905400102 ], [ -52.415176074649445, -24.82704283492907 ], [ -52.414992604828591, -24.826861110557029 ], [ -52.414810716322776, -24.826691743828214 ], [ -52.414637389651325, -24.826530039935729 ], [ -52.414519850088951, -24.826435124233782 ], [ -52.414412476554247, -24.826402360906052 ], [ -52.414227624750239, -24.82636568969118 ], [ -52.414051351584774, -24.826315603029251 ], [ -52.413926890408199, -24.826228251696321 ], [ -52.413814220676933, -24.826114480199521 ], [ -52.413700649917089, -24.825989016197738 ], [ -52.413621372464618, -24.82587253981109 ], [ -52.413597143612513, -24.82573452852607 ], [ -52.413574744160954, -24.825659564587696 ], [ -52.413524155739438, -24.825538385664096 ], [ -52.413428142306508, -24.825422364980206 ], [ -52.413244648159392, -24.825267456861649 ], [ -52.413010382953246, -24.825076014369934 ], [ -52.412775173288736, -24.824915767274312 ], [ -52.412380864933318, -24.824702123488876 ], [ -52.412221044895396, -24.824624005720306 ], [ -52.412045204636684, -24.824535603672903 ], [ -52.411997928219435, -24.824494331772243 ], [ -52.411934251235429, -24.824397864544405 ], [ -52.411897384399289, -24.824283041655779 ], [ -52.41190059404709, -24.824142943200979 ], [ -52.411918965046731, -24.82398772562718 ], [ -52.411881481830115, -24.823868448425898 ], [ -52.411858202782014, -24.823794370881956 ], [ -52.411690007535, -24.823684823397226 ], [ -52.411506416255712, -24.823635969900263 ], [ -52.41128720079567, -24.823560590481112 ], [ -52.411031967642096, -24.823472237784468 ], [ -52.41081479102133, -24.823404453448287 ], [ -52.410717815461943, -24.823357670587047 ], [ -52.410634983810183, -24.823292790225985 ], [ -52.41056891135662, -24.823194403979805 ], [ -52.410490758157692, -24.823051460322549 ], [ -52.410449955430913, -24.822894318797367 ], [ -52.410465159419424, -24.82274189134931 ], [ -52.410514611246676, -24.822575724290893 ], [ -52.410591433094659, -24.822417769836076 ], [ -52.41066613001643, -24.822286713173757 ], [ -52.410718191408321, -24.822130360589039 ], [ -52.410731596989919, -24.821992199665921 ], [ -52.410705715017876, -24.821862591437899 ], [ -52.410619462775543, -24.821706494783996 ], [ -52.410512830505525, -24.821529803628611 ], [ -52.410421393828265, -24.821347593783344 ], [ -52.410346789567171, -24.821141868407892 ], [ -52.410285041803377, -24.820907497514934 ], [ -52.410216625903622, -24.82063738720711 ], [ -52.410155592224697, -24.820354152150202 ], [ -52.410053161756878, -24.820099970032153 ], [ -52.409957881167848, -24.819872498486799 ], [ -52.409974493783928, -24.819737674929822 ], [ -52.410042302265452, -24.819598995558533 ], [ -52.410163829110957, -24.819474128250011 ], [ -52.410322005189904, -24.819373135112524 ], [ -52.410462257677679, -24.819284379767112 ], [ -52.410641172764137, -24.819212546853752 ], [ -52.410825847360364, -24.819171650374237 ], [ -52.410992567795546, -24.819134589489742 ], [ -52.411168164376136, -24.819077571800168 ], [ -52.411336461748682, -24.818950259435784 ], [ -52.411457563486358, -24.81874842814473 ], [ -52.41153034508762, -24.818566263579118 ], [ -52.41157778545648, -24.818333020833631 ], [ -52.411571899584082, -24.818064919785403 ], [ -52.411536608374895, -24.81779613398102 ], [ -52.411510016919628, -24.817555554523143 ], [ -52.41148202777778, -24.817288838888878 ], [ -52.411464130658231, -24.817100035974306 ], [ -52.411430188303285, -24.816880165976823 ], [ -52.411398964692452, -24.816646387154378 ], [ -52.4113794893631, -24.816455244527823 ], [ -52.411352220408318, -24.816267782781072 ], [ -52.411301141866318, -24.816060054946728 ], [ -52.411252087527274, -24.815839992386113 ], [ -52.411227576561778, -24.815631741948096 ], [ -52.411227374613901, -24.815428549179796 ], [ -52.411241817678309, -24.815210651258926 ], [ -52.411271852777176, -24.815014008207207 ], [ -52.411312595010415, -24.81485255301315 ], [ -52.411356277117989, -24.814673679871902 ], [ -52.4113774452128, -24.814506152021483 ], [ -52.411379681493784, -24.814342460244628 ], [ -52.411369300363511, -24.814096516232397 ], [ -52.411356637504241, -24.813828357281956 ], [ -52.411332999761342, -24.81361025816916 ], [ -52.411289802141454, -24.813363938416789 ], [ -52.411263800258162, -24.81311504204303 ], [ -52.411281825263046, -24.812873780767813 ], [ -52.411285592321008, -24.812630946316268 ], [ -52.411224284414473, -24.812469822792576 ], [ -52.411135071014726, -24.812372826296748 ], [ -52.410956438890523, -24.812266646394818 ], [ -52.410691232442694, -24.812123981535454 ], [ -52.410340438202816, -24.811973506811466 ], [ -52.41009223429144, -24.811861136388291 ], [ -52.409877778367616, -24.811765775850866 ], [ -52.409651740928439, -24.811669100615845 ], [ -52.409374484468422, -24.811569393690725 ], [ -52.409069758467055, -24.811461428217566 ], [ -52.408812199653575, -24.811390303162611 ], [ -52.408527469028535, -24.811332968278087 ], [ -52.40828119142401, -24.811303184350006 ], [ -52.407921681215861, -24.811261076408634 ], [ -52.407647144956918, -24.811198784627265 ], [ -52.407362337494, -24.811130532049646 ], [ -52.407129266599647, -24.811077830312421 ], [ -52.406937846847583, -24.811034714459176 ], [ -52.406766192674297, -24.811003963770883 ], [ -52.406605977952523, -24.811009168862746 ], [ -52.406482517502987, -24.811013330742675 ], [ -52.406279081046186, -24.811004432419196 ], [ -52.406104590087985, -24.81091216121267 ], [ -52.406002787373339, -24.810728252542511 ], [ -52.405925920119103, -24.810572733349595 ], [ -52.405813429046979, -24.810365101663869 ], [ -52.405775598889697, -24.810145504642801 ], [ -52.405817604443158, -24.809928322538209 ], [ -52.405857118673161, -24.809747154362515 ], [ -52.405894520429761, -24.809607562850918 ], [ -52.405932411968152, -24.809455414969353 ], [ -52.405942824390692, -24.809381587865118 ], [ -52.405961687897737, -24.809247839929856 ], [ -52.405969962268507, -24.809125025835115 ], [ -52.405961972567347, -24.808981789824667 ], [ -52.405939412863894, -24.808823914458767 ], [ -52.405887868644953, -24.808670623107464 ], [ -52.405815819790774, -24.808551109668691 ], [ -52.405719999679846, -24.808419885413638 ], [ -52.405626941472427, -24.808297893868296 ], [ -52.405525781398346, -24.808169923087558 ], [ -52.405430745928335, -24.80809113036673 ], [ -52.405424548947295, -24.808086630447267 ], [ -52.405345088939349, -24.808047148828059 ], [ -52.405265336456651, -24.808034179059867 ], [ -52.405134831286972, -24.808003645450142 ], [ -52.404955473673503, -24.807942677603972 ], [ -52.404736688189161, -24.807878764005743 ], [ -52.404557912997966, -24.807837519453059 ], [ -52.404384963118126, -24.807798730048823 ], [ -52.404167680838611, -24.807764903617237 ], [ -52.403919450860236, -24.807722137637747 ], [ -52.403656350558236, -24.807695891103407 ], [ -52.403398308980073, -24.807682435019661 ], [ -52.403114566896384, -24.807680371499085 ], [ -52.402833429804495, -24.807690707777887 ], [ -52.402570928381778, -24.80769860915726 ], [ -52.402331849340065, -24.807712008435562 ], [ -52.402088375353614, -24.807718874272592 ], [ -52.401859694231582, -24.807710075143444 ], [ -52.401639936778864, -24.807700765385984 ], [ -52.401547509888353, -24.807693271074889 ], [ -52.401397892588029, -24.807667695666247 ], [ -52.401286650240614, -24.807647822233179 ], [ -52.40114971141859, -24.807632503299477 ], [ -52.400988949944121, -24.807654994853781 ], [ -52.400800344773195, -24.807696206591601 ], [ -52.400623933600848, -24.807733744543366 ], [ -52.400467233293767, -24.807757977237692 ], [ -52.400190876209045, -24.807793052517479 ], [ -52.40008495595869, -24.807811685937249 ], [ -52.39996361122536, -24.80782955697336 ], [ -52.399820974031293, -24.807852777399816 ], [ -52.399654515230644, -24.807881950492899 ], [ -52.399452461581355, -24.80791283147817 ], [ -52.399259711387288, -24.807942553831904 ], [ -52.399101608781613, -24.807999872350099 ], [ -52.398918114619995, -24.808069454882691 ], [ -52.398684475935866, -24.808153499758358 ], [ -52.398460424861156, -24.808242237796083 ], [ -52.39829381520871, -24.808318207935802 ], [ -52.398139141591471, -24.808404804404024 ], [ -52.397977517618294, -24.808513088838914 ], [ -52.397816878613362, -24.808651072177508 ], [ -52.397657988568888, -24.808826766825064 ], [ -52.397522539287721, -24.809030538905954 ], [ -52.397436824059611, -24.809260552929928 ], [ -52.397393586579625, -24.809487152261905 ], [ -52.397363129059791, -24.809681735036449 ], [ -52.397341469750756, -24.809876247146587 ], [ -52.397346491832245, -24.810081110543219 ], [ -52.397345153254832, -24.810247272441785 ], [ -52.397329045924664, -24.810492976116649 ], [ -52.397451277794971, -24.810442452169834 ], [ -52.397463834396852, -24.810250909003592 ], [ -52.397465208662823, -24.810080296777308 ], [ -52.397460311317317, -24.809880529459509 ], [ -52.397480983530308, -24.809694880403239 ], [ -52.397510843578466, -24.809504113514674 ], [ -52.397552183930621, -24.809287455601076 ], [ -52.397630749108608, -24.809076627990404 ], [ -52.397755012655516, -24.808889683665658 ], [ -52.397903669854522, -24.808725303972174 ], [ -52.398053595873705, -24.808596522638062 ], [ -52.398205408940569, -24.808494811243836 ], [ -52.398351481631003, -24.808413030112142 ], [ -52.398510611752862, -24.808340470443682 ], [ -52.398729876919262, -24.80825362789852 ], [ -52.398962651630939, -24.808169893790478 ], [ -52.399146292087025, -24.808100255766949 ], [ -52.399291863224981, -24.808047480401804 ], [ -52.399472150213043, -24.808019679877059 ], [ -52.399675511637312, -24.807988599007981 ], [ -52.399842587925782, -24.807959317690017 ], [ -52.399983488132854, -24.807936380028298 ], [ -52.400105829997706, -24.807918362133556 ], [ -52.400208348974893, -24.807900226418013 ], [ -52.400485326080933, -24.807865072431493 ], [ -52.400647345092366, -24.807840017226155 ], [ -52.400827638220051, -24.807801653239697 ], [ -52.401011799609478, -24.80776141249849 ], [ -52.401151517384292, -24.807741865091771 ], [ -52.401267810616183, -24.807754874456187 ], [ -52.401392683508398, -24.807777037946398 ], [ -52.401531295009292, -24.807800732020215 ], [ -52.401631929654769, -24.807808891843315 ], [ -52.401854442669347, -24.807818318329854 ], [ -52.402087707464908, -24.807827293816064 ], [ -52.402337320910426, -24.807820254842188 ], [ -52.402576523216652, -24.807806848649228 ], [ -52.402837774841863, -24.807798984877405 ], [ -52.403116483901712, -24.807788737860044 ], [ -52.403394448446385, -24.807790759352709 ], [ -52.403646510219744, -24.807803903598113 ], [ -52.403901967715612, -24.807829387687718 ], [ -52.404146691872754, -24.807871549657563 ], [ -52.404360790211165, -24.807904880410319 ], [ -52.404529205753896, -24.807942652840392 ], [ -52.40470402057155, -24.807982983706999 ], [ -52.404916646918188, -24.808045098037223 ], [ -52.405099281332284, -24.80810717973652 ], [ -52.405240153451714, -24.808140138843804 ], [ -52.405305276593502, -24.808150729514704 ], [ -52.405357201799774, -24.808176529805802 ], [ -52.405436780648714, -24.808242507667572 ], [ -52.405530094318117, -24.808360552589164 ], [ -52.405621892629888, -24.808480892632854 ], [ -52.405714248686543, -24.808607373049455 ], [ -52.405777974641246, -24.80871308074779 ], [ -52.40582299766902, -24.808846978576668 ], [ -52.405843658466814, -24.808991566128267 ], [ -52.405851070792068, -24.809124453449868 ], [ -52.405843448560034, -24.809237586434644 ], [ -52.405825117001292, -24.809367561817318 ], [ -52.405815401581322, -24.809436446508656 ], [ -52.405778982030981, -24.809582683283367 ], [ -52.405741199238669, -24.809723696407222 ], [ -52.405700930151148, -24.8099083247203 ], [ -52.405655255990908, -24.810144473508537 ], [ -52.405698980531582, -24.810398287707265 ], [ -52.40581857965018, -24.810619039522511 ], [ -52.405895656586218, -24.810774983207583 ], [ -52.406014550247427, -24.810989767283232 ], [ -52.406244557149407, -24.811111395470562 ], [ -52.406481865895003, -24.811121775379853 ], [ -52.406610279899333, -24.811117446511769 ], [ -52.406756749008743, -24.811112687991535 ], [ -52.406912180129751, -24.811140532417788 ], [ -52.407100747211537, -24.811183005698197 ], [ -52.407332990490609, -24.811235520289422 ], [ -52.407617751767248, -24.811303761788771 ], [ -52.407899788998968, -24.811367755512173 ], [ -52.408253017735454, -24.811409072789377 ], [ -52.408506848200389, -24.811439770139007 ], [ -52.408782180263316, -24.811495212468834 ], [ -52.409031035100213, -24.811563933908566 ], [ -52.409331247921529, -24.811670300340403 ], [ -52.409604751950866, -24.811768657820622 ], [ -52.409826595423567, -24.811863539317283 ], [ -52.410039863735435, -24.811958371774843 ], [ -52.410288812163031, -24.812071079273608 ], [ -52.410635729212622, -24.812219890879568 ], [ -52.410893879783934, -24.812358760127786 ], [ -52.411055499978268, -24.812454828080515 ], [ -52.411119315108955, -24.812524210581309 ], [ -52.411166599504369, -24.812648479153321 ], [ -52.411163173344313, -24.812869324874526 ], [ -52.411144705647672, -24.813116508323429 ], [ -52.411171987257902, -24.81337765693053 ], [ -52.411215217857894, -24.813624166067925 ], [ -52.41123817949989, -24.813836028823516 ], [ -52.411250688481587, -24.814100934459415 ], [ -52.411260942445082, -24.814343871185855 ], [ -52.411258819557737, -24.814499251900731 ], [ -52.411239059092672, -24.814655638355148 ], [ -52.411196818480867, -24.814828608066634 ], [ -52.411154999044804, -24.814994331426675 ], [ -52.411123602995609, -24.815199883489722 ], [ -52.411108659778023, -24.815425323818129 ], [ -52.41110887054532, -24.815637593848798 ], [ -52.41113464909219, -24.815856615686393 ], [ -52.411185050149321, -24.816082720701285 ], [ -52.411235234567819, -24.816286813059229 ], [ -52.411261502625884, -24.816467395253564 ], [ -52.411280918998145, -24.816657960999493 ], [ -52.41131248175914, -24.816894280787373 ], [ -52.411350369444442, -24.817158927777765 ], [ -52.411366855473368, -24.817333891747765 ], [ -52.411391887624866, -24.817566292203221 ], [ -52.411418605591614, -24.817808018303367 ], [ -52.411453327409468, -24.818072469406239 ], [ -52.411458852032887, -24.818324126531422 ], [ -52.411415428475657, -24.818537619442949 ], [ -52.411349116093099, -24.818703591866118 ], [ -52.411243235521241, -24.81888005493202 ], [ -52.411108580405049, -24.818981917794712 ], [ -52.410958534887058, -24.819030638819687 ], [ -52.410797829427565, -24.819066362622767 ], [ -52.410602978758305, -24.819109512592998 ], [ -52.410403999908041, -24.819189400919559 ], [ -52.410284486111109, -24.819274780555549 ], [ -52.410084341373398, -24.819392650061918 ], [ -52.409941365726439, -24.819539555625422 ], [ -52.409858579404208, -24.819708866808138 ], [ -52.409836682458355, -24.819886575190349 ], [ -52.409942002900863, -24.820138016322314 ], [ -52.410040923603759, -24.820383489477159 ], [ -52.410100518535977, -24.82066004899692 ], [ -52.410169492815768, -24.820932364813856 ], [ -52.410232523894983, -24.821171607503295 ], [ -52.410247578979209, -24.821213122898094 ], [ -52.410149502216662, -24.82118841260646 ], [ -52.410043270188552, -24.8212068742816 ], [ -52.409948553552013, -24.821254444169849 ], [ -52.409872064275419, -24.821298547416855 ], [ -52.409985214803434, -24.821361465695329 ], [ -52.410083992688712, -24.821310092592924 ], [ -52.410144555582839, -24.821299567588643 ], [ -52.410198865857232, -24.821313250976424 ], [ -52.410310740011447, -24.82138729329483 ], [ -52.41041026787294, -24.821597739979364 ], [ -52.410514433362899, -24.821757041142959 ], [ -52.410591994636299, -24.82189740937395 ], [ -52.410611927001156, -24.821997224429776 ], [ -52.410601022329352, -24.822109609310058 ], [ -52.410555736783351, -24.822245612059159 ], [ -52.410484415376033, -24.822370746136301 ], [ -52.410402421423569, -24.822539334710715 ], [ -52.410347870768703, -24.822722634173761 ], [ -52.410329969529798, -24.822902101156185 ], [ -52.410378402733762, -24.823088630227552 ], [ -52.410464990241458, -24.823247000642013 ], [ -52.410543510515524, -24.823363922637437 ], [ -52.410650583378739, -24.82344779068838 ], [ -52.410767553086451, -24.823504219117016 ], [ -52.410991696820055, -24.82357417800851 ], [ -52.411245220210546, -24.823661938842083 ], [ -52.411468816512084, -24.823738824651826 ], [ -52.411637439025732, -24.823783694983547 ], [ -52.411755508093997, -24.823860594751253 ], [ -52.411798434251459, -24.82399719266909 ], [ -52.411782007772914, -24.824135979738454 ], [ -52.411778307697041, -24.824297478244798 ], [ -52.411824637842784, -24.824441775308411 ], [ -52.411904412747923, -24.824562630168714 ], [ -52.411970781465826, -24.824620569513307 ], [ -52.411978184460153, -24.824625610079007 ], [ -52.412164376004263, -24.824719216160108 ], [ -52.412322507687897, -24.824796508696654 ], [ -52.412709176441048, -24.825006013242394 ], [ -52.412935125482583, -24.825159951170676 ], [ -52.413164735456292, -24.825347589464254 ], [ -52.413339770459153, -24.825495356346089 ], [ -52.413444800755329, -24.825626776120725 ], [ -52.413480785674096, -24.825756615427206 ], [ -52.413507923653384, -24.825911198333721 ], [ -52.413604023778937, -24.826052391183698 ], [ -52.413724372391364, -24.826185342926635 ], [ -52.413846007977192, -24.826308168024227 ], [ -52.413995798325622, -24.826413296306566 ], [ -52.414197310881079, -24.826470554554877 ], [ -52.414380951485455, -24.826506985491353 ], [ -52.414459279567836, -24.826530886065086 ], [ -52.414555512648214, -24.826608596349814 ], [ -52.414725867670064, -24.826767527947432 ], [ -52.414906534160558, -24.826935756921319 ], [ -52.415083846403668, -24.827111382413861 ], [ -52.415228356886118, -24.827295174328405 ], [ -52.415375590349505, -24.827464720189617 ], [ -52.415513932412864, -24.827600620188239 ], [ -52.415693375174925, -24.827709949128078 ], [ -52.41588116647128, -24.827738705314079 ], [ -52.416072391300624, -24.82769007760767 ], [ -52.416322539401925, -24.827602705643969 ], [ -52.416589384283348, -24.82750790993078 ], [ -52.416816035292108, -24.827441165027111 ], [ -52.416939983541347, -24.827421927076639 ], [ -52.417038958077448, -24.82742037385184 ], [ -52.417640419965849, -24.827538077830344 ], [ -52.417850322503838, -24.82757438000117 ], [ -52.418169433501163, -24.827608123216983 ], [ -52.418441479242738, -24.827632114766132 ], [ -52.418612388584791, -24.827657212990676 ], [ -52.418770701523229, -24.827714729113882 ], [ -52.418973218501286, -24.827802030260695 ], [ -52.419209758170062, -24.82789039486974 ], [ -52.419419809111957, -24.827940090558929 ], [ -52.419650622444941, -24.827942178780877 ], [ -52.419795031164114, -24.827911937617642 ], [ -52.420089370158422, -24.827850298528908 ], [ -52.420234122366658, -24.827848045373308 ], [ -52.420339340945532, -24.827927088076155 ], [ -52.420417541105238, -24.828064079226039 ], [ -52.420453181209844, -24.828263117559406 ], [ -52.420475421870748, -24.828495747073784 ], [ -52.420508693459588, -24.828706857807386 ], [ -52.420523260119154, -24.828814652309426 ], [ -52.420543578013095, -24.828976564129981 ], [ -52.420573595501978, -24.829189764614597 ], [ -52.420599271333245, -24.82938013182741 ], [ -52.420632087299509, -24.829640945205384 ], [ -52.420667720056962, -24.829913289057181 ], [ -52.420689653564253, -24.830119459299986 ], [ -52.420701372247052, -24.830311636772187 ], [ -52.420710970596787, -24.830450278873649 ], [ -52.420775441576275, -24.830600018534355 ], [ -52.420954036232921, -24.830732297099839 ], [ -52.421170036824464, -24.830820223240355 ], [ -52.421372709450118, -24.830918420563858 ], [ -52.421482956353245, -24.830986574726865 ], [ -52.421584018109222, -24.831045342657642 ], [ -52.421717323742101, -24.831116692391692 ], [ -52.421925249832732, -24.831206087692596 ], [ -52.422159202812999, -24.831298696814404 ], [ -52.422415967013592, -24.831397186224983 ], [ -52.422646608231979, -24.831506219287888 ], [ -52.422819899694282, -24.831676250811025 ], [ -52.422929798843668, -24.831876374313918 ], [ -52.423046572665321, -24.832097878086085 ], [ -52.423209980586023, -24.832294888532289 ], [ -52.423603353034522, -24.832590096603607 ], [ -52.423828076256079, -24.832749797377229 ], [ -52.424050153606487, -24.83287009414552 ], [ -52.424272216072502, -24.832982179045558 ], [ -52.424450694799241, -24.833074654753421 ], [ -52.424546154475593, -24.833121868624797 ], [ -52.424692513156558, -24.833198842688532 ], [ -52.424846516269582, -24.83327320332134 ], [ -52.425029962283375, -24.833350392703988 ], [ -52.425191629540961, -24.833421633524825 ], [ -52.425339950732663, -24.833503114467131 ], [ -52.425483961516598, -24.833610461499926 ], [ -52.425604931457585, -24.833723368867009 ], [ -52.42570161586054, -24.833825779546959 ], [ -52.425798918930944, -24.833937575039478 ], [ -52.425927057531986, -24.834076237368244 ], [ -52.426060311172492, -24.834212465500389 ], [ -52.426183578925254, -24.834338226645059 ], [ -52.426308476855738, -24.834455667190895 ], [ -52.426432337036623, -24.834567524136069 ], [ -52.42655243704764, -24.83467508679011 ], [ -52.426662941084892, -24.834772251282757 ], [ -52.426762379638248, -24.834862019717907 ], [ -52.426854415956328, -24.834949841413053 ], [ -52.426952521480239, -24.835045610381705 ], [ -52.427050021617383, -24.835129232938613 ], [ -52.427142812704083, -24.835205272097383 ], [ -52.427196255151124, -24.83510355951325 ], [ -52.427130297043696, -24.835049392681263 ], [ -52.427036632142958, -24.834969059517153 ], [ -52.426940688457549, -24.834875400952999 ], [ -52.42684704869891, -24.834786049295648 ], [ -52.426745884939557, -24.834694723475426 ], [ -52.426635211001837, -24.834597409642637 ], [ -52.426515676636107, -24.834490353641858 ], [ -52.426392843436226, -24.834379424213655 ], [ -52.426270462012653, -24.834264349986775 ], [ -52.426148844776371, -24.834140272823781 ], [ -52.426016743737449, -24.834005223112637 ], [ -52.425890805664253, -24.833868942134789 ], [ -52.425793112465932, -24.833756698493907 ], [ -52.425692439676084, -24.83365006328243 ], [ -52.425564212668654, -24.833530382593128 ], [ -52.425408471638676, -24.833414291762651 ], [ -52.425248179742375, -24.833326234675575 ], [ -52.425080636961624, -24.833252404736196 ], [ -52.424899175768644, -24.83317605052283 ], [ -52.424749937207878, -24.833103990468473 ], [ -52.424713897540748, -24.833085036239169 ], [ -52.424720067655123, -24.833077846708811 ], [ -52.42491405742588, -24.832851805736951 ], [ -52.42501335655502, -24.832748060983377 ], [ -52.425107310081373, -24.832661498929937 ], [ -52.425220073589891, -24.832567495409904 ], [ -52.425356155771539, -24.832471597225261 ], [ -52.425469879338635, -24.832405807340926 ], [ -52.425601507387235, -24.832358141708127 ], [ -52.425738706869666, -24.832323194833464 ], [ -52.425867006220791, -24.832299072975658 ], [ -52.425972707394756, -24.832303593811691 ], [ -52.426084769681054, -24.832351084084085 ], [ -52.426220832489584, -24.832407996828394 ], [ -52.426364436958551, -24.832434628980046 ], [ -52.426514352887111, -24.832427482929742 ], [ -52.426651465429082, -24.832424778598643 ], [ -52.426784723928542, -24.832434551108143 ], [ -52.426903329607114, -24.832464704813287 ], [ -52.427033108897355, -24.832516677600591 ], [ -52.427188943361202, -24.83257240194974 ], [ -52.427360107285224, -24.832616261766514 ], [ -52.427540910172347, -24.832643954141361 ], [ -52.427683257333534, -24.83266768976172 ], [ -52.42783898357532, -24.832688919561519 ], [ -52.427996845739365, -24.832705640220698 ], [ -52.428227658467968, -24.832709067196998 ], [ -52.428274036765075, -24.832601393761379 ], [ -52.428004674916991, -24.832597394464504 ], [ -52.427854602812076, -24.832581498915406 ], [ -52.427702703505766, -24.832560790827042 ], [ -52.427561407347504, -24.832537230449095 ], [ -52.427386056249631, -24.832510373086325 ], [ -52.4272267432994, -24.832469550011989 ], [ -52.427078639959802, -24.832416590208428 ], [ -52.426943316676486, -24.832362397210545 ], [ -52.42680560131123, -24.832327385150428 ], [ -52.426654946864126, -24.832316336906203 ], [ -52.426509972606638, -24.832319196293806 ], [ -52.426373303452657, -24.832325710911899 ], [ -52.426257874441553, -24.832304304032096 ], [ -52.426134507842747, -24.832252701890397 ], [ -52.426001561362497, -24.832196361207213 ], [ -52.42585766142377, -24.832190206609514 ], [ -52.425710735572729, -24.832217830477834 ], [ -52.42556354696643, -24.832255321730994 ], [ -52.425415726878292, -24.832308850869442 ], [ -52.425287943178141, -24.832382774616498 ], [ -52.4251436224786, -24.832484478502241 ], [ -52.425025044545151, -24.832583329069141 ], [ -52.424926385200976, -24.832674226664388 ], [ -52.42482254570745, -24.832782714968396 ], [ -52.424645648979656, -24.832988838627639 ], [ -52.424610101747412, -24.833030258880278 ], [ -52.424508297291226, -24.832979906923846 ], [ -52.424330260271219, -24.83288766009062 ], [ -52.424109200605457, -24.832776081366355 ], [ -52.423895116723507, -24.832660114594379 ], [ -52.42367680450706, -24.83250496987938 ], [ -52.423478603944218, -24.832360964138999 ], [ -52.423296779969597, -24.832220013199926 ], [ -52.423148410110741, -24.832041133331437 ], [ -52.423036451205896, -24.831828763103772 ], [ -52.422915041293869, -24.83160597013071 ], [ -52.422901985173283, -24.831593485425913 ], [ -52.42271881570867, -24.831418332179361 ], [ -52.422466355215256, -24.831298984327603 ], [ -52.422205829428869, -24.831199052058814 ], [ -52.421974184406942, -24.831107356534776 ], [ -52.421772768575266, -24.831020760249292 ], [ -52.421602715083111, -24.830929741773549 ], [ -52.421434015982392, -24.83082545279121 ], [ -52.421222117217255, -24.8307227853062 ], [ -52.421016698452171, -24.830639166671094 ], [ -52.420874517750939, -24.83053385865017 ], [ -52.420828285138313, -24.830426479445642 ], [ -52.420819899206045, -24.830305351586997 ], [ -52.420809344163395, -24.830123729728374 ], [ -52.420800526464511, -24.83004553751832 ], [ -52.420785764253885, -24.829901640148943 ], [ -52.420750006424747, -24.829628342335045 ], [ -52.420717165617141, -24.829367333476839 ], [ -52.42069139195452, -24.829176242250458 ], [ -52.420661438176353, -24.828963495696172 ], [ -52.420631554507437, -24.828725356514678 ], [ -52.420593408083107, -24.828483316107963 ], [ -52.420578033353245, -24.828322503526149 ], [ -52.420564670722278, -24.828213924356458 ], [ -52.420531637055383, -24.828029443002016 ], [ -52.420433461663308, -24.827857459450545 ], [ -52.420300297955343, -24.827757423749031 ], [ -52.420251606127408, -24.827685485741984 ], [ -52.420210677714039, -24.827604172942639 ], [ -52.420204960721307, -24.827479919148459 ], [ -52.420231371357247, -24.827319894232147 ], [ -52.420290340610443, -24.827120275035163 ], [ -52.420362410029746, -24.826896595032728 ], [ -52.420422567771247, -24.826681253501402 ], [ -52.420453528348219, -24.826460565566261 ], [ -52.420456760708738, -24.8262931983895 ], [ -52.420448987150536, -24.825989296854878 ], [ -52.42044457188878, -24.8257256206957 ], [ -52.420433587794641, -24.825471577026718 ], [ -52.420410250517833, -24.825256651951381 ], [ -52.420394378674629, -24.825093065592252 ], [ -52.420378040417006, -24.824906875137497 ], [ -52.420372306470831, -24.824831878944838 ], [ -52.42035700270003, -24.824686219839041 ], [ -52.420335553783623, -24.824453804421612 ], [ -52.420315559945905, -24.824187682270811 ], [ -52.420307167144358, -24.823901872842058 ], [ -52.420289491466029, -24.823651568412235 ], [ -52.420279904635784, -24.823458409587687 ], [ -52.420268230026274, -24.823273990052794 ], [ -52.420260035103418, -24.823091948909575 ], [ -52.420242580174289, -24.822925052334771 ], [ -52.420243822186819, -24.822925040536514 ], [ -52.420227607530613, -24.822795756034999 ], [ -52.420199447866707, -24.822657860531951 ], [ -52.420180128397192, -24.822514267127787 ], [ -52.420164873505279, -24.822327168625478 ], [ -52.420164441419608, -24.822206219192708 ], [ -52.420169493663984, -24.822058647367697 ], [ -52.420155790532803, -24.821804949031286 ], [ -52.420153932602339, -24.821759085274206 ], [ -52.420151655479387, -24.821589618239322 ], [ -52.420153323137335, -24.8214769038564 ], [ -52.420149648222761, -24.821334354537555 ], [ -52.420151184334898, -24.821192158495666 ], [ -52.420134902571704, -24.821055336730414 ], [ -52.420090226104428, -24.820916970158532 ], [ -52.420034556196789, -24.82076525097256 ], [ -52.420007131400418, -24.820620276662012 ], [ -52.420003129931459, -24.820476237141385 ], [ -52.420002599302613, -24.820313367390369 ], [ -52.419995549064815, -24.820083941457288 ], [ -52.419982461063007, -24.819818344916584 ], [ -52.41998771535583, -24.819599832848201 ], [ -52.420013371113264, -24.819407180031771 ], [ -52.42003282516454, -24.819192206849952 ], [ -52.420027178525572, -24.819100052954894 ], [ -52.420018380452774, -24.818954440551352 ], [ -52.419988907666657, -24.818711647545619 ], [ -52.419955264854465, -24.818487927983885 ], [ -52.419937136061513, -24.818295525166938 ], [ -52.419915211079783, -24.818095557163836 ], [ -52.41988310614277, -24.817913332469086 ], [ -52.419876845663147, -24.817750573006322 ], [ -52.419933668786612, -24.817593641027926 ], [ -52.42003612632648, -24.817450371572026 ], [ -52.42012858453613, -24.817284286892683 ], [ -52.420209165046558, -24.817094722786614 ], [ -52.42026387813501, -24.816882660910849 ], [ -52.420304886981363, -24.816671845161139 ], [ -52.420287284293607, -24.816469284704766 ], [ -52.420198170862591, -24.816315321281905 ], [ -52.420080472169118, -24.816184630066747 ], [ -52.419972084759152, -24.816050936888587 ], [ -52.419918198454411, -24.815971840814729 ], [ -52.419880829772119, -24.815919579241477 ], [ -52.419823781632729, -24.815814419935549 ], [ -52.419809748888063, -24.815774662818214 ], [ -52.419801410421691, -24.815746522487558 ], [ -52.419776127875991, -24.815668721151464 ], [ -52.419749245475209, -24.815537730398766 ], [ -52.419751424736312, -24.815386133982386 ], [ -52.41983355470267, -24.815248906204747 ], [ -52.419963770728415, -24.815144085033104 ], [ -52.420063124981532, -24.81505978729674 ], [ -52.420117727254748, -24.815014214111379 ], [ -52.420163045941734, -24.814981887084734 ], [ -52.420275151303272, -24.814934900695086 ], [ -52.420373328044363, -24.814929762775545 ], [ -52.420480939028657, -24.814959712372445 ], [ -52.420775900867575, -24.815086959064793 ], [ -52.420813044193949, -24.815104935393546 ], [ -52.420949955570869, -24.815157425400148 ], [ -52.421101046117826, -24.815205755766051 ], [ -52.421297671022096, -24.815237914653707 ], [ -52.421531204428611, -24.815214427264447 ], [ -52.421724150048291, -24.815170990300793 ], [ -52.421839740096942, -24.815135245483781 ], [ -52.421965314641298, -24.815094381949361 ], [ -52.422019632095626, -24.815100729516296 ], [ -52.422084699299063, -24.815136733624612 ], [ -52.422178034428079, -24.815228010367331 ], [ -52.422292949224762, -24.815358832033002 ], [ -52.422518851134484, -24.815595465813356 ], [ -52.422640237431573, -24.815758132106147 ], [ -52.422663536682833, -24.815798640334737 ], [ -52.422743506834934, -24.815943454785241 ], [ -52.422835457424689, -24.816105038367695 ], [ -52.422958275449922, -24.816239374723736 ], [ -52.423112231567799, -24.816307840430103 ], [ -52.423268162065597, -24.816355769095438 ], [ -52.423412256418253, -24.816437037658659 ], [ -52.423546126462924, -24.816541141585976 ], [ -52.423648259762906, -24.816678437517925 ], [ -52.423756634562061, -24.816862486422306 ], [ -52.423896074652568, -24.817042949544938 ], [ -52.424017189334549, -24.817230094036301 ], [ -52.424107316475535, -24.817378272826115 ], [ -52.424196489345682, -24.817535356440345 ], [ -52.424279093434606, -24.817682783936991 ], [ -52.424346329585532, -24.817794176957399 ], [ -52.424434365904084, -24.817912780213909 ], [ -52.424521346062043, -24.818033679713039 ], [ -52.424590915652303, -24.818154145250087 ], [ -52.424654475284576, -24.81831493578153 ], [ -52.424772745580974, -24.818294866774487 ], [ -52.424699782911844, -24.818110289254818 ], [ -52.424623707263308, -24.817978558124018 ], [ -52.424533129001034, -24.817852657517559 ], [ -52.424447674495291, -24.817737532621905 ], [ -52.424383955231079, -24.817631966316 ], [ -52.424302040096507, -24.817485768640431 ], [ -52.424211937003776, -24.81732704660697 ], [ -52.424120210824981, -24.817176239024072 ], [ -52.423995851061889, -24.816984080512718 ], [ -52.423980185997756, -24.816963806868827 ], [ -52.4239855778535, -24.816910189633074 ], [ -52.424014451881746, -24.816775793733047 ], [ -52.424031429331713, -24.816613246745074 ], [ -52.424028082124352, -24.816443285769633 ], [ -52.424029824971612, -24.816273314849713 ], [ -52.424043739906061, -24.816133042920072 ], [ -52.424057880003261, -24.815965614382343 ], [ -52.424081047188544, -24.815807905372658 ], [ -52.424143088704433, -24.815676100592825 ], [ -52.42423845043016, -24.815689065717038 ], [ -52.424269917460919, -24.815701628803723 ], [ -52.42445134010007, -24.815770271807736 ], [ -52.424476195914146, -24.815661920416861 ], [ -52.424316300448396, -24.815601886363371 ], [ -52.424271559007188, -24.815584023518522 ], [ -52.424172583211686, -24.815570567040854 ], [ -52.424179470711522, -24.815506108362044 ], [ -52.424123435063663, -24.815363221622203 ], [ -52.424102485288792, -24.815309801155571 ], [ -52.423922008665514, -24.815080066983899 ], [ -52.423681227847744, -24.814798015397773 ], [ -52.423417813030277, -24.814514228560046 ], [ -52.423291493918931, -24.814308963154105 ], [ -52.423240382552251, -24.814243433635944 ], [ -52.423009925034236, -24.814059900984002 ], [ -52.42282815356657, -24.813878151902859 ], [ -52.422793019651373, -24.813706048625328 ], [ -52.422763071928685, -24.813521231286646 ], [ -52.422626569762507, -24.813148717738237 ], [ -52.422502044341478, -24.812898951059232 ], [ -52.422441039028094, -24.812814901233203 ], [ -52.422308040473446, -24.81260180350186 ], [ -52.422276646244441, -24.812535080807265 ], [ -52.422210352645649, -24.81244932899375 ], [ -52.422158677235664, -24.812382319850933 ], [ -52.422110273397088, -24.812310061630715 ], [ -52.422085660914711, -24.812241264147406 ], [ -52.422066137615253, -24.812170768844972 ], [ -52.422016543978565, -24.812082176502798 ], [ -52.421940994568303, -24.812021514679049 ], [ -52.421912429365499, -24.811990957227561 ], [ -52.421888092880756, -24.811960872195336 ], [ -52.421870097887499, -24.81193459258084 ], [ -52.421804828951807, -24.811865354969267 ], [ -52.421788418593131, -24.811846440438853 ], [ -52.421756428771623, -24.811805229290968 ], [ -52.421694561184715, -24.811731478788687 ], [ -52.421620471138553, -24.811654832449058 ], [ -52.42154912243965, -24.811603920717911 ], [ -52.42147140100397, -24.811552639027767 ], [ -52.421339400267783, -24.811481497745302 ], [ -52.421211413432218, -24.811412107186101 ], [ -52.421086484477712, -24.811338465529698 ], [ -52.420937652403012, -24.811237216817418 ], [ -52.420800379334061, -24.81111443459897 ], [ -52.420662206245289, -24.810978715849963 ], [ -52.420550049393199, -24.810853896428611 ], [ -52.420437697295604, -24.810684041821343 ], [ -52.420386710628975, -24.81058618713735 ], [ -52.420377452777778, -24.810562666666666 ], [ -52.420359732882567, -24.810524950573964 ], [ -52.4202774208158, -24.810372928901479 ], [ -52.420230798716752, -24.810285998955351 ], [ -52.420154823003124, -24.810153372289637 ], [ -52.420050226040217, -24.809978535400592 ], [ -52.419955440395739, -24.809809798043986 ], [ -52.41985716407072, -24.809641670090276 ], [ -52.419769435194404, -24.809498859821339 ], [ -52.419704647158184, -24.809395167422522 ], [ -52.419611454566592, -24.809256386788821 ], [ -52.419502456319876, -24.809105913104045 ], [ -52.419407693765741, -24.80896668724316 ], [ -52.419332972307792, -24.808837513279343 ], [ -52.419216760732859, -24.808618729351579 ], [ -52.419103292091187, -24.808402715850164 ], [ -52.4190245646029, -24.808242236522222 ], [ -52.418976939030593, -24.808106839373735 ], [ -52.418948734699605, -24.80798527701668 ], [ -52.41893054265558, -24.807843363262606 ], [ -52.418913378383841, -24.807682994191286 ], [ -52.418904995885192, -24.807571452024959 ], [ -52.41890288489779, -24.807457331407612 ], [ -52.41888716046261, -24.807340284490341 ], [ -52.418865358127569, -24.807194787668035 ], [ -52.418839657038447, -24.807082393351578 ], [ -52.418831117894548, -24.807036434945363 ], [ -52.418823013967035, -24.806991122004725 ], [ -52.418819296991266, -24.806964365611659 ], [ -52.418809436037542, -24.806904856411421 ], [ -52.418791942666545, -24.806771913009484 ], [ -52.418727368443562, -24.806576902681439 ], [ -52.418565951537879, -24.806241185144973 ], [ -52.418486429609651, -24.80612312025853 ], [ -52.418396357336469, -24.806021396574806 ], [ -52.418288633677136, -24.805886723427708 ], [ -52.418195093332578, -24.805737477172954 ], [ -52.418092366756454, -24.805539424913736 ], [ -52.418018906254517, -24.805349539739748 ], [ -52.41797729649906, -24.805132212439535 ], [ -52.417923531563709, -24.804909562433153 ], [ -52.417865243339861, -24.804691742289712 ], [ -52.417791810246399, -24.804492914376027 ], [ -52.417709528219241, -24.804317660270812 ], [ -52.417652024794791, -24.804207118235073 ], [ -52.417595031931981, -24.804115404479823 ], [ -52.417549355468779, -24.804037757227036 ], [ -52.41760636846314, -24.803913950333381 ], [ -52.417669710319352, -24.803753558101242 ], [ -52.417740901394389, -24.803606254181872 ], [ -52.417843941517795, -24.803533494947814 ], [ -52.417978657131712, -24.803500237442616 ], [ -52.418161333978055, -24.803515680266759 ], [ -52.418373420337723, -24.803566784899278 ], [ -52.418565492477804, -24.803627609816296 ], [ -52.418697196430692, -24.803677365207932 ], [ -52.41874607622767, -24.803695831078304 ], [ -52.418887754463292, -24.803781802947096 ], [ -52.419011344686233, -24.803883254776434 ], [ -52.419133141217095, -24.803989069577185 ], [ -52.419225839317747, -24.804099252722995 ], [ -52.419248270376649, -24.804233259574456 ], [ -52.419249086594192, -24.804438112834902 ], [ -52.419252818277322, -24.804621990410183 ], [ -52.419304219819004, -24.804821330480696 ], [ -52.419413565599264, -24.805005497016193 ], [ -52.419514293832165, -24.805153935781558 ], [ -52.419617070761355, -24.805279629309172 ], [ -52.419748751543239, -24.805390870594636 ], [ -52.419907129827457, -24.805431030677717 ], [ -52.420085153149657, -24.805404327752214 ], [ -52.42030692615694, -24.805375475260682 ], [ -52.420543044209403, -24.805356705040172 ], [ -52.420813191013607, -24.805353567659878 ], [ -52.421067531447434, -24.805356195013761 ], [ -52.421294806830751, -24.805351836767027 ], [ -52.421524817359249, -24.805357296474032 ], [ -52.421756305212902, -24.805386485243062 ], [ -52.421993565826682, -24.805417696056129 ], [ -52.422216596604159, -24.805456161454035 ], [ -52.422467681759564, -24.805521112266014 ], [ -52.422715260799862, -24.805594045371929 ], [ -52.422948575425011, -24.805663960124651 ], [ -52.423188827037052, -24.80573732802754 ], [ -52.423376743585528, -24.805785904212353 ], [ -52.423585285884201, -24.80580444695806 ], [ -52.423726313203318, -24.805811914681165 ], [ -52.423820878544731, -24.805816922059737 ], [ -52.424053297664813, -24.805854523329213 ], [ -52.424265153220318, -24.805928062386425 ], [ -52.424479434121146, -24.806004239107381 ], [ -52.424643725545415, -24.80604923800777 ], [ -52.424843813168003, -24.806101480296405 ], [ -52.42502328804634, -24.806138390965241 ], [ -52.425202085379965, -24.806185553192154 ], [ -52.425361084027045, -24.806242058378896 ], [ -52.425529800808761, -24.806312374171331 ], [ -52.425716906078684, -24.806400948578112 ], [ -52.425906333901359, -24.806504372520259 ], [ -52.426045024038963, -24.806605002775882 ], [ -52.426215257652963, -24.806723099371442 ], [ -52.426407600169199, -24.806814700533984 ], [ -52.426593739908611, -24.806866312311939 ], [ -52.426848501305301, -24.80693998198192 ], [ -52.427089869122526, -24.807017097553082 ], [ -52.42731508768172, -24.807093393052558 ], [ -52.42739348099947, -24.807119146899858 ], [ -52.427547437787617, -24.807169724777079 ], [ -52.427785808209578, -24.807245734607658 ], [ -52.427993371671022, -24.807304428124127 ], [ -52.428210538497851, -24.807371349438725 ], [ -52.428384651585887, -24.807435239295959 ], [ -52.428509083728102, -24.807497002978536 ], [ -52.42857352229975, -24.807540060258393 ], [ -52.428875227592648, -24.807780240211674 ], [ -52.428979797617167, -24.807869660857023 ], [ -52.42907131953266, -24.807959533208887 ], [ -52.429199292266141, -24.808064033558527 ], [ -52.429362741700295, -24.808170684823828 ], [ -52.429545814093139, -24.808283983851069 ], [ -52.429719710249572, -24.808397671384622 ], [ -52.429910820378481, -24.80851756443063 ], [ -52.430100377418405, -24.808601164177507 ], [ -52.430261812108256, -24.808655514041469 ], [ -52.430428854168817, -24.808715720019013 ], [ -52.430599526410653, -24.808775756830027 ], [ -52.430742156455864, -24.808831317335745 ], [ -52.430913776493455, -24.808900611571445 ], [ -52.431122335860231, -24.808985678825753 ], [ -52.431326122892656, -24.809037921418518 ], [ -52.431550831080791, -24.809060780585785 ], [ -52.431812837789181, -24.809099185332833 ], [ -52.432057560921045, -24.809164499646123 ], [ -52.432189669015877, -24.809211280772555 ], [ -52.432280337681348, -24.809243387589948 ], [ -52.432496318223855, -24.809299509880567 ], [ -52.432728114525162, -24.809351370789866 ], [ -52.432930318657029, -24.809373350818085 ], [ -52.433125230188153, -24.809366066086664 ], [ -52.433329155354471, -24.809355642767109 ], [ -52.433559149444221, -24.809347116805171 ], [ -52.433718083023948, -24.80934683845711 ], [ -52.433877132063699, -24.809369918817019 ], [ -52.433974245946196, -24.809368001434851 ], [ -52.434056472256422, -24.809354481333362 ], [ -52.434423190738578, -24.809261620009444 ], [ -52.434620633580984, -24.8091881956199 ], [ -52.434819006371157, -24.80913589617041 ], [ -52.435021067847487, -24.809133352779387 ], [ -52.435253102698454, -24.809159854791595 ], [ -52.435482384007393, -24.809097537500897 ], [ -52.435659372294054, -24.808984630735349 ], [ -52.435847953358184, -24.808873943065358 ], [ -52.436032000160147, -24.808740831514104 ], [ -52.436158007318326, -24.808603446043065 ], [ -52.436242849542928, -24.808528615577099 ], [ -52.436309639105737, -24.808533603058894 ], [ -52.436347737196044, -24.808565388039813 ], [ -52.436379379860412, -24.808669651992169 ], [ -52.436391769352511, -24.808840255040717 ], [ -52.436379560775521, -24.809007197882259 ], [ -52.436342021724016, -24.809166677450474 ], [ -52.43630437281238, -24.809312085300384 ], [ -52.436269792885533, -24.809456255438594 ], [ -52.436239985858371, -24.809588395616011 ], [ -52.436224416226416, -24.809718705566034 ], [ -52.436222037142919, -24.809852955531582 ], [ -52.436228826278693, -24.809970911882722 ], [ -52.436223996922905, -24.81010338631463 ], [ -52.436172011646178, -24.810256879850826 ], [ -52.436083948007642, -24.810449489251251 ], [ -52.436010315465218, -24.810729373658035 ], [ -52.435893167177625, -24.811062488668664 ], [ -52.435751869419462, -24.811490374336174 ], [ -52.435611520314083, -24.811869541921414 ], [ -52.435432861216484, -24.812286392451963 ], [ -52.435370786557492, -24.812506409596367 ], [ -52.435360548891069, -24.812755633513511 ], [ -52.435285037025487, -24.813048922753197 ], [ -52.435185694946455, -24.813271172742091 ], [ -52.435049129914113, -24.813521866364898 ], [ -52.434880461253172, -24.813750651224154 ], [ -52.434707755156552, -24.813909416982007 ], [ -52.434651269449581, -24.813984541183565 ], [ -52.434597394817118, -24.814056192638187 ], [ -52.434413161708321, -24.814219191814178 ], [ -52.434192818353878, -24.814445977800023 ], [ -52.433741787256913, -24.814982418320202 ], [ -52.433496252015807, -24.815256386875131 ], [ -52.433433056845352, -24.815336191656165 ], [ -52.433305008814692, -24.815497894217522 ], [ -52.433144384816138, -24.815745014510433 ], [ -52.432956749946428, -24.816007083317178 ], [ -52.432785653312564, -24.816218481818133 ], [ -52.432643573433189, -24.816463622201784 ], [ -52.432405531644605, -24.816741016157344 ], [ -52.432248648757245, -24.816933995051834 ], [ -52.431994804925438, -24.817179490108231 ], [ -52.431864022699223, -24.8172840925907 ], [ -52.431724477958518, -24.8174841555971 ], [ -52.431577350209757, -24.817724496536485 ], [ -52.43139444662927, -24.817875967203133 ], [ -52.431128828068864, -24.818008177432841 ], [ -52.43086384516036, -24.818154176343011 ], [ -52.430639735749267, -24.818336497236249 ], [ -52.430425401884698, -24.818583110568799 ], [ -52.430341202921277, -24.818848511419354 ], [ -52.430443077225057, -24.819125435904262 ], [ -52.430478238660115, -24.819319517918348 ], [ -52.430599892440654, -24.819504935920364 ], [ -52.430875671370735, -24.819646354621835 ], [ -52.431205670278899, -24.819708613776434 ], [ -52.431552939650146, -24.819752775422437 ], [ -52.431890250008713, -24.819802827334382 ], [ -52.432179503858649, -24.81983496416402 ], [ -52.432350292520326, -24.819809924642929 ], [ -52.432558214224365, -24.819723780261175 ], [ -52.432799252600276, -24.819579952628608 ], [ -52.432992396127133, -24.819493161562995 ], [ -52.433167505152895, -24.819475384045688 ], [ -52.433308442732908, -24.819489702855304 ], [ -52.433454771709137, -24.819504569268716 ], [ -52.433834233157043, -24.819534439200538 ], [ -52.434201375980336, -24.819570583314626 ], [ -52.434665231345932, -24.819604845129064 ], [ -52.435089365326832, -24.819634793177734 ], [ -52.435463444816897, -24.819668363537772 ], [ -52.435733741520608, -24.819687797235936 ], [ -52.43588727645011, -24.819699108207129 ], [ -52.435988601888965, -24.819729338110221 ], [ -52.436043763093821, -24.819785146999884 ], [ -52.436122068396301, -24.819964242249657 ], [ -52.436174248586781, -24.820195107269342 ], [ -52.436213037335548, -24.820465829389171 ], [ -52.436228925438051, -24.820665960937411 ], [ -52.436267202468649, -24.820937198008664 ], [ -52.436272598602287, -24.821148033973479 ], [ -52.436276224651934, -24.821363553460241 ], [ -52.436299962335909, -24.82155664850454 ], [ -52.436355917766761, -24.821799485623178 ], [ -52.436365035448652, -24.822079867732572 ], [ -52.436374402497329, -24.822378786601824 ], [ -52.436374092708604, -24.822542619680522 ], [ -52.436365823962653, -24.822896126323482 ], [ -52.436377205896761, -24.823075670052923 ], [ -52.436420354291251, -24.823216596497215 ], [ -52.436540271921366, -24.823388963433175 ], [ -52.436730452605801, -24.823515772743438 ], [ -52.436854539788307, -24.823619439893243 ], [ -52.436934763870148, -24.823796017062595 ], [ -52.437052449332413, -24.824093102867504 ], [ -52.437137205786044, -24.824255762599343 ], [ -52.437219073695019, -24.824371814144008 ], [ -52.437337123885122, -24.824497062692039 ], [ -52.437385805747908, -24.8245323628494 ], [ -52.437398120485902, -24.824396182805579 ], [ -52.437314440886425, -24.82430685021254 ], [ -52.437241148562173, -24.824202955067044 ], [ -52.437162136945695, -24.824051320737944 ], [ -52.437045478443437, -24.823756828028301 ], [ -52.436954120500516, -24.82355574502246 ], [ -52.436805779491458, -24.82343181538144 ], [ -52.436628450368218, -24.823313575342002 ], [ -52.436529974033995, -24.823172027798208 ], [ -52.436494986569052, -24.82305775599912 ], [ -52.436484647160789, -24.822894659968526 ], [ -52.436492719837162, -24.822590420381299 ], [ -52.436493122558439, -24.822377331007466 ], [ -52.436483701944077, -24.822076711901992 ], [ -52.436474268516257, -24.821786628590637 ], [ -52.436417305615933, -24.821539420247387 ], [ -52.436394838922666, -24.82135666552341 ], [ -52.436391293280153, -24.821145937058041 ], [ -52.436385740538761, -24.820928990217713 ], [ -52.436347091291395, -24.820655117405842 ], [ -52.436331194679745, -24.820454881050164 ], [ -52.436291396293228, -24.820177114084583 ], [ -52.436236216169149, -24.819932977201852 ], [ -52.436146146652845, -24.819726975928138 ], [ -52.436059870887192, -24.819639687194577 ], [ -52.436108728788149, -24.81961987357495 ], [ -52.436196779011141, -24.819604910285086 ], [ -52.436351892961824, -24.819621143366575 ], [ -52.436552419705372, -24.819658261191076 ], [ -52.436740548303085, -24.819687411191797 ], [ -52.436952935963625, -24.819703888492604 ], [ -52.437120971629319, -24.81971960689264 ], [ -52.437330223149772, -24.819730353126868 ], [ -52.437444185807138, -24.819711313959672 ], [ -52.437519816079117, -24.819698678740263 ], [ -52.43764522189867, -24.819511876615646 ], [ -52.437689701432554, -24.819381058411508 ], [ -52.437771815272242, -24.819321536764932 ], [ -52.437965668568573, -24.819212770582386 ], [ -52.438118857798436, -24.819152519208288 ], [ -52.438123681218009, -24.819031906968132 ], [ -52.437910806459698, -24.819116368503813 ], [ -52.437703567889145, -24.819232644785966 ], [ -52.437587179446865, -24.819317010914016 ], [ -52.437536241122814, -24.819466824630577 ], [ -52.437446289479155, -24.819600814757237 ], [ -52.437322765624302, -24.819621451276664 ], [ -52.437130363282996, -24.819611570326799 ], [ -52.436964016254549, -24.81959600987657 ], [ -52.436755536934271, -24.819579835785557 ], [ -52.436574158532402, -24.819551731699981 ], [ -52.436370487418543, -24.819514031834974 ], [ -52.436192582740915, -24.819495413629337 ], [ -52.436066900687393, -24.819518274429981 ], [ -52.435888758223285, -24.819590517433081 ], [ -52.435743178800003, -24.819579792536889 ], [ -52.435473915793651, -24.819560433149533 ], [ -52.435099753457578, -24.819526855336818 ], [ -52.434674598078672, -24.819496835152439 ], [ -52.434212531886232, -24.819462705475644 ], [ -52.43384570073728, -24.819426592026765 ], [ -52.433466440974435, -24.819396737959273 ], [ -52.433340356832879, -24.819384031181784 ], [ -52.433167509947836, -24.819366367642161 ], [ -52.432958609342897, -24.819387575753701 ], [ -52.43274033468041, -24.819485659744277 ], [ -52.432500862456784, -24.81962855281942 ], [ -52.432315730617333, -24.819705255080901 ], [ -52.43217721755498, -24.819725562634179 ], [ -52.431906954967367, -24.819695535757443 ], [ -52.431570658886606, -24.819645634332165 ], [ -52.43122589951308, -24.819601791870991 ], [ -52.430917753577035, -24.819543655606566 ], [ -52.430685539685769, -24.819424576972565 ], [ -52.43059168167224, -24.819281523910131 ], [ -52.430558647992726, -24.819099187444223 ], [ -52.430465550974581, -24.818846122920494 ], [ -52.430532931999778, -24.818633732711888 ], [ -52.430726375365786, -24.818411155840923 ], [ -52.430934620481366, -24.818241741014855 ], [ -52.431187952209292, -24.818102161553657 ], [ -52.43146372524086, -24.817964896926735 ], [ -52.431671509364449, -24.817792821457846 ], [ -52.431826450292846, -24.817539716963456 ], [ -52.431955182146339, -24.817355156012919 ], [ -52.43207571649463, -24.817259100709968 ], [ -52.432339802131516, -24.817003700513293 ], [ -52.432499944751363, -24.816806711696771 ], [ -52.432743558508093, -24.816522824349963 ], [ -52.43288642598354, -24.816276324736673 ], [ -52.433054259912112, -24.816068957248024 ], [ -52.433245167998507, -24.815802316446533 ], [ -52.433395850379888, -24.815571200012879 ], [ -52.43353170742855, -24.815396242922489 ], [ -52.433590385118208, -24.815322479213286 ], [ -52.433834697428672, -24.815049874958575 ], [ -52.434061568301047, -24.814782160757115 ], [ -52.434284579060275, -24.814514835456013 ], [ -52.434498986497715, -24.814294158775308 ], [ -52.434690100163436, -24.814124379021173 ], [ -52.434799558745262, -24.813978802535434 ], [ -52.434972650767797, -24.813819681869052 ], [ -52.435151961213229, -24.813576462058283 ], [ -52.435293947384686, -24.813315816390009 ], [ -52.435398467423148, -24.813081981692534 ], [ -52.435447099097466, -24.812893095007592 ], [ -52.435478742285511, -24.812770191759629 ], [ -52.435488932009072, -24.812522129208293 ], [ -52.43554602745693, -24.812319759679777 ], [ -52.435723088023742, -24.811906637968249 ], [ -52.435757705555552, -24.811813397222217 ], [ -52.435864959487176, -24.81152335662728 ], [ -52.436006517422193, -24.811094681884583 ], [ -52.436124701506877, -24.81075862065736 ], [ -52.436197155113227, -24.810483216544579 ], [ -52.436283746173281, -24.810293827519097 ], [ -52.436336252862986, -24.810138794027736 ], [ -52.436427814821748, -24.810181511956458 ], [ -52.436538555028299, -24.810226736265999 ], [ -52.436677365122605, -24.810280368973427 ], [ -52.43683288988057, -24.810320093088386 ], [ -52.437052247222219, -24.810316924999988 ], [ -52.437245385724736, -24.810253547555593 ], [ -52.437500900675531, -24.810139379912506 ], [ -52.437731830640701, -24.810005969132011 ], [ -52.437906931975917, -24.809802687830921 ], [ -52.4380183728329, -24.80955730468267 ], [ -52.438143262350927, -24.809310982124547 ], [ -52.438331569738402, -24.809132956491222 ], [ -52.438528274483673, -24.809028492311587 ], [ -52.438596810304013, -24.809001669373146 ], [ -52.438738418450178, -24.808946247905268 ], [ -52.438889951332989, -24.808829599865636 ], [ -52.439012942628679, -24.808691031680233 ], [ -52.43910522668692, -24.80853959396422 ], [ -52.439164162228465, -24.808379507601071 ], [ -52.439215031594323, -24.808190446913084 ], [ -52.439286078483526, -24.807991366524671 ], [ -52.439357850226678, -24.807781822118631 ], [ -52.439404433538449, -24.807560540137313 ], [ -52.439444686560378, -24.807328243474338 ], [ -52.439470618047096, -24.807201928840087 ], [ -52.439488018712368, -24.807117168486698 ], [ -52.439538504992889, -24.80692411280144 ], [ -52.439582101031846, -24.80672821744389 ], [ -52.439621225208143, -24.806560018364841 ], [ -52.439669939729598, -24.806390399583925 ], [ -52.43971517786435, -24.806215058752819 ], [ -52.439766604591938, -24.806029914970676 ], [ -52.439823968184939, -24.805824600776322 ], [ -52.43988465375395, -24.805618948599758 ], [ -52.439936557546609, -24.805412572839973 ], [ -52.439965375285389, -24.805295864116346 ], [ -52.440095160152779, -24.805077895769895 ], [ -52.440282689631438, -24.804938282851801 ], [ -52.440504500134075, -24.804794385811896 ], [ -52.44067462312767, -24.804652249603542 ], [ -52.440776158779236, -24.804484384893083 ], [ -52.440809594564222, -24.804297154733288 ], [ -52.440755828393463, -24.804184176100602 ], [ -52.44072309333891, -24.804115389948176 ], [ -52.440587123363983, -24.80399604089239 ], [ -52.440435161174015, -24.803902930441573 ], [ -52.440279691598683, -24.803824163946921 ], [ -52.44017716142185, -24.803778706021223 ], [ -52.439753798969747, -24.803625705380544 ], [ -52.439600152375789, -24.803545686052018 ], [ -52.439387971734334, -24.80344600648359 ], [ -52.439160554164438, -24.803338225910384 ], [ -52.439222766436274, -24.803279159280542 ], [ -52.439357796066275, -24.803150956886238 ], [ -52.439541194952227, -24.802995917783626 ], [ -52.439724876087951, -24.802842049921001 ], [ -52.439871633866474, -24.802713201025604 ], [ -52.439995168399946, -24.802619165178452 ], [ -52.440117327206856, -24.802525865024482 ], [ -52.440228972222222, -24.802430227777773 ], [ -52.440388988454956, -24.802292977611909 ], [ -52.440530572485329, -24.802181029363481 ], [ -52.440647003417318, -24.802088080672682 ], [ -52.440730227808771, -24.802034783249695 ], [ -52.441080171983039, -24.801837348459706 ], [ -52.44117275238677, -24.801778754900656 ], [ -52.441374947815618, -24.801623968240541 ], [ -52.441454405147233, -24.801560331947453 ], [ -52.441455399004937, -24.801559531583745 ], [ -52.441654191872637, -24.801395391038845 ], [ -52.442032058665895, -24.801142671154206 ], [ -52.442158950368565, -24.801050175758711 ], [ -52.442233211433511, -24.80098778612447 ], [ -52.44243730651025, -24.800800153448044 ], [ -52.442558829132487, -24.80067703390381 ], [ -52.442667930905522, -24.800565719332067 ], [ -52.442770820326913, -24.800460958720926 ], [ -52.442856401944709, -24.800376203721864 ], [ -52.442932807813229, -24.800306256097286 ], [ -52.443011901176035, -24.800239317758184 ], [ -52.443074253505458, -24.800178624864444 ], [ -52.443250932276364, -24.799998982250184 ], [ -52.443356187417891, -24.799896434654805 ], [ -52.443462939864588, -24.799791987485662 ], [ -52.443575680024189, -24.799684123729225 ], [ -52.443681610180924, -24.799569621182592 ], [ -52.443793597851396, -24.799467914039109 ], [ -52.44389939200525, -24.799387956343868 ], [ -52.443999650453868, -24.799339285366674 ], [ -52.444085921298878, -24.799331061985107 ], [ -52.444662137809125, -24.799382065858499 ], [ -52.444793436286801, -24.79935218217658 ], [ -52.444837713320716, -24.799342104644712 ], [ -52.444933881008609, -24.799228553229678 ], [ -52.445012963589669, -24.799070259001336 ], [ -52.445141777151704, -24.798732999663894 ], [ -52.44524898027003, -24.798485746864657 ], [ -52.445351585170059, -24.798264997768023 ], [ -52.445441501906686, -24.798064698276153 ], [ -52.445555520894722, -24.797814703886928 ], [ -52.44567542060296, -24.797558913973713 ], [ -52.445713654344104, -24.79747805078642 ], [ -52.445802102436772, -24.797288523795174 ], [ -52.445923313444673, -24.79701907048997 ], [ -52.446060082422719, -24.796749850757781 ], [ -52.446201866650931, -24.796458420594647 ], [ -52.44627006119476, -24.796320243488374 ], [ -52.446343513177361, -24.796171450582861 ], [ -52.446500961566933, -24.795848174978648 ], [ -52.446652580079025, -24.795556342026366 ], [ -52.446795589250364, -24.795275772017156 ], [ -52.446909729041195, -24.795047508164803 ], [ -52.447012380942738, -24.794861953736998 ], [ -52.447107705108181, -24.794689602913106 ], [ -52.447200730298015, -24.794521042554674 ], [ -52.447250664495755, -24.794353005370045 ], [ -52.44727001475777, -24.794195633485177 ], [ -52.447285910173392, -24.794030927458987 ], [ -52.447300405311672, -24.793904272264111 ], [ -52.447324266522777, -24.793788715010209 ], [ -52.447408163411318, -24.793580366455227 ], [ -52.447522507139325, -24.793354364615691 ], [ -52.447588776411692, -24.793239584638712 ], [ -52.44763484122506, -24.793166253874389 ], [ -52.447854979874826, -24.792750260729104 ], [ -52.447879095770226, -24.792789527399552 ], [ -52.447923962494365, -24.792909899378227 ], [ -52.447983340533739, -24.79304119946168 ], [ -52.448050435389916, -24.79316661562536 ], [ -52.448126758367678, -24.793298683132715 ], [ -52.448236393317529, -24.793425282639685 ], [ -52.448372676716673, -24.793537299546855 ], [ -52.448488708599307, -24.793620617626466 ], [ -52.448619496219045, -24.793708935572845 ], [ -52.448754600076569, -24.793796251852655 ], [ -52.44886649441127, -24.793894214568578 ], [ -52.448949922025292, -24.794026280680601 ], [ -52.449010308407971, -24.794178594539925 ], [ -52.449064726162838, -24.794310938915967 ], [ -52.449155092976696, -24.794431036082997 ], [ -52.44926343277514, -24.794533758994341 ], [ -52.449389106308324, -24.794632604077481 ], [ -52.449499740233698, -24.794710703343572 ], [ -52.449629346350825, -24.794797355441819 ], [ -52.4497504177968, -24.794890260502065 ], [ -52.449859339925709, -24.795002812414936 ], [ -52.449940643073759, -24.795113621079757 ], [ -52.450015678383473, -24.795249594210446 ], [ -52.450077244119399, -24.795389699873066 ], [ -52.450118442813114, -24.795508299644961 ], [ -52.450165014175994, -24.795648520052936 ], [ -52.450200828084405, -24.795791893847053 ], [ -52.450242057583978, -24.79594291779981 ], [ -52.450269191813703, -24.796106544211657 ], [ -52.450292940639663, -24.796256935053737 ], [ -52.450315923725519, -24.796408193354594 ], [ -52.450330608390217, -24.796571709706836 ], [ -52.450329966959814, -24.796600774150754 ], [ -52.450326994828515, -24.796735447172104 ], [ -52.450330042409888, -24.796915370799553 ], [ -52.450346829438111, -24.797098048005029 ], [ -52.450363064626337, -24.797292608039768 ], [ -52.450369313067824, -24.797481723064791 ], [ -52.450402117297891, -24.797707358978457 ], [ -52.45041212939509, -24.797745276344713 ], [ -52.450440341513215, -24.7978323787531 ], [ -52.450532538697239, -24.798020192157807 ], [ -52.450634182635355, -24.798212717124517 ], [ -52.450682934977443, -24.798402788165259 ], [ -52.450718138026375, -24.798607077810132 ], [ -52.450738443930959, -24.798711191702736 ], [ -52.450748621673455, -24.798852676907813 ], [ -52.450714114905132, -24.798955841231294 ], [ -52.450637975349274, -24.799040238994674 ], [ -52.450527260587776, -24.799144945858593 ], [ -52.450374685232241, -24.799278534732313 ], [ -52.450297076615541, -24.799340404924322 ], [ -52.450166357861391, -24.799444154050388 ], [ -52.450071739132241, -24.79956550062467 ], [ -52.450027476300477, -24.799682716854146 ], [ -52.450012668324696, -24.799770889416386 ], [ -52.449974267926791, -24.799980685877291 ], [ -52.44994145641985, -24.800116249533161 ], [ -52.449904461479541, -24.800257469702611 ], [ -52.449861278936567, -24.800394962009133 ], [ -52.449818310251366, -24.800508534263134 ], [ -52.449751296341674, -24.800626127836921 ], [ -52.44968044311662, -24.800762776128423 ], [ -52.4496105665771, -24.800888516003063 ], [ -52.449542875898672, -24.801005425892093 ], [ -52.449482019255505, -24.80112975759128 ], [ -52.449427208200021, -24.801274144312263 ], [ -52.449383809035723, -24.801418174279004 ], [ -52.449352076076643, -24.801567768409004 ], [ -52.449328959032748, -24.801732367940328 ], [ -52.449301155374279, -24.801888442172363 ], [ -52.449271180581484, -24.802041380012227 ], [ -52.44921492266112, -24.802321239101051 ], [ -52.449208992312165, -24.802449267696826 ], [ -52.449208705874462, -24.802604893987766 ], [ -52.449183301965796, -24.802845223437792 ], [ -52.449178112070648, -24.802885018178785 ], [ -52.44916275989096, -24.803005489343168 ], [ -52.449147714488362, -24.803119728959359 ], [ -52.449137864200907, -24.803254782815934 ], [ -52.449133223357613, -24.80339182841767 ], [ -52.449129274079304, -24.803538572808836 ], [ -52.449126942129936, -24.803683208927179 ], [ -52.449137429724829, -24.80383254165757 ], [ -52.449142466913756, -24.803970964175669 ], [ -52.449125025054052, -24.804103128265943 ], [ -52.449114645748139, -24.804130281919015 ], [ -52.449220235212984, -24.804182937669051 ], [ -52.449241334422744, -24.804127739183517 ], [ -52.449261402746224, -24.803975672212268 ], [ -52.449256002481157, -24.80382727621086 ], [ -52.449245696834687, -24.803680536231443 ], [ -52.449247951256382, -24.803540700401111 ], [ -52.449251876805867, -24.803394832540416 ], [ -52.449256440653684, -24.803260056844703 ], [ -52.44926594089349, -24.803129800666845 ], [ -52.449280636706348, -24.803018214674474 ], [ -52.44929599669257, -24.802897681351119 ], [ -52.449301324146369, -24.802856831548475 ], [ -52.449327180820852, -24.802612216575422 ], [ -52.449327688476828, -24.802451587855334 ], [ -52.449333144503022, -24.802333796854104 ], [ -52.449379353727295, -24.802106342349088 ], [ -52.449418155050274, -24.80190672203765 ], [ -52.449469327966163, -24.801584972864649 ], [ -52.449499470373219, -24.801442876213908 ], [ -52.449540628735349, -24.801306282434663 ], [ -52.449592488979903, -24.801169668596554 ], [ -52.449649648389382, -24.801052890228256 ], [ -52.449715972167162, -24.800938340964507 ], [ -52.449787033717151, -24.800810468512235 ], [ -52.449857627195293, -24.800674320943351 ], [ -52.44992764807364, -24.800551450653305 ], [ -52.449974505760501, -24.80042759892801 ], [ -52.450019288218108, -24.800285012105963 ], [ -52.450057135555681, -24.800140537579342 ], [ -52.450090769340882, -24.800001576066464 ], [ -52.450122878837448, -24.799829666349599 ], [ -52.450143179052645, -24.79970879017549 ], [ -52.450178372714326, -24.799615590576959 ], [ -52.450254881032151, -24.799517470128535 ], [ -52.450375055499634, -24.799422089750131 ], [ -52.4504548488746, -24.799358477815257 ], [ -52.450611074395589, -24.799221692917097 ], [ -52.450726626367448, -24.799112411254029 ], [ -52.45082074338081, -24.799008086067417 ], [ -52.450868483583719, -24.798865357567283 ], [ -52.450856452219952, -24.798698106598426 ], [ -52.450835795690715, -24.798592195472079 ], [ -52.450799484580024, -24.798381914299355 ], [ -52.450746774489495, -24.798176413880103 ], [ -52.450640179243877, -24.797974510924551 ], [ -52.450551908967562, -24.79779469727821 ], [ -52.450526809146986, -24.797717204023616 ], [ -52.450518961368189, -24.797687483370666 ], [ -52.450487769640972, -24.797472940048511 ], [ -52.450481621207032, -24.797286857177557 ], [ -52.450465144474322, -24.797089404752793 ], [ -52.450448657860427, -24.796909998522153 ], [ -52.45044570540648, -24.796735700827735 ], [ -52.450448502293199, -24.796608963003543 ], [ -52.450449398202032, -24.796568365899699 ], [ -52.450433946920789, -24.796396314951078 ], [ -52.450410463198388, -24.796241762773438 ], [ -52.450386609122866, -24.796090706326819 ], [ -52.450358576393192, -24.795921662672711 ], [ -52.450316284489546, -24.795766747651601 ], [ -52.450279808502266, -24.795620723886966 ], [ -52.450231809401309, -24.795476205135824 ], [ -52.450189047490987, -24.795353105602803 ], [ -52.450123954211016, -24.795204972567969 ], [ -52.45004334171395, -24.795058893108205 ], [ -52.44995354139931, -24.794936503715931 ], [ -52.44983353568221, -24.794812498941209 ], [ -52.449702680434584, -24.794712086252552 ], [ -52.449571121545837, -24.794624128599452 ], [ -52.449464199181193, -24.794548649443151 ], [ -52.449345097955103, -24.794454973668969 ], [ -52.449247384697522, -24.794362326421403 ], [ -52.449170757750068, -24.794260489590652 ], [ -52.449121674852314, -24.794141119865618 ], [ -52.449057966947564, -24.793980428400872 ], [ -52.44896086037005, -24.79382670864122 ], [ -52.448830384731515, -24.79371247818742 ], [ -52.448689087069617, -24.793621158945989 ], [ -52.448560706786878, -24.793534466646534 ], [ -52.448449160182065, -24.793454369303074 ], [ -52.448323274077673, -24.793350898409852 ], [ -52.448226639150569, -24.793239310596931 ], [ -52.44815627421373, -24.793117552907141 ], [ -52.448091626023789, -24.792996710330105 ], [ -52.448035109521591, -24.792871738076407 ], [ -52.44798794961963, -24.792745214064606 ], [ -52.447919639553426, -24.792623430266737 ], [ -52.447971408463715, -24.792518143933446 ], [ -52.448065690488626, -24.792339750102901 ], [ -52.448144480581725, -24.792192623271703 ], [ -52.448340068654247, -24.791781977831619 ], [ -52.448396791186063, -24.791681236900324 ], [ -52.448451076133324, -24.7915997737007 ], [ -52.448507144742976, -24.791544167031667 ], [ -52.448582566250245, -24.791493110471812 ], [ -52.448690499892194, -24.791412493262534 ], [ -52.448719494009715, -24.791400199975776 ], [ -52.448776769597686, -24.791376959103907 ], [ -52.448855884675275, -24.791375660663906 ], [ -52.448964882392161, -24.791410489298087 ], [ -52.449005720832389, -24.79143370861425 ], [ -52.449211652708343, -24.79157750633097 ], [ -52.449293833282873, -24.791626589759829 ], [ -52.449462752051062, -24.791705212823395 ], [ -52.449757968902972, -24.791787857366508 ], [ -52.449763352300927, -24.791787989121779 ], [ -52.450017586581374, -24.791827411197477 ], [ -52.45019459714522, -24.791829412099883 ], [ -52.450394790567437, -24.791808335825412 ], [ -52.450644343158551, -24.791774969570234 ], [ -52.450858697646147, -24.791731743784499 ], [ -52.451017021421855, -24.791666506548662 ], [ -52.451126713983648, -24.791559613432927 ], [ -52.451191803242168, -24.791429674443389 ], [ -52.451245839968756, -24.791276751201167 ], [ -52.451295968868472, -24.791125831884099 ], [ -52.451365311089553, -24.791027631724781 ], [ -52.451674140509255, -24.791072361303456 ], [ -52.451788118689969, -24.791093803545042 ], [ -52.451917419419246, -24.791114597137152 ], [ -52.45209970695629, -24.79114707376613 ], [ -52.452304130879625, -24.791186459128276 ], [ -52.452546304988687, -24.79124044218058 ], [ -52.452791140290429, -24.791306234300372 ], [ -52.453002107662527, -24.791374893331188 ], [ -52.453205030777397, -24.791446002006499 ], [ -52.453427807079017, -24.791523995503681 ], [ -52.453500548623907, -24.791552403676143 ], [ -52.453620889535969, -24.79159721944314 ], [ -52.453797017669118, -24.79168804140237 ], [ -52.453970815497328, -24.791794392006032 ], [ -52.454169065992446, -24.791922981103031 ], [ -52.454349212062226, -24.792046194913048 ], [ -52.454514187791148, -24.792165511938233 ], [ -52.454688350952296, -24.792301981802456 ], [ -52.454871259241997, -24.792440654166214 ], [ -52.455083576537788, -24.792580038781772 ], [ -52.455313701711923, -24.792702602982072 ], [ -52.455558971709479, -24.792824255663724 ], [ -52.455831201326021, -24.792969223502883 ], [ -52.45608543355803, -24.793116159995922 ], [ -52.45631324467432, -24.793250646400502 ], [ -52.456521940410745, -24.793376363838938 ], [ -52.456733220310447, -24.793505366252468 ], [ -52.456977207700383, -24.793653858361871 ], [ -52.457156581362383, -24.793768721584009 ], [ -52.457349432465264, -24.793927839527623 ], [ -52.457489948923794, -24.794082355048314 ], [ -52.45762639649864, -24.794284776792971 ], [ -52.457743243431345, -24.794512636998906 ], [ -52.45784786890286, -24.794702803192806 ], [ -52.45793304007946, -24.794777868915535 ], [ -52.457988683909157, -24.7948257728297 ], [ -52.458193471382785, -24.794871045629087 ], [ -52.45839093765418, -24.794884562940481 ], [ -52.458553720801525, -24.794900170773367 ], [ -52.458744759600698, -24.794921783214331 ], [ -52.458945711643011, -24.794932848165026 ], [ -52.45915145928339, -24.794943989045979 ], [ -52.459341390660214, -24.794966282744866 ], [ -52.459515713274136, -24.794979524687523 ], [ -52.459685173195339, -24.794980669134212 ], [ -52.459817775648268, -24.794984440872259 ], [ -52.459966100706815, -24.79499302555595 ], [ -52.460121290562945, -24.794997430243779 ], [ -52.460262769479392, -24.795015484608488 ], [ -52.46041874749158, -24.795038432974824 ], [ -52.46062723422915, -24.795051775431158 ], [ -52.4606400923007, -24.794943985470088 ], [ -52.460432368013301, -24.794930691806517 ], [ -52.460280430395109, -24.794908337876301 ], [ -52.460131380286562, -24.794889317330316 ], [ -52.459971701517681, -24.794884785233585 ], [ -52.459823380440483, -24.794876200772382 ], [ -52.459687460796189, -24.794872334675063 ], [ -52.459521081292237, -24.794871211028557 ], [ -52.459353886686529, -24.7948585105378 ], [ -52.459162554776704, -24.794836052435514 ], [ -52.458952828308945, -24.794824696129819 ], [ -52.458755642389583, -24.794813838546265 ], [ -52.458567219960138, -24.794792522087512 ], [ -52.458401576881215, -24.794776640034065 ], [ -52.458211999678461, -24.794763662758818 ], [ -52.458047655567334, -24.794727330867012 ], [ -52.457949932357963, -24.794642326049477 ], [ -52.457850043257849, -24.794465346687335 ], [ -52.457731024635166, -24.794233251886894 ], [ -52.457586633676648, -24.79401904627208 ], [ -52.45743532443133, -24.793852662847723 ], [ -52.457231227603053, -24.793684266338801 ], [ -52.456798443999048, -24.793414841629328 ], [ -52.456587619646754, -24.793286117390593 ], [ -52.456378157459191, -24.793159938273401 ], [ -52.45614940556154, -24.793024896515096 ], [ -52.455892868680365, -24.792876628050745 ], [ -52.455617219141033, -24.792729839056264 ], [ -52.455371952344393, -24.792608187981312 ], [ -52.455148276652004, -24.792489058784863 ], [ -52.45494390996604, -24.792354893717047 ], [ -52.454764922826485, -24.79221919423107 ], [ -52.454589720806901, -24.79208191039584 ], [ -52.454421660260927, -24.791960362350828 ], [ -52.454239032312245, -24.791835451058095 ], [ -52.454038242452818, -24.791705214915591 ], [ -52.453859337607078, -24.791595739241657 ], [ -52.453673031751677, -24.791499669065097 ], [ -52.453471831564066, -24.79142336659049 ], [ -52.453247555608435, -24.791344848070818 ], [ -52.453043308105855, -24.791273275298916 ], [ -52.452827854603726, -24.791203156259126 ], [ -52.452577156440761, -24.791135788665894 ], [ -52.452330468915363, -24.791080799520319 ], [ -52.452123330013322, -24.791040891069716 ], [ -52.451939083932231, -24.791008065496531 ], [ -52.451810396507632, -24.790987370529823 ], [ -52.451695428270092, -24.790965742026948 ], [ -52.451440734240009, -24.790928853238388 ], [ -52.451626920387135, -24.79068165728874 ], [ -52.451718953033371, -24.790535145524906 ], [ -52.451819371627586, -24.790404912789878 ], [ -52.451886137126657, -24.790308215038547 ], [ -52.451957093703889, -24.790201261119208 ], [ -52.452018948363147, -24.79009488240299 ], [ -52.452071633340296, -24.789991266286769 ], [ -52.452105091299217, -24.789878416850847 ], [ -52.452119410289193, -24.789764472891832 ], [ -52.452117952280979, -24.789729484869362 ], [ -52.452114162351378, -24.789651503402975 ], [ -52.452104092355299, -24.789582865582414 ], [ -52.451967687409528, -24.78919411309931 ], [ -52.45186262169571, -24.789038846723724 ], [ -52.451839080596521, -24.789018043462313 ], [ -52.451730329589488, -24.788921940090603 ], [ -52.451606168358836, -24.788858137637334 ], [ -52.451491727326413, -24.788826476382859 ], [ -52.451359172123347, -24.788794575571398 ], [ -52.451151701958118, -24.788740884472443 ], [ -52.451054153207764, -24.788711124309533 ], [ -52.450942613708968, -24.788671230007729 ], [ -52.45083809062686, -24.788625590459464 ], [ -52.450747552237424, -24.788571384390572 ], [ -52.450689364500214, -24.788503076599284 ], [ -52.45069267985442, -24.788436783414635 ], [ -52.450754138668323, -24.78834704359479 ], [ -52.450838165521532, -24.788261388912719 ], [ -52.450909613778663, -24.788152234157028 ], [ -52.450957159989926, -24.788068471121797 ], [ -52.450997287636334, -24.78799183867843 ], [ -52.451020473425601, -24.787895652427036 ], [ -52.45106000825011, -24.787728543249372 ], [ -52.451084918737997, -24.787560335970657 ], [ -52.451102017504837, -24.787366559684223 ], [ -52.45110764446445, -24.78713218751804 ], [ -52.451112420559923, -24.786944697711615 ], [ -52.451100285213442, -24.786675527988411 ], [ -52.451055590533713, -24.786483626736366 ], [ -52.451046374143736, -24.786444055123521 ], [ -52.450977303242517, -24.786266665343863 ], [ -52.450892758759252, -24.786089143174159 ], [ -52.450845560374667, -24.785973018923329 ], [ -52.450801414221452, -24.785811788717915 ], [ -52.450740144949883, -24.785612254476121 ], [ -52.450688837710985, -24.785421772219284 ], [ -52.450637783128471, -24.785230460605661 ], [ -52.450588187633706, -24.785065298001644 ], [ -52.450532461547276, -24.78491535384148 ], [ -52.450440530647185, -24.784757565690761 ], [ -52.450353310068451, -24.784596934524792 ], [ -52.450321721936895, -24.78449078427299 ], [ -52.450306215771874, -24.784363147227719 ], [ -52.450319358431024, -24.784217993207527 ], [ -52.450324064541341, -24.784166016542319 ], [ -52.450355123909596, -24.78396296309614 ], [ -52.450395868960207, -24.783767196342112 ], [ -52.450421978948953, -24.783634792514349 ], [ -52.450431728917494, -24.783488603151167 ], [ -52.450424943825595, -24.783310730301316 ], [ -52.450398739432117, -24.783107658717778 ], [ -52.450363415818451, -24.782925135970913 ], [ -52.450300279161432, -24.782756197931555 ], [ -52.450202445775602, -24.78258467682511 ], [ -52.4500653973477, -24.782435844950541 ], [ -52.449900058159081, -24.78231611781861 ], [ -52.449669163541927, -24.782209937315219 ], [ -52.449508185869682, -24.78212937137533 ], [ -52.449216658116143, -24.781811971019039 ], [ -52.44918611298398, -24.781779395371171 ], [ -52.449043456664135, -24.78168650795515 ], [ -52.448815305380236, -24.781585384264307 ], [ -52.448598812814744, -24.781465891015173 ], [ -52.448424196355965, -24.781341772908906 ], [ -52.448243205014691, -24.781218058708713 ], [ -52.448122036110746, -24.781108562002739 ], [ -52.44804784093165, -24.780992610518251 ], [ -52.447999870180368, -24.780826912052913 ], [ -52.447983599966044, -24.780633732462192 ], [ -52.447986271531597, -24.780419405180869 ], [ -52.448003519455725, -24.780255898933472 ], [ -52.448038841137155, -24.780101678476839 ], [ -52.448070995367935, -24.779764256159233 ], [ -52.448076486477078, -24.779611620494535 ], [ -52.448074195644715, -24.779514372920598 ], [ -52.448072317859605, -24.779434659270681 ], [ -52.448063397116002, -24.779266335065618 ], [ -52.448035438402698, -24.77909469911673 ], [ -52.448014857538034, -24.778946452773141 ], [ -52.44800100562567, -24.77878509409971 ], [ -52.447988314521702, -24.778636831894154 ], [ -52.447962365159633, -24.778497555905236 ], [ -52.447922210854969, -24.778351618922791 ], [ -52.44787764867403, -24.778205211876589 ], [ -52.447745659771996, -24.777885572514055 ], [ -52.447632590236481, -24.777699740859745 ], [ -52.447540737533551, -24.777513150762537 ], [ -52.447449474725829, -24.777351154239042 ], [ -52.447307134989245, -24.777217659988644 ], [ -52.447173096828024, -24.777130691117573 ], [ -52.447089105210871, -24.777065285183113 ], [ -52.447071528924084, -24.777026881142977 ], [ -52.447038325794033, -24.776954332505355 ], [ -52.447068208113038, -24.776808912931052 ], [ -52.447143915577762, -24.776645133948438 ], [ -52.447224185053997, -24.776493650325236 ], [ -52.447288795551643, -24.776329818040999 ], [ -52.447332867903569, -24.776169023078225 ], [ -52.447381950961763, -24.776039328670446 ], [ -52.447460495361867, -24.77588898927732 ], [ -52.447517866285267, -24.775810071219059 ], [ -52.447623682092292, -24.775715859881032 ], [ -52.447771755917223, -24.775600844046267 ], [ -52.447892194077504, -24.775511115342802 ], [ -52.448042469165571, -24.775406910123813 ], [ -52.448186859330903, -24.775296659262242 ], [ -52.448294461569994, -24.775212525870572 ], [ -52.448366624852149, -24.775174505817343 ], [ -52.448434069718786, -24.775155986104881 ], [ -52.448541202927601, -24.77514071715353 ], [ -52.448623871033128, -24.775130627236354 ], [ -52.448719452990325, -24.775131432307006 ], [ -52.448847429032185, -24.775122577284112 ], [ -52.448908875706394, -24.775132465911472 ], [ -52.448944431868192, -24.775167935436183 ], [ -52.449012767138967, -24.775252271270922 ], [ -52.449101977942092, -24.775374573050946 ], [ -52.449205710271521, -24.775471973625205 ], [ -52.449312913020584, -24.775536747878711 ], [ -52.449610708771331, -24.77566314318732 ], [ -52.449707496045775, -24.775703338477225 ], [ -52.449718282777866, -24.775716954776765 ], [ -52.449742017879529, -24.775760101801435 ], [ -52.449754797850069, -24.775782847249719 ], [ -52.449759167563997, -24.775836028125195 ], [ -52.44976004653109, -24.775931419462065 ], [ -52.449772098227207, -24.776040030097604 ], [ -52.449833596914708, -24.776272289119159 ], [ -52.449888827786467, -24.776448953567595 ], [ -52.449950853631854, -24.776631837704162 ], [ -52.450020638151443, -24.776802007983232 ], [ -52.450094339038131, -24.776961061490745 ], [ -52.450161880872791, -24.777140366322559 ], [ -52.450237081036562, -24.777338044167493 ], [ -52.45033571458319, -24.777506624797319 ], [ -52.45049580216331, -24.777671664336555 ], [ -52.4506656768122, -24.777792416250001 ], [ -52.450783920157527, -24.777885772750547 ], [ -52.450871006660897, -24.777978056989383 ], [ -52.450912363495533, -24.778040911181218 ], [ -52.450926640538313, -24.778079982270249 ], [ -52.451080840778651, -24.778499717373936 ], [ -52.451134521197361, -24.778603991364275 ], [ -52.451343175218796, -24.779011519074064 ], [ -52.451419020586293, -24.779169996383096 ], [ -52.451559800043469, -24.779445327513688 ], [ -52.451697727047808, -24.779708040375148 ], [ -52.451726251543676, -24.779785350516164 ], [ -52.451827232376488, -24.779948912251868 ], [ -52.452001399656744, -24.780290454771237 ], [ -52.452076336393084, -24.780507846392119 ], [ -52.452148597054411, -24.780691863991493 ], [ -52.452252521671127, -24.780837522354112 ], [ -52.452438479736273, -24.781014357244739 ], [ -52.452672181702503, -24.781210122220909 ], [ -52.452854559794638, -24.781359810114601 ], [ -52.452982822029078, -24.781472050541741 ], [ -52.45310216985748, -24.781584397498857 ], [ -52.453254226404276, -24.781691595758979 ], [ -52.453414554980924, -24.781760882188365 ], [ -52.453511889138063, -24.781798996365666 ], [ -52.453617626159044, -24.781840656656104 ], [ -52.453837324633838, -24.78190188966607 ], [ -52.454062946162097, -24.781949927237893 ], [ -52.454288378697321, -24.782001005065304 ], [ -52.454473970465749, -24.782042980447688 ], [ -52.454670791215648, -24.782094457542108 ], [ -52.454848725158378, -24.782152752613285 ], [ -52.454985889170949, -24.782212632658304 ], [ -52.455111124526539, -24.782273524159042 ], [ -52.455289697490173, -24.782327848363717 ], [ -52.455460672865996, -24.782368227585607 ], [ -52.455632602951901, -24.782413264941404 ], [ -52.455802845225477, -24.782452124727381 ], [ -52.455969131214118, -24.782488191386086 ], [ -52.456099547199308, -24.782522995803316 ], [ -52.456233776518538, -24.782579890562154 ], [ -52.456406622192205, -24.782669831425597 ], [ -52.456547889538342, -24.78276638848299 ], [ -52.456748457996966, -24.782867261848352 ], [ -52.456932556292948, -24.782917373103135 ], [ -52.45710422014831, -24.782968247231445 ], [ -52.457311056716406, -24.783028807639479 ], [ -52.457501251671282, -24.783078357836278 ], [ -52.457650304089569, -24.783112396603148 ], [ -52.457814812488223, -24.78313422684397 ], [ -52.457977003514323, -24.783163187860474 ], [ -52.458201466933083, -24.783229934004584 ], [ -52.458378437527642, -24.783298069207657 ], [ -52.458529321600977, -24.783361035489964 ], [ -52.458734271734755, -24.783412179244344 ], [ -52.459016019691717, -24.783465953210875 ], [ -52.459274601969753, -24.783522480823798 ], [ -52.459453131124491, -24.78356730618783 ], [ -52.459630460259334, -24.783598463567635 ], [ -52.459828310257194, -24.783618317438325 ], [ -52.460076814685252, -24.78363977403108 ], [ -52.460330122261865, -24.783646170681507 ], [ -52.460554401841165, -24.783635043412335 ], [ -52.460773833820305, -24.783637549699641 ], [ -52.460971018183528, -24.783644029203863 ], [ -52.461145839447504, -24.78366514274137 ], [ -52.461473451623874, -24.783802594152167 ], [ -52.461542018829569, -24.783890976472865 ], [ -52.461589562972932, -24.784003263623774 ], [ -52.461465896328221, -24.784071505789004 ], [ -52.461264253657681, -24.784218927639206 ], [ -52.461115228221793, -24.784345486608458 ], [ -52.461005448213633, -24.78446858224201 ], [ -52.460884799458967, -24.784609871499271 ], [ -52.460794262515101, -24.784750531840878 ], [ -52.460715085562484, -24.784886195551231 ], [ -52.460633374788117, -24.78501053773633 ], [ -52.460559808811006, -24.785094913491363 ], [ -52.460365320810162, -24.785265748361855 ], [ -52.460117383375596, -24.785441029155649 ], [ -52.45989386870999, -24.785611401795308 ], [ -52.459719196085281, -24.785777178999439 ], [ -52.459607929922861, -24.785946744101505 ], [ -52.459548980411554, -24.786133378081452 ], [ -52.459537236150965, -24.786316677704043 ], [ -52.459519437702141, -24.786358357484307 ], [ -52.459523051599113, -24.786415570682639 ], [ -52.459545105213763, -24.786484115074366 ], [ -52.459576983601991, -24.786719772944185 ], [ -52.459630833064068, -24.786976092171411 ], [ -52.459699809698648, -24.787254403528511 ], [ -52.459756022541235, -24.787511907923989 ], [ -52.45981191236644, -24.787752114844487 ], [ -52.459865713471508, -24.787982710412429 ], [ -52.459916386783938, -24.788209321564423 ], [ -52.459971870761613, -24.788398965896906 ], [ -52.460018713316202, -24.788594720786111 ], [ -52.460073080670107, -24.78880338701045 ], [ -52.460114865047636, -24.78902235776733 ], [ -52.46013692873484, -24.789194726351035 ], [ -52.460143009141682, -24.789350617909541 ], [ -52.46009105825582, -24.789555862071918 ], [ -52.4600113735683, -24.789714389205116 ], [ -52.459921922268123, -24.789877609749787 ], [ -52.459842437950883, -24.790029808244281 ], [ -52.459735985163881, -24.790230135817907 ], [ -52.4596568540058, -24.790425122617034 ], [ -52.45963788094425, -24.79060060768477 ], [ -52.459728903125551, -24.791000017138433 ], [ -52.459840304566342, -24.791172819397616 ], [ -52.459929086059056, -24.791302523659727 ], [ -52.460026782231019, -24.791448595029149 ], [ -52.460115326135679, -24.791598771755179 ], [ -52.460218536778214, -24.791749209938065 ], [ -52.46031268477936, -24.79189070033733 ], [ -52.460393427406224, -24.792022533696173 ], [ -52.460475539382841, -24.792156641168305 ], [ -52.460554295006176, -24.792292521753492 ], [ -52.460623935466572, -24.792420926240162 ], [ -52.460644839539661, -24.792480338179367 ], [ -52.460714749527654, -24.792725346551055 ], [ -52.460752803888035, -24.792859188393933 ], [ -52.460759119414703, -24.793196440002461 ], [ -52.460758796963162, -24.793445717052734 ], [ -52.460737733467816, -24.793800247823267 ], [ -52.460674049016816, -24.794171894079213 ], [ -52.46080165889677, -24.794057244986764 ], [ -52.460855278329959, -24.793816765561697 ], [ -52.460871575380764, -24.7936502833094 ], [ -52.46087748360975, -24.793447219617747 ], [ -52.460877806177749, -24.79319766874686 ], [ -52.460882133335282, -24.793013970902336 ], [ -52.460870555555559, -24.792842222222223 ], [ -52.46082962433649, -24.792698104126888 ], [ -52.460758572163421, -24.792449093525601 ], [ -52.460734218055393, -24.792380076330574 ], [ -52.460659950623516, -24.792243140756128 ], [ -52.460579808206077, -24.792104867666556 ], [ -52.460497027608305, -24.791969668361755 ], [ -52.460415235070563, -24.791836120920575 ], [ -52.460319554787901, -24.791692327899732 ], [ -52.460217985917176, -24.791544282908024 ], [ -52.460181341483271, -24.791482606150502 ], [ -52.460129786972516, -24.791394691454549 ], [ -52.460037825661132, -24.791256924197313 ], [ -52.459941792150104, -24.791116625361301 ], [ -52.459872631998017, -24.791009346600443 ], [ -52.459841115614026, -24.790960459433986 ], [ -52.459756574964899, -24.790589492714151 ], [ -52.459773206034292, -24.790450297900573 ], [ -52.459845280065352, -24.790272700133677 ], [ -52.459949397672418, -24.79007676667262 ], [ -52.46002856954707, -24.7899251661965 ], [ -52.460118410219607, -24.789761234904255 ], [ -52.460203972961594, -24.789591013479132 ], [ -52.460262176513659, -24.789361065834473 ], [ -52.460255367472548, -24.789186497574416 ], [ -52.460232360457674, -24.789006760734825 ], [ -52.46018938206555, -24.788781533847988 ], [ -52.460140571334534, -24.788593657675417 ], [ -52.460087238419163, -24.788373411729413 ], [ -52.460031964204276, -24.78818448496067 ], [ -52.459981897849325, -24.787960589039365 ], [ -52.459928001965537, -24.787729588195095 ], [ -52.459872270588548, -24.787490063212104 ], [ -52.459815904277548, -24.787231856882915 ], [ -52.459747021944786, -24.786953927056523 ], [ -52.459694286259996, -24.786702910431277 ], [ -52.459663474467547, -24.786475138848164 ], [ -52.459656066743058, -24.786317520986621 ], [ -52.459666686013485, -24.786151777291092 ], [ -52.459717683255114, -24.785990319701817 ], [ -52.459814077622035, -24.785843418419404 ], [ -52.459974908603428, -24.785690777840561 ], [ -52.460127069054494, -24.785574830285601 ], [ -52.460191772891342, -24.785525474317275 ], [ -52.460443019070873, -24.785347854291135 ], [ -52.460647764926854, -24.785168008983625 ], [ -52.460731112931299, -24.785072413744931 ], [ -52.460818408031017, -24.784939573527517 ], [ -52.460897839006797, -24.784803474371255 ], [ -52.460983180972541, -24.784670884900954 ], [ -52.461098274937406, -24.784536100611778 ], [ -52.461202075641623, -24.784419709438236 ], [ -52.461341869280083, -24.784300990443086 ], [ -52.46153397917687, -24.784160537980437 ], [ -52.461708653773435, -24.784063948102421 ], [ -52.461874031305236, -24.784025788528439 ], [ -52.462073110219087, -24.783986233876512 ], [ -52.462281882002706, -24.783945073896511 ], [ -52.462465617562124, -24.783901628151138 ], [ -52.462640139780845, -24.783833094781212 ], [ -52.462811577633211, -24.783758556974966 ], [ -52.46292557658608, -24.783704856040391 ], [ -52.463048750816498, -24.783650384430551 ], [ -52.463170292189282, -24.783589755908796 ], [ -52.463298135401438, -24.783526959874578 ], [ -52.463443851794501, -24.783447404108667 ], [ -52.463576916850123, -24.783336722015889 ], [ -52.463654912571883, -24.783220745078768 ], [ -52.463713438959672, -24.783072105840208 ], [ -52.463773140328826, -24.782874629748232 ], [ -52.463954975328662, -24.78246533654335 ], [ -52.463985439072133, -24.782376490386238 ], [ -52.464022331173915, -24.782249667810859 ], [ -52.464030462795378, -24.782178880623704 ], [ -52.464044966072677, -24.782050238559652 ], [ -52.464035197727178, -24.781865224379384 ], [ -52.464027626623448, -24.781557418224867 ], [ -52.464026283413439, -24.781438265195103 ], [ -52.46402622999225, -24.781276576210313 ], [ -52.464071836428033, -24.781033520605224 ], [ -52.464087242495694, -24.781004034754442 ], [ -52.464173557002688, -24.780897964395642 ], [ -52.464343431580012, -24.780743684628856 ], [ -52.464663129616476, -24.780441199634456 ], [ -52.464717704974092, -24.780388448179178 ], [ -52.464818243364718, -24.780287306995863 ], [ -52.464986662115599, -24.780101209776799 ], [ -52.465080869602957, -24.779973064382073 ], [ -52.465171690182132, -24.779824612153874 ], [ -52.465380441880953, -24.779504433068098 ], [ -52.465380683764337, -24.779504228441343 ], [ -52.465594504203402, -24.779330958943984 ], [ -52.465528433284376, -24.779254765325206 ], [ -52.46532818173565, -24.779408085591481 ], [ -52.465280602497813, -24.779450964051037 ], [ -52.465069085924995, -24.779770135733397 ], [ -52.464979626671443, -24.779916362587329 ] ] ] ] } },
{ "type": "Feature", "properties": { "nome_pa": "FAZENDA CHAPADÃO", "tipo": "Estrada" }, "geometry": { "type": "MultiPolygon", "coordinates": [ [ [ [ -52.434145978032042, -24.773228414671593 ], [ -52.434082477178762, -24.773157652193305 ], [ -52.434048701382146, -24.773088171881621 ], [ -52.434037141741577, -24.773003060022518 ], [ -52.434049817731356, -24.772863159461092 ], [ -52.434061808741006, -24.772751156691911 ], [ -52.434065191502427, -24.772641400102327 ], [ -52.43406187770055, -24.772534085359357 ], [ -52.434071110890208, -24.77246075215767 ], [ -52.43414196721146, -24.772310257530421 ], [ -52.434237137551307, -24.772154251904009 ], [ -52.434309717764307, -24.772051392360851 ], [ -52.434405052814029, -24.771964286949611 ], [ -52.434506834132456, -24.771907715568094 ], [ -52.434619753501991, -24.771873813235121 ], [ -52.434757525051296, -24.771858573426169 ], [ -52.434904233735693, -24.771846553687794 ], [ -52.435032595286664, -24.771821954421682 ], [ -52.435150526140397, -24.771793471787372 ], [ -52.435303865782018, -24.771756210516912 ], [ -52.435428703370683, -24.77172410375945 ], [ -52.435586223690805, -24.771671435646727 ], [ -52.435826081490532, -24.771597869322257 ], [ -52.435879589424104, -24.771485413027701 ], [ -52.43591046611548, -24.77138902657558 ], [ -52.435797217753382, -24.771356586591192 ], [ -52.435769211332222, -24.771444012799073 ], [ -52.435739105395761, -24.771510247538764 ], [ -52.435546918778378, -24.771569192674548 ], [ -52.435392158781028, -24.771620937844727 ], [ -52.435272516140031, -24.7716517085147 ], [ -52.435120092180661, -24.771688747267625 ], [ -52.435005214946223, -24.771716492387792 ], [ -52.43488668190065, -24.77173920811099 ], [ -52.434745082670496, -24.771750809225694 ], [ -52.434593831262497, -24.771767540118628 ], [ -52.434456792197366, -24.771808684015625 ], [ -52.434331179685174, -24.771878501060332 ], [ -52.434216820743416, -24.771982988089722 ], [ -52.434135317220942, -24.772098493478946 ], [ -52.434035341108995, -24.772262376615711 ], [ -52.433955207290019, -24.772432575762018 ], [ -52.433943016143679, -24.772529401358241 ], [ -52.433946474565502, -24.772641402960247 ], [ -52.433943301446689, -24.772744354335813 ], [ -52.43393162454197, -24.772853422216567 ], [ -52.433917864650525, -24.773005283825931 ], [ -52.433933097961543, -24.773117445125756 ], [ -52.43398051728979, -24.773214991765467 ], [ -52.434011428863101, -24.77324943827313 ], [ -52.43421036523722, -24.773327317933873 ], [ -52.434145978032042, -24.773228414671593 ] ] ] ] } },
{ "type": "Feature", "properties": { "nome_pa": "FAZENDA CHAPADÃO", "tipo": "Estrada" }, "geometry": { "type": "MultiPolygon", "coordinates": [ [ [ [ -52.412756831161786, -24.794771139724865 ], [ -52.412802440997851, -24.794822784589577 ], [ -52.412925695560524, -24.794905243124294 ], [ -52.413151673553003, -24.794983528166359 ], [ -52.413479230411674, -24.794962080720556 ], [ -52.413694674527235, -24.794900728340199 ], [ -52.413866729820008, -24.794851621848945 ], [ -52.414113523497441, -24.794822318177488 ], [ -52.414446281016566, -24.79479485208245 ], [ -52.414871558484485, -24.794713510622117 ], [ -52.41534895222528, -24.794626100721846 ], [ -52.415720949232096, -24.794554669676387 ], [ -52.416106722851502, -24.794522558846619 ], [ -52.416539821033702, -24.794515959998488 ], [ -52.416850928119942, -24.794522829260242 ], [ -52.416959637814877, -24.794513541824596 ], [ -52.417015603712429, -24.794508760438099 ], [ -52.417218408070823, -24.7944699807564 ], [ -52.417635401302221, -24.794369735895074 ], [ -52.417780909203444, -24.794321850157171 ], [ -52.417883837904746, -24.794275734569599 ], [ -52.418041488554614, -24.794195402364313 ], [ -52.418236332527727, -24.794080185215016 ], [ -52.4185214629874, -24.793990152814704 ], [ -52.418790330725805, -24.79396027880345 ], [ -52.419107658725515, -24.793947284421613 ], [ -52.419450215898387, -24.793988649096494 ], [ -52.419667888059422, -24.794008816649391 ], [ -52.419812911127629, -24.794004763280292 ], [ -52.420153335329005, -24.7939719963362 ], [ -52.42054317376963, -24.793938386316196 ], [ -52.42076290967583, -24.793965978870087 ], [ -52.421003624500642, -24.794033226816982 ], [ -52.421228499172294, -24.794087853551584 ], [ -52.421474517686747, -24.794184100217592 ], [ -52.421826893473217, -24.794325278442216 ], [ -52.422041529185272, -24.794400930230058 ], [ -52.422249386432661, -24.794459235596214 ], [ -52.422434816629213, -24.794490014740649 ], [ -52.422613072878015, -24.794539415016274 ], [ -52.422723805995759, -24.794610581711137 ], [ -52.422862171122077, -24.794718549098892 ], [ -52.423013225355071, -24.794850515687344 ], [ -52.423186719143935, -24.795032450977502 ], [ -52.423339466565096, -24.795156787617294 ], [ -52.423535344494638, -24.795295188936588 ], [ -52.423694869980288, -24.795412400959393 ], [ -52.423851620058407, -24.795539518594094 ], [ -52.423918351936557, -24.795628893218346 ], [ -52.423985239106784, -24.795763420092801 ], [ -52.424100934096849, -24.796045490830796 ], [ -52.424272426376504, -24.796462355572185 ], [ -52.424444114231449, -24.796888789220333 ], [ -52.424632631645892, -24.797350685886588 ], [ -52.424744871160328, -24.797628891697205 ], [ -52.424870110586802, -24.797875254829613 ], [ -52.424965769859128, -24.798034571019041 ], [ -52.425101401819731, -24.798199764970672 ], [ -52.425292937410418, -24.798329645023504 ], [ -52.425485714197229, -24.798389735266237 ], [ -52.4257046886461, -24.798436080720261 ], [ -52.425884449077337, -24.798478055415188 ], [ -52.425964021494394, -24.798494897289864 ], [ -52.42611691176841, -24.798524854817003 ], [ -52.42629410834801, -24.798533800671532 ], [ -52.426514378403724, -24.798515443984236 ], [ -52.426754301370707, -24.798495863354265 ], [ -52.426890417498676, -24.798488171213915 ], [ -52.427037156107964, -24.798484367329884 ], [ -52.427234118876406, -24.798462192993313 ], [ -52.427389548598711, -24.798491217304512 ], [ -52.427531514537371, -24.798562707299059 ], [ -52.427670906630645, -24.7986919456912 ], [ -52.427752921551445, -24.798809591485288 ], [ -52.427767168184531, -24.798893856943891 ], [ -52.427738790237612, -24.799031051048864 ], [ -52.427625279048328, -24.799211906015191 ], [ -52.427454623620335, -24.799435534524822 ], [ -52.427354109253059, -24.799588084972982 ], [ -52.427274992687863, -24.79977715738034 ], [ -52.427251985904469, -24.799974496041521 ], [ -52.427271414632031, -24.800024914335182 ], [ -52.427320816720979, -24.800153114440878 ], [ -52.427407737775418, -24.800332644377594 ], [ -52.427478957646585, -24.800637744467984 ], [ -52.427513856118253, -24.800984066887239 ], [ -52.427596199264265, -24.801316436113556 ], [ -52.427671188408588, -24.801596626383898 ], [ -52.427706889037715, -24.801684165398335 ], [ -52.427746077908218, -24.801780257522203 ], [ -52.427865494602329, -24.801933201083731 ], [ -52.428006346181292, -24.802065571570505 ], [ -52.4281525634647, -24.802163449155501 ], [ -52.428320622884243, -24.802292541316941 ], [ -52.428421874724847, -24.802413546254556 ], [ -52.428564656650451, -24.802547261377157 ], [ -52.428775702312173, -24.802709373186484 ], [ -52.429005816759251, -24.80285915747746 ], [ -52.429283910197867, -24.802996391593172 ], [ -52.429624935709548, -24.803126453624529 ], [ -52.429690280090611, -24.803144249711039 ], [ -52.430262543665144, -24.803300100246574 ], [ -52.430515032769485, -24.803392916188088 ], [ -52.430691253216864, -24.803452552490111 ], [ -52.430913636447563, -24.803484807159851 ], [ -52.431122406350312, -24.803532374820531 ], [ -52.431336765251608, -24.803613589815768 ], [ -52.431618527174471, -24.803756901294694 ], [ -52.431954790509472, -24.803877347928101 ], [ -52.432322963276334, -24.804015738432962 ], [ -52.43257667948604, -24.804050904335618 ], [ -52.432846398927765, -24.803989083880179 ], [ -52.433148546800822, -24.803901952931664 ], [ -52.433578481274409, -24.803821312185967 ], [ -52.433952809376827, -24.803772689916439 ], [ -52.433985444729778, -24.803775093197224 ], [ -52.43427488951248, -24.803788945692332 ], [ -52.434539029392589, -24.803783365003046 ], [ -52.434994704883472, -24.803724481212431 ], [ -52.435346867884142, -24.803653695449082 ], [ -52.435654207805356, -24.803606393256523 ], [ -52.435845757989313, -24.803609518970369 ], [ -52.436011425736815, -24.803639964445274 ], [ -52.43616685833517, -24.803702972310148 ], [ -52.436376961467197, -24.803814008541437 ], [ -52.43656463838294, -24.803895706881438 ], [ -52.436863756714196, -24.803998580803441 ], [ -52.437031200281872, -24.804055438940527 ], [ -52.437277660601445, -24.804115497146448 ], [ -52.43743936647148, -24.804132663417938 ], [ -52.437636877887769, -24.804130534927264 ], [ -52.437905287186091, -24.804125142486104 ], [ -52.438042770791562, -24.804121793261903 ], [ -52.438186356720777, -24.804075400686557 ], [ -52.438416977103998, -24.803929413612693 ], [ -52.438757124139578, -24.803668912815855 ], [ -52.438911719579103, -24.803546023326877 ], [ -52.439067066666667, -24.803413066666664 ], [ -52.439025311111109, -24.803300386111101 ], [ -52.438832148282252, -24.803465601798411 ], [ -52.43867999381596, -24.803586550865123 ], [ -52.438344856728442, -24.803843214679116 ], [ -52.438131770087161, -24.803978102518727 ], [ -52.438020849115716, -24.80401394104836 ], [ -52.43784305983435, -24.804018272101853 ], [ -52.437634950119836, -24.804022200463336 ], [ -52.437445547129975, -24.80402424157025 ], [ -52.437299942056733, -24.804008784511883 ], [ -52.437067283493128, -24.803952089550734 ], [ -52.436905015953862, -24.803896989011598 ], [ -52.436612155537695, -24.803796353528732 ], [ -52.436432334649766, -24.803718075031355 ], [ -52.436220838364697, -24.803606302546008 ], [ -52.436047662000085, -24.803536101870797 ], [ -52.435858637702545, -24.803501364056896 ], [ -52.435645325078973, -24.803497883215176 ], [ -52.435324222686056, -24.803547303563242 ], [ -52.434973591770301, -24.803617781366448 ], [ -52.434527315954284, -24.803675450484935 ], [ -52.434297502045077, -24.803687394590604 ], [ -52.434065355091292, -24.803671183372789 ], [ -52.433948318605751, -24.803663833860739 ], [ -52.43355815489091, -24.803714513047488 ], [ -52.433118642153183, -24.803796950318951 ], [ -52.432814036710077, -24.803884789954068 ], [ -52.43257091127608, -24.803940514993855 ], [ -52.432354930032709, -24.803910579266304 ], [ -52.431999072733689, -24.803776817935653 ], [ -52.431669325166098, -24.803658705205667 ], [ -52.431388577157833, -24.80351590942934 ], [ -52.431159738480474, -24.803429208423957 ], [ -52.430937368613819, -24.80337854204414 ], [ -52.430721492291042, -24.803347231146788 ], [ -52.430557843692164, -24.803291849385825 ], [ -52.430322995180198, -24.803205518207953 ], [ -52.43000914480367, -24.803120370515611 ], [ -52.429665266381235, -24.803024409987028 ], [ -52.429335143449457, -24.802898506038716 ], [ -52.429068740848386, -24.802767041159047 ], [ -52.428848490337757, -24.802623677460375 ], [ -52.42864556729679, -24.802467804992816 ], [ -52.428511865751133, -24.802342593708971 ], [ -52.428407032958205, -24.802217309301117 ], [ -52.428225955571342, -24.802078217661105 ], [ -52.428084561582118, -24.801983568819633 ], [ -52.427956601195184, -24.801863313375431 ], [ -52.427853754896049, -24.801733721051399 ], [ -52.427784848561998, -24.80156476115857 ], [ -52.427711747943306, -24.801291628114615 ], [ -52.427631342849153, -24.800967082845229 ], [ -52.427596512074587, -24.800621435422947 ], [ -52.427521268702499, -24.800299100241759 ], [ -52.427431252898259, -24.800113178644672 ], [ -52.427372852538483, -24.799961628021318 ], [ -52.427391387429715, -24.799802645313491 ], [ -52.42746124159239, -24.79963570778607 ], [ -52.427554290451994, -24.799494487536002 ], [ -52.427725666450755, -24.799269914528782 ], [ -52.427851716314031, -24.799069081665611 ], [ -52.427887579768992, -24.79889569783721 ], [ -52.427877031625975, -24.798833308450117 ], [ -52.427866429528123, -24.798770599860337 ], [ -52.427764300732548, -24.798624102017875 ], [ -52.427603974966146, -24.798475454896106 ], [ -52.427414717453416, -24.798385325219297 ], [ -52.427238872765784, -24.798352488683225 ], [ -52.427028187106593, -24.798376207971163 ], [ -52.426885064259956, -24.79837991811517 ], [ -52.426746307682961, -24.798387759466788 ], [ -52.426503559931795, -24.798407546766938 ], [ -52.426291978572046, -24.798425179360756 ], [ -52.426133076238386, -24.798417157094221 ], [ -52.425911945921776, -24.798372639112941 ], [ -52.425732804415219, -24.798330808931411 ], [ -52.425518380715168, -24.798285426631864 ], [ -52.425348836735289, -24.798232578267928 ], [ -52.425186032989224, -24.798122181276415 ], [ -52.42506580405788, -24.797975747675149 ], [ -52.424976105142903, -24.797826358385471 ], [ -52.424854577449523, -24.797587297136435 ], [ -52.424743935003633, -24.79731305052994 ], [ -52.424555430929011, -24.796851187536646 ], [ -52.424383689397281, -24.79642462149075 ], [ -52.424212080480686, -24.796007474185423 ], [ -52.424108425866812, -24.795754759150892 ], [ -52.424022198829697, -24.795575598057962 ], [ -52.423941427183145, -24.795467419945268 ], [ -52.42377154096463, -24.795329649534139 ], [ -52.423608887067601, -24.795210138942657 ], [ -52.423415380097033, -24.79507341292139 ], [ -52.423271314893633, -24.794956143675428 ], [ -52.423099197928245, -24.794775652304953 ], [ -52.422941827058679, -24.794638167339688 ], [ -52.422796690677139, -24.794524916332566 ], [ -52.422665803723824, -24.794440797049504 ], [ -52.422548833465868, -24.794408381045503 ], [ -52.422462765098551, -24.794384528821851 ], [ -52.422277533066783, -24.79435378257255 ], [ -52.42208038463513, -24.794298481095176 ], [ -52.421872142568844, -24.794225082847912 ], [ -52.421521745596976, -24.794084697428989 ], [ -52.421267340425352, -24.793985169752467 ], [ -52.421036263467883, -24.793929036356253 ], [ -52.420788527770462, -24.793859826987532 ], [ -52.420616361226983, -24.793838207820222 ], [ -52.420521917963775, -24.793826348374065 ], [ -52.420140684674713, -24.793864264855877 ], [ -52.419804860917836, -24.793896588983909 ], [ -52.419672082520933, -24.793900300113009 ], [ -52.419463993861939, -24.793881020469097 ], [ -52.419112821665969, -24.793838615479025 ], [ -52.418780486594812, -24.793852224384871 ], [ -52.418494592367928, -24.79388399019766 ], [ -52.418183905594319, -24.793982092201116 ], [ -52.417980232496923, -24.794102530253312 ], [ -52.417828726709331, -24.794179731268134 ], [ -52.417734494282705, -24.794221950616386 ], [ -52.417600092335185, -24.794266181444215 ], [ -52.417191110048584, -24.794364500456297 ], [ -52.41699784991863, -24.794401455111348 ], [ -52.416869325697519, -24.794412435398097 ], [ -52.416540265826086, -24.794407589480542 ], [ -52.416100334701255, -24.7944142924181 ], [ -52.415703284433214, -24.794447341869283 ], [ -52.415325064689164, -24.79451996780104 ], [ -52.414847716959947, -24.794607369254244 ], [ -52.414428707171439, -24.794687511908084 ], [ -52.414100519488365, -24.794714600782115 ], [ -52.41384117332116, -24.794745394887986 ], [ -52.413659309693315, -24.794797300795405 ], [ -52.413457016723079, -24.794854908100532 ], [ -52.41316930250148, -24.794873746770381 ], [ -52.41298286639568, -24.794809160125503 ], [ -52.412885111020501, -24.794743760821014 ], [ -52.412842670896964, -24.794695705108147 ], [ -52.412756831161786, -24.794771139724865 ] ] ] ] } },
{ "type": "Feature", "properties": { "nome_pa": "FAZENDA CHAPADÃO", "tipo": "Estrada" }, "geometry": { "type": "MultiPolygon", "coordinates": [ [ [ [ -52.413574744160954, -24.825659564587696 ], [ -52.41377509757605, -24.825406175379463 ], [ -52.413885870244002, -24.825336383210779 ], [ -52.414017425052094, -24.825262549375115 ], [ -52.414181867069331, -24.825179396645542 ], [ -52.414365056174844, -24.825060282515462 ], [ -52.414501910450177, -24.824913131316759 ], [ -52.414620012941086, -24.824791214270856 ], [ -52.414756893276788, -24.824657812936554 ], [ -52.414910828648772, -24.824510320785905 ], [ -52.415080175698584, -24.824350252722411 ], [ -52.415240437959149, -24.824201690299923 ], [ -52.415390826031647, -24.82406403991931 ], [ -52.415503180564968, -24.823957294645098 ], [ -52.41556380209596, -24.823839338427337 ], [ -52.415575259239247, -24.823707004099983 ], [ -52.41552264600881, -24.823519351029681 ], [ -52.415447692601333, -24.823362568569554 ], [ -52.415401598928973, -24.823181436268406 ], [ -52.415416845916617, -24.823103083297777 ], [ -52.415419416209666, -24.823031884900576 ], [ -52.415422778110447, -24.823003344786201 ], [ -52.415466318970573, -24.822812119303411 ], [ -52.4154891181946, -24.822555271272385 ], [ -52.415513855994398, -24.822332011010911 ], [ -52.41555928694855, -24.822155999440621 ], [ -52.415619330882087, -24.822027662084714 ], [ -52.41570316461538, -24.821913734067582 ], [ -52.415789777586262, -24.82181315007945 ], [ -52.415904681775814, -24.821698863491218 ], [ -52.416037701763528, -24.821607241654476 ], [ -52.416229947278559, -24.821503874341829 ], [ -52.416356943391193, -24.821410179597084 ], [ -52.416409593573853, -24.821267894016071 ], [ -52.416370321209961, -24.821140746947052 ], [ -52.416248904331411, -24.821000865509259 ], [ -52.41611165364229, -24.82085118181061 ], [ -52.415977816517099, -24.820686337918179 ], [ -52.415890860096461, -24.820541502098642 ], [ -52.415858615849316, -24.820370659806166 ], [ -52.415896057037699, -24.820149843427487 ], [ -52.41594796449899, -24.819948147703677 ], [ -52.416003457567157, -24.819764318184156 ], [ -52.416062586704861, -24.819647993013767 ], [ -52.416173939938808, -24.819510456570779 ], [ -52.416319128850972, -24.819388218928527 ], [ -52.416502002946366, -24.819267674618438 ], [ -52.416657475041774, -24.819160055292869 ], [ -52.416766842132617, -24.819054501799158 ], [ -52.416804514130568, -24.818997666088606 ], [ -52.416843373169428, -24.818939039428695 ], [ -52.416901195271429, -24.818808521646897 ], [ -52.416945701513541, -24.818676542839228 ], [ -52.416983488561755, -24.818563546075733 ], [ -52.417026425799165, -24.818416613696435 ], [ -52.41707720419263, -24.81824925320689 ], [ -52.417112650993104, -24.818069023272884 ], [ -52.417133452319774, -24.817870220408889 ], [ -52.417162198887439, -24.817669006158624 ], [ -52.41722321496426, -24.817477827199962 ], [ -52.417319275203937, -24.817315573587603 ], [ -52.417483040734098, -24.81711906620167 ], [ -52.417674819862413, -24.816911382388575 ], [ -52.417825483551432, -24.816739200477009 ], [ -52.417917268364967, -24.816607325972047 ], [ -52.417956008810869, -24.816467902882025 ], [ -52.417928004583779, -24.816288969801409 ], [ -52.417796256977454, -24.816126011586608 ], [ -52.417630482228468, -24.816001375771933 ], [ -52.417507636804984, -24.815918333605726 ], [ -52.417378030019634, -24.815823569151565 ], [ -52.417273205221115, -24.815728819555964 ], [ -52.417215610413876, -24.815655966611324 ], [ -52.417175395184145, -24.815576876901801 ], [ -52.417132975, -24.815471613888867 ], [ -52.417124908364713, -24.815451064690752 ], [ -52.417105866856012, -24.815355630867927 ], [ -52.417101177799438, -24.815203740101516 ], [ -52.417137695004058, -24.815044285073203 ], [ -52.417198001403577, -24.814879384887433 ], [ -52.417267798718008, -24.814694060732055 ], [ -52.417314220971008, -24.814534285747019 ], [ -52.417337740277439, -24.814403007387806 ], [ -52.417339276555609, -24.814186684209677 ], [ -52.41731127355294, -24.813998489745657 ], [ -52.417294806969394, -24.813870717071982 ], [ -52.417296466200781, -24.813757665853068 ], [ -52.417367763916872, -24.81359798601995 ], [ -52.41746807221628, -24.813415508546136 ], [ -52.417546655112481, -24.813221088695002 ], [ -52.417574970612606, -24.813017343829902 ], [ -52.417561939837761, -24.812785576178054 ], [ -52.417525209982259, -24.812538414209055 ], [ -52.417536508191752, -24.812324216872909 ], [ -52.41754681100619, -24.812153525590379 ], [ -52.417528650970304, -24.812026357293856 ], [ -52.417481638219982, -24.811854980268894 ], [ -52.417419292943372, -24.81165046308266 ], [ -52.417344847539177, -24.811424139898904 ], [ -52.417260105444591, -24.811226667404977 ], [ -52.417185920849029, -24.811044778079566 ], [ -52.417150235803817, -24.81084091337549 ], [ -52.417148478749603, -24.810659276317597 ], [ -52.417150677564507, -24.810459341745805 ], [ -52.417140113903798, -24.810237813534123 ], [ -52.417129063868558, -24.81018604207723 ], [ -52.417096562795898, -24.8100337682576 ], [ -52.417022407993052, -24.809844026234163 ], [ -52.416941559076569, -24.80968001771506 ], [ -52.416864903563571, -24.809509831772399 ], [ -52.416782556822959, -24.80933704090716 ], [ -52.416696743416587, -24.809141018590758 ], [ -52.41662150456883, -24.808955308773481 ], [ -52.416584976417575, -24.808783564090298 ], [ -52.416581730530403, -24.808609436808947 ], [ -52.416603851834836, -24.808423397950154 ], [ -52.416633076509719, -24.80825879486698 ], [ -52.416655747886587, -24.808138297968416 ], [ -52.416676414578781, -24.807998619068449 ], [ -52.416675967380144, -24.807823313153968 ], [ -52.416674548850089, -24.807792222667668 ], [ -52.416666644134608, -24.807618971427072 ], [ -52.416656243460245, -24.807467058642608 ], [ -52.416662498845596, -24.807277457305986 ], [ -52.416666899018395, -24.807055982858358 ], [ -52.416689643485519, -24.806841950975727 ], [ -52.416729895434543, -24.806646803897127 ], [ -52.416788513541682, -24.806435708273732 ], [ -52.416824055172889, -24.806232861713646 ], [ -52.416831651530153, -24.806019884140415 ], [ -52.416862885669005, -24.805814648065635 ], [ -52.416905001600902, -24.805589876694832 ], [ -52.417071850943039, -24.805140108020634 ], [ -52.417124640727991, -24.80500691466311 ], [ -52.417188090437904, -24.804832306510576 ], [ -52.417257239134173, -24.804678964858041 ], [ -52.417324931460598, -24.804520995095544 ], [ -52.417390734970859, -24.804363828508578 ], [ -52.417488601258498, -24.804163511694625 ], [ -52.417433631948548, -24.8040099995766 ], [ -52.41728100927628, -24.804322393760213 ], [ -52.417214217288596, -24.804481920907453 ], [ -52.4171470747591, -24.804638607309748 ], [ -52.417076737558439, -24.804794584230038 ], [ -52.417012477059778, -24.804971423163391 ], [ -52.416959812789848, -24.805104299526949 ], [ -52.416788786108597, -24.805567407918005 ], [ -52.416745568582193, -24.805798057301889 ], [ -52.416713215917895, -24.806010641751179 ], [ -52.416705659196438, -24.806222502403482 ], [ -52.416672141175944, -24.806413798583577 ], [ -52.41661392455358, -24.806623447661003 ], [ -52.416572007423824, -24.806826666835793 ], [ -52.41655000507933, -24.807033713298885 ], [ -52.416543827659652, -24.807274844231145 ], [ -52.416537428078904, -24.807468810535017 ], [ -52.416548094364209, -24.807624605014482 ], [ -52.41655727155635, -24.807826687199281 ], [ -52.416557691731846, -24.807991461406576 ], [ -52.41653839611363, -24.808121872857736 ], [ -52.416515990086474, -24.808240958838457 ], [ -52.416486176799125, -24.808408876283661 ], [ -52.416462916352394, -24.8086044936903 ], [ -52.416466465442241, -24.808794896148466 ], [ -52.416506816447573, -24.808984615600252 ], [ -52.416585940797631, -24.80917991632127 ], [ -52.416672989628758, -24.809378761091864 ], [ -52.416755570984428, -24.809552044570424 ], [ -52.416832508666566, -24.809722857289188 ], [ -52.416912201855787, -24.809884521607792 ], [ -52.416981755420331, -24.810062490716419 ], [ -52.417005056696432, -24.810171662208401 ], [ -52.41702190480563, -24.810250599087052 ], [ -52.417031945043725, -24.810461154898842 ], [ -52.417029766701177, -24.810659210792529 ], [ -52.417031612002546, -24.810849989223602 ], [ -52.417070559926955, -24.811072495575246 ], [ -52.417149207494958, -24.811265327858141 ], [ -52.417232547826963, -24.811459534258656 ], [ -52.417305252360876, -24.811680565578882 ], [ -52.417366860342916, -24.811882664746708 ], [ -52.417411827348495, -24.812046584907183 ], [ -52.41742767796147, -24.812157581866998 ], [ -52.417418053258025, -24.812317036057962 ], [ -52.417405602209179, -24.812539677717126 ], [ -52.417444174899565, -24.81279924213522 ], [ -52.417456010862686, -24.813012303634071 ], [ -52.417430594254057, -24.813195188208027 ], [ -52.417358994970208, -24.813372329682313 ], [ -52.417259581779405, -24.813553178502687 ], [ -52.417178067654667, -24.813735738824203 ], [ -52.41717600388592, -24.813876343923109 ], [ -52.417193500469153, -24.814012109892431 ], [ -52.417220514383914, -24.814193658340276 ], [ -52.41721909241609, -24.814393858606564 ], [ -52.417197997570554, -24.814511603660215 ], [ -52.417154148182306, -24.814662522935535 ], [ -52.417085565778436, -24.814844620840333 ], [ -52.417022906909118, -24.815015953117914 ], [ -52.416982120416989, -24.815194049559413 ], [ -52.416987457213864, -24.815366927663256 ], [ -52.417009940122661, -24.815479609905786 ], [ -52.417065628931795, -24.815618385686307 ], [ -52.41711270505531, -24.815710968593521 ], [ -52.417182688301239, -24.815799492030315 ], [ -52.41729893437995, -24.815904565212687 ], [ -52.417435172789745, -24.816004178543498 ], [ -52.417557367080185, -24.816086780579475 ], [ -52.417709449896513, -24.816201122328344 ], [ -52.417814716522514, -24.816331326430028 ], [ -52.41783517165706, -24.816462025339483 ], [ -52.417806871534331, -24.816563874377852 ], [ -52.417728719231697, -24.816676161830859 ], [ -52.417676146140188, -24.816736243572446 ], [ -52.417583036570861, -24.816842651154225 ], [ -52.417390352566422, -24.817051314705495 ], [ -52.417219212581664, -24.817256670724845 ], [ -52.417112770427927, -24.817436459973848 ], [ -52.417045664526604, -24.817646719302136 ], [ -52.417015470729737, -24.817858062168444 ], [ -52.416994940035387, -24.81805427675949 ], [ -52.416961328839584, -24.818225172704857 ], [ -52.416911866589949, -24.818388194809426 ], [ -52.416869328239507, -24.818533761724719 ], [ -52.416832198455644, -24.818644792724427 ], [ -52.41678922971915, -24.818772211867898 ], [ -52.4167368780532, -24.81889038138053 ], [ -52.4166671077217, -24.818993066291021 ], [ -52.416577941545022, -24.819079123202208 ], [ -52.416431370231464, -24.819180581265005 ], [ -52.416243859426466, -24.819304181872834 ], [ -52.416085161163274, -24.819437793241914 ], [ -52.415959959110857, -24.819592434711804 ], [ -52.415891622140563, -24.819726874284115 ], [ -52.415832911727612, -24.819921361174295 ], [ -52.415779438451906, -24.820129140389117 ], [ -52.41573832800357, -24.820371595531793 ], [ -52.41577722956076, -24.820577711802581 ], [ -52.41587760313012, -24.820744895649952 ], [ -52.41601835883305, -24.820918261143525 ], [ -52.416156838479949, -24.821069285243286 ], [ -52.416262506448774, -24.821191022863001 ], [ -52.416285357982744, -24.821265006552203 ], [ -52.416255498499105, -24.821345700733129 ], [ -52.41616213265641, -24.821414583807329 ], [ -52.415971598960901, -24.82151703065405 ], [ -52.415824527060913, -24.821618331152369 ], [ -52.415699238348047, -24.821742946360626 ], [ -52.41559756501281, -24.82186101988858 ], [ -52.415572411508556, -24.821895816953997 ], [ -52.415514348175016, -24.821976141007632 ], [ -52.415446081743028, -24.822122052777782 ], [ -52.415396521309106, -24.822314062353314 ], [ -52.415370883273624, -24.822545445318458 ], [ -52.41534794580371, -24.822799502373282 ], [ -52.415319598294225, -24.822925694711685 ], [ -52.415305372954307, -24.822986437570215 ], [ -52.415281398653818, -24.823188031014816 ], [ -52.415334518547901, -24.823396774722209 ], [ -52.415410005285146, -24.823554673071317 ], [ -52.415455354763182, -24.823716419405084 ], [ -52.415447151883804, -24.823811164713202 ], [ -52.415404006741973, -24.823895115560919 ], [ -52.415305975266037, -24.823988252772793 ], [ -52.415156102228345, -24.824125431648255 ], [ -52.414995170490847, -24.82427461457134 ], [ -52.414825142333086, -24.824435326311129 ], [ -52.414670581102953, -24.824583418018264 ], [ -52.414532194129706, -24.824718287597616 ], [ -52.41441217259662, -24.824842185571431 ], [ -52.4142841176022, -24.824979875333028 ], [ -52.414118450989868, -24.825087595847961 ], [ -52.41395752964349, -24.825168968262016 ], [ -52.413821005114301, -24.825245591277447 ], [ -52.413690803275522, -24.82532762472372 ], [ -52.413524155739438, -24.825538385664096 ], [ -52.413574744160954, -24.825659564587696 ] ] ] ] } },
{ "type": "Feature", "properties": { "nome_pa": "FAZENDA CHAPADÃO", "tipo": "Estrada" }, "geometry": { "type": "MultiPolygon", "coordinates": [ [ [ [ -52.482290887273876, -24.820092352923854 ], [ -52.482417404129961, -24.820072292922873 ], [ -52.482562217026967, -24.820035069374239 ], [ -52.482740572769899, -24.819982895902069 ], [ -52.482866850334553, -24.819954179525535 ], [ -52.482991109869218, -24.819930970791113 ], [ -52.483175737991687, -24.819907966825948 ], [ -52.483316697186417, -24.81989015825727 ], [ -52.483431041433271, -24.819876040939779 ], [ -52.483582393121836, -24.819851190023019 ], [ -52.483755875830333, -24.819796958026789 ], [ -52.483873284938376, -24.81973349904392 ], [ -52.484017813958438, -24.819653463536227 ], [ -52.48414788137201, -24.819583907090792 ], [ -52.484325205554676, -24.819486895097338 ], [ -52.484524890615113, -24.819384790608019 ], [ -52.484639268520326, -24.819326542483623 ], [ -52.484764579440807, -24.819259537940901 ], [ -52.484904763763673, -24.819187156734092 ], [ -52.485037974501495, -24.819123055092899 ], [ -52.485145229468522, -24.819092987031773 ], [ -52.485283978902693, -24.819087990988077 ], [ -52.485448341146828, -24.819087073439501 ], [ -52.485588261000174, -24.819081941347992 ], [ -52.485743635155139, -24.819056081059934 ], [ -52.485905410631879, -24.819003546355415 ], [ -52.486030113016454, -24.818939969440439 ], [ -52.486146273469515, -24.818835442443188 ], [ -52.486225690341911, -24.818707946858328 ], [ -52.486305564469788, -24.818586305468386 ], [ -52.486395915114777, -24.818482035741631 ], [ -52.486487034463174, -24.818365676617436 ], [ -52.486568567881747, -24.818256795816801 ], [ -52.486647338983794, -24.818186874615272 ], [ -52.486780184540308, -24.818125548056091 ], [ -52.486916883852217, -24.818077204231191 ], [ -52.48707326656772, -24.818005088394411 ], [ -52.487173291897442, -24.817948912939396 ], [ -52.487310658687399, -24.817871302797535 ], [ -52.487457920454631, -24.817773836570471 ], [ -52.487537635583926, -24.817666625699651 ], [ -52.487611851013575, -24.817543110931258 ], [ -52.487701985505183, -24.817469739854165 ], [ -52.487815757575092, -24.817373262956828 ], [ -52.487913562707078, -24.817276429859334 ], [ -52.488028998525891, -24.817164972129447 ], [ -52.488150874531897, -24.817066813936652 ], [ -52.488266556286554, -24.816952789578295 ], [ -52.488245172204735, -24.816816578416901 ], [ -52.488211436726161, -24.816659857968066 ], [ -52.488192786693347, -24.816541605948821 ], [ -52.488169666241134, -24.816414917281442 ], [ -52.48813888649093, -24.816250405606105 ], [ -52.488114911068934, -24.816093301135385 ], [ -52.488115250170146, -24.816025145971281 ], [ -52.488134932798033, -24.81592319432745 ], [ -52.488182163936955, -24.815740969168914 ], [ -52.488208986842032, -24.815626008855986 ], [ -52.488334221322006, -24.815388624574314 ], [ -52.488352010530676, -24.815370904679316 ], [ -52.488421337084787, -24.815288713963621 ], [ -52.488462974327923, -24.815153549161003 ], [ -52.488492838017201, -24.815021374330804 ], [ -52.488557541228857, -24.814882927599271 ], [ -52.488638023762668, -24.814791319083596 ], [ -52.488740326780096, -24.814699881751711 ], [ -52.488843664497473, -24.814612083554522 ], [ -52.488949090250394, -24.814523223499268 ], [ -52.489054817597427, -24.814433669904151 ], [ -52.489161652995151, -24.814352045718255 ], [ -52.489276529221755, -24.814278343340423 ], [ -52.489399388319072, -24.814213174834315 ], [ -52.489553650419495, -24.814117668000947 ], [ -52.489651740604813, -24.814058254137279 ], [ -52.489798810567954, -24.813978946484784 ], [ -52.489914901799743, -24.813916889576468 ], [ -52.490023885114255, -24.813846753382617 ], [ -52.490172308850951, -24.813740335250159 ], [ -52.490276655598159, -24.813665256975117 ], [ -52.490382231596897, -24.813594550028 ], [ -52.490473638683717, -24.81353434073953 ], [ -52.490604402612739, -24.813455858664557 ], [ -52.490746123673617, -24.813360100629382 ], [ -52.490864586315475, -24.813261049498561 ], [ -52.490970373095095, -24.813171743503492 ], [ -52.491089185768487, -24.813075624541558 ], [ -52.491185460145346, -24.812980789998345 ], [ -52.491308288705483, -24.812873738953208 ], [ -52.49137316012844, -24.812832894704503 ], [ -52.491532447288698, -24.812770522270437 ], [ -52.491657986284729, -24.812734464654316 ], [ -52.491789898916821, -24.812687171284754 ], [ -52.491919672181737, -24.812641221585526 ], [ -52.492088318680906, -24.812572942782356 ], [ -52.492222327847706, -24.812525935652072 ], [ -52.492365468693478, -24.812488798382113 ], [ -52.492465992192521, -24.812474678491451 ], [ -52.492617461176117, -24.812465838212216 ], [ -52.492846239982939, -24.812408153725666 ], [ -52.492933227107905, -24.812351050204416 ], [ -52.493052177316336, -24.812269551555431 ], [ -52.493155936591094, -24.81220597266767 ], [ -52.493347414493812, -24.812101682884975 ], [ -52.493426073845576, -24.812058191479753 ], [ -52.493553050277995, -24.811987343415737 ], [ -52.493688147452701, -24.811909157250742 ], [ -52.493832649665819, -24.811736895827426 ], [ -52.493867365453632, -24.811695736464486 ], [ -52.49396111571923, -24.811609458791356 ], [ -52.494073247423266, -24.811492415969823 ], [ -52.494155754481447, -24.811402139280204 ], [ -52.494248243405188, -24.811301875855374 ], [ -52.494361559171651, -24.811203126031035 ], [ -52.494482646535985, -24.811099956262613 ], [ -52.494560177676576, -24.810979781589825 ], [ -52.49455722435706, -24.810816371495545 ], [ -52.494501351569753, -24.810691150069385 ], [ -52.494524350325733, -24.810651426080771 ], [ -52.494625650587345, -24.810691435749298 ], [ -52.494757898161026, -24.810765742402921 ], [ -52.494867502397973, -24.810828835976611 ], [ -52.494984713049604, -24.810908010045203 ], [ -52.495084029859612, -24.810990181454081 ], [ -52.495153208680598, -24.810900301596455 ], [ -52.495059779923615, -24.810823928110032 ], [ -52.494934563473237, -24.8107393462682 ], [ -52.49482067495633, -24.81067378646803 ], [ -52.494680616982272, -24.810595091351583 ], [ -52.494470707484503, -24.810512185163869 ], [ -52.494370531690997, -24.810685210941468 ], [ -52.494438903570703, -24.810838445573701 ], [ -52.494440939119706, -24.810951080473732 ], [ -52.494389081049086, -24.811031461307696 ], [ -52.494280069885583, -24.811124341751196 ], [ -52.4941615991155, -24.811227583870416 ], [ -52.494064775212799, -24.811332546583635 ], [ -52.49398297914032, -24.811422045259544 ], [ -52.49387420957958, -24.811535578594665 ], [ -52.493777844002523, -24.811624263052092 ], [ -52.493738493951049, -24.811670916799866 ], [ -52.493606739464937, -24.811827981503331 ], [ -52.493490306253378, -24.811895366046237 ], [ -52.493364365107126, -24.811965636434476 ], [ -52.493286247882722, -24.812008828078053 ], [ -52.493092395328979, -24.812114411191736 ], [ -52.49298341583431, -24.812181188762661 ], [ -52.492862932728833, -24.812263737640237 ], [ -52.49279416594181, -24.812308880236259 ], [ -52.492597660820671, -24.812358427190446 ], [ -52.492453151607293, -24.81236686125791 ], [ -52.492340114902106, -24.81238273879277 ], [ -52.492184731615836, -24.812423052303046 ], [ -52.492042931668095, -24.812472792238101 ], [ -52.491874114261464, -24.812541140222205 ], [ -52.491746732648764, -24.812586243080879 ], [ -52.49161842261568, -24.812632244836678 ], [ -52.491491126427498, -24.812668807145009 ], [ -52.491315490622988, -24.812737581233442 ], [ -52.491233126350487, -24.812789439283915 ], [ -52.491100855042433, -24.812904720074307 ], [ -52.49100607965552, -24.812998077983249 ], [ -52.490890693468245, -24.813091424873896 ], [ -52.490784191524781, -24.813181334562618 ], [ -52.490670510436864, -24.813276387601721 ], [ -52.490536424956026, -24.813366986388303 ], [ -52.490406262829943, -24.813445107238497 ], [ -52.490312383910243, -24.813506944682477 ], [ -52.490204776670446, -24.813579011970933 ], [ -52.490068588298961, -24.81367700045973 ], [ -52.48995299293896, -24.81375980634084 ], [ -52.489850589259305, -24.81382570818522 ], [ -52.48973862307961, -24.813885560012068 ], [ -52.489588686726769, -24.813966413339266 ], [ -52.489487510429953, -24.81402769645829 ], [ -52.489336169651267, -24.814121394607707 ], [ -52.489212454169824, -24.814187017340984 ], [ -52.489089294028901, -24.814266034485982 ], [ -52.488976293754419, -24.814352368705698 ], [ -52.488868447680808, -24.814443716859962 ], [ -52.488762955190936, -24.814532633112051 ], [ -52.488658344926506, -24.814621512440855 ], [ -52.488549873708806, -24.814718462776373 ], [ -52.488454741964688, -24.814826745518964 ], [ -52.488378979886264, -24.81498885481853 ], [ -52.488347560754036, -24.815127913376362 ], [ -52.488313272508726, -24.815239221189728 ], [ -52.488261050871849, -24.815301132951497 ], [ -52.488234864995363, -24.815327216773664 ], [ -52.48809584974552, -24.815590722326014 ], [ -52.488066482669694, -24.815716586207724 ], [ -52.488030927400565, -24.815846879770049 ], [ -52.487996588485657, -24.816015429330129 ], [ -52.487996164815712, -24.816100565444252 ], [ -52.48802156416135, -24.816267001534012 ], [ -52.488052610093682, -24.816432936728535 ], [ -52.488075475217229, -24.816558226961654 ], [ -52.488094369998926, -24.816678031537293 ], [ -52.488128097934151, -24.816834717624339 ], [ -52.488141024289746, -24.81691705575065 ], [ -52.488049656433866, -24.817007114441854 ], [ -52.487920986367143, -24.817111539972167 ], [ -52.487826784290888, -24.817202495618094 ], [ -52.487731590115516, -24.81729674364145 ], [ -52.487622069004793, -24.817389615734644 ], [ -52.487517588750286, -24.817474664454579 ], [ -52.487436251829806, -24.8176100311616 ], [ -52.487371380222228, -24.817697278521791 ], [ -52.487244483687384, -24.817781265829986 ], [ -52.487110943957695, -24.817856713711528 ], [ -52.487015291038865, -24.817910433550075 ], [ -52.486868554371036, -24.817978101096514 ], [ -52.486731831368438, -24.818026453282044 ], [ -52.486577574524965, -24.818097664076582 ], [ -52.48647727300493, -24.8181866967095 ], [ -52.486389729832503, -24.818303602897327 ], [ -52.48630101305362, -24.8184168938316 ], [ -52.48620768748134, -24.818524596685343 ], [ -52.486123163994222, -24.818653318487087 ], [ -52.486051207715121, -24.818768836715826 ], [ -52.485958201664786, -24.818852528165927 ], [ -52.485856222196816, -24.818904520255575 ], [ -52.485712889164944, -24.818951065980016 ], [ -52.485575164552714, -24.818973988692701 ], [ -52.48544559382043, -24.818978741182999 ], [ -52.485281275175893, -24.818979658479311 ], [ -52.485125127001709, -24.818985280997758 ], [ -52.48499246560435, -24.819022471539924 ], [ -52.484847841603923, -24.819092065282874 ], [ -52.484705344905699, -24.819165640412702 ], [ -52.484580335424923, -24.819232483752685 ], [ -52.484467296292713, -24.819290050074493 ], [ -52.484264721359494, -24.819393665207791 ], [ -52.48408735513182, -24.819490700171382 ], [ -52.483957012795607, -24.819560403613639 ], [ -52.48381224750355, -24.819640569934347 ], [ -52.483705874734916, -24.819698063822401 ], [ -52.483552477264141, -24.819746017010193 ], [ -52.483412565917597, -24.819768989491482 ], [ -52.483300601169937, -24.819782813022456 ], [ -52.483159570302838, -24.819800630640451 ], [ -52.482971158781076, -24.819824105992488 ], [ -52.482840587217709, -24.819848493658895 ], [ -52.482708069762054, -24.819878629021673 ], [ -52.482527998146431, -24.819931304421775 ], [ -52.482391084143984, -24.819966497587025 ], [ -52.482269321686914, -24.819985803741393 ], [ -52.481969728049002, -24.820039331618435 ], [ -52.482069082643598, -24.820131982442998 ], [ -52.482290887273876, -24.820092352923854 ] ] ] ] } },
{ "type": "Feature", "properties": { "nome_pa": "FAZENDA CHAPADÃO", "tipo": "Estrada" }, "geometry": { "type": "MultiPolygon", "coordinates": [ [ [ [ -52.484972215373361, -24.79461207590575 ], [ -52.484889300742687, -24.794734493154102 ], [ -52.484816272961986, -24.794855419548703 ], [ -52.484744446192344, -24.794973381518513 ], [ -52.484663496505867, -24.795084669967721 ], [ -52.48456819473455, -24.795181758747919 ], [ -52.48445635566214, -24.795272710560763 ], [ -52.484340998935195, -24.795365173281525 ], [ -52.484247250524, -24.795461313779864 ], [ -52.484054462809667, -24.79553438790996 ], [ -52.483910667795733, -24.795564936414024 ], [ -52.483766750128801, -24.795593686488694 ], [ -52.483621560387299, -24.795615265411399 ], [ -52.48344606600044, -24.795629318318998 ], [ -52.48328984265725, -24.795668520861998 ], [ -52.483142007083053, -24.79572807246474 ], [ -52.48301310916284, -24.7958094762507 ], [ -52.482893861927067, -24.795895458313183 ], [ -52.482771141559923, -24.795986395522522 ], [ -52.482661176918327, -24.796112370308116 ], [ -52.482640931046298, -24.796278928357367 ], [ -52.48271906293138, -24.796416487887704 ], [ -52.482800450901337, -24.796534559103343 ], [ -52.482879410095947, -24.796648257982287 ], [ -52.482950046771293, -24.796764325633355 ], [ -52.483014680718469, -24.796881832439535 ], [ -52.48305209720376, -24.797002047778658 ], [ -52.483063833892459, -24.797129805078633 ], [ -52.483053111752866, -24.797259172140375 ], [ -52.483022973849927, -24.797389938129935 ], [ -52.482994006580462, -24.797526949052578 ], [ -52.482984399570036, -24.797667713631999 ], [ -52.482976088283884, -24.797802806360281 ], [ -52.482967310336043, -24.797939023720183 ], [ -52.482958898515328, -24.798081507673942 ], [ -52.482971261303057, -24.798226358774478 ], [ -52.483002275849657, -24.798363627357716 ], [ -52.483035510843301, -24.798498613277022 ], [ -52.483074752185544, -24.798631433650431 ], [ -52.483106997723198, -24.798752268326812 ], [ -52.483083365419816, -24.798869481542869 ], [ -52.48303016138297, -24.79899810392445 ], [ -52.483012236422489, -24.799146193171737 ], [ -52.483033093981241, -24.799289818754549 ], [ -52.483053112331447, -24.799412272181989 ], [ -52.483019296342384, -24.799520830028783 ], [ -52.48293171033729, -24.799614389830719 ], [ -52.482813817947019, -24.799721107624904 ], [ -52.482778034025223, -24.799889511896481 ], [ -52.482858153571563, -24.80002839405676 ], [ -52.483014785195031, -24.800256902235514 ], [ -52.48306230131552, -24.800381683329878 ], [ -52.483090142130933, -24.800490972408845 ], [ -52.483113996238025, -24.800631077998659 ], [ -52.483108818684364, -24.800777159341724 ], [ -52.483080979567525, -24.800963035775901 ], [ -52.483201400741876, -24.800957585010874 ], [ -52.483227249098235, -24.800786362806292 ], [ -52.483232987510149, -24.80062445285126 ], [ -52.483206750929625, -24.800470354807842 ], [ -52.483176483985162, -24.800351542388015 ], [ -52.483122505033307, -24.800209789706386 ], [ -52.482961117441498, -24.799974343393007 ], [ -52.482902503594097, -24.799872740172425 ], [ -52.482923373325043, -24.799774523783782 ], [ -52.483018764156178, -24.799688174622709 ], [ -52.483126373364016, -24.799573225824641 ], [ -52.483174286859843, -24.799419410969854 ], [ -52.483150630293288, -24.799274703219034 ], [ -52.483131795344526, -24.799145006223164 ], [ -52.483146491789753, -24.799023588793982 ], [ -52.48319816936732, -24.79889865637783 ], [ -52.483228319517835, -24.798749114754809 ], [ -52.483189728554244, -24.798604502194951 ], [ -52.483150763248908, -24.798472616533267 ], [ -52.483118309432953, -24.798340803903422 ], [ -52.483089014858663, -24.798211148353708 ], [ -52.483077838963546, -24.79808020517164 ], [ -52.483084979368051, -24.797959078347514 ], [ -52.48309458439735, -24.797809025064463 ], [ -52.483102884029414, -24.797674119672692 ], [ -52.483111993760119, -24.79754063951297 ], [ -52.483139326682398, -24.797411358229258 ], [ -52.483170873523996, -24.797274478398538 ], [ -52.483182900847126, -24.797129362085947 ], [ -52.483169412013261, -24.796982533678783 ], [ -52.483125786248316, -24.796842368965258 ], [ -52.483055005362097, -24.796713687006815 ], [ -52.482981495518636, -24.796592898426304 ], [ -52.482900802346101, -24.7964767028019 ], [ -52.48282215514476, -24.796362607806923 ], [ -52.482762866424046, -24.796258223855283 ], [ -52.482775362776408, -24.796155418484148 ], [ -52.482855942074245, -24.79606310726161 ], [ -52.482968051473939, -24.795980032851848 ], [ -52.483083728217018, -24.795896625219907 ], [ -52.483200251825863, -24.795823036242034 ], [ -52.4833297475828, -24.795770872329097 ], [ -52.48346715380724, -24.795736391730198 ], [ -52.483636303016048, -24.795722846904365 ], [ -52.483788989720871, -24.795700153734582 ], [ -52.483936807282042, -24.795670624582058 ], [ -52.484090919291013, -24.795637884273535 ], [ -52.484317847793399, -24.795551869404459 ], [ -52.484424798054995, -24.795442190139383 ], [ -52.484534988080014, -24.79535386866819 ], [ -52.484652132270313, -24.795258602471428 ], [ -52.484757622342499, -24.795151134264383 ], [ -52.484845912383307, -24.795029754268505 ], [ -52.4849201139154, -24.794907892029581 ], [ -52.484991810603141, -24.794789169619708 ], [ -52.485067785433145, -24.794676998334417 ], [ -52.485163203450135, -24.794578831547458 ], [ -52.485271825791763, -24.794492063435374 ], [ -52.485387942845094, -24.794401337754259 ], [ -52.485501447552259, -24.794299112364705 ], [ -52.485599209782194, -24.794182467504601 ], [ -52.485676759232973, -24.794058472246771 ], [ -52.485744789139019, -24.793929172578618 ], [ -52.485793479071198, -24.793790440141223 ], [ -52.485821894743694, -24.793648835189014 ], [ -52.485825560179613, -24.793506182484673 ], [ -52.485894446121534, -24.79351048687705 ], [ -52.486050851643178, -24.793506808788269 ], [ -52.486202287678182, -24.793505942104947 ], [ -52.486342411765797, -24.793506518272995 ], [ -52.486502607816043, -24.793510610302164 ], [ -52.48665055271529, -24.793517785768909 ], [ -52.486799538069157, -24.793531508941118 ], [ -52.48695054218279, -24.793551026302659 ], [ -52.4871020288683, -24.793575969290266 ], [ -52.487259384755724, -24.793593421603383 ], [ -52.487414103413826, -24.793603944217654 ], [ -52.487563794760781, -24.793611543840377 ], [ -52.487717689919421, -24.793628089653627 ], [ -52.487871635544515, -24.793638520265961 ], [ -52.488027907381714, -24.793654920055161 ], [ -52.488181101251001, -24.793667035579045 ], [ -52.488337453451599, -24.793679230410451 ], [ -52.488489442420168, -24.793684093288537 ], [ -52.48864458628784, -24.793693096731719 ], [ -52.488842679782231, -24.793708343311557 ], [ -52.488983449325914, -24.793724335410015 ], [ -52.489116558840628, -24.793770121589411 ], [ -52.489243785921822, -24.793835597333857 ], [ -52.489383085291713, -24.793901607447665 ], [ -52.489482680580778, -24.793935786841821 ], [ -52.489496143285827, -24.793824657881231 ], [ -52.489431481139583, -24.793802466935567 ], [ -52.489300287462122, -24.79374029788795 ], [ -52.489166921277452, -24.793671662736823 ], [ -52.48901210185673, -24.793618408915098 ], [ -52.48885499909386, -24.793600561284133 ], [ -52.488653338002656, -24.793585040110955 ], [ -52.488495287267646, -24.793575867967142 ], [ -52.488344588561908, -24.793571046367113 ], [ -52.488191275275469, -24.793559088550673 ], [ -52.488039809350532, -24.793547109677935 ], [ -52.487882810220583, -24.793530633555093 ], [ -52.487729029022248, -24.793520214079713 ], [ -52.487574041055247, -24.793503550765077 ], [ -52.487421808435464, -24.793495822121596 ], [ -52.487270957482174, -24.793485562549478 ], [ -52.487119734818208, -24.793468790465202 ], [ -52.486969402157968, -24.79344403748436 ], [ -52.486813820846173, -24.793423928511125 ], [ -52.486659664051992, -24.793409728986408 ], [ -52.486507534238363, -24.793402350541825 ], [ -52.486356915196701, -24.793398230913855 ], [ -52.486281189269569, -24.793397919561148 ], [ -52.48620218293631, -24.793397594679931 ], [ -52.486048951179882, -24.79339847163385 ], [ -52.485896976087794, -24.793402045532332 ], [ -52.485747554832798, -24.793392708774924 ], [ -52.485587579124001, -24.793378821717557 ], [ -52.485426245267661, -24.793421292272242 ], [ -52.485287420012099, -24.793485356141272 ], [ -52.485151357942087, -24.793553012845976 ], [ -52.485011766420754, -24.793619883451399 ], [ -52.484881262947901, -24.793706874931186 ], [ -52.484769737158658, -24.793805290744476 ], [ -52.484662135044324, -24.79389318195032 ], [ -52.484543468371989, -24.793955579565655 ], [ -52.484405695015035, -24.793986689842352 ], [ -52.484262103136359, -24.793996705948842 ], [ -52.484115029250958, -24.7939940777161 ], [ -52.483965036110618, -24.793985978857989 ], [ -52.483814298592932, -24.79397782719299 ], [ -52.483665403871505, -24.793969361824164 ], [ -52.483534923900969, -24.793961785576851 ], [ -52.483507477457024, -24.793960191899622 ], [ -52.483345196652515, -24.793962916308743 ], [ -52.483188510060266, -24.79398923932553 ], [ -52.483043483466545, -24.794019949933489 ], [ -52.482898441827906, -24.794038433851274 ], [ -52.482754593552357, -24.794040891544054 ], [ -52.482610110725176, -24.794027386744407 ], [ -52.482460544932579, -24.7940117972907 ], [ -52.482312451266658, -24.793993776792387 ], [ -52.482173318715418, -24.793959051221268 ], [ -52.482074741362375, -24.793910977606181 ], [ -52.482047221729289, -24.793897556977118 ], [ -52.481931474189196, -24.793819638391675 ], [ -52.481819850253657, -24.793734495420519 ], [ -52.48170819573518, -24.793641793828371 ], [ -52.481589932342963, -24.793554779533427 ], [ -52.481462957452372, -24.793470852811236 ], [ -52.481335151147135, -24.79339218831122 ], [ -52.481190103647954, -24.793329526763699 ], [ -52.481036104090002, -24.793298896468865 ], [ -52.48088530908047, -24.793276970571426 ], [ -52.480734067095867, -24.793254149292952 ], [ -52.480582888306174, -24.793230591341558 ], [ -52.480435500367435, -24.793206468569593 ], [ -52.480283906450573, -24.793182360204383 ], [ -52.480136304342281, -24.793159999415661 ], [ -52.479880615520628, -24.793114330172045 ], [ -52.479645949009139, -24.793129859737384 ], [ -52.479401793493338, -24.793166353203937 ], [ -52.479262622980478, -24.7931731128932 ], [ -52.479145197008684, -24.793153486706228 ], [ -52.479023971598096, -24.793133225389528 ], [ -52.478896459164218, -24.793058012141586 ], [ -52.478740825121207, -24.793014329081238 ], [ -52.478587803198643, -24.792992704440479 ], [ -52.478452518123007, -24.792957830739638 ], [ -52.478326541546053, -24.792902394295051 ], [ -52.478204189281506, -24.792825606053615 ], [ -52.478084311950184, -24.792740733565797 ], [ -52.477959683649772, -24.792656222017971 ], [ -52.477825115013694, -24.792579954720416 ], [ -52.477688414409442, -24.79251067605432 ], [ -52.477552751521117, -24.792448499319192 ], [ -52.477417453912544, -24.792388759492713 ], [ -52.477278264243594, -24.792323902538797 ], [ -52.476920270683564, -24.792189218370414 ], [ -52.476775388766725, -24.79215602791335 ], [ -52.47664389225374, -24.792103445247502 ], [ -52.476506423329695, -24.792043883068498 ], [ -52.476358878213354, -24.791981147897481 ], [ -52.476124013592873, -24.791961947525511 ], [ -52.475877907060315, -24.792016464500307 ], [ -52.47573024359918, -24.792119926854415 ], [ -52.475650295209483, -24.792231693891988 ], [ -52.475491733689957, -24.792456378439901 ], [ -52.475171363245671, -24.792918441080708 ], [ -52.475083196329287, -24.793024322949559 ], [ -52.474992656613004, -24.79312888355317 ], [ -52.474886695339229, -24.793221927269531 ], [ -52.474773183634326, -24.793311953967063 ], [ -52.474547934577757, -24.793511071060269 ], [ -52.474443598650851, -24.793612177984876 ], [ -52.474325743741225, -24.793722989031441 ], [ -52.474222266060046, -24.793824848149171 ], [ -52.474122270739549, -24.793926891178156 ], [ -52.473954950182481, -24.794082652624212 ], [ -52.473914047532773, -24.794118737758698 ], [ -52.473793333443702, -24.794191644529686 ], [ -52.473665761892626, -24.794255128649326 ], [ -52.473514069452527, -24.794321420950347 ], [ -52.473383902916808, -24.794380048406211 ], [ -52.473243475520675, -24.794417842827468 ], [ -52.473099765112835, -24.79444378945103 ], [ -52.472950806533206, -24.794466149984814 ], [ -52.472801486643021, -24.79448724262194 ], [ -52.472651828666606, -24.794504223741853 ], [ -52.472500871251853, -24.794528276778152 ], [ -52.472351702194644, -24.794553363744427 ], [ -52.47220111678071, -24.794578706893176 ], [ -52.47205068826252, -24.794607230374307 ], [ -52.471898477389821, -24.794624258940431 ], [ -52.471579368524274, -24.794685745934274 ], [ -52.471513836681389, -24.794682345910765 ], [ -52.471294427629488, -24.794656298827256 ], [ -52.471150294375164, -24.794624180773251 ], [ -52.471002537035147, -24.794587699988313 ], [ -52.470853818447104, -24.79455138100672 ], [ -52.470703826729121, -24.794514855885602 ], [ -52.470558085784212, -24.794481000966616 ], [ -52.470412375825731, -24.794448832194554 ], [ -52.470276191372569, -24.794414714947148 ], [ -52.470163218089965, -24.794350847708099 ], [ -52.470060980443563, -24.794255395440622 ], [ -52.469940838336804, -24.794154431217134 ], [ -52.469788853991254, -24.794091549020862 ], [ -52.469636491241999, -24.794056278044199 ], [ -52.469488129715451, -24.794023693462155 ], [ -52.469343538050218, -24.793990046030185 ], [ -52.469196770360043, -24.793954614787321 ], [ -52.469048540084685, -24.793921306946007 ], [ -52.468896840800546, -24.793892499889569 ], [ -52.468737452096391, -24.793877992435373 ], [ -52.468583763337939, -24.793879806789739 ], [ -52.468441333375424, -24.793884379009935 ], [ -52.468319982466163, -24.793839747968544 ], [ -52.468210227253493, -24.793760058113854 ], [ -52.468094601542255, -24.793677687148278 ], [ -52.467943977268547, -24.79354603549519 ], [ -52.467857225084622, -24.7936208419564 ], [ -52.46792627793171, -24.793680408778226 ], [ -52.468016852178899, -24.793759733280492 ], [ -52.468136774750619, -24.79384516533344 ], [ -52.468259613424188, -24.793934354700855 ], [ -52.468420337444599, -24.793993466575696 ], [ -52.468586616677868, -24.793988128765477 ], [ -52.468732315433556, -24.793986408732909 ], [ -52.468878816426589, -24.793999743149989 ], [ -52.469022260930451, -24.794026982650969 ], [ -52.469167411594633, -24.794059598487912 ], [ -52.469313705969022, -24.794094915462082 ], [ -52.469459587409283, -24.794128863028408 ], [ -52.469608020945678, -24.794161463421798 ], [ -52.469749459995604, -24.794194205634351 ], [ -52.469874477498806, -24.794245930541909 ], [ -52.469978297575956, -24.794333178196208 ], [ -52.470088449778352, -24.79443601978442 ], [ -52.470228262649947, -24.79451506027387 ], [ -52.47038271314554, -24.79455375357729 ], [ -52.470529499648805, -24.794586160017435 ], [ -52.470673894886353, -24.794619702330436 ], [ -52.470823165238762, -24.794656051769596 ], [ -52.470971706196046, -24.794692327367077 ], [ -52.471120722661276, -24.794729119020385 ], [ -52.471270521856731, -24.794762499642523 ], [ -52.471570708355038, -24.794793817941748 ], [ -52.47191798870363, -24.79473123320053 ], [ -52.472070009503142, -24.794714225887457 ], [ -52.472223948450043, -24.794685036773334 ], [ -52.472373210336976, -24.794659916363226 ], [ -52.472521828054134, -24.794634922114085 ], [ -52.472669363413331, -24.794611414331253 ], [ -52.472817885445295, -24.794594562094243 ], [ -52.472969511447516, -24.794573143694514 ], [ -52.473120914286575, -24.794550416239911 ], [ -52.473271831346551, -24.794523168461289 ], [ -52.473427261993805, -24.794481336075496 ], [ -52.473565954532972, -24.794418868467652 ], [ -52.473719828843251, -24.794351622629787 ], [ -52.473854594500615, -24.794284558446446 ], [ -52.474001203340841, -24.794192522340342 ], [ -52.47410273169212, -24.794102951877839 ], [ -52.474209540255799, -24.794000342180993 ], [ -52.474310016102287, -24.793897808708579 ], [ -52.474411845743184, -24.793797571779283 ], [ -52.474529377327386, -24.793687064655284 ], [ -52.474632457956638, -24.793587174109714 ], [ -52.474853445668401, -24.793391823863065 ], [ -52.474966807380582, -24.793301916071574 ], [ -52.475080758273833, -24.793201856669292 ], [ -52.475177004364461, -24.793090705912558 ], [ -52.475268929792342, -24.792980310243802 ], [ -52.475591766189083, -24.792514690476011 ], [ -52.475749871529736, -24.79229065207744 ], [ -52.475786144321148, -24.792239943053023 ], [ -52.475826036536013, -24.792184174052768 ], [ -52.475928472775159, -24.792116753911667 ], [ -52.476132951814151, -24.792071458154382 ], [ -52.476327599276729, -24.792087370734059 ], [ -52.476455921422065, -24.792141932421021 ], [ -52.476594624943324, -24.792202029525395 ], [ -52.476736865852708, -24.792258908644097 ], [ -52.476883018860974, -24.792292390296016 ], [ -52.477228591497386, -24.792422401465767 ], [ -52.477364628843766, -24.792485789562367 ], [ -52.477500282468704, -24.792545686591136 ], [ -52.477632959911901, -24.792606495049309 ], [ -52.477764973894253, -24.792673398585592 ], [ -52.477892879486824, -24.792745889592389 ], [ -52.478012548258555, -24.792827038061866 ], [ -52.478134142933577, -24.792913126444518 ], [ -52.478266803228635, -24.792996384019084 ], [ -52.478410303453721, -24.793059531811334 ], [ -52.47856250416654, -24.793098766011887 ], [ -52.478714166736438, -24.793120198554934 ], [ -52.478845858906077, -24.793157161657692 ], [ -52.478933588333192, -24.793208908904646 ], [ -52.478979381320052, -24.79323591988252 ], [ -52.479254984180997, -24.793281983348479 ], [ -52.479414573471878, -24.793274231890763 ], [ -52.47965985680942, -24.793237569850412 ], [ -52.479873384376397, -24.793223439199576 ], [ -52.480115189438287, -24.793266628604542 ], [ -52.480264005747927, -24.793289173332365 ], [ -52.480414842510257, -24.793313161279368 ], [ -52.480562429545508, -24.793337316631025 ], [ -52.480714403420912, -24.793360998473471 ], [ -52.48086629640148, -24.793383917976307 ], [ -52.481014118275397, -24.793405411569879 ], [ -52.481151589059749, -24.793432754315056 ], [ -52.481276254439805, -24.793486610643349 ], [ -52.481394959325733, -24.793559673252524 ], [ -52.481517840350641, -24.793640894071853 ], [ -52.481630957568463, -24.793724122011906 ], [ -52.481741835665893, -24.793816179014883 ], [ -52.481858134374328, -24.793904887778432 ], [ -52.481983705521912, -24.793989419412036 ], [ -52.482022764317904, -24.79400846740193 ], [ -52.482129154433586, -24.79406035109529 ], [ -52.482288852958369, -24.794100209648985 ], [ -52.48244597032695, -24.794119328176858 ], [ -52.482597333327412, -24.794135104950083 ], [ -52.482749641267667, -24.794149341152835 ], [ -52.482907791002781, -24.794146639108806 ], [ -52.483065141679759, -24.794126586537658 ], [ -52.483212673817064, -24.794095345356752 ], [ -52.483357108327162, -24.794071080661091 ], [ -52.483504797079171, -24.794068601218498 ], [ -52.4836490479993, -24.794076977077726 ], [ -52.483807100255952, -24.794085973851868 ], [ -52.483958019930505, -24.794094135361512 ], [ -52.484110361932458, -24.794102361038789 ], [ -52.484265470807173, -24.79410513284995 ], [ -52.484424596682352, -24.794094033176602 ], [ -52.484588210650436, -24.794057087880155 ], [ -52.484732075824454, -24.793981440302009 ], [ -52.484850584188671, -24.793884640640801 ], [ -52.48495786773011, -24.793789968341688 ], [ -52.48507467966401, -24.793712103383982 ], [ -52.48520732388134, -24.79364856082449 ], [ -52.485342592943148, -24.793581298423238 ], [ -52.485469842454407, -24.79352257641635 ], [ -52.485598795256841, -24.79348863005518 ], [ -52.485700203049277, -24.793497432991117 ], [ -52.485706661679117, -24.793513124935952 ], [ -52.485703459733166, -24.793637734755411 ], [ -52.485678113909955, -24.793764041009201 ], [ -52.485634257873919, -24.793888999877378 ], [ -52.48557159676924, -24.794008095238826 ], [ -52.485500095445929, -24.794122419880068 ], [ -52.485412206493827, -24.794227284353951 ], [ -52.485307575077044, -24.794321518155051 ], [ -52.485194154868815, -24.794410136660137 ], [ -52.485079400944421, -24.79450180265756 ], [ -52.484972215373361, -24.79461207590575 ] ] ] ] } },
{ "type": "Feature", "properties": { "nome_pa": "FAZENDA CHAPADÃO", "tipo": "Estrada" }, "geometry": { "type": "MultiPolygon", "coordinates": [ [ [ [ -52.48126944, -24.8191225 ], [ -52.48143722, -24.81941778 ], [ -52.48157944, -24.81977194 ], [ -52.48169917, -24.81994611 ], [ -52.48193944, -24.82020139 ], [ -52.48254306, -24.82056778 ], [ -52.48259528, -24.82068278 ], [ -52.48261389, -24.82081861 ], [ -52.48260611, -24.8209825 ], [ -52.48254639, -24.82135861 ], [ -52.48243833, -24.82161361 ], [ -52.48194028, -24.82224278 ], [ -52.48027889, -24.8244725 ], [ -52.4801675, -24.82459222 ], [ -52.480228797234254, -24.82465910143225 ], [ -52.480260508466323, -24.824624723029665 ], [ -52.480391129232302, -24.824478124384651 ], [ -52.480517059216346, -24.824311563685459 ], [ -52.480633948306448, -24.824144206465974 ], [ -52.480750432487952, -24.823979474900231 ], [ -52.480858550731959, -24.823827201460013 ], [ -52.480966979813658, -24.82367200098021 ], [ -52.481066820011158, -24.823528711061421 ], [ -52.481191606656445, -24.823357425782355 ], [ -52.481295241813882, -24.823219261978728 ], [ -52.481331298887739, -24.823173519972027 ], [ -52.481883674132483, -24.822472771596502 ], [ -52.48198055587627, -24.822342505593824 ], [ -52.481998084009362, -24.822319149539677 ], [ -52.482151549856184, -24.822134945341649 ], [ -52.4822740066286, -24.821998674089116 ], [ -52.48228674906612, -24.821983950876298 ], [ -52.482487802115386, -24.821717955933252 ], [ -52.482528887460063, -24.821659522226607 ], [ -52.482640544862065, -24.821440698882711 ], [ -52.482684014074856, -24.821214550784862 ], [ -52.482708148256826, -24.821002090454961 ], [ -52.482719456522368, -24.820771360727996 ], [ -52.482673339173047, -24.820556729112596 ], [ -52.482642310722035, -24.820481009657268 ], [ -52.482507674551243, -24.820384780534251 ], [ -52.482280006734086, -24.820257789206661 ], [ -52.482096974052467, -24.820153737090784 ], [ -52.482069082643598, -24.820131982442998 ], [ -52.481969728049002, -24.820039331618435 ], [ -52.481913133053709, -24.819987581454122 ], [ -52.481778626060731, -24.819850876845706 ], [ -52.48167225909544, -24.819675399460543 ], [ -52.48157932517956, -24.819465485756069 ], [ -52.481493517402647, -24.819277170991992 ], [ -52.481391948571961, -24.819091996396445 ], [ -52.481351066523331, -24.819035743197944 ], [ -52.481276138017407, -24.818935224968151 ], [ -52.481083413271953, -24.81871140654291 ], [ -52.480866015286779, -24.818481038557856 ], [ -52.480623734211534, -24.818262376126821 ], [ -52.480404490852024, -24.818062626564164 ], [ -52.480258295494437, -24.817900067108255 ], [ -52.480144636610937, -24.817735492735821 ], [ -52.480027282324237, -24.81754342432107 ], [ -52.479925041797564, -24.817355897078635 ], [ -52.479903709541226, -24.817300759920574 ], [ -52.479886515509705, -24.817238111280489 ], [ -52.479837863617725, -24.817059337367699 ], [ -52.479819420843675, -24.816821897490531 ], [ -52.479827959898735, -24.81654144973972 ], [ -52.479842735549624, -24.816221764435362 ], [ -52.479849109039456, -24.815912258273578 ], [ -52.479865305874434, -24.815570475837184 ], [ -52.479928190556464, -24.815257316172914 ], [ -52.47999406169636, -24.815003196601907 ], [ -52.480034502083868, -24.814787418817076 ], [ -52.480033523412942, -24.814611986786197 ], [ -52.479984468543428, -24.81441241563655 ], [ -52.479829421079344, -24.81411676828202 ], [ -52.479601616529706, -24.813822804143136 ], [ -52.479373459153003, -24.813505657332399 ], [ -52.479225023354232, -24.813175765632806 ], [ -52.479107838261001, -24.812883928437827 ], [ -52.479056313898745, -24.812574965008434 ], [ -52.479056145620724, -24.812265843645466 ], [ -52.479170647595581, -24.812034561384024 ], [ -52.479372905994111, -24.811807829979266 ], [ -52.479594220958177, -24.811601976687324 ], [ -52.479865403999376, -24.81138944843768 ], [ -52.480024740847981, -24.811269279727565 ], [ -52.480099082059297, -24.811209528714837 ], [ -52.480296552914837, -24.811013776718742 ], [ -52.480402081581055, -24.810940111737978 ], [ -52.480402598440158, -24.8107723341179 ], [ -52.480453826611125, -24.810510937546493 ], [ -52.480506267304996, -24.810257582874883 ], [ -52.480441047970494, -24.810008885691214 ], [ -52.480338180673186, -24.809791722533596 ], [ -52.480240942170738, -24.809585083423496 ], [ -52.480126592542433, -24.809369956760445 ], [ -52.480016133863934, -24.8091805644465 ], [ -52.479951141580635, -24.809063836229821 ], [ -52.47980083013023, -24.80872236078293 ], [ -52.479753289827478, -24.808597757189347 ], [ -52.479693961252302, -24.808408469416278 ], [ -52.479693253101146, -24.80840637173322 ], [ -52.479615213085218, -24.808190819807525 ], [ -52.479562968054552, -24.808078208874957 ], [ -52.479497724919057, -24.807954090201754 ], [ -52.47942034605812, -24.807807766926722 ], [ -52.479334706738179, -24.807667397427917 ], [ -52.479242560188375, -24.807534232654874 ], [ -52.479132110555327, -24.807394881030046 ], [ -52.479082834816317, -24.807349475151046 ], [ -52.478997596873427, -24.807270931231312 ], [ -52.478844347103767, -24.807165119535146 ], [ -52.478695348441519, -24.807081127848537 ], [ -52.478572879281394, -24.807009437884233 ], [ -52.478476485287821, -24.806931966628735 ], [ -52.478385271271662, -24.806834179751249 ], [ -52.478214985134862, -24.80662811254513 ], [ -52.478126297347188, -24.806519884953659 ], [ -52.478041982108671, -24.806412259419005 ], [ -52.477957802328589, -24.806295162889377 ], [ -52.477881903772307, -24.806178290468289 ], [ -52.477820305250383, -24.806074161968759 ], [ -52.477780083058299, -24.80599130280023 ], [ -52.477753740058802, -24.805894710914441 ], [ -52.477740402580821, -24.805780760083859 ], [ -52.477745316241389, -24.80565613565847 ], [ -52.477751159886125, -24.805529935638507 ], [ -52.477756990310226, -24.805402950907684 ], [ -52.477755392541333, -24.805279863240646 ], [ -52.477754720329941, -24.805157620813819 ], [ -52.477719662815929, -24.804860680081831 ], [ -52.477703015809475, -24.804747863727485 ], [ -52.477678881953302, -24.804631437632523 ], [ -52.477647302349055, -24.804518628074788 ], [ -52.477614523072226, -24.804414044121252 ], [ -52.477576985044792, -24.804307000926197 ], [ -52.477532644672522, -24.804202554741941 ], [ -52.477480695915993, -24.804092205037851 ], [ -52.477421748618589, -24.803976649765584 ], [ -52.477367482523576, -24.803869491952426 ], [ -52.47733130334197, -24.803764115303021 ], [ -52.477320993657415, -24.803497994002136 ], [ -52.477318067401185, -24.803438912983811 ], [ -52.477313779356066, -24.803352337332679 ], [ -52.477274079249, -24.803216815011464 ], [ -52.477180781456852, -24.803094186558347 ], [ -52.477064202406716, -24.802990639296802 ], [ -52.476951028938139, -24.802898497649579 ], [ -52.476852615810373, -24.802801845405654 ], [ -52.476773536632685, -24.802703381748099 ], [ -52.476702708202801, -24.802597404181416 ], [ -52.476624610135175, -24.802476060207532 ], [ -52.47653903233266, -24.802355551165963 ], [ -52.47644569479921, -24.802234366357311 ], [ -52.476368529149234, -24.802141867277143 ], [ -52.476308662385556, -24.80205112480181 ], [ -52.476272011374284, -24.80194236760649 ], [ -52.476256423354599, -24.801807968727143 ], [ -52.476253793372472, -24.801664304279161 ], [ -52.476255533697824, -24.80155777840066 ], [ -52.476257087417508, -24.801469329894559 ], [ -52.476251364644753, -24.801376815197898 ], [ -52.476153007530669, -24.801186496443542 ], [ -52.476036555158224, -24.801105962894464 ], [ -52.475920979240534, -24.801058071056421 ], [ -52.475781391115838, -24.801011934343496 ], [ -52.475634262623871, -24.800978960068321 ], [ -52.475490699539392, -24.80097223004509 ], [ -52.47535065214111, -24.800964134585552 ], [ -52.475228676337075, -24.800944968234688 ], [ -52.475096149838294, -24.800918085641992 ], [ -52.474943408693846, -24.800899714174079 ], [ -52.474800785934633, -24.800891000264244 ], [ -52.474662475789984, -24.800890613294101 ], [ -52.47453920009869, -24.800893511634762 ], [ -52.474419832409957, -24.800899060808611 ], [ -52.474311064730898, -24.800901019535644 ], [ -52.474203170582449, -24.800903144116216 ], [ -52.474115370542329, -24.800901116911248 ], [ -52.474059237062256, -24.800881812292634 ], [ -52.474035291350575, -24.80084649025283 ], [ -52.474036319191548, -24.800809000423282 ], [ -52.474205119263253, -24.800634254784633 ], [ -52.474307381967932, -24.800558795378883 ], [ -52.47436368262936, -24.800429665697454 ], [ -52.474258828584709, -24.80030891277622 ], [ -52.474107288402543, -24.800285307887798 ], [ -52.473958265176485, -24.800301322003104 ], [ -52.473819570342926, -24.800328120731873 ], [ -52.473690251433425, -24.800358748409273 ], [ -52.473577312153779, -24.800396179599179 ], [ -52.473519089819895, -24.800418148909582 ], [ -52.473467200440155, -24.800437728551035 ], [ -52.473347300221796, -24.80048391157797 ], [ -52.473015776442807, -24.800632563510405 ], [ -52.472793936875462, -24.800757905062973 ], [ -52.472603487747115, -24.800923282587167 ], [ -52.472373545475641, -24.801006895388685 ], [ -52.472261865037815, -24.80101626610125 ], [ -52.472073097638663, -24.801022633339286 ], [ -52.471741595225126, -24.801010483981226 ], [ -52.471607430963459, -24.801007358076518 ], [ -52.471501106018948, -24.801004672852862 ], [ -52.471393565438568, -24.801001496696546 ], [ -52.471280786823641, -24.800999364915903 ], [ -52.471155509187, -24.801001639013403 ], [ -52.471028331847108, -24.801035718920481 ], [ -52.470941990469072, -24.801118764803384 ], [ -52.470904875631732, -24.801223163964462 ], [ -52.470902872095799, -24.801332072124698 ], [ -52.470922459376141, -24.801442280578485 ], [ -52.470967262609314, -24.801546599846663 ], [ -52.471039213126716, -24.801629579391953 ], [ -52.471130379000222, -24.801688498017089 ], [ -52.471205266797476, -24.801726870721009 ], [ -52.471313059177952, -24.801859440536955 ], [ -52.471329402419791, -24.801879540445725 ], [ -52.471345764304758, -24.801961352700783 ], [ -52.471377249897991, -24.802045351935917 ], [ -52.471411003164867, -24.802117998485695 ], [ -52.471449906488253, -24.802192998781191 ], [ -52.471484633070034, -24.802276214832212 ], [ -52.471505105461226, -24.802355776235363 ], [ -52.471502916183432, -24.802436909756064 ], [ -52.471261833999563, -24.80281336416488 ], [ -52.471210695270138, -24.802887764487025 ], [ -52.471166593319616, -24.802952460945765 ], [ -52.47112044077415, -24.803022717760648 ], [ -52.471077073370424, -24.803090744229813 ], [ -52.471037966259914, -24.803155740042506 ], [ -52.470999418517508, -24.803217157049886 ], [ -52.470957396411634, -24.803283249769407 ], [ -52.47092436683257, -24.803336349777073 ], [ -52.470902960660396, -24.803365416768912 ], [ -52.470871955135429, -24.803405955290639 ], [ -52.470831036095781, -24.803456524706064 ], [ -52.470755646652812, -24.803534236477475 ], [ -52.470686275250863, -24.803592257247495 ], [ -52.470642702918475, -24.803621448653665 ], [ -52.470506648077865, -24.803691589888075 ], [ -52.470427979850712, -24.8037297221891 ], [ -52.47034081833322, -24.803776773216114 ], [ -52.470261291990582, -24.803835713160556 ], [ -52.470216317694003, -24.803916370879058 ], [ -52.470211792502695, -24.803973449098294 ], [ -52.470288443151006, -24.804080401143626 ], [ -52.47038899692658, -24.804109499118873 ], [ -52.470490504483017, -24.804110357728675 ], [ -52.470574159109056, -24.804102703471589 ], [ -52.470653654077587, -24.804093380376923 ], [ -52.47075210213093, -24.804083080999764 ], [ -52.470845913193592, -24.80407279318085 ], [ -52.470928072052118, -24.804061569715692 ], [ -52.471044429516859, -24.804047415963943 ], [ -52.471259642826944, -24.804024357030453 ], [ -52.471353108180423, -24.804016545557953 ], [ -52.47147805981534, -24.804013508325795 ], [ -52.471634276418179, -24.804009550526118 ], [ -52.471751613818398, -24.804005649968012 ], [ -52.47186709586407, -24.804002533837632 ], [ -52.471945988450578, -24.803998277091988 ], [ -52.472094502734294, -24.803988289162277 ], [ -52.472193176725149, -24.803985334999737 ], [ -52.472283476594626, -24.803998093423814 ], [ -52.472357444779895, -24.804026046232472 ], [ -52.472443749807198, -24.804055181965044 ], [ -52.472528947463168, -24.80409551219552 ], [ -52.472590135255921, -24.804149691134665 ], [ -52.472633111539587, -24.804206417532235 ], [ -52.472675364098521, -24.804282183594143 ], [ -52.472716529166796, -24.804367424300978 ], [ -52.472751641408692, -24.804455160172427 ], [ -52.472768826632525, -24.804527366992826 ], [ -52.472780274791241, -24.804602054941103 ], [ -52.472791375267818, -24.80469173762074 ], [ -52.472800213263973, -24.804769809401776 ], [ -52.472810957150436, -24.804871906508119 ], [ -52.472818195219851, -24.804977023875324 ], [ -52.472823400618104, -24.805042919100689 ], [ -52.472823926138226, -24.80512959812971 ], [ -52.472810370215058, -24.805209008123651 ], [ -52.472780449087601, -24.805281247786532 ], [ -52.472721051397883, -24.805354957887651 ], [ -52.472641088820367, -24.80541503305983 ], [ -52.472549006252066, -24.805454456103707 ], [ -52.472450320651902, -24.805472115655636 ], [ -52.472341485556299, -24.805466602232791 ], [ -52.472223152456678, -24.805450687546603 ], [ -52.472103613422014, -24.80542963307439 ], [ -52.471982025241452, -24.805402534902694 ], [ -52.471861950611824, -24.805380562687251 ], [ -52.471749041821688, -24.805370981330977 ], [ -52.471630748167108, -24.805372303418622 ], [ -52.471513680584934, -24.805375205874803 ], [ -52.471401431856798, -24.805376248710676 ], [ -52.47128470513988, -24.805366889455698 ], [ -52.471156814991758, -24.805349215151413 ], [ -52.471049773885667, -24.805324457918189 ], [ -52.470944987747821, -24.805297513709963 ], [ -52.470803059529224, -24.805277719606035 ], [ -52.470703054352171, -24.805279120772887 ], [ -52.470579849554589, -24.805290304939646 ], [ -52.470457434446416, -24.805307321735562 ], [ -52.470336139480331, -24.805321624857363 ], [ -52.470214278974986, -24.805334071962147 ], [ -52.470082555899396, -24.805345106976397 ], [ -52.469945124082699, -24.805354827521654 ], [ -52.469807068203693, -24.805364465790824 ], [ -52.469663416907323, -24.805379467783457 ], [ -52.469529992344782, -24.80540045753828 ], [ -52.469386920237923, -24.805425595582737 ], [ -52.469244110503809, -24.805458075843376 ], [ -52.46911031662291, -24.805490627972851 ], [ -52.468985671075963, -24.805517773291463 ], [ -52.468884505138504, -24.805538229992386 ], [ -52.468784564202409, -24.805556516313942 ], [ -52.468688023363214, -24.805572669536577 ], [ -52.468587603671246, -24.805586584297608 ], [ -52.46848349548678, -24.805594716548907 ], [ -52.468380699824721, -24.80559897656811 ], [ -52.468277797236482, -24.805602506077037 ], [ -52.468197472373092, -24.805604943003999 ], [ -52.468128716077942, -24.805606901239258 ], [ -52.468027002970835, -24.805605664594594 ], [ -52.467891356925371, -24.805606959889278 ], [ -52.467731268683821, -24.805604004214889 ], [ -52.467560281873034, -24.805597760133534 ], [ -52.467388788422774, -24.805587712505133 ], [ -52.467232914318927, -24.805576350763648 ], [ -52.467081158396269, -24.805561092196381 ], [ -52.466916041425002, -24.805542602948947 ], [ -52.466772935831429, -24.805527884824532 ], [ -52.466640736399754, -24.805507534851834 ], [ -52.466532591541778, -24.805473944743106 ], [ -52.466435351086218, -24.805423973337476 ], [ -52.466348480168442, -24.805364842686771 ], [ -52.466269460186666, -24.805305295155115 ], [ -52.466226704923784, -24.805269721648706 ], [ -52.466189888522081, -24.805240520615978 ], [ -52.46611479849588, -24.805174353885427 ], [ -52.46604197467714, -24.805104415402891 ], [ -52.465953703687688, -24.805015980089433 ], [ -52.465896198070467, -24.804963249858563 ], [ -52.465855146162752, -24.804925963912456 ], [ -52.465763678042144, -24.804852609184067 ], [ -52.465697493526577, -24.804807793757071 ], [ -52.465615678368415, -24.804760881225828 ], [ -52.465572456787136, -24.804739670724548 ], [ -52.465485995841526, -24.804704545809781 ], [ -52.465417121512893, -24.804676210202608 ], [ -52.465342029389419, -24.804644285384107 ], [ -52.465284214300723, -24.80461760331486 ], [ -52.465189476183589, -24.804569945926538 ], [ -52.465097465858406, -24.804518309183575 ], [ -52.465007279533012, -24.804467594966518 ], [ -52.464919037723952, -24.804414853195766 ], [ -52.464832587028738, -24.804366227711199 ], [ -52.464745132200242, -24.804322830305349 ], [ -52.464626308729308, -24.804265502573049 ], [ -52.464513243986644, -24.804210382685731 ], [ -52.46442390431411, -24.804166037155429 ], [ -52.464337299823008, -24.804124308906715 ], [ -52.464258075007407, -24.804090836131493 ], [ -52.464165878689421, -24.804054247207507 ], [ -52.464055265871174, -24.804014203877699 ], [ -52.463948498266667, -24.803977829229577 ], [ -52.463788278602429, -24.803935008887642 ], [ -52.463665838139036, -24.803909294654332 ], [ -52.46355753794569, -24.803893548309201 ], [ -52.463446076906585, -24.80388116453635 ], [ -52.46329686015374, -24.803865175491286 ], [ -52.463206847308932, -24.803852791172822 ], [ -52.463117790212259, -24.803836998408396 ], [ -52.463049573489101, -24.803821441447866 ], [ -52.462892187081522, -24.803781905896166 ], [ -52.462791979659627, -24.803756563815391 ], [ -52.462679487652721, -24.803730174348299 ], [ -52.462572188533926, -24.803708447162215 ], [ -52.462469227697255, -24.803692442405083 ], [ -52.462368060616406, -24.803683464003043 ], [ -52.462270542873455, -24.80368304702699 ], [ -52.462184536299581, -24.803686915537785 ], [ -52.462098970073953, -24.803692186066517 ], [ -52.46203521449506, -24.803694396174755 ], [ -52.461959589912674, -24.803694127514898 ], [ -52.461880054077795, -24.803685284388653 ], [ -52.461812425511567, -24.803671566023798 ], [ -52.46173358914772, -24.803647747411624 ], [ -52.461669181693715, -24.803615767755723 ], [ -52.461620030932075, -24.803581245985811 ], [ -52.461588239724321, -24.803555081106957 ], [ -52.461523776835911, -24.803494987429492 ], [ -52.46145578256025, -24.803422168748732 ], [ -52.461403060320123, -24.803353662826126 ], [ -52.461367184759851, -24.80329318433439 ], [ -52.461354601817639, -24.803146394352272 ], [ -52.461370582800377, -24.803099121631227 ], [ -52.46141106308631, -24.80303265405573 ], [ -52.461466690828587, -24.802960744620446 ], [ -52.46152562884059, -24.802890105728977 ], [ -52.461585897219997, -24.802822151200388 ], [ -52.461653834424268, -24.802747346342834 ], [ -52.461740420256497, -24.802659892767355 ], [ -52.461821810052456, -24.802573833038739 ], [ -52.461939818563692, -24.802423859588131 ], [ -52.461977694870122, -24.802376186352948 ], [ -52.462093907345924, -24.802245510483541 ], [ -52.462172853865525, -24.802177183147691 ], [ -52.462236679837481, -24.802119242916902 ], [ -52.462286493656421, -24.802059412650252 ], [ -52.462351184533155, -24.801993761129719 ], [ -52.462428702478732, -24.801930154789822 ], [ -52.462522019918808, -24.801866219571924 ], [ -52.462682043643944, -24.801766498668869 ], [ -52.462757430263032, -24.80170969410246 ], [ -52.462814123253288, -24.801661920390178 ], [ -52.462933868142343, -24.801556807944682 ], [ -52.463015914823089, -24.801486665770909 ], [ -52.463116532258624, -24.801390110446459 ], [ -52.463184903616295, -24.801302206915167 ], [ -52.463229574835438, -24.801209709773786 ], [ -52.463250312614619, -24.801105516598184 ], [ -52.463247277047401, -24.801031341557252 ], [ -52.463236849974493, -24.800966216271778 ], [ -52.463219734651688, -24.800917730244873 ], [ -52.463139682422359, -24.800836306822291 ], [ -52.463063531898769, -24.800789867432336 ], [ -52.462970405777085, -24.800759720144374 ], [ -52.462853305914216, -24.800742331132909 ], [ -52.462706496140846, -24.800723788794457 ], [ -52.462524749125507, -24.800697000030173 ], [ -52.462341242461889, -24.800663895656573 ], [ -52.462164017564895, -24.800634771393618 ], [ -52.461992071387982, -24.800607594060835 ], [ -52.46179858339233, -24.800577795452632 ], [ -52.461642595671186, -24.800546329451606 ], [ -52.461482478688914, -24.800505053126987 ], [ -52.461325866939184, -24.800469998981324 ], [ -52.461167611625783, -24.800438599189196 ], [ -52.461007887288389, -24.800399521618957 ], [ -52.460884806357818, -24.800368210330991 ], [ -52.460827271454576, -24.80046419638014 ], [ -52.461139625719056, -24.80054392322069 ], [ -52.461299122921353, -24.800575569415631 ], [ -52.461452206280917, -24.800609833802877 ], [ -52.461613635863422, -24.800651448492967 ], [ -52.461972072265084, -24.800714392069438 ], [ -52.462143376346361, -24.800741467907841 ], [ -52.462319219190022, -24.800770365044631 ], [ -52.462503775819236, -24.800803658821795 ], [ -52.462688899142925, -24.800830945233297 ], [ -52.462835639784537, -24.800849478835786 ], [ -52.462940801505695, -24.800865095064953 ], [ -52.463009904851376, -24.80088746557114 ], [ -52.463061322734099, -24.800918822094406 ], [ -52.46311057750524, -24.800968920576544 ], [ -52.463129064990419, -24.801045181010736 ], [ -52.463131216878104, -24.801097764286222 ], [ -52.463115300607441, -24.801177732295464 ], [ -52.463081149978812, -24.801248445155036 ], [ -52.463024670471341, -24.801321059521822 ], [ -52.462932274838209, -24.801409724906556 ], [ -52.462852158359368, -24.801478216895713 ], [ -52.462731944127427, -24.801583741265873 ], [ -52.462679618065451, -24.801627833259332 ], [ -52.462610652121029, -24.801679799757853 ], [ -52.462454624850281, -24.801777030173621 ], [ -52.462352897275636, -24.801846668520113 ], [ -52.462267147542001, -24.801917029304931 ], [ -52.462194960922254, -24.801990287822928 ], [ -52.462147151524164, -24.802047710574911 ], [ -52.462090157715551, -24.80209944863649 ], [ -52.46200662624107, -24.802171744149959 ], [ -52.461883503437207, -24.802310190265228 ], [ -52.461843570580712, -24.802360451939204 ], [ -52.461727677365651, -24.80250773697669 ], [ -52.461651735239876, -24.80258787493316 ], [ -52.461563483245712, -24.802677011297543 ], [ -52.461494170789905, -24.802753381463859 ], [ -52.461432265697283, -24.802823181376951 ], [ -52.461370964325162, -24.8028966527527 ], [ -52.461310420024084, -24.802974917690499 ], [ -52.46126081661712, -24.803056365074845 ], [ -52.461233094931224, -24.803138367278972 ], [ -52.461250855614971, -24.803320892324859 ], [ -52.461301993265401, -24.803410824580222 ], [ -52.461361253795552, -24.803487826263371 ], [ -52.461436335907038, -24.80356833784051 ], [ -52.46150601182336, -24.803633291250225 ], [ -52.461543980147191, -24.803664540048317 ], [ -52.461604226781617, -24.803706855181879 ], [ -52.461686204050665, -24.803747558625055 ], [ -52.461780777108608, -24.803776131720991 ], [ -52.461860296903531, -24.803792235239182 ], [ -52.461952157299464, -24.803802448657404 ], [ -52.4620378618202, -24.803802753124369 ], [ -52.462105219559383, -24.803800394252903 ], [ -52.462191453689691, -24.803795082581392 ], [ -52.462273187760879, -24.803791406241896 ], [ -52.462362026504778, -24.803791786104554 ], [ -52.462453500685903, -24.803799904274531 ], [ -52.462549357558927, -24.803814804751187 ], [ -52.462651853778532, -24.803835559385838 ], [ -52.462761357934092, -24.803861247929959 ], [ -52.462860593327996, -24.803886344185216 ], [ -52.463021251703239, -24.80392670165039 ], [ -52.463092086279538, -24.803942812663486 ], [ -52.463186674082131, -24.803959586201401 ], [ -52.463281090657645, -24.803972576398753 ], [ -52.463433329096922, -24.803988889221305 ], [ -52.46354086809243, -24.804000837144255 ], [ -52.463644601088603, -24.804015919436239 ], [ -52.463757560533864, -24.804039694560924 ], [ -52.463911590440162, -24.80408086062334 ], [ -52.464013948412813, -24.804115776198138 ], [ -52.464121593693783, -24.804154771078856 ], [ -52.464209204211862, -24.80418957846079 ], [ -52.464284628770706, -24.804221445615912 ], [ -52.464367844071447, -24.80426154086982 ], [ -52.464456930527504, -24.804305760715945 ], [ -52.464570645976885, -24.804361197833902 ], [ -52.464689035330998, -24.804418315771755 ], [ -52.464773061558731, -24.804460011821046 ], [ -52.464855378447275, -24.804506312192235 ], [ -52.464943625648402, -24.804559057195881 ], [ -52.465035229351358, -24.804610568453089 ], [ -52.465129712030965, -24.804663592729725 ], [ -52.465229778311354, -24.804713930421855 ], [ -52.465231674426946, -24.804714763688189 ], [ -52.465290178673861, -24.80474176381037 ], [ -52.465367674070905, -24.804774710363684 ], [ -52.465438440265288, -24.804803824304908 ], [ -52.465518665562733, -24.804836285768697 ], [ -52.465555936061442, -24.804854575845994 ], [ -52.465630960259496, -24.804897594472429 ], [ -52.465685506958714, -24.804934142872089 ], [ -52.465773651745153, -24.805004832417268 ], [ -52.46581228515393, -24.805039881325616 ], [ -52.465867727808927, -24.805090719935734 ], [ -52.465954053798981, -24.805177206682433 ], [ -52.466030708286858, -24.805250851496162 ], [ -52.466109133914792, -24.805319957478652 ], [ -52.466186025416178, -24.805382550288822 ], [ -52.466275171054384, -24.8054500982776 ], [ -52.466370489919711, -24.805514979231528 ], [ -52.466483941674291, -24.805573281552469 ], [ -52.466611559158586, -24.805612919914378 ], [ -52.466756408540832, -24.805635217140722 ], [ -52.466902169147787, -24.805650208323943 ], [ -52.467067432824166, -24.805668713991484 ], [ -52.46722168902874, -24.805684223947178 ], [ -52.467380261804678, -24.805695782390206 ], [ -52.467554106728684, -24.805705967781673 ], [ -52.46772769556847, -24.805712306876796 ], [ -52.467890777428394, -24.805715317814787 ], [ -52.46802753408388, -24.805714011910485 ], [ -52.468114959099267, -24.805715088190933 ], [ -52.468405481468515, -24.80570640763591 ], [ -52.468491250941554, -24.805702853199996 ], [ -52.468601586786512, -24.805694234479578 ], [ -52.468707636699683, -24.805679539557335 ], [ -52.468806931739117, -24.805662925497639 ], [ -52.468909009261971, -24.805644248237414 ], [ -52.469012283190345, -24.805623365276205 ], [ -52.469139381305133, -24.805595685830678 ], [ -52.469273747910108, -24.805562994351245 ], [ -52.469412506756036, -24.805531435407865 ], [ -52.469551292944416, -24.805507050400397 ], [ -52.46968025701198, -24.805486762346163 ], [ -52.469818344708408, -24.805472341373097 ], [ -52.469954205964321, -24.805462856313472 ], [ -52.470092565878666, -24.805453070145049 ], [ -52.470226304647397, -24.805441866261944 ], [ -52.470350344783789, -24.805429196519867 ], [ -52.470473976114121, -24.805414617888456 ], [ -52.470594668461068, -24.805397840568592 ], [ -52.470708839588632, -24.805387476448203 ], [ -52.470810357033599, -24.805387637095645 ], [ -52.470919464748398, -24.80540351421368 ], [ -52.471019097936448, -24.805429133410946 ], [ -52.471133296306824, -24.805455546022014 ], [ -52.471270613304696, -24.80547452310406 ], [ -52.471396831469555, -24.805484643385931 ], [ -52.471515896254765, -24.805483537223292 ], [ -52.471633086408772, -24.805480631724251 ], [ -52.471744261378149, -24.805479389194833 ], [ -52.471844743220082, -24.805487916005365 ], [ -52.471956270580414, -24.805508324167498 ], [ -52.47207827598335, -24.805535515318436 ], [ -52.472203246622293, -24.805557526457324 ], [ -52.472329520776583, -24.805574509134225 ], [ -52.472458577205153, -24.805581046930101 ], [ -52.472586181947399, -24.805558212361351 ], [ -52.472705002460344, -24.805507342064896 ], [ -52.472807905798852, -24.805430031663708 ], [ -52.472885718538578, -24.805333469141985 ], [ -52.47292575701114, -24.805236802596522 ], [ -52.472942676130955, -24.80513769059737 ], [ -52.472942075986126, -24.805038718573517 ], [ -52.472936626120635, -24.804969729463185 ], [ -52.472929414786435, -24.80486500180788 ], [ -52.4729182434507, -24.804758320628846 ], [ -52.472909387109439, -24.80468008744424 ], [ -52.472898046376436, -24.804588464386942 ], [ -52.472885763840544, -24.804508333437717 ], [ -52.472865914066908, -24.804424931349928 ], [ -52.472826698366326, -24.804326942276987 ], [ -52.472782645052177, -24.804235721025517 ], [ -52.472735275576262, -24.804150779578119 ], [ -52.472681140144921, -24.804079323769486 ], [ -52.472599075691818, -24.804006659554382 ], [ -52.472491844758245, -24.803955899385457 ], [ -52.472400749983052, -24.803925146683579 ], [ -52.472315715356011, -24.803893011826307 ], [ -52.472200371911434, -24.80387671500451 ], [ -52.472087885218819, -24.803880082698871 ], [ -52.472049073118434, -24.803882878131486 ], [ -52.471977043769634, -24.803888066001846 ], [ -52.471861838933286, -24.803894282030004 ], [ -52.471747700120069, -24.803897361909666 ], [ -52.471630469729675, -24.803901258906222 ], [ -52.471474407697634, -24.803905212783111 ], [ -52.471346333050384, -24.803908312236594 ], [ -52.471247310384783, -24.803916588164629 ], [ -52.471031793464235, -24.803939679621635 ], [ -52.470910705677859, -24.803954389078925 ], [ -52.470830046114003, -24.803965407727297 ], [ -52.470738264631457, -24.803975472967561 ], [ -52.470639332234171, -24.803985823011153 ], [ -52.470560673726887, -24.803995048003905 ], [ -52.470485118888952, -24.804001961142266 ], [ -52.47040789811507, -24.804001307963961 ], [ -52.470364624504796, -24.803988785568716 ], [ -52.470333411719871, -24.803945233846857 ], [ -52.470355656623276, -24.803905339371575 ], [ -52.470408809992868, -24.803865945398041 ], [ -52.470486056199697, -24.803824246780511 ], [ -52.470563679095513, -24.803786621162931 ], [ -52.470707233879942, -24.803712613406518 ], [ -52.470761708113912, -24.803676118224935 ], [ -52.470840403650136, -24.803610298907753 ], [ -52.470921834393394, -24.803526359673441 ], [ -52.470968472594109, -24.803469033802944 ], [ -52.471000885687701, -24.803426654894693 ], [ -52.471025375079314, -24.803393401225875 ], [ -52.471060339223463, -24.803337191039059 ], [ -52.471102246078487, -24.803271279498269 ], [ -52.47114149037192, -24.803208752610828 ], [ -52.471180404389784, -24.803144077625717 ], [ -52.471222640285362, -24.803077825960791 ], [ -52.471267889642078, -24.803008943957945 ], [ -52.471311358692546, -24.802945175868935 ], [ -52.471362373369061, -24.802870955936413 ], [ -52.471431145952401, -24.802770931121088 ], [ -52.471502493303909, -24.802667876474157 ], [ -52.471568261987265, -24.802573430062978 ], [ -52.471621018123834, -24.802460282317462 ], [ -52.471624141135933, -24.802344540988823 ], [ -52.471598373946435, -24.802244402889571 ], [ -52.471559173897163, -24.802150467170609 ], [ -52.471519325700299, -24.802073645415657 ], [ -52.471488181109024, -24.802006613595371 ], [ -52.471460938647212, -24.801933934625371 ], [ -52.471446588462861, -24.801862181550231 ], [ -52.471441200975704, -24.801835243281101 ], [ -52.471285742037196, -24.801644050361908 ], [ -52.471193896983863, -24.801596794968592 ], [ -52.471121708545638, -24.801550141085677 ], [ -52.471071312855962, -24.801492020474299 ], [ -52.471037593195469, -24.801413508208157 ], [ -52.471021728387804, -24.801324244831264 ], [ -52.471023256240507, -24.801241189542854 ], [ -52.471046592059622, -24.801175548783728 ], [ -52.471092428912598, -24.801131461411106 ], [ -52.471173725755946, -24.801109676161612 ], [ -52.471280738084424, -24.801107733615318 ], [ -52.471390417417119, -24.801109806807172 ], [ -52.471497545430559, -24.801112970773829 ], [ -52.471604275278182, -24.801115666218994 ], [ -52.471737699757952, -24.801118774882493 ], [ -52.472132758975974, -24.801135901946651 ], [ -52.472320602834138, -24.801127118543818 ], [ -52.472379805203289, -24.801117716210481 ], [ -52.472496546878737, -24.801078795637714 ], [ -52.472668698008178, -24.80101619706149 ], [ -52.472866849152304, -24.800844131389283 ], [ -52.473073314737348, -24.800727476240954 ], [ -52.473397525952187, -24.800582103143849 ], [ -52.473533801091271, -24.800529836270709 ], [ -52.473620258840505, -24.800497212761396 ], [ -52.473725488825309, -24.800462336637715 ], [ -52.473846778989206, -24.800433610467621 ], [ -52.473977534128458, -24.800408345848311 ], [ -52.474104180952587, -24.800394736312974 ], [ -52.474194049289828, -24.800408734797532 ], [ -52.47422800797041, -24.800447842625033 ], [ -52.474208593180599, -24.800492371760502 ], [ -52.474122713616779, -24.800555742033282 ], [ -52.473928898457253, -24.800756383669885 ], [ -52.47391826001639, -24.800784456603974 ], [ -52.473915748701259, -24.800876052001545 ], [ -52.473979570808744, -24.800970195350516 ], [ -52.474092305003808, -24.80100896528096 ], [ -52.474202949746619, -24.801011519946524 ], [ -52.474313515292067, -24.801009342759215 ], [ -52.474424022597226, -24.801007352699227 ], [ -52.474543747472993, -24.801001786917013 ], [ -52.474663822256062, -24.800998963828345 ], [ -52.474796636352103, -24.800999335416954 ], [ -52.474931680132578, -24.801007586263758 ], [ -52.475075482866011, -24.801024882628326 ], [ -52.475205720664128, -24.801051300956708 ], [ -52.47533679351482, -24.801071896741579 ], [ -52.475483904689561, -24.80108040052048 ], [ -52.475616912482892, -24.80108663572733 ], [ -52.475746936763706, -24.801115776618904 ], [ -52.475876172637257, -24.801158491699947 ], [ -52.475975433250575, -24.801199622879803 ], [ -52.476058511067073, -24.801257076019208 ], [ -52.476134789323567, -24.801401549988164 ], [ -52.476138347456001, -24.801470993904736 ], [ -52.476136813868777, -24.801558456334604 ], [ -52.476135082928039, -24.801664401599183 ], [ -52.476137832202561, -24.801814590267789 ], [ -52.476155184448785, -24.801964201398704 ], [ -52.476199484837167, -24.802095657489033 ], [ -52.476270180973692, -24.802202814615832 ], [ -52.476349893021762, -24.802298366170959 ], [ -52.476440646428891, -24.802416195990446 ], [ -52.476523589570128, -24.802532995076639 ], [ -52.47660086550686, -24.802653061816962 ], [ -52.476674830370946, -24.802763732421333 ], [ -52.476760970784404, -24.80287098831187 ], [ -52.47686787084632, -24.802975975700868 ], [ -52.476983270724887, -24.803069930056218 ], [ -52.477089809663219, -24.803164559595508 ], [ -52.477164764432899, -24.803263078507939 ], [ -52.477195784756475, -24.80336897139583 ], [ -52.477202224442685, -24.803498991073184 ], [ -52.477200924885381, -24.803543266047154 ], [ -52.477198027231701, -24.803641986997771 ], [ -52.47721447769927, -24.803786147416698 ], [ -52.477256514646186, -24.803908585904122 ], [ -52.477314074289886, -24.804022247594794 ], [ -52.477372341495837, -24.804136469862431 ], [ -52.477422741436662, -24.804243529761195 ], [ -52.477465021293277, -24.804343122491844 ], [ -52.477500911649379, -24.804445467456237 ], [ -52.477532717484749, -24.804546945886521 ], [ -52.477562950074741, -24.804654943954304 ], [ -52.477585800388304, -24.804765178499181 ], [ -52.477601809780992, -24.804873674448455 ], [ -52.477636785985254, -24.80517219587027 ], [ -52.477636659518417, -24.805277886484351 ], [ -52.477638261699596, -24.805401323134181 ], [ -52.477632566052684, -24.805525369963441 ], [ -52.477626707025046, -24.805651899587453 ], [ -52.477621475373581, -24.805784585955244 ], [ -52.477636580666662, -24.805913641429903 ], [ -52.477667386716234, -24.806026598358464 ], [ -52.477713657980686, -24.806121919004692 ], [ -52.477778584950975, -24.806231674191963 ], [ -52.477857074545938, -24.806352536570106 ], [ -52.477944044735999, -24.806473514768438 ], [ -52.47803048297088, -24.806583850338985 ], [ -52.478119299276933, -24.806692234860158 ], [ -52.478202895900139, -24.806798131331107 ], [ -52.478293459297447, -24.806902881878941 ], [ -52.478391638109251, -24.807008135503189 ], [ -52.478501206997151, -24.807096195377007 ], [ -52.478632118376872, -24.807172827198077 ], [ -52.478777206847475, -24.807254614699861 ], [ -52.478919228697862, -24.807352674083411 ], [ -52.478987424958731, -24.807415514700253 ], [ -52.479041318896584, -24.807465176126193 ], [ -52.47914419697284, -24.807594975014045 ], [ -52.479232596503508, -24.807722724956065 ], [ -52.479314953552958, -24.80785771473516 ], [ -52.479390764429532, -24.808001073175802 ], [ -52.479454745893932, -24.80812279183808 ], [ -52.479504022855672, -24.808229005478569 ], [ -52.479580168458604, -24.808439325413151 ], [ -52.479640088141103, -24.808630499655916 ], [ -52.479689646950668, -24.808760394075616 ], [ -52.479841491581624, -24.80910535325927 ], [ -52.47984342612439, -24.80910952086392 ], [ -52.47991082325067, -24.809230568436185 ], [ -52.480020766322468, -24.809419076957592 ], [ -52.48013295227102, -24.809630133406149 ], [ -52.480229168524367, -24.809834600525111 ], [ -52.480328003711278, -24.810043251885439 ], [ -52.480384910958264, -24.810260253841051 ], [ -52.480337078994545, -24.810491341441494 ], [ -52.480287891250597, -24.810742325349853 ], [ -52.480194476094766, -24.810955010922608 ], [ -52.480016824233758, -24.811131116285953 ], [ -52.479937755977907, -24.811190914222724 ], [ -52.479788468157373, -24.811306938259083 ], [ -52.479513045329611, -24.811522789137189 ], [ -52.479284327362485, -24.811735528091624 ], [ -52.479068837573571, -24.811977091638603 ], [ -52.478937427303293, -24.812242526429177 ], [ -52.478937612426357, -24.812583190202865 ], [ -52.478992278113019, -24.812910992265518 ], [ -52.479070021643594, -24.813104605016083 ], [ -52.479114350571528, -24.813215001616623 ], [ -52.47934111, -24.81366194 ], [ -52.47979194, -24.8142225 ], [ -52.47989722, -24.81442167 ], [ -52.47995694, -24.81465889 ], [ -52.4797675, -24.81565722 ], [ -52.47971806, -24.81601472 ], [ -52.4797325, -24.817016939999988 ], [ -52.47979306, -24.81728972 ], [ -52.47996278, -24.81760917 ], [ -52.48014861, -24.81800917 ], [ -52.48071056, -24.81851778 ], [ -52.48126944, -24.8191225 ] ] ] ] } },
{ "type": "Feature", "properties": { "nome_pa": "FAZENDA CHAPADÃO", "tipo": "Estrada" }, "geometry": { "type": "MultiPolygon", "coordinates": [ [ [ [ -52.47324720590013, -24.788662149673105 ], [ -52.473142174364028, -24.788512157184382 ], [ -52.473120323956891, -24.788478809258532 ], [ -52.473047612221642, -24.78838554671945 ], [ -52.47297436729356, -24.788287881932249 ], [ -52.472900181804633, -24.788177731950888 ], [ -52.472831844557611, -24.788066944228031 ], [ -52.472772037794257, -24.787948980511789 ], [ -52.472726686691345, -24.78781402704961 ], [ -52.472692251912079, -24.787682565060756 ], [ -52.472652221688961, -24.787478231017342 ], [ -52.472647496015867, -24.787434524007875 ], [ -52.472632780788778, -24.787309417808615 ], [ -52.472614603802988, -24.78718015366411 ], [ -52.472582618317446, -24.786963646329795 ], [ -52.472572873692357, -24.786878684890386 ], [ -52.472529340816109, -24.786590885197842 ], [ -52.472500930594222, -24.786476460661483 ], [ -52.472462154554421, -24.786300636830589 ], [ -52.47242670861754, -24.786087747247265 ], [ -52.472422760835912, -24.786050978659869 ], [ -52.472420639665437, -24.785940521762292 ], [ -52.472432720318196, -24.785778800973926 ], [ -52.472439916528877, -24.785738722835067 ], [ -52.472468923542216, -24.785641644007555 ], [ -52.472508709728338, -24.78552691626998 ], [ -52.472559652019108, -24.785383598315946 ], [ -52.472575830967664, -24.785336838484177 ], [ -52.472604043064855, -24.785234607959115 ], [ -52.472626927002956, -24.785106390812832 ], [ -52.472642079042714, -24.78497567711565 ], [ -52.472677552349751, -24.78486618322659 ], [ -52.472739811996746, -24.784720101650571 ], [ -52.472785915953231, -24.784615373318392 ], [ -52.472803131585074, -24.784583537917605 ], [ -52.472826251305776, -24.784551611329054 ], [ -52.472876128683922, -24.784507761032689 ], [ -52.472853945939804, -24.784468295759464 ], [ -52.47271399045519, -24.78451017117758 ], [ -52.472700016583318, -24.784529468013119 ], [ -52.472677489307259, -24.784571125718209 ], [ -52.472629447793651, -24.784680255125043 ], [ -52.472565152079838, -24.784831113657646 ], [ -52.472525198704318, -24.784954435618651 ], [ -52.472509256314382, -24.785091966395161 ], [ -52.472487721957904, -24.785212621288707 ], [ -52.472461604674081, -24.785307260639801 ], [ -52.472446623133422, -24.785350559648784 ], [ -52.472395692664684, -24.785493843971654 ], [ -52.472355055931189, -24.785611024040758 ], [ -52.472323796444392, -24.785715640974704 ], [ -52.472314695995678, -24.785766324194096 ], [ -52.472301887934528, -24.78593778043691 ], [ -52.472304181546974, -24.786057222915115 ], [ -52.472308901343276, -24.786101182228162 ], [ -52.472345247673587, -24.78631948083121 ], [ -52.472384867589959, -24.786499131840753 ], [ -52.472412470846223, -24.786610306672063 ], [ -52.472455040314657, -24.786891738923757 ], [ -52.472464744553918, -24.786976389393786 ], [ -52.472496936002464, -24.78719429226167 ], [ -52.472514908168527, -24.787322100700592 ], [ -52.472529437720482, -24.78744562931076 ], [ -52.472534571640473, -24.787493112543249 ], [ -52.472576026519008, -24.787704719736318 ], [ -52.472612127373324, -24.787842542796 ], [ -52.472660941650759, -24.787987802174506 ], [ -52.472726118057032, -24.78811635726673 ], [ -52.472797885933041, -24.788232706846014 ], [ -52.472874791165779, -24.788346895209958 ], [ -52.472950292673872, -24.78844756902166 ], [ -52.473020894198712, -24.788538125021805 ], [ -52.473041214316616, -24.788569137467107 ], [ -52.473146491049413, -24.788719757002589 ], [ -52.473184824986753, -24.788769529944862 ], [ -52.473251325117694, -24.788862574753416 ], [ -52.473322975323555, -24.788965565645139 ], [ -52.473395022087644, -24.789081124387849 ], [ -52.473466910175929, -24.789207794656889 ], [ -52.473533119655684, -24.789318360544691 ], [ -52.473599795839007, -24.789427216608342 ], [ -52.47364524436631, -24.789516193529707 ], [ -52.47367818104339, -24.789571087797711 ], [ -52.473692802715711, -24.789598822688593 ], [ -52.473740385985082, -24.789680954657946 ], [ -52.473816410311649, -24.789799888587019 ], [ -52.473916663548593, -24.78974240999958 ], [ -52.473844210800486, -24.789628419024965 ], [ -52.473797792192514, -24.789548297451148 ], [ -52.473751618664082, -24.789468074432172 ], [ -52.47370551568735, -24.789377816403864 ], [ -52.473636986220235, -24.789265934804142 ], [ -52.473571682937283, -24.789156882357535 ], [ -52.473499326314837, -24.78902938668783 ], [ -52.473424701342324, -24.788909692802914 ], [ -52.473351120641198, -24.788803927111051 ], [ -52.473283097215038, -24.788708751057065 ], [ -52.47324720590013, -24.788662149673105 ] ] ] ] } },
{ "type": "Feature", "properties": { "nome_pa": "FAZENDA CHAPADÃO", "tipo": "Estrada" }, "geometry": { "type": "MultiPolygon", "coordinates": [ [ [ [ -52.461889205172483, -24.793792026268743 ], [ -52.461880879851762, -24.793996513210626 ], [ -52.461878910983394, -24.794150509659769 ], [ -52.461862602371049, -24.794261998072653 ], [ -52.461834392512543, -24.79439020671235 ], [ -52.461820462728461, -24.794537112229353 ], [ -52.461814651870768, -24.794673982157789 ], [ -52.461801837362621, -24.794816848420343 ], [ -52.461792628431276, -24.794963319092844 ], [ -52.461787255103779, -24.795018575979366 ], [ -52.461883342994675, -24.795024338347076 ], [ -52.461905720930346, -24.795025680337528 ], [ -52.461911017222228, -24.79497121511579 ], [ -52.461920249274229, -24.794824374478203 ], [ -52.461933153721056, -24.794680503976771 ], [ -52.461938953765127, -24.794543885688736 ], [ -52.461952066589397, -24.794405594561198 ], [ -52.461979732923318, -24.79427985559396 ], [ -52.461994852191694, -24.794187932376378 ], [ -52.461999543106614, -24.793999157815279 ], [ -52.462008990880356, -24.7937670956745 ], [ -52.461889205172483, -24.793792026268743 ] ] ] ] } },
{ "type": "Feature", "properties": { "nome_pa": "FAZENDA CHAPADÃO", "tipo": "Estrada" }, "geometry": { "type": "MultiPolygon", "coordinates": [ [ [ [ -52.479410393280524, -24.788771562558289 ], [ -52.479498016881308, -24.788627737517661 ], [ -52.479597048245765, -24.788476707468462 ], [ -52.479694769506921, -24.78834704047221 ], [ -52.479858114636066, -24.788225719078458 ], [ -52.48004272851707, -24.788091819093598 ], [ -52.480200613604076, -24.787959415630258 ], [ -52.48037555255862, -24.787837971067248 ], [ -52.480562791065495, -24.787716439729177 ], [ -52.480772466264561, -24.787585126605091 ], [ -52.480998476213514, -24.787447731202491 ], [ -52.481245222976511, -24.787295968648195 ], [ -52.481464177394024, -24.787161709885304 ], [ -52.481684456866901, -24.787026472228057 ], [ -52.481902137232758, -24.786903938313234 ], [ -52.482123041455459, -24.786776652318377 ], [ -52.482236715991128, -24.786708903786447 ], [ -52.482338331512736, -24.78664695581357 ], [ -52.48244627083379, -24.786588525936562 ], [ -52.482533354473475, -24.786541291524966 ], [ -52.4826546310236, -24.786456816948537 ], [ -52.482631939097935, -24.786302270973383 ], [ -52.482450194823166, -24.786428864063598 ], [ -52.482259077466999, -24.786532526485576 ], [ -52.482154699345358, -24.786596050289511 ], [ -52.482043859569821, -24.786662124293507 ], [ -52.481823612987988, -24.786789031295857 ], [ -52.481604100679434, -24.786912596366346 ], [ -52.481381442513275, -24.787049294340168 ], [ -52.481162418584454, -24.787183595659897 ], [ -52.480915916740273, -24.787335207501712 ], [ -52.480689387889456, -24.787472918285196 ], [ -52.480477841663607, -24.787605403108621 ], [ -52.480287648434967, -24.787728852208431 ], [ -52.480105328517681, -24.78785542063995 ], [ -52.479946281886129, -24.787988798095387 ], [ -52.47976515609971, -24.788120168087097 ], [ -52.479584621196061, -24.788254256742569 ], [ -52.479472167337967, -24.788403472335595 ], [ -52.479369513619297, -24.788560026489122 ], [ -52.479281376613237, -24.78870469398009 ], [ -52.479186854138533, -24.788853616608915 ], [ -52.4790837327674, -24.788980465804073 ], [ -52.478965898471756, -24.789106227164165 ], [ -52.478823089129655, -24.78922075776045 ], [ -52.478693421484003, -24.789298402359655 ], [ -52.478553966979014, -24.78936716863566 ], [ -52.478406213760188, -24.789430931077312 ], [ -52.478276810171195, -24.789480360576963 ], [ -52.478241979026329, -24.789490604321525 ], [ -52.47811187087342, -24.789528868688564 ], [ -52.477879623380986, -24.78958923668478 ], [ -52.477663501426065, -24.789638470917954 ], [ -52.477486772043299, -24.789672829307552 ], [ -52.477308147662995, -24.789695240403667 ], [ -52.477113821935852, -24.789705606833216 ], [ -52.476920487487163, -24.789710556552361 ], [ -52.476691832914277, -24.789715813868149 ], [ -52.476465012693218, -24.789719127949514 ], [ -52.476258216700387, -24.789725650759802 ], [ -52.4760621817152, -24.789729442603083 ], [ -52.475876047818424, -24.789734415048741 ], [ -52.47581553513696, -24.789737252844841 ], [ -52.475676566415622, -24.78974720899113 ], [ -52.475474139238351, -24.7897510069301 ], [ -52.475233112753131, -24.789733767806201 ], [ -52.475012962439145, -24.789719422442708 ], [ -52.474763822841041, -24.789719439416995 ], [ -52.474530008554396, -24.789709778288906 ], [ -52.474315682274252, -24.789707111907553 ], [ -52.474090120814772, -24.789722903885426 ], [ -52.473916663548593, -24.78974240999958 ], [ -52.473816410311649, -24.789799888587019 ], [ -52.473635241963464, -24.789906254796854 ], [ -52.47342552804826, -24.790062573176158 ], [ -52.473240742068889, -24.790237207530911 ], [ -52.473053851524554, -24.790396580780424 ], [ -52.472860790369616, -24.790566605701059 ], [ -52.472679029679156, -24.790750914282036 ], [ -52.472499330399074, -24.790945192072051 ], [ -52.472309251004262, -24.791134461926067 ], [ -52.472107288087578, -24.791301965039658 ], [ -52.47185635385167, -24.791468636699761 ], [ -52.471586925413234, -24.791607018109168 ], [ -52.471328288815542, -24.791724687610508 ], [ -52.471223241280875, -24.791764619692298 ], [ -52.471113890891985, -24.791811286613274 ], [ -52.47105700518653, -24.791840838364841 ], [ -52.470835302731807, -24.791923230945702 ], [ -52.470563042452426, -24.792034951632097 ], [ -52.470295081375447, -24.792146258248319 ], [ -52.470040530765679, -24.792259024413809 ], [ -52.469788136240801, -24.792363830657699 ], [ -52.469512008496281, -24.792468025986082 ], [ -52.469240919217242, -24.792567350588715 ], [ -52.469001137295123, -24.79266116993881 ], [ -52.468777427568611, -24.792759586554897 ], [ -52.468549913857814, -24.792879917808978 ], [ -52.468293200897428, -24.793064382983175 ], [ -52.468067212519962, -24.793255944302768 ], [ -52.467893637406583, -24.793403136659027 ], [ -52.4677382312086, -24.79353872523787 ], [ -52.467573911457237, -24.793691823674465 ], [ -52.467355589576691, -24.793849396821333 ], [ -52.467099233368991, -24.793974032122769 ], [ -52.466876473593203, -24.794043397341142 ], [ -52.466662346450072, -24.794089146680694 ], [ -52.466486494666135, -24.794118274688117 ], [ -52.466272080190208, -24.794131277066516 ], [ -52.466066440222512, -24.794119312368807 ], [ -52.466003448191273, -24.794113651870841 ], [ -52.465801705891558, -24.794032241164157 ], [ -52.465624222919445, -24.79393086304561 ], [ -52.465452359326839, -24.793818309479768 ], [ -52.465267037650577, -24.793722924517091 ], [ -52.465045979098981, -24.793643742452957 ], [ -52.464852774685426, -24.793630205367723 ], [ -52.464632928473272, -24.793631838462396 ], [ -52.464434757529943, -24.793645354293155 ], [ -52.464225472916617, -24.793658152019869 ], [ -52.464036702296589, -24.793658282450171 ], [ -52.463814479499895, -24.793666785216434 ], [ -52.463582034022672, -24.793663223314546 ], [ -52.463292059158277, -24.793647320484219 ], [ -52.462530612438478, -24.793597298607388 ], [ -52.462333112884515, -24.793591716836026 ], [ -52.462065303205343, -24.793618226385728 ], [ -52.461707216135046, -24.793689730471289 ], [ -52.461555254404786, -24.793725473275625 ], [ -52.461413415521946, -24.793772500533155 ], [ -52.461259453825811, -24.793817708287381 ], [ -52.461017089677455, -24.793924561144447 ], [ -52.460840283468976, -24.794022543285205 ], [ -52.46080165889677, -24.794057244986764 ], [ -52.460674049016816, -24.794171894079213 ], [ -52.460711326994613, -24.794326249567153 ], [ -52.4607030504378, -24.794450566348047 ], [ -52.460690480494193, -24.794600023064973 ], [ -52.460663596233331, -24.794781149889413 ], [ -52.4606400923007, -24.794943985470088 ], [ -52.46062723422915, -24.795051775431158 ], [ -52.460603253044859, -24.795249522865006 ], [ -52.460593652768672, -24.795397092696316 ], [ -52.460584757878422, -24.795564579219164 ], [ -52.460573643628209, -24.795718938645148 ], [ -52.460585803650936, -24.795873422981241 ], [ -52.460610646546996, -24.795994648757141 ], [ -52.460632069691925, -24.796087089013028 ], [ -52.460692735762947, -24.796265683511301 ], [ -52.460790105835883, -24.796467427987182 ], [ -52.460864624408565, -24.79665262982056 ], [ -52.460947720252378, -24.796868506648511 ], [ -52.461002808899543, -24.797037680581639 ], [ -52.461036887049822, -24.797146860229315 ], [ -52.461086508685156, -24.797281673093366 ], [ -52.461141761759485, -24.797422456190059 ], [ -52.46120712627566, -24.797559523464027 ], [ -52.461272902233766, -24.797687625933975 ], [ -52.461348539536957, -24.797835410342461 ], [ -52.461362856877969, -24.797954488194456 ], [ -52.46136696580021, -24.798120244119694 ], [ -52.461335454677581, -24.798393550119233 ], [ -52.461296906989247, -24.798670487496068 ], [ -52.461253178007979, -24.798916036324435 ], [ -52.461211246543797, -24.799149294914315 ], [ -52.461150004734591, -24.799398416349337 ], [ -52.461080197742028, -24.799640393460489 ], [ -52.46097973870684, -24.799899094997254 ], [ -52.460856342238365, -24.800127740996032 ], [ -52.460714072015222, -24.800372182650907 ], [ -52.460551212037657, -24.80063248543507 ], [ -52.460346968597683, -24.800938381123409 ], [ -52.460151014290119, -24.801212372386605 ], [ -52.459951888200244, -24.801480743987163 ], [ -52.459762379428568, -24.801759478487149 ], [ -52.459598603316877, -24.80202073186047 ], [ -52.459439300124018, -24.802237082750541 ], [ -52.459304854065437, -24.802398506083378 ], [ -52.459166950332474, -24.802545297676762 ], [ -52.458887767540872, -24.802795310059551 ], [ -52.458589201649787, -24.803048413589025 ], [ -52.458303667916667, -24.803302806173662 ], [ -52.45813310832046, -24.803474648662736 ], [ -52.458055396834332, -24.803552944453926 ], [ -52.457851499644129, -24.803794185635439 ], [ -52.457661725952335, -24.804019891097678 ], [ -52.457496619425889, -24.804249619818449 ], [ -52.4573516459281, -24.804477650625834 ], [ -52.457191328139075, -24.804682085217618 ], [ -52.456957691863408, -24.804902574956639 ], [ -52.456692081945555, -24.805135668963231 ], [ -52.456461943884783, -24.80534858033301 ], [ -52.456403937907254, -24.805407576320995 ], [ -52.456241821328703, -24.805572459402871 ], [ -52.455959007762573, -24.805872179916758 ], [ -52.455691562334756, -24.806163562406574 ], [ -52.455467830157772, -24.806411739685551 ], [ -52.455273620230535, -24.806661358283396 ], [ -52.455123880966092, -24.806854649787525 ], [ -52.454981897219895, -24.807017683755539 ], [ -52.454778936420382, -24.80724834351976 ], [ -52.454638534372087, -24.807421373850133 ], [ -52.454582755747317, -24.807489022278045 ], [ -52.454415601664273, -24.807736830247173 ], [ -52.454311734123465, -24.807990215891643 ], [ -52.454213844163789, -24.808271948128485 ], [ -52.454112664840459, -24.808551584924956 ], [ -52.454018212052432, -24.808796502053443 ], [ -52.454050059808964, -24.808802588895745 ], [ -52.454129819189603, -24.808804793207504 ], [ -52.454168975513284, -24.808810199484245 ], [ -52.454253025688168, -24.808595530598748 ], [ -52.454355014168122, -24.808313656581955 ], [ -52.454452027700803, -24.808034445828149 ], [ -52.45454951544675, -24.807796623098906 ], [ -52.454705689383658, -24.807565092956647 ], [ -52.454896340923561, -24.807331197166324 ], [ -52.455097815725644, -24.807102225939879 ], [ -52.455242624530257, -24.806935947883641 ], [ -52.455394682352768, -24.806739663208528 ], [ -52.455523691588432, -24.806560085609611 ], [ -52.455805719258848, -24.806250079088894 ], [ -52.456072093281293, -24.805959863592733 ], [ -52.456353258059856, -24.805661890131098 ], [ -52.456570027318833, -24.805441421375168 ], [ -52.456796327383323, -24.80523206053325 ], [ -52.457062468812261, -24.804998499890157 ], [ -52.457305598760229, -24.804769050466369 ], [ -52.457476420148282, -24.804551221583601 ], [ -52.457648765882482, -24.80428578860937 ], [ -52.457782773763114, -24.804098371121558 ], [ -52.457969089620661, -24.803876777929851 ], [ -52.458169290721216, -24.803639909512562 ], [ -52.458409416623603, -24.803399329012493 ], [ -52.458691519749443, -24.803146507187638 ], [ -52.458884188752151, -24.802983175775001 ], [ -52.458990224604698, -24.802893285655411 ], [ -52.45927542004641, -24.802637888638245 ], [ -52.45942032574419, -24.802483643649751 ], [ -52.459560030093137, -24.802315906723695 ], [ -52.459728404552564, -24.802087235744573 ], [ -52.459889898452325, -24.801828757561424 ], [ -52.460076393813011, -24.801554454842918 ], [ -52.460274565683918, -24.80128736891022 ], [ -52.460472464749955, -24.80101065800358 ], [ -52.460679003542005, -24.800701324075614 ], [ -52.460827271454576, -24.80046419638014 ], [ -52.460884806357818, -24.800368210330991 ], [ -52.460988487839664, -24.800189350455867 ], [ -52.461116676222147, -24.7999518248442 ], [ -52.461222102517645, -24.799680330852865 ], [ -52.461294175356741, -24.799430498466993 ], [ -52.461356957794614, -24.79917510878947 ], [ -52.461399605005106, -24.798937867051034 ], [ -52.461443765362539, -24.798689894287936 ], [ -52.461482839125061, -24.798409175051969 ], [ -52.461510266969206, -24.798170296240261 ], [ -52.461515508234449, -24.798125822527339 ], [ -52.461510835067131, -24.797937313703091 ], [ -52.461471057691568, -24.797782450121066 ], [ -52.461409616782831, -24.797634769899588 ], [ -52.461342340290209, -24.797503745326186 ], [ -52.461279768147826, -24.797372533864213 ], [ -52.461226677957072, -24.797237262100751 ], [ -52.461178626326287, -24.797106715044546 ], [ -52.461145263984946, -24.796999829088769 ], [ -52.461088899769777, -24.796826738554635 ], [ -52.461004252534138, -24.796606831958076 ], [ -52.460927761504969, -24.796416728466966 ], [ -52.460831929217314, -24.796218170637868 ], [ -52.460780702367401, -24.796100854978043 ], [ -52.460756159161846, -24.795968177629881 ], [ -52.460733183149117, -24.795856062316471 ], [ -52.460722356901812, -24.795718524706366 ], [ -52.460732885254963, -24.795572300039964 ], [ -52.460741802634999, -24.795404386278346 ], [ -52.460751129022135, -24.7952610238852 ], [ -52.460770236992403, -24.795104059405045 ], [ -52.460789490994848, -24.79494265039585 ], [ -52.460810619700204, -24.794799303021211 ], [ -52.460838077463222, -24.794614310866905 ], [ -52.460851067378584, -24.794459858497618 ], [ -52.46086067314328, -24.794315573954428 ], [ -52.460836596320497, -24.794215880539255 ], [ -52.46093431327602, -24.794128088122463 ], [ -52.461048075804868, -24.794058836480097 ], [ -52.461315336218242, -24.793943399943934 ], [ -52.461366271675949, -24.793921819315148 ], [ -52.461597804502155, -24.793855322112766 ], [ -52.461741588279459, -24.793821502827839 ], [ -52.461889205172483, -24.793792026268743 ], [ -52.462008990880356, -24.7937670956745 ], [ -52.462091438356737, -24.793751643517425 ], [ -52.462338771933567, -24.793727375239282 ], [ -52.462523479689267, -24.793732595472218 ], [ -52.463275686624883, -24.793777446778936 ], [ -52.463360106919382, -24.793782638093468 ], [ -52.463574772342675, -24.793798564620271 ], [ -52.463816363133596, -24.793802266649465 ], [ -52.464030014168316, -24.79379310874296 ], [ -52.464230515212826, -24.793793580672709 ], [ -52.464445242508781, -24.793780450119165 ], [ -52.464639065684572, -24.793767230812712 ], [ -52.464847692249116, -24.793765681052044 ], [ -52.465012471067951, -24.793777226466378 ], [ -52.465203198714526, -24.793845544142382 ], [ -52.465372448326875, -24.793932656836049 ], [ -52.465541550873589, -24.794043402217373 ], [ -52.465736841900714, -24.794154952296623 ], [ -52.465998273145217, -24.794249009707599 ], [ -52.46626532599354, -24.794266911485511 ], [ -52.466508790675178, -24.794252226408791 ], [ -52.466692514543148, -24.794221794463457 ], [ -52.466917427578174, -24.794173740647498 ], [ -52.467158433911841, -24.794098693604457 ], [ -52.46743712319681, -24.793963200351595 ], [ -52.467673302919081, -24.793792738264106 ], [ -52.467857225084622, -24.7936208419564 ], [ -52.467943977268547, -24.79354603549519 ], [ -52.467995382922794, -24.793501708303822 ], [ -52.468168169499251, -24.79335518451623 ], [ -52.468389718486591, -24.793167386157279 ], [ -52.468633401483025, -24.792992283771071 ], [ -52.468846919357937, -24.792879354817362 ], [ -52.469062594422297, -24.792784472855747 ], [ -52.469297655914701, -24.792692500436154 ], [ -52.469563379721336, -24.792595655225444 ], [ -52.469847310402344, -24.792488045205918 ], [ -52.470103640678317, -24.792381604616917 ], [ -52.470296584254285, -24.792296398620273 ], [ -52.470358199406746, -24.792268834820526 ], [ -52.470624178089935, -24.79215835162077 ], [ -52.470893703900693, -24.792047752977719 ], [ -52.471117380611503, -24.791964626661084 ], [ -52.471212171011395, -24.791916235320066 ], [ -52.471390213468119, -24.791847835158759 ], [ -52.471656430077154, -24.791726717008626 ], [ -52.471936641648831, -24.791582797199837 ], [ -52.472201087140924, -24.791407151207132 ], [ -52.47241402772967, -24.791230543352622 ], [ -52.47261073070775, -24.791034677946964 ], [ -52.472652569579346, -24.7909888867127 ], [ -52.472790863093678, -24.790839931718804 ], [ -52.472967553223249, -24.790660764608937 ], [ -52.473155996110428, -24.79049480676316 ], [ -52.473344798994532, -24.79033380261335 ], [ -52.473526144601607, -24.790162419492937 ], [ -52.473721361386538, -24.790016907019499 ], [ -52.473880586392688, -24.789927640440307 ], [ -52.47393488972056, -24.789892815261151 ], [ -52.474111863546682, -24.789857212391865 ], [ -52.474320353176203, -24.789842615631599 ], [ -52.474525642660367, -24.789845169574978 ], [ -52.474673826319268, -24.789851798267602 ], [ -52.47476047264184, -24.78985487265475 ], [ -52.475007679961401, -24.789854855806791 ], [ -52.475222037365057, -24.789868823680063 ], [ -52.475469859078181, -24.78988654880499 ], [ -52.475683293340801, -24.789882544342973 ], [ -52.475883419255318, -24.789869709058678 ], [ -52.476065922881077, -24.789864833582751 ], [ -52.476262349683935, -24.789861034149762 ], [ -52.476468761540488, -24.789854523447318 ], [ -52.476694887720619, -24.789851219493706 ], [ -52.476924434651046, -24.789845941649329 ], [ -52.477120230125003, -24.789840928912238 ], [ -52.477322596758938, -24.789830133522909 ], [ -52.477512356681331, -24.789806325297242 ], [ -52.47769692188281, -24.789770443518243 ], [ -52.477917906786239, -24.789720101454385 ], [ -52.478154942464734, -24.789658488850169 ], [ -52.478344841794105, -24.789610054209863 ], [ -52.478466578704904, -24.789554683587678 ], [ -52.47862097017417, -24.789488056407105 ], [ -52.478769497007747, -24.789414816454489 ], [ -52.478913172051868, -24.789328784222853 ], [ -52.479071759902126, -24.789201599449552 ], [ -52.479199806453678, -24.789064938689826 ], [ -52.479310999282674, -24.788928160653921 ], [ -52.479410393280524, -24.788771562558289 ] ] ] ] } },
{ "type": "Feature", "properties": { "nome_pa": "FAZENDA CHAPADÃO", "tipo": "Estrada" }, "geometry": { "type": "MultiPolygon", "coordinates": [ [ [ [ -52.441450321080907, -24.817385867095094 ], [ -52.441596857932787, -24.817516983796242 ], [ -52.441679927110727, -24.817659393639513 ], [ -52.441752135588125, -24.817800143328835 ], [ -52.441855947539558, -24.817935386103439 ], [ -52.44204610681696, -24.818125058925066 ], [ -52.442224991880678, -24.81829348250524 ], [ -52.442393336374757, -24.818454166181827 ], [ -52.442503402628333, -24.818580232340938 ], [ -52.442577350383679, -24.818721885831675 ], [ -52.442641115017807, -24.818960578218377 ], [ -52.4426949974916, -24.819167641441219 ], [ -52.442759048618434, -24.819323839167456 ], [ -52.442870126355473, -24.819541533587419 ], [ -52.442948615315814, -24.81974247519944 ], [ -52.443010544242249, -24.819980015416885 ], [ -52.443057871095704, -24.820183584313114 ], [ -52.443105010853891, -24.820380180560619 ], [ -52.443132903578338, -24.820570553584609 ], [ -52.443165794421063, -24.820748347429564 ], [ -52.443190596230728, -24.82090910327975 ], [ -52.443224345150554, -24.821115537492826 ], [ -52.443289765159641, -24.821259747300175 ], [ -52.443294773135896, -24.82127078670926 ], [ -52.444757753694319, -24.822800595330015 ], [ -52.444855436204826, -24.822902476820545 ], [ -52.444895321071314, -24.822944368921494 ], [ -52.444870111268656, -24.822732563916734 ], [ -52.444822627187854, -24.822695511083236 ], [ -52.444695550219166, -24.82255582407733 ], [ -52.444505134858879, -24.822357171390838 ], [ -52.444299512000939, -24.82214725581489 ], [ -52.444089019212385, -24.821945082090643 ], [ -52.443891729851472, -24.821748889674801 ], [ -52.443676262098684, -24.821526510981577 ], [ -52.443514448977126, -24.8213564354303 ], [ -52.443398650971751, -24.821216536026093 ], [ -52.443339609179631, -24.821086386418123 ], [ -52.443308083911155, -24.820893554837895 ], [ -52.443283123473023, -24.820731771798435 ], [ -52.443250301225028, -24.820554349646351 ], [ -52.443222028914377, -24.820361387100167 ], [ -52.443173922078117, -24.820160758434458 ], [ -52.443126371343268, -24.819956227356048 ], [ -52.443062608230797, -24.819711652616459 ], [ -52.442980084853183, -24.819500382865321 ], [ -52.442868613587365, -24.819281917568322 ], [ -52.442808782622237, -24.819136011616401 ], [ -52.442756533947474, -24.818935227560665 ], [ -52.442689785849275, -24.818685367898674 ], [ -52.442604722192129, -24.818522421169209 ], [ -52.442482839758917, -24.818382821277524 ], [ -52.442310512231828, -24.818218335926272 ], [ -52.442132534157182, -24.818050766392123 ], [ -52.441948742670448, -24.817867445196352 ], [ -52.441855275844837, -24.817745679828221 ], [ -52.441786146040855, -24.817610931333974 ], [ -52.441692962130801, -24.81745118147791 ], [ -52.441538885850079, -24.817314069052713 ], [ -52.441366503735111, -24.817197059407938 ], [ -52.441204304055212, -24.81720185249435 ], [ -52.44128345069339, -24.817276013225857 ], [ -52.441450321080907, -24.817385867095094 ] ] ] ] } }
]
}
