{
"type": "FeatureCollection",
"name": "hidrog_p3",
"crs": { "type": "name", "properties": { "name": "urn:ogc:def:crs:OGC:1.3:CRS84" } },
"features": [
{ "type": "Feature", "properties": { "cod_sipra": "PR0110000", "nome_pa": "FAZENDA CHAPADÃO", "nome": "CORREGO", "tipo": "Hidrografia" }, "geometry": { "type": "MultiLineString", "coordinates": [ [ [ -52.438549768899669, -24.75781516879108 ], [ -52.438560663876338, -24.757813879942169 ] ] ] } },
{ "type": "Feature", "properties": { "cod_sipra": "PR0110000", "nome_pa": "FAZENDA CHAPADÃO", "nome": "CORREGO", "tipo": "Hidrografia" }, "geometry": { "type": "MultiLineString", "coordinates": [ [ [ -52.440139125897382, -24.757835402395671 ], [ -52.440055425933089, -24.757582929001515 ], [ -52.439750196825067, -24.757636879728256 ], [ -52.439447956644756, -24.757658475431036 ], [ -52.439205, -24.757731666666672 ], [ -52.43896, -24.757768333333342 ], [ -52.438767222222225, -24.757789444444441 ], [ -52.438723198554463, -24.757794652393304 ], [ -52.438630010085092, -24.757805676437346 ], [ -52.438560663876338, -24.757813879942169 ] ] ] } },
{ "type": "Feature", "properties": { "cod_sipra": "PR0110000", "nome_pa": "FAZENDA CHAPADÃO", "nome": "CORREGO", "tipo": "Hidrografia" }, "geometry": { "type": "MultiLineString", "coordinates": [ [ [ -52.438549768899669, -24.75781516879108 ], [ -52.438440833333331, -24.757828055555546 ], [ -52.438230555555556, -24.757850277777774 ], [ -52.437869722222224, -24.757863888888888 ], [ -52.437598333333334, -24.757890833333331 ], [ -52.437170833333333, -24.757931944444444 ] ] ] } },
{ "type": "Feature", "properties": { "cod_sipra": "PR0110000", "nome_pa": "FAZENDA CHAPADÃO", "nome": "CORREGO", "tipo": "Hidrografia" }, "geometry": { "type": "MultiLineString", "coordinates": [ ] } },
{ "type": "Feature", "properties": { "cod_sipra": "PR0110000", "nome_pa": "FAZENDA CHAPADÃO", "nome": "CORREGO", "tipo": "Hidrografia" }, "geometry": { "type": "MultiLineString", "coordinates": [ [ [ -52.437170833333333, -24.757931944444444 ], [ -52.436912777777778, -24.758012222222224 ], [ -52.436909584417734, -24.758011879829709 ], [ -52.436658804526104, -24.75798503137483 ], [ -52.436259444444445, -24.758032777777778 ], [ -52.436015833333336, -24.758082777777769 ], [ -52.435930034222551, -24.758110216984626 ], [ -52.435728200825004, -24.758174815112387 ], [ -52.435442135659507, -24.758270380222235 ] ] ] } },
{ "type": "Feature", "properties": { "cod_sipra": "PR0110000", "nome_pa": "FAZENDA CHAPADÃO", "nome": "CORREGO", "tipo": "Hidrografia" }, "geometry": { "type": "MultiLineString", "coordinates": [ ] } },
{ "type": "Feature", "properties": { "cod_sipra": "PR0110000", "nome_pa": "FAZENDA CHAPADÃO", "nome": "CORREGO", "tipo": "Hidrografia" }, "geometry": { "type": "MultiLineString", "coordinates": [ ] } },
{ "type": "Feature", "properties": { "cod_sipra": "PR0110000", "nome_pa": "FAZENDA CHAPADÃO", "nome": "CORREGO", "tipo": "Hidrografia" }, "geometry": { "type": "MultiLineString", "coordinates": [ ] } },
{ "type": "Feature", "properties": { "cod_sipra": "PR0110000", "nome_pa": "FAZENDA CHAPADÃO", "nome": "CORREGO", "tipo": "Hidrografia" }, "geometry": { "type": "MultiLineString", "coordinates": [ ] } },
{ "type": "Feature", "properties": { "cod_sipra": "PR0110000", "nome_pa": "FAZENDA CHAPADÃO", "nome": "CORREGO", "tipo": "Hidrografia" }, "geometry": { "type": "MultiLineString", "coordinates": [ [ [ -52.430180277777779, -24.761299722222223 ], [ -52.430491910644378, -24.760937295337332 ], [ -52.430644722222219, -24.760785277777778 ], [ -52.430825277777778, -24.76062416666667 ], [ -52.431106944444444, -24.760471944444447 ], [ -52.431341666666668, -24.76029166666666 ], [ -52.431496111111109, -24.760200555555556 ], [ -52.431716666666667, -24.760058333333337 ], [ -52.431896666666674, -24.759936111111106 ], [ -52.43213, -24.75977555555556 ], [ -52.43239611111111, -24.759561388888894 ], [ -52.432664722222221, -24.759344722222224 ], [ -52.433371388888887, -24.758963611111103 ], [ -52.433499722222223, -24.7589125 ], [ -52.433756388888888, -24.758804444444447 ], [ -52.434015277777775, -24.75867083333333 ], [ -52.434298055555566, -24.758584444444441 ], [ -52.434604444444446, -24.758490833333326 ], [ -52.434853611111109, -24.758434166666667 ], [ -52.435093611111114, -24.758353055555553 ], [ -52.435169231082746, -24.758335099655604 ], [ -52.435367507969659, -24.758288018768631 ], [ -52.435442222222221, -24.758270277777775 ] ] ] } },
{ "type": "Feature", "properties": { "cod_sipra": "PR0110000", "nome_pa": "FAZENDA CHAPADÃO", "nome": "CORREGO", "tipo": "Hidrografia" }, "geometry": { "type": "MultiLineString", "coordinates": [ ] } },
{ "type": "Feature", "properties": { "cod_sipra": "PR0110000", "nome_pa": "FAZENDA CHAPADÃO", "nome": "CORREGO", "tipo": "Hidrografia" }, "geometry": { "type": "MultiLineString", "coordinates": [ ] } },
{ "type": "Feature", "properties": { "cod_sipra": "PR0110000", "nome_pa": "FAZENDA CHAPADÃO", "nome": "CORREGO", "tipo": "Hidrografia" }, "geometry": { "type": "MultiLineString", "coordinates": [ ] } },
{ "type": "Feature", "properties": { "cod_sipra": "PR0110000", "nome_pa": "FAZENDA CHAPADÃO", "nome": "CORREGO", "tipo": "Hidrografia" }, "geometry": { "type": "MultiLineString", "coordinates": [ ] } },
{ "type": "Feature", "properties": { "cod_sipra": "PR0110000", "nome_pa": "FAZENDA CHAPADÃO", "nome": "CORREGO", "tipo": "Hidrografia" }, "geometry": { "type": "MultiLineString", "coordinates": [ [ [ -52.430756855873128, -24.764688892800777 ], [ -52.430637916906683, -24.764473586164083 ], [ -52.430603286733685, -24.764330204048537 ], [ -52.430580115326762, -24.764185949121956 ], [ -52.430593525419177, -24.764041348426453 ], [ -52.430588564769316, -24.763896053461163 ], [ -52.430576487114941, -24.763751903989608 ], [ -52.430567428343807, -24.763607723164238 ], [ -52.43058487057354, -24.763462860491853 ], [ -52.430565474703997, -24.763319253296547 ], [ -52.430591660259388, -24.76317388437019 ], [ -52.430724282551829, -24.763028613873935 ], [ -52.430723596965784, -24.762884075849367 ], [ -52.430703639428373, -24.762740002851039 ], [ -52.430630698988352, -24.762596220107437 ], [ -52.430599090943296, -24.762452100916242 ], [ -52.430586534989615, -24.76230692608533 ], [ -52.430365862974682, -24.762165404247693 ], [ -52.430304881645192, -24.762021513944376 ], [ -52.430281096973516, -24.761960424678435 ], [ -52.430248832086974, -24.76187755457363 ], [ -52.430275685387059, -24.761731952091882 ], [ -52.430223232407329, -24.761588672785084 ], [ -52.430063333333337, -24.761485 ], [ -52.4300725, -24.761444444444447 ], [ -52.430180277777779, -24.761299722222223 ] ] ] } },
{ "type": "Feature", "properties": { "cod_sipra": "PR0110000", "nome_pa": "FAZENDA CHAPADÃO", "nome": "CORREGO", "tipo": "Hidrografia" }, "geometry": { "type": "MultiLineString", "coordinates": [ [ [ -52.431793131701831, -24.764607800923983 ], [ -52.431546425574773, -24.764655306919167 ], [ -52.43138686101306, -24.764621910761186 ], [ -52.431230438064475, -24.764696038038185 ], [ -52.431073147431562, -24.764777235871762 ], [ -52.430914318099099, -24.764724532348197 ], [ -52.430756855873128, -24.764688892800777 ] ] ] } },
{ "type": "Feature", "properties": { "cod_sipra": "PR0110000", "nome_pa": "FAZENDA CHAPADÃO", "nome": "CORREGO", "tipo": "Hidrografia" }, "geometry": { "type": "MultiLineString", "coordinates": [ [ [ -52.436551612149294, -24.764769934922654 ], [ -52.436669664527749, -24.764700727552505 ], [ -52.43682732464967, -24.764658913871205 ], [ -52.436986958728212, -24.764662565819517 ], [ -52.43714353370958, -24.764642243016219 ], [ -52.437301871123886, -24.764642639231901 ], [ -52.437459898289582, -24.76463476283298 ], [ -52.43761741590896, -24.764552545304237 ], [ -52.43777568931435, -24.764577554451474 ], [ -52.437935275590796, -24.764636421737706 ], [ -52.438093984354268, -24.764673113557535 ], [ -52.438251037333551, -24.764631042591184 ], [ -52.43840969520781, -24.764590593730432 ] ] ] } },
{ "type": "Feature", "properties": { "cod_sipra": "PR0110000", "nome_pa": "FAZENDA CHAPADÃO", "nome": "CORREGO", "tipo": "Hidrografia" }, "geometry": { "type": "MultiLineString", "coordinates": [ [ [ -52.436551612149294, -24.764769934922654 ], [ -52.436394103251082, -24.764830104628349 ], [ -52.436234168630904, -24.764745453751818 ], [ -52.436077589622791, -24.764827043173774 ], [ -52.43591936629862, -24.764832762843682 ], [ -52.435762352712786, -24.76493257625777 ], [ -52.435603008415676, -24.764896807900019 ], [ -52.435445210032348, -24.764872383993129 ], [ -52.435236015315937, -24.764737356695402 ], [ -52.435126601131245, -24.764684249971101 ], [ -52.434967475464653, -24.764700023461838 ], [ -52.434811510151896, -24.764802452289615 ], [ -52.434652081659657, -24.764697803814279 ], [ -52.434492932985634, -24.764682600359095 ], [ -52.434334814522423, -24.764627035392671 ], [ -52.43417653949588, -24.764622681922347 ], [ -52.434019277231897, -24.764706086668802 ], [ -52.433838406251489, -24.764606267474232 ], [ -52.433701203072047, -24.764564659410706 ], [ -52.433542672660217, -24.764538480781404 ], [ -52.433385257671731, -24.764609037737685 ], [ -52.433225893482557, -24.76457011725293 ], [ -52.43303972451487, -24.764469216146459 ], [ -52.432907815336769, -24.764384818879961 ], [ -52.432748267397834, -24.76425815414354 ], [ -52.432588969697875, -24.764248249786089 ], [ -52.432509058825673, -24.764309685960139 ] ] ] } },
{ "type": "Feature", "properties": { "cod_sipra": "PR0110000", "nome_pa": "FAZENDA CHAPADÃO", "nome": "CORREGO", "tipo": "Hidrografia" }, "geometry": { "type": "MultiLineString", "coordinates": [ [ [ -52.431697259114017, -24.765695523227183 ], [ -52.431874112536775, -24.765613692217311 ], [ -52.431982129026387, -24.765608140892159 ], [ -52.432048976248318, -24.765463001821509 ], [ -52.432028814800567, -24.765327888299634 ], [ -52.432055026166417, -24.765174131955717 ], [ -52.432024483293844, -24.765044901402398 ], [ -52.432025465272943, -24.764921919242202 ], [ -52.432022888271092, -24.764811061892022 ], [ -52.431862745777082, -24.764696021752155 ], [ -52.431793131701831, -24.764607800923983 ] ] ] } },
{ "type": "Feature", "properties": { "cod_sipra": "PR0110000", "nome_pa": "FAZENDA CHAPADÃO", "nome": "CORREGO", "tipo": "Hidrografia" }, "geometry": { "type": "MultiLineString", "coordinates": [ [ [ -52.429612232537401, -24.767599352571043 ], [ -52.429768063668014, -24.767385433999202 ], [ -52.429888915744556, -24.76722637109053 ], [ -52.43005461410452, -24.767078451735806 ], [ -52.430222684702741, -24.76693436767923 ], [ -52.430322984671683, -24.766787456315114 ], [ -52.430550912433638, -24.766652147508559 ], [ -52.430652822563701, -24.766496841483793 ], [ -52.43086390186172, -24.766361582386107 ], [ -52.431020974132238, -24.766253757232775 ], [ -52.431149603548917, -24.766058656162137 ], [ -52.43133424976368, -24.765983083435039 ], [ -52.431491955739276, -24.765937999454806 ], [ -52.431588517308064, -24.765765296778831 ], [ -52.431697259114017, -24.765695523227183 ] ] ] } },
{ "type": "Feature", "properties": { "cod_sipra": "PR0110000", "nome_pa": "FAZENDA CHAPADÃO", "nome": "CORREGO", "tipo": "Hidrografia" }, "geometry": { "type": "MultiLineString", "coordinates": [ ] } },
{ "type": "Feature", "properties": { "cod_sipra": "PR0110000", "nome_pa": "FAZENDA CHAPADÃO", "nome": "CORREGO", "tipo": "Hidrografia" }, "geometry": { "type": "MultiLineString", "coordinates": [ ] } },
{ "type": "Feature", "properties": { "cod_sipra": "PR0110000", "nome_pa": "FAZENDA CHAPADÃO", "nome": "CORREGO", "tipo": "Hidrografia" }, "geometry": { "type": "MultiLineString", "coordinates": [ [ [ -52.430546342078479, -24.768039814183123 ], [ -52.430516593897174, -24.76803293249958 ], [ -52.430439156936366, -24.768021502190749 ], [ -52.4303825965832, -24.768001939488286 ], [ -52.430340030407031, -24.76796258830392 ], [ -52.430267700493381, -24.767841438929697 ], [ -52.430108895544812, -24.767793282145128 ], [ -52.429951486332598, -24.767864799111269 ], [ -52.429850390392204, -24.767822791637357 ], [ -52.429715682516623, -24.767678562241375 ], [ -52.429612232537401, -24.767599352571043 ] ] ] } },
{ "type": "Feature", "properties": { "cod_sipra": "PR0110000", "nome_pa": "FAZENDA CHAPADÃO", "nome": "CORREGO", "tipo": "Hidrografia" }, "geometry": { "type": "MultiLineString", "coordinates": [ ] } },
{ "type": "Feature", "properties": { "cod_sipra": "PR0110000", "nome_pa": "FAZENDA CHAPADÃO", "nome": "CORREGO", "tipo": "Hidrografia" }, "geometry": { "type": "MultiLineString", "coordinates": [ [ [ -52.447630401593898, -24.769295365270931 ], [ -52.447398633242841, -24.769080324083632 ], [ -52.447332748159724, -24.768935499643877 ], [ -52.447219101404755, -24.768845615505036 ], [ -52.447063811785242, -24.768650312571101 ], [ -52.446976709116882, -24.768507062500749 ], [ -52.446941010744176, -24.768362512754962 ], [ -52.446904143081916, -24.768218819955429 ], [ -52.446906623914778, -24.768072397890798 ], [ -52.446934714961117, -24.76792940359902 ], [ -52.446958449549705, -24.767784879665399 ], [ -52.4469866430127, -24.767640104948704 ], [ -52.447005906595813, -24.767494815429735 ], [ -52.446993007481439, -24.767351130164815 ], [ -52.446945898136981, -24.767206936221108 ], [ -52.446920240145381, -24.767062280468643 ], [ -52.446801253408196, -24.76691872538693 ], [ -52.44672105602492, -24.766827744234948 ], [ -52.446617235891374, -24.766776898588883 ], [ -52.44655431761602, -24.766717036809769 ] ] ] } },
{ "type": "Feature", "properties": { "cod_sipra": "PR0110000", "nome_pa": "FAZENDA CHAPADÃO", "nome": "CORREGO", "tipo": "Hidrografia" }, "geometry": { "type": "MultiLineString", "coordinates": [ ] } },
{ "type": "Feature", "properties": { "cod_sipra": "PR0110000", "nome_pa": "FAZENDA CHAPADÃO", "nome": "CORREGO", "tipo": "Hidrografia" }, "geometry": { "type": "MultiLineString", "coordinates": [ ] } },
{ "type": "Feature", "properties": { "cod_sipra": "PR0110000", "nome_pa": "FAZENDA CHAPADÃO", "nome": "CORREGO", "tipo": "Hidrografia" }, "geometry": { "type": "MultiLineString", "coordinates": [ [ [ -52.444101010768222, -24.769392649461199 ], [ -52.443852079885446, -24.769246052173312 ], [ -52.443693873250474, -24.769250535865229 ], [ -52.443536104353583, -24.769292876896067 ], [ -52.443377967112575, -24.769300252119756 ], [ -52.443218549998576, -24.769257100216542 ], [ -52.443060889393351, -24.76924475278911 ], [ -52.442900819019023, -24.769168405761334 ], [ -52.44278445611814, -24.769044076090157 ], [ -52.44258195784348, -24.768929569293356 ], [ -52.442423452617774, -24.768857422949736 ], [ -52.442298783278815, -24.768759894516194 ], [ -52.442104413031913, -24.768727215804237 ], [ -52.441946589687149, -24.768727583421608 ], [ -52.441788747419118, -24.768701599492378 ], [ -52.441630663188896, -24.768712129005792 ], [ -52.441493570866719, -24.768667654056376 ], [ -52.441092369648651, -24.768902083907566 ] ] ] } },
{ "type": "Feature", "properties": { "cod_sipra": "PR0110000", "nome_pa": "FAZENDA CHAPADÃO", "nome": "CORREGO", "tipo": "Hidrografia" }, "geometry": { "type": "MultiLineString", "coordinates": [ ] } },
{ "type": "Feature", "properties": { "cod_sipra": "PR0110000", "nome_pa": "FAZENDA CHAPADÃO", "nome": "CORREGO", "tipo": "Hidrografia" }, "geometry": { "type": "MultiLineString", "coordinates": [ [ [ -52.447630401593898, -24.769295365270931 ], [ -52.44743900894089, -24.769491751672437 ], [ -52.447236959062998, -24.769526691848203 ], [ -52.447079485731827, -24.769546707900545 ], [ -52.446921365237948, -24.769556636650393 ], [ -52.446762599179003, -24.769527194153984 ], [ -52.446620032591369, -24.769499833487409 ], [ -52.446512818752886, -24.769500370529304 ], [ -52.446286511115751, -24.769389594369688 ], [ -52.446127630414779, -24.769333813463408 ], [ -52.445968376101838, -24.769265737585194 ], [ -52.445863038018075, -24.769218209062757 ], [ -52.445649820709548, -24.769145429706942 ], [ -52.445492023890189, -24.769101535898582 ], [ -52.445331751458184, -24.769024224331734 ], [ -52.445174332485749, -24.768995619588669 ], [ -52.445014083239037, -24.768898543680379 ], [ -52.444856728124847, -24.768913530869977 ], [ -52.444698023462877, -24.768933121048086 ], [ -52.44454178082637, -24.769038591317941 ], [ -52.44438494171095, -24.769147707625052 ], [ -52.444227949727711, -24.769309454027344 ], [ -52.444101010768222, -24.769392649461199 ] ] ] } },
{ "type": "Feature", "properties": { "cod_sipra": "PR0110000", "nome_pa": "FAZENDA CHAPADÃO", "nome": "CORREGO", "tipo": "Hidrografia" }, "geometry": { "type": "MultiLineString", "coordinates": [ ] } },
{ "type": "Feature", "properties": { "cod_sipra": "PR0110000", "nome_pa": "FAZENDA CHAPADÃO", "nome": "CORREGO", "tipo": "Hidrografia" }, "geometry": { "type": "MultiLineString", "coordinates": [ [ [ -52.450266944444444, -24.768843611111109 ], [ -52.450335114302305, -24.768631835201536 ], [ -52.450257249728764, -24.768547589467673 ], [ -52.450033099004514, -24.768405288374176 ], [ -52.449874433887551, -24.768443240220297 ], [ -52.449724024863592, -24.768408077964018 ], [ -52.449565183663644, -24.768265119200443 ], [ -52.44939704044392, -24.768214723906762 ], [ -52.449240212533617, -24.768259462546681 ], [ -52.449082601628298, -24.768310638964728 ], [ -52.44899327995892, -24.768416028836885 ], [ -52.448878749012316, -24.768561173729697 ], [ -52.448770631867369, -24.768697399623562 ], [ -52.4486138679463, -24.768828536838271 ], [ -52.448455761778582, -24.768907848026267 ], [ -52.448299090348677, -24.768970666923462 ], [ -52.448141823234195, -24.769054086372371 ], [ -52.447984156128484, -24.769105034658409 ], [ -52.447875052533895, -24.76914857561135 ], [ -52.447668827629698, -24.769271609283166 ] ] ] } },
{ "type": "Feature", "properties": { "cod_sipra": "PR0110000", "nome_pa": "FAZENDA CHAPADÃO", "nome": "CORREGO", "tipo": "Hidrografia" }, "geometry": { "type": "MultiLineString", "coordinates": [ ] } },
{ "type": "Feature", "properties": { "cod_sipra": "PR0110000", "nome_pa": "FAZENDA CHAPADÃO", "nome": "CORREGO", "tipo": "Hidrografia" }, "geometry": { "type": "MultiLineString", "coordinates": [ ] } },
{ "type": "Feature", "properties": { "cod_sipra": "PR0110000", "nome_pa": "FAZENDA CHAPADÃO", "nome": "CORREGO", "tipo": "Hidrografia" }, "geometry": { "type": "MultiLineString", "coordinates": [ [ [ -52.429612232537401, -24.767599352571043 ], [ -52.429400013255126, -24.767763935598374 ], [ -52.429368310714182, -24.767890648051473 ], [ -52.4293044384358, -24.76805379300291 ], [ -52.429245018125542, -24.768198832709743 ], [ -52.429056640448863, -24.768308981265289 ], [ -52.429024434443726, -24.768489952244675 ], [ -52.429031648288586, -24.76863482822921 ], [ -52.429028154575271, -24.768778841553296 ], [ -52.429063232053331, -24.768878183356719 ], [ -52.429161940228759, -24.769066638328422 ], [ -52.429168292919549, -24.769210868552051 ], [ -52.429230814701008, -24.769355566530567 ], [ -52.429228545008087, -24.76949923944187 ], [ -52.429299417634923, -24.769643035552996 ], [ -52.42938188290892, -24.769787738120449 ], [ -52.429514940705097, -24.769930043691502 ], [ -52.429470714346309, -24.770074821753099 ], [ -52.429465411834869, -24.77022009791914 ], [ -52.429396221511773, -24.770328312259998 ], [ -52.429307891583214, -24.770510473781954 ], [ -52.429093762385996, -24.770656546819762 ], [ -52.429014226523066, -24.770801541505058 ], [ -52.428770078150428, -24.770921251570421 ], [ -52.428641861686238, -24.770949563517657 ], [ -52.428454237468479, -24.771059535198962 ], [ -52.428297742872765, -24.771190462476842 ], [ -52.428140099016872, -24.771206586975669 ], [ -52.428022191164615, -24.771244419556982 ], [ -52.427924028598184, -24.771308540490178 ] ] ] } },
{ "type": "Feature", "properties": { "cod_sipra": "PR0110000", "nome_pa": "FAZENDA CHAPADÃO", "nome": "CORREGO", "tipo": "Hidrografia" }, "geometry": { "type": "MultiLineString", "coordinates": [ ] } },
{ "type": "Feature", "properties": { "cod_sipra": "PR0110000", "nome_pa": "FAZENDA CHAPADÃO", "nome": "CORREGO", "tipo": "Hidrografia" }, "geometry": { "type": "MultiLineString", "coordinates": [ [ [ -52.442977970043508, -24.771480260133519 ], [ -52.442923402764947, -24.77125484567809 ], [ -52.443015755785737, -24.771109483744638 ], [ -52.443249883002544, -24.771045791040684 ], [ -52.443407262934947, -24.770972038087798 ], [ -52.443565348216971, -24.770887978962346 ], [ -52.44371033628731, -24.770669553636196 ], [ -52.443799353594741, -24.770524219760631 ], [ -52.443827347981241, -24.77037947789518 ], [ -52.44393891845133, -24.770233074818176 ], [ -52.443893224952916, -24.770089898801512 ], [ -52.443957339689554, -24.769944808619606 ], [ -52.443996938627059, -24.769799958479304 ], [ -52.444026204178222, -24.769654266267878 ], [ -52.444070986807212, -24.769510296859515 ], [ -52.444101010768222, -24.769392649461199 ] ] ] } },
{ "type": "Feature", "properties": { "cod_sipra": "PR0110000", "nome_pa": "FAZENDA CHAPADÃO", "nome": "CORREGO", "tipo": "Hidrografia" }, "geometry": { "type": "MultiLineString", "coordinates": [ ] } },
{ "type": "Feature", "properties": { "cod_sipra": "PR0110000", "nome_pa": "FAZENDA CHAPADÃO", "nome": "CORREGO", "tipo": "Hidrografia" }, "geometry": { "type": "MultiLineString", "coordinates": [ ] } },
{ "type": "Feature", "properties": { "cod_sipra": "PR0110000", "nome_pa": "FAZENDA CHAPADÃO", "nome": "CORREGO", "tipo": "Hidrografia" }, "geometry": { "type": "MultiLineString", "coordinates": [ ] } },
{ "type": "Feature", "properties": { "cod_sipra": "PR0110000", "nome_pa": "FAZENDA CHAPADÃO", "nome": "CORREGO", "tipo": "Hidrografia" }, "geometry": { "type": "MultiLineString", "coordinates": [ [ [ -52.427924028598184, -24.771308540490178 ], [ -52.427771284694614, -24.771355144679088 ], [ -52.427528978323345, -24.771410612973739 ], [ -52.427371410357082, -24.771417535222753 ], [ -52.427245632381656, -24.771504654112977 ], [ -52.427171687394491, -24.771649900771624 ], [ -52.427058211746917, -24.771701904327049 ] ] ] } },
{ "type": "Feature", "properties": { "cod_sipra": "PR0110000", "nome_pa": "FAZENDA CHAPADÃO", "nome": "CORREGO", "tipo": "Hidrografia" }, "geometry": { "type": "MultiLineString", "coordinates": [ [ [ -52.427058211746917, -24.771701904327049 ], [ -52.426923427584519, -24.771679488062777 ] ] ] } },
{ "type": "Feature", "properties": { "cod_sipra": "PR0110000", "nome_pa": "FAZENDA CHAPADÃO", "nome": "CORREGO", "tipo": "Hidrografia" }, "geometry": { "type": "MultiLineString", "coordinates": [ [ [ -52.426923427584519, -24.771679488062777 ], [ -52.427058211746917, -24.771701904327049 ] ] ] } },
{ "type": "Feature", "properties": { "cod_sipra": "PR0110000", "nome_pa": "FAZENDA CHAPADÃO", "nome": "CORREGO", "tipo": "Hidrografia" }, "geometry": { "type": "MultiLineString", "coordinates": [ [ [ -52.427058211746917, -24.771701904327049 ], [ -52.426923427584519, -24.771679488062777 ], [ -52.426771907712073, -24.771681433069677 ], [ -52.426651176150401, -24.771683451920087 ], [ -52.426511257357191, -24.771684955497594 ], [ -52.426327154430076, -24.77168670929202 ], [ -52.426226145884932, -24.771687014503712 ], [ -52.426117405863991, -24.77164094978124 ], [ -52.425960499330245, -24.771722256784241 ], [ -52.425802591525624, -24.771750849098382 ], [ -52.425644059005485, -24.771709505939778 ], [ -52.425484660654767, -24.771605829316975 ], [ -52.425326514844883, -24.771613225909764 ], [ -52.425168208596254, -24.771607274202637 ], [ -52.425009908462904, -24.771618512437836 ], [ -52.424852132369331, -24.771641647079718 ], [ -52.424694367218478, -24.771682404815454 ], [ -52.424535825205815, -24.771672813373861 ], [ -52.424436773348106, -24.771639729722988 ] ] ] } },
{ "type": "Feature", "properties": { "cod_sipra": "PR0110000", "nome_pa": "FAZENDA CHAPADÃO", "nome": "CORREGO", "tipo": "Hidrografia" }, "geometry": { "type": "MultiLineString", "coordinates": [ [ [ -52.443261110957991, -24.772019301095472 ], [ -52.443170183244696, -24.771853142787307 ], [ -52.443068925241043, -24.771650922097962 ], [ -52.443008418402414, -24.77154769890835 ], [ -52.442977970043508, -24.771480260133519 ] ] ] } },
{ "type": "Feature", "properties": { "cod_sipra": "PR0110000", "nome_pa": "FAZENDA CHAPADÃO", "nome": "CORREGO", "tipo": "Hidrografia" }, "geometry": { "type": "MultiLineString", "coordinates": [ ] } },
{ "type": "Feature", "properties": { "cod_sipra": "PR0110000", "nome_pa": "FAZENDA CHAPADÃO", "nome": "CORREGO", "tipo": "Hidrografia" }, "geometry": { "type": "MultiLineString", "coordinates": [ [ [ -52.439616998761771, -24.772233506333578 ], [ -52.439617445717111, -24.77223392619149 ], [ -52.439741673270859, -24.772127011831827 ], [ -52.43984843137887, -24.77203377025085 ], [ -52.440056105287141, -24.771950834598119 ], [ -52.44012504574826, -24.771935590714186 ], [ -52.440214596552622, -24.771921379844905 ], [ -52.440372354359369, -24.771924934826369 ], [ -52.440529320502321, -24.771822070223354 ], [ -52.4406874754768, -24.771807620038967 ], [ -52.440845076735528, -24.771760433024486 ], [ -52.440924317272831, -24.771704955705438 ], [ -52.441002653416376, -24.771623722770293 ], [ -52.441159841526535, -24.771612952952559 ], [ -52.441317899822209, -24.771597773604107 ], [ -52.441476768535928, -24.771547212517511 ], [ -52.441633930339336, -24.771542741044499 ], [ -52.441792025722741, -24.771545861072862 ], [ -52.441950516041047, -24.771569830450595 ], [ -52.442109219609975, -24.771574485163953 ], [ -52.44226677706073, -24.771550274635295 ], [ -52.442425635922483, -24.771547325193293 ], [ -52.442583222928292, -24.771544660557957 ], [ -52.442741995578707, -24.77155369370697 ], [ -52.442899432072061, -24.771526164450741 ], [ -52.442977970043508, -24.771480260133519 ] ] ] } },
{ "type": "Feature", "properties": { "cod_sipra": "PR0110000", "nome_pa": "FAZENDA CHAPADÃO", "nome": "CORREGO", "tipo": "Hidrografia" }, "geometry": { "type": "MultiLineString", "coordinates": [ [ [ -52.443680501377642, -24.772367408392803 ], [ -52.44344260209327, -24.772320050700515 ], [ -52.443371450461228, -24.772153658010673 ], [ -52.443261110957991, -24.772019301095472 ] ] ] } },
{ "type": "Feature", "properties": { "cod_sipra": "PR0110000", "nome_pa": "FAZENDA CHAPADÃO", "nome": "CORREGO", "tipo": "Hidrografia" }, "geometry": { "type": "MultiLineString", "coordinates": [ [ [ -52.423767681714089, -24.773052409806812 ], [ -52.423722777777776, -24.772888888888883 ], [ -52.423776388888889, -24.772609444444441 ], [ -52.423728611111116, -24.772341666666669 ], [ -52.423746111111114, -24.772231944444439 ], [ -52.42388854733484, -24.772128117286801 ], [ -52.424039005072871, -24.77194950789784 ], [ -52.424044292594189, -24.771809327128672 ], [ -52.424201112058412, -24.77171313147155 ], [ -52.424306711145775, -24.771659000427771 ], [ -52.424436773348106, -24.771639729722988 ] ] ] } },
{ "type": "Feature", "properties": { "cod_sipra": "PR0110000", "nome_pa": "FAZENDA CHAPADÃO", "nome": "CORREGO", "tipo": "Hidrografia" }, "geometry": { "type": "MultiLineString", "coordinates": [ [ [ -52.423767121156573, -24.773050368499245 ], [ -52.423767681714089, -24.773052409806812 ] ] ] } },
{ "type": "Feature", "properties": { "cod_sipra": "PR0110000", "nome_pa": "FAZENDA CHAPADÃO", "nome": "CORREGO", "tipo": "Hidrografia" }, "geometry": { "type": "MultiLineString", "coordinates": [ [ [ -52.423769459920976, -24.773058885265129 ], [ -52.423767121156573, -24.773050368499245 ] ] ] } },
{ "type": "Feature", "properties": { "cod_sipra": "PR0110000", "nome_pa": "FAZENDA CHAPADÃO", "nome": "CORREGO", "tipo": "Hidrografia" }, "geometry": { "type": "MultiLineString", "coordinates": [ [ [ -52.424516924213208, -24.774229398490107 ], [ -52.424260555555556, -24.774187777777787 ], [ -52.42419444, -24.77420306 ], [ -52.42413722, -24.77411889 ], [ -52.424042566986188, -24.774047354415984 ], [ -52.423967777777783, -24.773990833333333 ], [ -52.423854722222224, -24.773887222222221 ], [ -52.423894166666663, -24.773739444444441 ], [ -52.42390833333333, -24.773591666666672 ], [ -52.423815, -24.773224722222221 ], [ -52.423775671872562, -24.773081506492936 ] ] ] } },
{ "type": "Feature", "properties": { "cod_sipra": "PR0110000", "nome_pa": "FAZENDA CHAPADÃO", "nome": "CORREGO", "tipo": "Hidrografia" }, "geometry": { "type": "MultiLineString", "coordinates": [ [ [ -52.425536228598759, -24.774807462051548 ], [ -52.425520226858964, -24.774717521872528 ], [ -52.425439186612998, -24.774551339588999 ], [ -52.425279544558201, -24.774426364153626 ], [ -52.425119768357909, -24.774314707158702 ], [ -52.424961542195994, -24.774367634399621 ], [ -52.424802618360808, -24.774236757304841 ], [ -52.424644709209836, -24.774263781152282 ], [ -52.424516924213208, -24.774229398490107 ] ] ] } },
{ "type": "Feature", "properties": { "cod_sipra": "PR0110000", "nome_pa": "FAZENDA CHAPADÃO", "nome": "CORREGO", "tipo": "Hidrografia" }, "geometry": { "type": "MultiLineString", "coordinates": [ [ [ -52.425458193160821, -24.77509726916314 ], [ -52.42547105374382, -24.774952736915584 ], [ -52.425536228598759, -24.774807462051548 ] ] ] } },
{ "type": "Feature", "properties": { "cod_sipra": "PR0110000", "nome_pa": "FAZENDA CHAPADÃO", "nome": "CORREGO", "tipo": "Hidrografia" }, "geometry": { "type": "MultiLineString", "coordinates": [ [ [ -52.426973022130959, -24.775061638158416 ], [ -52.426760042546761, -24.775095389538095 ], [ -52.426656475394175, -24.775131222566749 ], [ -52.426504546052804, -24.775132403858816 ], [ -52.426405903153729, -24.775196681674579 ] ] ] } },
{ "type": "Feature", "properties": { "cod_sipra": "PR0110000", "nome_pa": "FAZENDA CHAPADÃO", "nome": "CORREGO", "tipo": "Hidrografia" }, "geometry": { "type": "MultiLineString", "coordinates": [ ] } },
{ "type": "Feature", "properties": { "cod_sipra": "PR0110000", "nome_pa": "FAZENDA CHAPADÃO", "nome": "CORREGO", "tipo": "Hidrografia" }, "geometry": { "type": "MultiLineString", "coordinates": [ [ [ -52.426405903153729, -24.775196681674579 ], [ -52.426159793058602, -24.775298373023166 ], [ -52.426002087149776, -24.775345022844238 ], [ -52.42584353376364, -24.775317854964541 ], [ -52.425684897337021, -24.775284814848515 ], [ -52.425525564990956, -24.775259541002942 ], [ -52.425458193160821, -24.77509726916314 ] ] ] } },
{ "type": "Feature", "properties": { "cod_sipra": "PR0110000", "nome_pa": "FAZENDA CHAPADÃO", "nome": "CORREGO", "tipo": "Hidrografia" }, "geometry": { "type": "MultiLineString", "coordinates": [ [ [ -52.445741753993005, -24.775228342028161 ], [ -52.445883656366213, -24.775163350105721 ], [ -52.446055927002021, -24.775029380332278 ], [ -52.446212372724474, -24.774920514860984 ], [ -52.446272713148716, -24.774726151521442 ], [ -52.446293783218806, -24.774581476225865 ], [ -52.446206834195884, -24.774460476564155 ], [ -52.446320502926341, -24.774291427064661 ], [ -52.446361804272321, -24.774174091771584 ], [ -52.446425528696409, -24.774002316475553 ], [ -52.446404192015954, -24.77385786278542 ], [ -52.446356771552836, -24.773765790505053 ], [ -52.446196987664592, -24.773613121481169 ], [ -52.446037735946852, -24.773523021262097 ], [ -52.445876289764691, -24.773427417826156 ], [ -52.445719041361038, -24.77333352119604 ], [ -52.445630209616738, -24.773290439518018 ], [ -52.44555853298916, -24.77319595207771 ], [ -52.445398601350576, -24.773052263179416 ], [ -52.445268839648477, -24.772856958563125 ], [ -52.445236286990813, -24.772766796480152 ], [ -52.445077105740744, -24.77257858653762 ], [ -52.444916110971754, -24.772443702263445 ], [ -52.444758551938222, -24.772376636634178 ], [ -52.444599589400575, -24.772313374612526 ], [ -52.444440303681475, -24.772224594416876 ], [ -52.444281984772957, -24.772215543020845 ], [ -52.444124081894415, -24.772244180094454 ], [ -52.443965047496611, -24.772257356797706 ], [ -52.443828473915524, -24.772293876916013 ], [ -52.443680501377642, -24.772367408392803 ] ] ] } },
{ "type": "Feature", "properties": { "cod_sipra": "PR0110000", "nome_pa": "FAZENDA CHAPADÃO", "nome": "CORREGO", "tipo": "Hidrografia" }, "geometry": { "type": "MultiLineString", "coordinates": [ ] } },
{ "type": "Feature", "properties": { "cod_sipra": "PR0110000", "nome_pa": "FAZENDA CHAPADÃO", "nome": "CORREGO", "tipo": "Hidrografia" }, "geometry": { "type": "MultiLineString", "coordinates": [ ] } },
{ "type": "Feature", "properties": { "cod_sipra": "PR0110000", "nome_pa": "FAZENDA CHAPADÃO", "nome": "CORREGO", "tipo": "Hidrografia" }, "geometry": { "type": "MultiLineString", "coordinates": [ [ [ -52.432070143758537, -24.775812368211401 ], [ -52.432158670984748, -24.7757828601362 ], [ -52.432267802357238, -24.775708908228534 ], [ -52.432326039160856, -24.775564524969553 ], [ -52.432348813799614, -24.775419809164458 ], [ -52.432288961285245, -24.775355301985815 ], [ -52.432241276398003, -24.77527617630464 ], [ -52.432125005706588, -24.775133031053986 ], [ -52.431951857138785, -24.774999269936018 ], [ -52.431833087610798, -24.774991354344703 ], [ -52.431634668029822, -24.774937503592721 ], [ -52.431476158671295, -24.774977078071377 ], [ -52.431318385034331, -24.774971301291224 ], [ -52.431161142459906, -24.775042948392507 ], [ -52.431003799727769, -24.775118889012038 ], [ -52.430845627879066, -24.775122682047058 ], [ -52.43068751214124, -24.775156367406055 ], [ -52.430530883676795, -24.775276302683164 ], [ -52.43040750197698, -24.775293947586324 ], [ -52.430215392940283, -24.775379343648947 ], [ -52.430059080000177, -24.775530476263157 ], [ -52.429901007951543, -24.775542604852269 ], [ -52.429742865341737, -24.775553122697854 ], [ -52.42958464330583, -24.77555461160819 ], [ -52.429424772136507, -24.775490658210135 ], [ -52.42926668117655, -24.775425386654824 ], [ -52.429107400643993, -24.775386219672086 ], [ -52.428963731133059, -24.775307734169118 ], [ -52.428825287297215, -24.775309055439216 ], [ -52.428631264201343, -24.775227346080374 ], [ -52.428517709669833, -24.77516744344463 ], [ -52.428313351642302, -24.775107091304523 ], [ -52.428155731211035, -24.775161111240482 ], [ -52.427996312257662, -24.775052812771211 ], [ -52.427837616609544, -24.774993436561136 ], [ -52.427678854722799, -24.774949780915104 ], [ -52.427648589884249, -24.774954577225397 ], [ -52.426973022130959, -24.775061638158416 ] ] ] } },
{ "type": "Feature", "properties": { "cod_sipra": "PR0110000", "nome_pa": "FAZENDA CHAPADÃO", "nome": "CORREGO", "tipo": "Hidrografia" }, "geometry": { "type": "MultiLineString", "coordinates": [ ] } },
{ "type": "Feature", "properties": { "cod_sipra": "PR0110000", "nome_pa": "FAZENDA CHAPADÃO", "nome": "CORREGO", "tipo": "Hidrografia" }, "geometry": { "type": "MultiLineString", "coordinates": [ ] } },
{ "type": "Feature", "properties": { "cod_sipra": "PR0110000", "nome_pa": "FAZENDA CHAPADÃO", "nome": "CORREGO", "tipo": "Hidrografia" }, "geometry": { "type": "MultiLineString", "coordinates": [ [ [ -52.443680501377642, -24.772367408392803 ], [ -52.443756290158454, -24.772480170993276 ], [ -52.443760189626431, -24.772625141799548 ], [ -52.443713595178551, -24.772728616929317 ], [ -52.443558143932329, -24.772910423577166 ], [ -52.443469343141295, -24.773060609054337 ], [ -52.443465976743354, -24.773091282690782 ], [ -52.443414459568935, -24.77320816576691 ], [ -52.443246431991852, -24.773318122557388 ], [ -52.443124930785956, -24.773352601663213 ], [ -52.443090197329241, -24.773491188835038 ], [ -52.442932283422543, -24.773531641700821 ], [ -52.442775180710036, -24.773619496105617 ], [ -52.442776472922269, -24.77373059033167 ], [ -52.442643497241988, -24.773790756245603 ], [ -52.44246146884015, -24.773891928011015 ], [ -52.44234692124126, -24.773938956730625 ], [ -52.442146723460212, -24.774002972598634 ], [ -52.441989876621435, -24.774130320101936 ], [ -52.441832665363563, -24.774218267232271 ], [ -52.441675953706515, -24.774346145346406 ], [ -52.441523466665082, -24.774379665640915 ], [ -52.44142359851174, -24.774524899303756 ], [ -52.441208842197717, -24.77467146408706 ], [ -52.441047424670714, -24.774806787369236 ], [ -52.440890697911549, -24.774873583158218 ], [ -52.440733515625155, -24.774951163959535 ], [ -52.440577002838161, -24.775016791776633 ], [ -52.440576100611842, -24.775020366974513 ], [ -52.440418359678823, -24.775082679562569 ], [ -52.439910780355653, -24.775359671896354 ] ] ] } },
{ "type": "Feature", "properties": { "cod_sipra": "PR0110000", "nome_pa": "FAZENDA CHAPADÃO", "nome": "CORREGO", "tipo": "Hidrografia" }, "geometry": { "type": "MultiLineString", "coordinates": [ [ [ -52.445741753993005, -24.775228342028161 ], [ -52.445883656366213, -24.775163350105721 ], [ -52.445805034473075, -24.775199359309422 ] ] ] } },
{ "type": "Feature", "properties": { "cod_sipra": "PR0110000", "nome_pa": "FAZENDA CHAPADÃO", "nome": "CORREGO", "tipo": "Hidrografia" }, "geometry": { "type": "MultiLineString", "coordinates": [ [ [ -52.431743134361298, -24.776631105641815 ], [ -52.431822894596863, -24.776498541683122 ], [ -52.431915680096253, -24.776353690498176 ], [ -52.431968273717629, -24.776208865915624 ], [ -52.432048884268575, -24.776063750934782 ], [ -52.432071249216321, -24.775919139168778 ], [ -52.432070143758537, -24.775812368211401 ] ] ] } },
{ "type": "Feature", "properties": { "cod_sipra": "PR0110000", "nome_pa": "FAZENDA CHAPADÃO", "nome": "CORREGO", "tipo": "Hidrografia" }, "geometry": { "type": "MultiLineString", "coordinates": [ [ [ -52.444144329492559, -24.777410420816967 ], [ -52.444171464432777, -24.777193429416613 ], [ -52.444170732450459, -24.777048419528718 ], [ -52.444178162442867, -24.77691345067613 ], [ -52.44420477981096, -24.776756879426944 ], [ -52.444215415976501, -24.776614361539831 ], [ -52.444232328032619, -24.776470483241518 ], [ -52.444271980284597, -24.776325625255595 ], [ -52.444301719321786, -24.776180840950559 ], [ -52.444407509923892, -24.776035100596008 ], [ -52.444480481191931, -24.775890021056593 ], [ -52.444544758650572, -24.775776405310314 ], [ -52.444562646188437, -24.775744938206639 ], [ -52.444796838478211, -24.775616626426274 ], [ -52.444955421639897, -24.77561035530486 ], [ -52.44507499993508, -24.775595901952851 ], [ -52.445270140369153, -24.775557519702723 ], [ -52.445415476896756, -24.775447759171044 ], [ -52.445576598028737, -24.775301673467183 ], [ -52.445741753993005, -24.775228342028161 ] ] ] } },
{ "type": "Feature", "properties": { "cod_sipra": "PR0110000", "nome_pa": "FAZENDA CHAPADÃO", "nome": "CORREGO", "tipo": "Hidrografia" }, "geometry": { "type": "MultiLineString", "coordinates": [ ] } },
{ "type": "Feature", "properties": { "cod_sipra": "PR0110000", "nome_pa": "FAZENDA CHAPADÃO", "nome": "CORREGO", "tipo": "Hidrografia" }, "geometry": { "type": "MultiLineString", "coordinates": [ ] } },
{ "type": "Feature", "properties": { "cod_sipra": "PR0110000", "nome_pa": "FAZENDA CHAPADÃO", "nome": "CORREGO", "tipo": "Hidrografia" }, "geometry": { "type": "MultiLineString", "coordinates": [ ] } },
{ "type": "Feature", "properties": { "cod_sipra": "PR0110000", "nome_pa": "FAZENDA CHAPADÃO", "nome": "CORREGO", "tipo": "Hidrografia" }, "geometry": { "type": "MultiLineString", "coordinates": [ [ [ -52.431520961051966, -24.778398287527022 ], [ -52.431433558399092, -24.778279174518076 ], [ -52.431424208695354, -24.778182035249749 ], [ -52.431424730357932, -24.77803820413726 ], [ -52.431441582155308, -24.77789292449895 ], [ -52.431376682462208, -24.777749718890131 ], [ -52.431393308461502, -24.777605113200941 ], [ -52.431436782853318, -24.777509650792123 ], [ -52.431435280347962, -24.77738117438706 ], [ -52.431575464129487, -24.777314223988046 ], [ -52.431621656201806, -24.777168945727382 ], [ -52.431662127946794, -24.777024602274174 ], [ -52.431746782586075, -24.776888609447028 ], [ -52.431762554569218, -24.776734072919524 ], [ -52.431743134361298, -24.776631105641815 ] ] ] } },
{ "type": "Feature", "properties": { "cod_sipra": "PR0110000", "nome_pa": "FAZENDA CHAPADÃO", "nome": "CORREGO", "tipo": "Hidrografia" }, "geometry": { "type": "MultiLineString", "coordinates": [ [ [ -52.46167184874944, -24.778459294951759 ], [ -52.461735555555556, -24.778319722222225 ] ] ] } },
{ "type": "Feature", "properties": { "cod_sipra": "PR0110000", "nome_pa": "FAZENDA CHAPADÃO", "nome": "CORREGO", "tipo": "Hidrografia" }, "geometry": { "type": "MultiLineString", "coordinates": [ [ [ -52.445703121385449, -24.778687639987421 ], [ -52.445850182937583, -24.77867770993635 ] ] ] } },
{ "type": "Feature", "properties": { "cod_sipra": "PR0110000", "nome_pa": "FAZENDA CHAPADÃO", "nome": "CORREGO", "tipo": "Hidrografia" }, "geometry": { "type": "MultiLineString", "coordinates": [ ] } },
{ "type": "Feature", "properties": { "cod_sipra": "PR0110000", "nome_pa": "FAZENDA CHAPADÃO", "nome": "CORREGO", "tipo": "Hidrografia" }, "geometry": { "type": "MultiLineString", "coordinates": [ ] } },
{ "type": "Feature", "properties": { "cod_sipra": "PR0110000", "nome_pa": "FAZENDA CHAPADÃO", "nome": "CORREGO", "tipo": "Hidrografia" }, "geometry": { "type": "MultiLineString", "coordinates": [ [ [ -52.445703121385449, -24.778687639987421 ], [ -52.445454088817549, -24.778706758327701 ], [ -52.445329462672298, -24.778691843630103 ], [ -52.445296093119666, -24.77865442643564 ], [ -52.445136283427644, -24.778582624391245 ], [ -52.444977230768316, -24.778459910133737 ], [ -52.444818556777562, -24.778430981820833 ], [ -52.444687083161121, -24.778371318150949 ], [ -52.444569306449829, -24.778261268547705 ], [ -52.44453048690076, -24.778232189134862 ], [ -52.444448883824663, -24.778084694198199 ], [ -52.444338371519166, -24.778013822184196 ], [ -52.444178927032802, -24.77786047445084 ], [ -52.444104735689258, -24.777654514963928 ], [ -52.444120654730547, -24.777509952417518 ], [ -52.444144329492559, -24.777410420816967 ] ] ] } },
{ "type": "Feature", "properties": { "cod_sipra": "PR0110000", "nome_pa": "FAZENDA CHAPADÃO", "nome": "CORREGO", "tipo": "Hidrografia" }, "geometry": { "type": "MultiLineString", "coordinates": [ [ [ -52.46167184874944, -24.778459294951759 ], [ -52.461549324735039, -24.77863234970571 ], [ -52.461451765894651, -24.778778542583133 ], [ -52.461281658993677, -24.778923627582387 ], [ -52.461154793642955, -24.779069336949163 ], [ -52.461126899849759, -24.779168670638509 ], [ -52.461134607158108, -24.779141223852935 ], [ -52.461126899849759, -24.779168670638509 ], [ -52.461139797091541, -24.779475808177043 ], [ -52.46119243843048, -24.779601658998953 ], [ -52.461219565034355, -24.779745688015566 ], [ -52.461087331126194, -24.779964935800603 ] ] ] } },
{ "type": "Feature", "properties": { "cod_sipra": "PR0110000", "nome_pa": "FAZENDA CHAPADÃO", "nome": "CORREGO", "tipo": "Hidrografia" }, "geometry": { "type": "MultiLineString", "coordinates": [ [ [ -52.445102374049348, -24.780714996633563 ], [ -52.445213779604039, -24.780641659681638 ], [ -52.445390111739684, -24.780495485520039 ], [ -52.445440906036168, -24.780350429276712 ], [ -52.445494941938385, -24.780205471566237 ], [ -52.445668439820686, -24.78005938647436 ], [ -52.44581507916805, -24.779913498593849 ], [ -52.445971631328888, -24.779767514830596 ], [ -52.446131977168378, -24.779619154999128 ], [ -52.446176464190692, -24.77950140814799 ], [ -52.446302862413525, -24.779330900040204 ], [ -52.446291639290799, -24.779185871168348 ], [ -52.446380348934781, -24.779040991661574 ], [ -52.446357125646877, -24.778896960740024 ], [ -52.44616785114362, -24.778779835016682 ], [ -52.446008431098797, -24.778694968159449 ], [ -52.445850182937583, -24.77867770993635 ], [ -52.445703121385449, -24.778687639987421 ] ] ] } },
{ "type": "Feature", "properties": { "cod_sipra": "PR0110000", "nome_pa": "FAZENDA CHAPADÃO", "nome": "CORREGO", "tipo": "Hidrografia" }, "geometry": { "type": "MultiLineString", "coordinates": [ ] } },
{ "type": "Feature", "properties": { "cod_sipra": "PR0110000", "nome_pa": "FAZENDA CHAPADÃO", "nome": "CORREGO", "tipo": "Hidrografia" }, "geometry": { "type": "MultiLineString", "coordinates": [ ] } },
{ "type": "Feature", "properties": { "cod_sipra": "PR0110000", "nome_pa": "FAZENDA CHAPADÃO", "nome": "CORREGO", "tipo": "Hidrografia" }, "geometry": { "type": "MultiLineString", "coordinates": [ [ [ -52.461233922916328, -24.780757047989169 ], [ -52.461211582774126, -24.780540537568502 ], [ -52.461115831733679, -24.780395954545124 ], [ -52.461100712157155, -24.78033097143242 ], [ -52.461093034814262, -24.780305928153826 ], [ -52.4610825224824, -24.780252793205602 ], [ -52.461097727766159, -24.780108235756128 ], [ -52.46106494955562, -24.78004300040427 ], [ -52.461087331126194, -24.779964935800603 ] ] ] } },
{ "type": "Feature", "properties": { "cod_sipra": "PR0110000", "nome_pa": "FAZENDA CHAPADÃO", "nome": "CORREGO", "tipo": "Hidrografia" }, "geometry": { "type": "MultiLineString", "coordinates": [ ] } },
{ "type": "Feature", "properties": { "cod_sipra": "PR0110000", "nome_pa": "FAZENDA CHAPADÃO", "nome": "CORREGO", "tipo": "Hidrografia" }, "geometry": { "type": "MultiLineString", "coordinates": [ ] } },
{ "type": "Feature", "properties": { "cod_sipra": "PR0110000", "nome_pa": "FAZENDA CHAPADÃO", "nome": "CORREGO", "tipo": "Hidrografia" }, "geometry": { "type": "MultiLineString", "coordinates": [ [ [ -52.445102374049348, -24.780714996633563 ], [ -52.444962246850501, -24.780779534534531 ] ] ] } },
{ "type": "Feature", "properties": { "cod_sipra": "PR0110000", "nome_pa": "FAZENDA CHAPADÃO", "nome": "CORREGO", "tipo": "Hidrografia" }, "geometry": { "type": "MultiLineString", "coordinates": [ [ [ -52.444909504027613, -24.781141244037137 ], [ -52.444887422899157, -24.781116784581464 ], [ -52.444822788240124, -24.781079388433245 ], [ -52.444832813536848, -24.780925276701247 ], [ -52.444962246850501, -24.780779534534531 ], [ -52.445102374049348, -24.780714996633563 ] ] ] } },
{ "type": "Feature", "properties": { "cod_sipra": "PR0110000", "nome_pa": "FAZENDA CHAPADÃO", "nome": "CORREGO", "tipo": "Hidrografia" }, "geometry": { "type": "MultiLineString", "coordinates": [ [ [ -52.431814999997727, -24.781578772421323 ], [ -52.431759256261202, -24.781429823770399 ], [ -52.431855896852561, -24.781284710708064 ], [ -52.431829504069029, -24.781140512856172 ], [ -52.431793197537289, -24.780996365933824 ], [ -52.431841034522257, -24.780851458072529 ], [ -52.431819598016723, -24.780707168917107 ], [ -52.431816163303594, -24.780562002452363 ], [ -52.431792214424441, -24.780418424314554 ], [ -52.4317354630914, -24.780274556845313 ], [ -52.431774421158487, -24.780155415392631 ], [ -52.431727239666621, -24.779985712901457 ], [ -52.431672923890432, -24.779841734494255 ], [ -52.431649743483817, -24.779697487559737 ], [ -52.431644624808634, -24.779553060574411 ], [ -52.431654601180647, -24.779408492884638 ], [ -52.431690555270919, -24.779262633807136 ], [ -52.431639624297198, -24.779119665940378 ], [ -52.431625167139018, -24.778975331904299 ], [ -52.431600450350452, -24.778849228150349 ], [ -52.431598665184922, -24.778695721463766 ], [ -52.431594405120237, -24.778541417127006 ], [ -52.431520961051966, -24.778398287527022 ] ] ] } },
{ "type": "Feature", "properties": { "cod_sipra": "PR0110000", "nome_pa": "FAZENDA CHAPADÃO", "nome": "CORREGO", "tipo": "Hidrografia" }, "geometry": { "type": "MultiLineString", "coordinates": [ [ [ -52.461279190909202, -24.781154453267344 ], [ -52.461256499180877, -24.781036608970147 ], [ -52.461229080697422, -24.780892511246552 ], [ -52.461233922916328, -24.780757047989169 ] ] ] } },
{ "type": "Feature", "properties": { "cod_sipra": "PR0110000", "nome_pa": "FAZENDA CHAPADÃO", "nome": "CORREGO", "tipo": "Hidrografia" }, "geometry": { "type": "MultiLineString", "coordinates": [ ] } },
{ "type": "Feature", "properties": { "cod_sipra": "PR0110000", "nome_pa": "FAZENDA CHAPADÃO", "nome": "CORREGO", "tipo": "Hidrografia" }, "geometry": { "type": "MultiLineString", "coordinates": [ [ [ -52.474204953209906, -24.781324690577168 ], [ -52.474122539389938, -24.781160916866753 ], [ -52.47407694383422, -24.781117856973481 ], [ -52.474074337954264, -24.780991480866497 ], [ -52.474089586406478, -24.780829450809939 ], [ -52.474011210263797, -24.780685889122033 ], [ -52.473911875809954, -24.780651383396304 ], [ -52.473754014023633, -24.780677890523997 ], [ -52.473594948442013, -24.78061303911042 ], [ -52.473436283931512, -24.780572639768476 ], [ -52.473276641554712, -24.780531767736065 ], [ -52.473119124918753, -24.78051571562996 ], [ -52.472959688450295, -24.78041634979396 ], [ -52.472800150049032, -24.780375088284412 ], [ -52.472641518431544, -24.780288470116265 ], [ -52.472482013630561, -24.780165109294078 ], [ -52.472321802236024, -24.780058622318588 ], [ -52.472162324590492, -24.779953620977178 ], [ -52.4720038188524, -24.779894469733605 ] ] ] } },
{ "type": "Feature", "properties": { "cod_sipra": "PR0110000", "nome_pa": "FAZENDA CHAPADÃO", "nome": "CORREGO", "tipo": "Hidrografia" }, "geometry": { "type": "MultiLineString", "coordinates": [ ] } },
{ "type": "Feature", "properties": { "cod_sipra": "PR0110000", "nome_pa": "FAZENDA CHAPADÃO", "nome": "CORREGO", "tipo": "Hidrografia" }, "geometry": { "type": "MultiLineString", "coordinates": [ [ [ -52.43164684349123, -24.782071713609248 ], [ -52.431759437842665, -24.781994627318156 ], [ -52.431793175007883, -24.781854170082941 ], [ -52.431890386621355, -24.781708767995948 ], [ -52.431814999997727, -24.781578772421323 ] ] ] } },
{ "type": "Feature", "properties": { "cod_sipra": "PR0110000", "nome_pa": "FAZENDA CHAPADÃO", "nome": "CORREGO", "tipo": "Hidrografia" }, "geometry": { "type": "MultiLineString", "coordinates": [ [ [ -52.431642163054619, -24.782074918006852 ], [ -52.43164684349123, -24.782071713609248 ] ] ] } },
{ "type": "Feature", "properties": { "cod_sipra": "PR0110000", "nome_pa": "FAZENDA CHAPADÃO", "nome": "CORREGO", "tipo": "Hidrografia" }, "geometry": { "type": "MultiLineString", "coordinates": [ [ [ -52.431635783613054, -24.782079285604731 ], [ -52.431642163054619, -24.782074918006852 ] ] ] } },
{ "type": "Feature", "properties": { "cod_sipra": "PR0110000", "nome_pa": "FAZENDA CHAPADÃO", "nome": "CORREGO", "tipo": "Hidrografia" }, "geometry": { "type": "MultiLineString", "coordinates": [ [ [ -52.470060972313043, -24.782016006307362 ], [ -52.470070010211479, -24.78194366028907 ], [ -52.470107888889316, -24.781798817650056 ], [ -52.470145554256987, -24.781631141303322 ], [ -52.470303570097784, -24.781618550998026 ], [ -52.470461627582402, -24.781599852692704 ], [ -52.470605401359009, -24.781504891758736 ], [ -52.47061667099095, -24.781328590394285 ], [ -52.470804648177534, -24.781213885123464 ], [ -52.47097132686541, -24.781067094616706 ], [ -52.471127255031874, -24.780921105981122 ], [ -52.471243081715066, -24.780771640884474 ], [ -52.471337506173462, -24.780630909753651 ], [ -52.471397580758115, -24.78045409289733 ], [ -52.471554281917264, -24.78031372877026 ], [ -52.471710836143572, -24.780180131142203 ], [ -52.471887269259035, -24.780047684838983 ], [ -52.471886944444442, -24.779961666666654 ], [ -52.4720038188524, -24.779894469733605 ] ] ] } },
{ "type": "Feature", "properties": { "cod_sipra": "PR0110000", "nome_pa": "FAZENDA CHAPADÃO", "nome": "CORREGO", "tipo": "Hidrografia" }, "geometry": { "type": "MultiLineString", "coordinates": [ ] } },
{ "type": "Feature", "properties": { "cod_sipra": "PR0110000", "nome_pa": "FAZENDA CHAPADÃO", "nome": "CORREGO", "tipo": "Hidrografia" }, "geometry": { "type": "MultiLineString", "coordinates": [ [ [ -52.470060972313043, -24.782016006307362 ], [ -52.46990104582089, -24.781974630219441 ], [ -52.469675673410684, -24.781921197713856 ], [ -52.469565679239579, -24.781833188791214 ], [ -52.469356544378556, -24.781706275715994 ], [ -52.469196889062268, -24.781592123836205 ], [ -52.469038740088465, -24.781592453717689 ], [ -52.468879446234233, -24.781599552189917 ], [ -52.468720984619701, -24.781606240433682 ], [ -52.468563741193826, -24.781570026251046 ], [ -52.468404892648856, -24.781518741082042 ], [ -52.468246635183526, -24.781510782639209 ], [ -52.468088026950873, -24.781490231773873 ], [ -52.467987828838673, -24.781705133394457 ], [ -52.467870793458232, -24.781705337509436 ], [ -52.467614459344084, -24.781587078753311 ], [ -52.467454751902771, -24.781523328873313 ], [ -52.467295839741595, -24.781431964881804 ], [ -52.467280493360001, -24.781414493266468 ], [ -52.467238808681749, -24.781408015113005 ], [ -52.467206468749062, -24.781403420090331 ], [ -52.467189816584899, -24.781406375203161 ], [ -52.467182392135776, -24.781423503452391 ], [ -52.467148198514863, -24.781443325187279 ], [ -52.467126150789483, -24.781441536746176 ], [ -52.46708796017046, -24.781427389025264 ], [ -52.467025823253373, -24.781434950654546 ], [ -52.467002032285258, -24.781445899028061 ], [ -52.466979724517387, -24.781444604573991 ], [ -52.466963629168156, -24.781479541581227 ], [ -52.466936955154914, -24.781558710210319 ], [ -52.466822722866659, -24.78154358872235 ], [ -52.466784355882041, -24.781571443587179 ], [ -52.466708014336078, -24.78159187215029 ], [ -52.466665185653746, -24.781598577337743 ], [ -52.466627530429783, -24.781604453155943 ], [ -52.466507133017593, -24.781626142855675 ], [ -52.46646549010584, -24.781605856488639 ], [ -52.466348930360269, -24.781623784640804 ], [ -52.466323057314163, -24.781605323093693 ], [ -52.46621951954431, -24.78159026038637 ], [ -52.466190359368333, -24.781613727255579 ], [ -52.466126255341599, -24.781626663130293 ], [ -52.465977224289119, -24.781593521054663 ], [ -52.465696931625146, -24.781706670398314 ] ] ] } },
{ "type": "Feature", "properties": { "cod_sipra": "PR0110000", "nome_pa": "FAZENDA CHAPADÃO", "nome": "CORREGO", "tipo": "Hidrografia" }, "geometry": { "type": "MultiLineString", "coordinates": [ ] } },
{ "type": "Feature", "properties": { "cod_sipra": "PR0110000", "nome_pa": "FAZENDA CHAPADÃO", "nome": "CORREGO", "tipo": "Hidrografia" }, "geometry": { "type": "MultiLineString", "coordinates": [ ] } },
{ "type": "Feature", "properties": { "cod_sipra": "PR0110000", "nome_pa": "FAZENDA CHAPADÃO", "nome": "CORREGO", "tipo": "Hidrografia" }, "geometry": { "type": "MultiLineString", "coordinates": [ [ [ -52.431635783613054, -24.782079285604731 ], [ -52.431401953718243, -24.782239373671352 ], [ -52.431265468404867, -24.782410060979021 ], [ -52.431088031788398, -24.78246586871817 ], [ -52.430949628706642, -24.782467235728255 ] ] ] } },
{ "type": "Feature", "properties": { "cod_sipra": "PR0110000", "nome_pa": "FAZENDA CHAPADÃO", "nome": "CORREGO", "tipo": "Hidrografia" }, "geometry": { "type": "MultiLineString", "coordinates": [ ] } },
{ "type": "Feature", "properties": { "cod_sipra": "PR0110000", "nome_pa": "FAZENDA CHAPADÃO", "nome": "CORREGO", "tipo": "Hidrografia" }, "geometry": { "type": "MultiLineString", "coordinates": [ ] } },
{ "type": "Feature", "properties": { "cod_sipra": "PR0110000", "nome_pa": "FAZENDA CHAPADÃO", "nome": "CORREGO", "tipo": "Hidrografia" }, "geometry": { "type": "MultiLineString", "coordinates": [ [ [ -52.430949628706642, -24.782467235728255 ], [ -52.430703199645322, -24.782547003717301 ], [ -52.430544906802453, -24.782551124144387 ], [ -52.430387126374995, -24.782578765616329 ] ] ] } },
{ "type": "Feature", "properties": { "cod_sipra": "PR0110000", "nome_pa": "FAZENDA CHAPADÃO", "nome": "CORREGO", "tipo": "Hidrografia" }, "geometry": { "type": "MultiLineString", "coordinates": [ [ [ -52.441681688642767, -24.782544847766854 ], [ -52.441837896209925, -24.782365913774072 ], [ -52.441995376915244, -24.782299597427134 ], [ -52.44211307017558, -24.782281226477131 ], [ -52.442126697312304, -24.78230128235937 ], [ -52.442221070254533, -24.782278420202868 ], [ -52.442312571705749, -24.782276042567986 ], [ -52.442385372462368, -24.782176721407627 ], [ -52.442390310388667, -24.782032348792445 ], [ -52.442554325397836, -24.781886295688135 ], [ -52.442524703863704, -24.781742105696367 ], [ -52.442511427847094, -24.781597765494656 ], [ -52.44262048089, -24.781540264519606 ], [ -52.442777585474239, -24.78149787098716 ], [ -52.442935300925313, -24.781461802110375 ], [ -52.443043754603536, -24.781448184941912 ], [ -52.443248439530421, -24.781590730824828 ], [ -52.443411727886883, -24.78161358781751 ], [ -52.44356918770125, -24.781551494587521 ], [ -52.443727311135525, -24.78154089626252 ], [ -52.443885762126385, -24.78154148213088 ], [ -52.44404380473847, -24.781520344565301 ], [ -52.444186178010803, -24.781581664916764 ], [ -52.444291522277702, -24.781580601009594 ], [ -52.44449910118076, -24.781578620002303 ], [ -52.444679042483862, -24.78165617586259 ], [ -52.444647680695837, -24.781432439652175 ], [ -52.444832595271542, -24.781330012527338 ], [ -52.444909504027613, -24.781141244037137 ] ] ] } },
{ "type": "Feature", "properties": { "cod_sipra": "PR0110000", "nome_pa": "FAZENDA CHAPADÃO", "nome": "CORREGO", "tipo": "Hidrografia" }, "geometry": { "type": "MultiLineString", "coordinates": [ ] } },
{ "type": "Feature", "properties": { "cod_sipra": "PR0110000", "nome_pa": "FAZENDA CHAPADÃO", "nome": "CORREGO", "tipo": "Hidrografia" }, "geometry": { "type": "MultiLineString", "coordinates": [ ] } },
{ "type": "Feature", "properties": { "cod_sipra": "PR0110000", "nome_pa": "FAZENDA CHAPADÃO", "nome": "CORREGO", "tipo": "Hidrografia" }, "geometry": { "type": "MultiLineString", "coordinates": [ ] } },
{ "type": "Feature", "properties": { "cod_sipra": "PR0110000", "nome_pa": "FAZENDA CHAPADÃO", "nome": "CORREGO", "tipo": "Hidrografia" }, "geometry": { "type": "MultiLineString", "coordinates": [ [ [ -52.421091085581097, -24.783536344101602 ], [ -52.421090982737489, -24.783527315537864 ] ] ] } },
{ "type": "Feature", "properties": { "cod_sipra": "PR0110000", "nome_pa": "FAZENDA CHAPADÃO", "nome": "CORREGO", "tipo": "Hidrografia" }, "geometry": { "type": "MultiLineString", "coordinates": [ ] } },
{ "type": "Feature", "properties": { "cod_sipra": "PR0110000", "nome_pa": "FAZENDA CHAPADÃO", "nome": "CORREGO", "tipo": "Hidrografia" }, "geometry": { "type": "MultiLineString", "coordinates": [ [ [ -52.421091085581097, -24.783536344101602 ], [ -52.421090982737489, -24.783527315537864 ], [ -52.420989753473769, -24.78347407372268 ], [ -52.420776941668471, -24.783331694204179 ], [ -52.420638759240909, -24.783332958307874 ], [ -52.420524078692438, -24.783306116156339 ], [ -52.420348751431554, -24.783335736037969 ], [ -52.420301357318628, -24.783516172945564 ] ] ] } },
{ "type": "Feature", "properties": { "cod_sipra": "PR0110000", "nome_pa": "FAZENDA CHAPADÃO", "nome": "CORREGO", "tipo": "Hidrografia" }, "geometry": { "type": "MultiLineString", "coordinates": [ [ [ -52.420202603015802, -24.783896949910769 ], [ -52.420176055899482, -24.783806859634613 ], [ -52.420288309787715, -24.783660474347759 ], [ -52.420301357318628, -24.783516172945564 ] ] ] } },
{ "type": "Feature", "properties": { "cod_sipra": "PR0110000", "nome_pa": "FAZENDA CHAPADÃO", "nome": "CORREGO", "tipo": "Hidrografia" }, "geometry": { "type": "MultiLineString", "coordinates": [ [ [ -52.447729382220167, -24.783795752256914 ], [ -52.447514257200233, -24.783581125469723 ], [ -52.447329774075406, -24.783474853377847 ], [ -52.447170955701537, -24.783405422877301 ], [ -52.446999627399578, -24.783279366835608 ], [ -52.446851050117949, -24.78317007261483 ], [ -52.446731200615289, -24.783010787682333 ], [ -52.446650337689483, -24.78286703178588 ], [ -52.446529848910536, -24.782763729221362 ], [ -52.446370368988745, -24.782660740044015 ], [ -52.446216910280825, -24.782582364557342 ], [ -52.446052758206697, -24.782502685139487 ], [ -52.445951481921028, -24.782295963556908 ], [ -52.445890447831765, -24.782152081471605 ], [ -52.445730935473122, -24.782040786590507 ], [ -52.445729636189377, -24.781931080005378 ], [ -52.445620155617725, -24.781721273410433 ], [ -52.445567758685726, -24.781630264602406 ], [ -52.445443527525477, -24.781433218059139 ], [ -52.445316553940181, -24.78129043812709 ], [ -52.445087888966455, -24.781191403910142 ], [ -52.444929362775397, -24.781150059890916 ], [ -52.444909504027613, -24.781141244037137 ] ] ] } },
{ "type": "Feature", "properties": { "cod_sipra": "PR0110000", "nome_pa": "FAZENDA CHAPADÃO", "nome": "CORREGO", "tipo": "Hidrografia" }, "geometry": { "type": "MultiLineString", "coordinates": [ ] } },
{ "type": "Feature", "properties": { "cod_sipra": "PR0110000", "nome_pa": "FAZENDA CHAPADÃO", "nome": "CORREGO", "tipo": "Hidrografia" }, "geometry": { "type": "MultiLineString", "coordinates": [ [ [ -52.447954208005029, -24.784023505055764 ], [ -52.447870226590574, -24.783925376539493 ], [ -52.447699862683436, -24.783850083340202 ], [ -52.447729382220167, -24.783795752256914 ], [ -52.447759026241798, -24.783795443594951 ] ] ] } },
{ "type": "Feature", "properties": { "cod_sipra": "PR0110000", "nome_pa": "FAZENDA CHAPADÃO", "nome": "CORREGO", "tipo": "Hidrografia" }, "geometry": { "type": "MultiLineString", "coordinates": [ ] } },
{ "type": "Feature", "properties": { "cod_sipra": "PR0110000", "nome_pa": "FAZENDA CHAPADÃO", "nome": "CORREGO", "tipo": "Hidrografia" }, "geometry": { "type": "MultiLineString", "coordinates": [ ] } },
{ "type": "Feature", "properties": { "cod_sipra": "PR0110000", "nome_pa": "FAZENDA CHAPADÃO", "nome": "CORREGO", "tipo": "Hidrografia" }, "geometry": { "type": "MultiLineString", "coordinates": [ ] } },
{ "type": "Feature", "properties": { "cod_sipra": "PR0110000", "nome_pa": "FAZENDA CHAPADÃO", "nome": "CORREGO", "tipo": "Hidrografia" }, "geometry": { "type": "MultiLineString", "coordinates": [ [ [ -52.422124342138041, -24.784330058032083 ], [ -52.422019239905374, -24.784331573448014 ], [ -52.421861068761011, -24.784273979811669 ], [ -52.421701538935281, -24.78416418231766 ], [ -52.421542071129856, -24.784057342423303 ], [ -52.421382156123819, -24.783911228100056 ], [ -52.421222005219548, -24.783744373487536 ], [ -52.421106656058093, -24.783554153692215 ] ] ] } },
{ "type": "Feature", "properties": { "cod_sipra": "PR0110000", "nome_pa": "FAZENDA CHAPADÃO", "nome": "CORREGO", "tipo": "Hidrografia" }, "geometry": { "type": "MultiLineString", "coordinates": [ [ [ -52.426876889547216, -24.784384254913764 ], [ -52.426804379782901, -24.78437738750306 ], [ -52.426812197144841, -24.784301232242456 ], [ -52.426844306553988, -24.784195493063336 ], [ -52.426855735554248, -24.784157856293941 ], [ -52.42687093872717, -24.784014075534685 ], [ -52.426872719807491, -24.783869586158161 ], [ -52.426935526381477, -24.783724399070067 ], [ -52.4269261236619, -24.783579901285727 ], [ -52.426986465226449, -24.783435084625154 ], [ -52.42699539099759, -24.783290531593504 ], [ -52.427041596876698, -24.783155084556611 ], [ -52.427158957124192, -24.782999376722415 ], [ -52.427196086004628, -24.782886209965397 ], [ -52.427313615958838, -24.782709061984544 ], [ -52.427351070064795, -24.78260502985415 ], [ -52.427391626350222, -24.78256418527852 ], [ -52.427508572337487, -24.782537776381186 ], [ -52.427667578242129, -24.782522878374714 ], [ -52.427803841821756, -24.782416009068072 ], [ -52.427982108785663, -24.782380441347588 ], [ -52.42814025549356, -24.782423422314501 ], [ -52.428297991607991, -24.782361759921869 ], [ -52.428456911523007, -24.782359197355827 ], [ -52.428614740174069, -24.782400810003519 ], [ -52.428772985193312, -24.782322357780682 ], [ -52.428930765646996, -24.782360108113195 ], [ -52.42908870344754, -24.782315747828918 ], [ -52.429246502804432, -24.782293909061661 ], [ -52.429405067547279, -24.782321662111205 ], [ -52.429564203181066, -24.78238512672322 ], [ -52.429722648633096, -24.782363173445439 ], [ -52.429881389890276, -24.782459384695365 ], [ -52.430040058688064, -24.782496187524796 ], [ -52.430163302106358, -24.782538127370056 ], [ -52.430278080666689, -24.782554919537294 ] ] ] } },
{ "type": "Feature", "properties": { "cod_sipra": "PR0110000", "nome_pa": "FAZENDA CHAPADÃO", "nome": "CORREGO", "tipo": "Hidrografia" }, "geometry": { "type": "MultiLineString", "coordinates": [ ] } },
{ "type": "Feature", "properties": { "cod_sipra": "PR0110000", "nome_pa": "FAZENDA CHAPADÃO", "nome": "CORREGO", "tipo": "Hidrografia" }, "geometry": { "type": "MultiLineString", "coordinates": [ ] } },
{ "type": "Feature", "properties": { "cod_sipra": "PR0110000", "nome_pa": "FAZENDA CHAPADÃO", "nome": "CORREGO", "tipo": "Hidrografia" }, "geometry": { "type": "MultiLineString", "coordinates": [ [ [ -52.469291892719824, -24.784008167334996 ], [ -52.469293755143653, -24.784006269533798 ], [ -52.469351576797109, -24.783916905769544 ], [ -52.469373401966813, -24.783892197509608 ], [ -52.469436176169161, -24.783812200888686 ], [ -52.469514777108429, -24.7836373598773 ], [ -52.469670557143658, -24.783491431743396 ], [ -52.46976015271516, -24.783346262303347 ], [ -52.469842368135396, -24.783200803465295 ], [ -52.469828485519812, -24.783056469162325 ], [ -52.46985391595036, -24.782911929729732 ], [ -52.469873165598571, -24.782802002615536 ], [ -52.469976580667172, -24.782621602997299 ], [ -52.469987283607907, -24.782477208171699 ], [ -52.47008780918194, -24.78233099063166 ], [ -52.470074071362944, -24.782187277916361 ], [ -52.470060972313043, -24.782016006307362 ] ] ] } },
{ "type": "Feature", "properties": { "cod_sipra": "PR0110000", "nome_pa": "FAZENDA CHAPADÃO", "nome": "CORREGO", "tipo": "Hidrografia" }, "geometry": { "type": "MultiLineString", "coordinates": [ [ [ -52.469048546214353, -24.784229123200827 ], [ -52.469205283622969, -24.784096421514217 ], [ -52.469293755143653, -24.784006269533798 ] ] ] } },
{ "type": "Feature", "properties": { "cod_sipra": "PR0110000", "nome_pa": "FAZENDA CHAPADÃO", "nome": "CORREGO", "tipo": "Hidrografia" }, "geometry": { "type": "MultiLineString", "coordinates": [ ] } },
{ "type": "Feature", "properties": { "cod_sipra": "PR0110000", "nome_pa": "FAZENDA CHAPADÃO", "nome": "CORREGO", "tipo": "Hidrografia" }, "geometry": { "type": "MultiLineString", "coordinates": [ ] } },
{ "type": "Feature", "properties": { "cod_sipra": "PR0110000", "nome_pa": "FAZENDA CHAPADÃO", "nome": "CORREGO", "tipo": "Hidrografia" }, "geometry": { "type": "MultiLineString", "coordinates": [ [ [ -52.448429167492847, -24.784646760698223 ], [ -52.448351322084534, -24.784549778320002 ], [ -52.448249142409054, -24.784367938488757 ], [ -52.448144836336155, -24.784225147955897 ], [ -52.448029589073627, -24.784115614219218 ], [ -52.447954208005029, -24.784023505055764 ] ] ] } },
{ "type": "Feature", "properties": { "cod_sipra": "PR0110000", "nome_pa": "FAZENDA CHAPADÃO", "nome": "CORREGO", "tipo": "Hidrografia" }, "geometry": { "type": "MultiLineString", "coordinates": [ [ [ -52.42245443074826, -24.784832677136087 ], [ -52.422370692708924, -24.784732555048983 ], [ -52.422270528584143, -24.784617715856598 ], [ -52.422244270910625, -24.78447328992625 ], [ -52.422124342138041, -24.784330058032083 ] ] ] } },
{ "type": "Feature", "properties": { "cod_sipra": "PR0110000", "nome_pa": "FAZENDA CHAPADÃO", "nome": "CORREGO", "tipo": "Hidrografia" }, "geometry": { "type": "MultiLineString", "coordinates": [ [ [ -52.469048546214353, -24.784229123200827 ], [ -52.468810007845903, -24.784132140606445 ], [ -52.468651327757513, -24.784095379513296 ], [ -52.468502847766338, -24.784080977957842 ], [ -52.46833446793103, -24.784064570994246 ], [ -52.468176916956637, -24.784140646841742 ], [ -52.468093190314903, -24.784114750259704 ], [ -52.467906227811127, -24.78409389117795 ], [ -52.46775557586291, -24.784230102811268 ], [ -52.467532772546029, -24.784363406351765 ], [ -52.46744662681823, -24.784425444221103 ], [ -52.467267231695665, -24.784402948074138 ], [ -52.467082976483738, -24.784409724869239 ], [ -52.466914136597616, -24.784419926571267 ], [ -52.466827069879116, -24.784355741264708 ], [ -52.466815846645602, -24.784263006232127 ], [ -52.466798617661411, -24.78424215909352 ], [ -52.466677353320968, -24.784188453020555 ], [ -52.466595181761868, -24.784207737216558 ], [ -52.466474265962866, -24.784274920352626 ], [ -52.46643706687999, -24.784262451340354 ], [ -52.466333816406184, -24.784246713237668 ], [ -52.466287229365399, -24.784261899316341 ], [ -52.466157834966673, -24.784145633548153 ], [ -52.466119926250066, -24.784160809280156 ], [ -52.466083686351432, -24.784162770812681 ], [ -52.466010654112388, -24.784128294857798 ], [ -52.465954718042731, -24.784124655758429 ], [ -52.465828927517151, -24.784148230996767 ], [ -52.465798255649368, -24.784126650363948 ], [ -52.465736171708691, -24.784122175668994 ], [ -52.465710592556505, -24.784121646007488 ], [ -52.465685580630407, -24.78410364878447 ], [ -52.46558787986104, -24.784084012042538 ], [ -52.465554055725342, -24.784075209963788 ], [ -52.465495911579026, -24.784072198185598 ], [ -52.46542605778037, -24.784082214007103 ], [ -52.465370081718802, -24.784105732879919 ], [ -52.465245691660478, -24.784161903688734 ], [ -52.465194616929232, -24.78415019316903 ], [ -52.465136076845376, -24.784163242154612 ], [ -52.46499951724541, -24.784184118477963 ], [ -52.464914442375886, -24.784191301794976 ], [ -52.464911037092222, -24.784191299360689 ] ] ] } },
{ "type": "Feature", "properties": { "cod_sipra": "PR0110000", "nome_pa": "FAZENDA CHAPADÃO", "nome": "CORREGO", "tipo": "Hidrografia" }, "geometry": { "type": "MultiLineString", "coordinates": [ [ [ -52.439829871332961, -24.784551342344024 ], [ -52.439859861218068, -24.784519478636213 ], [ -52.439883534415777, -24.784422208802564 ], [ -52.440040477968061, -24.784247021957071 ], [ -52.440144064797337, -24.784058341811278 ], [ -52.440161972622263, -24.783913118888833 ], [ -52.440249307193312, -24.783767544217739 ], [ -52.440350681644425, -24.783712026978222 ], [ -52.440374981747283, -24.783661378368688 ], [ -52.440506843707105, -24.783581077057569 ], [ -52.440664451853401, -24.783527604892303 ], [ -52.440823543433318, -24.78360050919623 ], [ -52.440950646358729, -24.783472872827517 ], [ -52.441073854517477, -24.783326168274179 ], [ -52.441197032342757, -24.783181376212422 ], [ -52.441254700027237, -24.783036349146172 ], [ -52.441316083550085, -24.782890420589524 ], [ -52.441447169974914, -24.782789309524947 ], [ -52.441482810338215, -24.782600914412903 ], [ -52.441603638567798, -24.782563956088055 ], [ -52.441681688642767, -24.782544847766854 ] ] ] } },
{ "type": "Feature", "properties": { "cod_sipra": "PR0110000", "nome_pa": "FAZENDA CHAPADÃO", "nome": "CORREGO", "tipo": "Hidrografia" }, "geometry": { "type": "MultiLineString", "coordinates": [ [ [ -52.423623252032584, -24.785583716706068 ], [ -52.423387214205583, -24.785404860049752 ], [ -52.423227672263288, -24.785297388126459 ], [ -52.423071180927586, -24.785223270866879 ], [ -52.422917619464158, -24.785079930520109 ], [ -52.42274973319455, -24.785044133450221 ], [ -52.422612174230466, -24.784939506774748 ], [ -52.42245443074826, -24.784832677136087 ] ] ] } },
{ "type": "Feature", "properties": { "cod_sipra": "PR0110000", "nome_pa": "FAZENDA CHAPADÃO", "nome": "CORREGO", "tipo": "Hidrografia" }, "geometry": { "type": "MultiLineString", "coordinates": [ ] } },
{ "type": "Feature", "properties": { "cod_sipra": "PR0110000", "nome_pa": "FAZENDA CHAPADÃO", "nome": "CORREGO", "tipo": "Hidrografia" }, "geometry": { "type": "MultiLineString", "coordinates": [ [ [ -52.417476355281387, -24.785737687945602 ], [ -52.41755465251368, -24.785664731990352 ], [ -52.417554549915948, -24.785655703415298 ] ] ] } },
{ "type": "Feature", "properties": { "cod_sipra": "PR0110000", "nome_pa": "FAZENDA CHAPADÃO", "nome": "CORREGO", "tipo": "Hidrografia" }, "geometry": { "type": "MultiLineString", "coordinates": [ [ [ -52.420202603015802, -24.783896949910769 ], [ -52.420100305531633, -24.784042393155616 ], [ -52.420030288697227, -24.784187530900379 ], [ -52.419913610352658, -24.784333328996258 ], [ -52.41979620292279, -24.784478718790588 ], [ -52.419659635128632, -24.784644069397942 ], [ -52.419576298136363, -24.784769780508633 ], [ -52.419504572317528, -24.784923910430312 ], [ -52.419318186050035, -24.785061143030337 ], [ -52.419190114946439, -24.785121133023619 ], [ -52.419084242029754, -24.78520781562743 ], [ -52.418978149079663, -24.785353352497172 ], [ -52.418877810082655, -24.785473196796783 ], [ -52.41871945818076, -24.785464075320636 ], [ -52.418519482244456, -24.785502165002686 ], [ -52.418403840172019, -24.78555945427437 ], [ -52.418246229680975, -24.785601294425984 ], [ -52.418089261422907, -24.78570931935603 ], [ -52.4179304186314, -24.785676936701396 ], [ -52.417771894606936, -24.785635607665665 ], [ -52.417554549915948, -24.785655703415298 ] ] ] } },
{ "type": "Feature", "properties": { "cod_sipra": "PR0110000", "nome_pa": "FAZENDA CHAPADÃO", "nome": "CORREGO", "tipo": "Hidrografia" }, "geometry": { "type": "MultiLineString", "coordinates": [ [ [ -52.469373401966813, -24.783892197509608 ], [ -52.469351576797109, -24.783916905769544 ], [ -52.469293755143653, -24.784006269533798 ], [ -52.469291665368331, -24.784008399005103 ] ] ] } },
{ "type": "Feature", "properties": { "cod_sipra": "PR0110000", "nome_pa": "FAZENDA CHAPADÃO", "nome": "CORREGO", "tipo": "Hidrografia" }, "geometry": { "type": "MultiLineString", "coordinates": [ [ [ -52.426876889547216, -24.784384254913764 ], [ -52.426804379782901, -24.78437738750306 ], [ -52.426749898233204, -24.784520930255027 ], [ -52.426711991978635, -24.784665763965528 ], [ -52.426577681284343, -24.784811697434261 ], [ -52.426563499984695, -24.784956945390391 ], [ -52.426519460152655, -24.785101234737837 ], [ -52.426479929307469, -24.785213321422596 ], [ -52.426423538933612, -24.785390875144909 ], [ -52.426351119692107, -24.785536036872358 ], [ -52.426186978663537, -24.785682255099498 ], [ -52.426012072661258, -24.78574307222496 ], [ -52.425852104772609, -24.785650211636554 ], [ -52.425713749738563, -24.785687942670876 ], [ -52.425588350238435, -24.785832358792344 ], [ -52.425379655836586, -24.785862379955137 ], [ -52.425222728865045, -24.785907945705773 ], [ -52.425064001709508, -24.785864287472652 ], [ -52.424905277142969, -24.7858228734273 ], [ -52.424746738617557, -24.785815244827152 ], [ -52.424588254636937, -24.785782870437544 ], [ -52.424429926850692, -24.785770998408069 ], [ -52.42430551727994, -24.78569996804962 ], [ -52.424111880973975, -24.785656960563895 ], [ -52.42395361254826, -24.785657081707665 ], [ -52.423794052246272, -24.785598774980262 ] ] ] } },
{ "type": "Feature", "properties": { "cod_sipra": "PR0110000", "nome_pa": "FAZENDA CHAPADÃO", "nome": "CORREGO", "tipo": "Hidrografia" }, "geometry": { "type": "MultiLineString", "coordinates": [ [ [ -52.49296495498384, -24.78505778643536 ], [ -52.492854122527945, -24.784989016195162 ], [ -52.492696497310298, -24.785051156533825 ], [ -52.492539357947436, -24.785150391005391 ], [ -52.492381703092747, -24.785183364871635 ], [ -52.49222424136142, -24.78530870895521 ], [ -52.492066535195519, -24.785355503433319 ], [ -52.491908159336482, -24.785313868051063 ], [ -52.491750499484738, -24.785333472589862 ], [ -52.491591434502446, -24.785355359428706 ], [ -52.491433707361367, -24.785311160098381 ], [ -52.491274815298645, -24.785329911173232 ], [ -52.491116397737898, -24.785291479869269 ], [ -52.490963345192441, -24.785258484313392 ], [ -52.490799259631345, -24.785245169035218 ], [ -52.49064144338633, -24.785243093736458 ], [ -52.490483150499955, -24.785219687516534 ], [ -52.490324806954909, -24.785217087332818 ], [ -52.490166244619054, -24.785185136281019 ], [ -52.490017359787224, -24.785123041189856 ], [ -52.489847856613494, -24.785106912780993 ], [ -52.489835599874958, -24.785116770214909 ], [ -52.489737132842606, -24.785130113305325 ], [ -52.489690908776531, -24.78513571378878 ], [ -52.489578512190256, -24.785272367651523 ], [ -52.489376579586114, -24.785317207537002 ], [ -52.48921599411355, -24.785138144769125 ], [ -52.489058822082754, -24.78520971276734 ], [ -52.488900444405544, -24.785203598746492 ], [ -52.488741512965802, -24.785163756833651 ], [ -52.48858324411998, -24.785152978880202 ], [ -52.488425825159894, -24.78521152713769 ], [ -52.488267417325233, -24.785207160028509 ], [ -52.488109999737382, -24.785272674877032 ], [ -52.487949598088328, -24.785199447451298 ], [ -52.48779266457074, -24.785197541095151 ], [ -52.487643751443798, -24.785147045523171 ], [ -52.487474431906399, -24.785127531322978 ], [ -52.48731623965913, -24.785073423295934 ], [ -52.487208924128119, -24.785151607199037 ], [ -52.487001775755473, -24.785288525648102 ], [ -52.486843660430885, -24.785238481539572 ], [ -52.486685684171633, -24.785261756997784 ], [ -52.486526598251857, -24.785196872005741 ], [ -52.486368810036758, -24.785229746462424 ], [ -52.486210310866824, -24.785278370047163 ], [ -52.486104941297569, -24.785314579035116 ], [ -52.486052690066586, -24.785339780578465 ], [ -52.485893713832546, -24.785280764960323 ], [ -52.485748230450206, -24.785310399419533 ], [ -52.485638443305454, -24.785456574842694 ], [ -52.485422797075557, -24.785527752710401 ] ] ] } },
{ "type": "Feature", "properties": { "cod_sipra": "PR0110000", "nome_pa": "FAZENDA CHAPADÃO", "nome": "CORREGO", "tipo": "Hidrografia" }, "geometry": { "type": "MultiLineString", "coordinates": [ [ [ -52.468928061551281, -24.785756276684122 ], [ -52.468827016121701, -24.785576658119489 ], [ -52.468825454975892, -24.785444414466205 ], [ -52.468735395750173, -24.785252263657778 ], [ -52.468843035756244, -24.785106967716764 ], [ -52.468898926845405, -24.784961952245684 ], [ -52.468889053061432, -24.784817574855708 ], [ -52.46885688296269, -24.784672878444795 ], [ -52.468834025236582, -24.784528527412316 ], [ -52.468914910018469, -24.784383326234138 ], [ -52.469048546214353, -24.784229123200827 ] ] ] } },
{ "type": "Feature", "properties": { "cod_sipra": "PR0110000", "nome_pa": "FAZENDA CHAPADÃO", "nome": "CORREGO", "tipo": "Hidrografia" }, "geometry": { "type": "MultiLineString", "coordinates": [ [ [ -52.416215587213031, -24.786411031968417 ], [ -52.41636823487417, -24.786326007296079 ], [ -52.416532092115624, -24.786198104929266 ], [ -52.416689584734208, -24.786128677859832 ], [ -52.416846945735692, -24.78605224131228 ], [ -52.417004992398581, -24.786013357206276 ], [ -52.417161728603595, -24.785900999399733 ], [ -52.417318696834101, -24.78578751096439 ], [ -52.417476355281387, -24.785737687945602 ] ] ] } },
{ "type": "Feature", "properties": { "cod_sipra": "PR0110000", "nome_pa": "FAZENDA CHAPADÃO", "nome": "CORREGO", "tipo": "Hidrografia" }, "geometry": { "type": "MultiLineString", "coordinates": [ [ [ -52.496240199136416, -24.785877722682454 ], [ -52.495979640298565, -24.785823993422763 ], [ -52.49582184353968, -24.785861713501252 ], [ -52.495663791979993, -24.785878191410646 ], [ -52.495505801046761, -24.78589939615447 ], [ -52.49534931115209, -24.785900934116544 ], [ -52.495256834481403, -24.785757392179622 ], [ -52.49518622657807, -24.785640759969993 ], [ -52.495046305717992, -24.78547033772551 ], [ -52.495024509590507, -24.785353392496255 ], [ -52.49486609333767, -24.78536384990791 ], [ -52.494708136062584, -24.785364036237439 ], [ -52.494549041099418, -24.785293390185263 ], [ -52.494390371532397, -24.785255898787028 ], [ -52.49428249408065, -24.785189241104458 ], [ -52.494102745890359, -24.785191083066671 ], [ -52.493915424753119, -24.7853162035161 ], [ -52.493777696069451, -24.785339363602816 ], [ -52.493600325572565, -24.785374367570512 ], [ -52.493439820785696, -24.785302844626596 ], [ -52.493282536842877, -24.785250262339773 ], [ -52.493123245381447, -24.785163125332424 ], [ -52.49296495498384, -24.78505778643536 ] ] ] } },
{ "type": "Feature", "properties": { "cod_sipra": "PR0110000", "nome_pa": "FAZENDA CHAPADÃO", "nome": "CORREGO", "tipo": "Hidrografia" }, "geometry": { "type": "MultiLineString", "coordinates": [ [ [ -52.496461388888889, -24.785923333333336 ], [ -52.496240199136416, -24.785877722682454 ] ] ] } },
{ "type": "Feature", "properties": { "cod_sipra": "PR0110000", "nome_pa": "FAZENDA CHAPADÃO", "nome": "CORREGO", "tipo": "Hidrografia" }, "geometry": { "type": "MultiLineString", "coordinates": [ [ [ -52.496233041452264, -24.785876246719049 ], [ -52.496242427504235, -24.785878182187052 ] ] ] } },
{ "type": "Feature", "properties": { "cod_sipra": "PR0110000", "nome_pa": "FAZENDA CHAPADÃO", "nome": "CORREGO", "tipo": "Hidrografia" }, "geometry": { "type": "MultiLineString", "coordinates": [ [ [ -52.42966790561902, -24.78698518614901 ], [ -52.429666663855848, -24.786876843838613 ], [ -52.429598866493244, -24.786732841945344 ], [ -52.429553296098753, -24.786588336036292 ], [ -52.429447209461415, -24.786445345957283 ], [ -52.429312145427545, -24.786313337398575 ], [ -52.429152742150642, -24.786203968618601 ], [ -52.429059887119351, -24.786015805061155 ], [ -52.428933127736222, -24.785872543011457 ], [ -52.428830405776893, -24.785754026895464 ], [ -52.428670987445287, -24.785612128000025 ], [ -52.42851175405179, -24.785501876806006 ], [ -52.428352267567448, -24.785402074102873 ], [ -52.428221126929408, -24.785301127270984 ], [ -52.428033333011754, -24.785183682675804 ], [ -52.427874143393645, -24.785101714058886 ], [ -52.427839699063703, -24.78506853079222 ] ] ] } },
{ "type": "Feature", "properties": { "cod_sipra": "PR0110000", "nome_pa": "FAZENDA CHAPADÃO", "nome": "CORREGO", "tipo": "Hidrografia" }, "geometry": { "type": "MultiLineString", "coordinates": [ [ [ -52.467692288546807, -24.786644253167353 ], [ -52.467833119062028, -24.786515591279883 ], [ -52.467928117929745, -24.78645021974306 ], [ -52.468073112036436, -24.786422995196929 ], [ -52.46823194023191, -24.786277783644124 ], [ -52.468401881735602, -24.786153491996885 ], [ -52.468559863549629, -24.786097770721696 ], [ -52.468716534697833, -24.78599648941093 ], [ -52.468873837535895, -24.785908315364964 ], [ -52.468928061551281, -24.785756276684122 ] ] ] } },
{ "type": "Feature", "properties": { "cod_sipra": "PR0110000", "nome_pa": "FAZENDA CHAPADÃO", "nome": "CORREGO", "tipo": "Hidrografia" }, "geometry": { "type": "MultiLineString", "coordinates": [ [ [ -52.429639704846842, -24.787201933088525 ], [ -52.429639580948887, -24.787201657775043 ], [ -52.42966790561902, -24.78698518614901 ] ] ] } },
{ "type": "Feature", "properties": { "cod_sipra": "PR0110000", "nome_pa": "FAZENDA CHAPADÃO", "nome": "CORREGO", "tipo": "Hidrografia" }, "geometry": { "type": "MultiLineString", "coordinates": [ [ [ -52.450555770078481, -24.78774140360472 ], [ -52.450566615229818, -24.787740599297518 ], [ -52.450652571047186, -24.787722431423791 ], [ -52.450707613868822, -24.787672788479338 ], [ -52.450709362049132, -24.787658576857687 ], [ -52.450683426583389, -24.787585771261551 ], [ -52.450609409808123, -24.78749292722344 ], [ -52.450552010004117, -24.787409547498399 ], [ -52.450492897518693, -24.787326621372028 ], [ -52.450452258131328, -24.787257129910323 ], [ -52.450394921963458, -24.787071090852844 ], [ -52.450333843631228, -24.786971700158247 ], [ -52.45032046326596, -24.786939926314037 ], [ -52.450301146195351, -24.786912940211721 ], [ -52.450148094217219, -24.786816835353982 ], [ -52.449988180672264, -24.786673938885443 ], [ -52.449828033100253, -24.786520833213256 ], [ -52.449697774082544, -24.786368113464661 ], [ -52.449656561063222, -24.78622406317243 ], [ -52.449553043016849, -24.786080565094224 ], [ -52.449503595088181, -24.785936085744751 ], [ -52.449438781015893, -24.785792577148019 ], [ -52.449372499698434, -24.785648278632578 ], [ -52.449341615426484, -24.785504799986462 ], [ -52.44921228521563, -24.785361318404764 ], [ -52.449006608444776, -24.785212631355634 ], [ -52.448863599021138, -24.785075966055697 ], [ -52.448700907540264, -24.7849319239557 ], [ -52.448541791452485, -24.784790993836168 ], [ -52.448429167492847, -24.784646760698223 ] ] ] } },
{ "type": "Feature", "properties": { "cod_sipra": "PR0110000", "nome_pa": "FAZENDA CHAPADÃO", "nome": "CORREGO", "tipo": "Hidrografia" }, "geometry": { "type": "MultiLineString", "coordinates": [ [ [ -52.464502464702122, -24.787902172032346 ], [ -52.464550998433573, -24.787821739360012 ], [ -52.464727879127977, -24.787675319078215 ], [ -52.464932498947853, -24.787528482638393 ], [ -52.465091857128648, -24.787471563297135 ], [ -52.465217646010124, -24.787526315920733 ], [ -52.465396900390019, -24.787524381156874 ], [ -52.465497725133531, -24.787379060689958 ], [ -52.465470353994519, -24.787234853503548 ], [ -52.465674843665717, -24.787088405956197 ], [ -52.46587824016693, -24.787078886744279 ], [ -52.466022949955288, -24.787229514713115 ], [ -52.466107112822883, -24.787226936173393 ], [ -52.466165854844974, -24.787083369201707 ], [ -52.466201005130998, -24.787083270033452 ], [ -52.46629777640608, -24.787082262064096 ], [ -52.466351743757592, -24.786972335588469 ], [ -52.466509195054684, -24.786964443407296 ], [ -52.466669290353835, -24.787061020489311 ], [ -52.466826133207633, -24.786998996988363 ], [ -52.46698350595085, -24.786905112677534 ], [ -52.467114384598311, -24.786929628211752 ], [ -52.467294726687669, -24.786822129432654 ], [ -52.467367009015348, -24.78663774139341 ], [ -52.46748701733636, -24.786637439406796 ], [ -52.46761309002116, -24.786636022314109 ], [ -52.467692288546807, -24.786644253167353 ] ] ] } },
{ "type": "Feature", "properties": { "cod_sipra": "PR0110000", "nome_pa": "FAZENDA CHAPADÃO", "nome": "CORREGO", "tipo": "Hidrografia" }, "geometry": { "type": "MultiLineString", "coordinates": [ ] } },
{ "type": "Feature", "properties": { "cod_sipra": "PR0110000", "nome_pa": "FAZENDA CHAPADÃO", "nome": "CORREGO", "tipo": "Hidrografia" }, "geometry": { "type": "MultiLineString", "coordinates": [ ] } },
{ "type": "Feature", "properties": { "cod_sipra": "PR0110000", "nome_pa": "FAZENDA CHAPADÃO", "nome": "CORREGO", "tipo": "Hidrografia" }, "geometry": { "type": "MultiLineString", "coordinates": [ ] } },
{ "type": "Feature", "properties": { "cod_sipra": "PR0110000", "nome_pa": "FAZENDA CHAPADÃO", "nome": "CORREGO", "tipo": "Hidrografia" }, "geometry": { "type": "MultiLineString", "coordinates": [ [ [ -52.415698608654353, -24.788580784304997 ], [ -52.415556765106025, -24.788515675938594 ], [ -52.415479032167035, -24.788444989966138 ], [ -52.415429559108908, -24.78837244691832 ], [ -52.415309575946971, -24.788293925218778 ], [ -52.415198362561064, -24.788230151459494 ], [ -52.415075084164393, -24.788086631811719 ], [ -52.41491387382974, -24.787943904651584 ], [ -52.414829226450436, -24.787801841615405 ], [ -52.414749624517022, -24.787656523814597 ], [ -52.414770832224015, -24.787511827898268 ], [ -52.41479926217476, -24.787354260984891 ], [ -52.414823054142488, -24.787222399099125 ], [ -52.414979674384661, -24.787092813462785 ], [ -52.415136947026177, -24.786959369993227 ], [ -52.415293958469675, -24.786866709764336 ], [ -52.415427051183549, -24.786783079096569 ], [ -52.415608641830318, -24.786702318022606 ], [ -52.415749649196798, -24.786635745894777 ], [ -52.415923987599633, -24.786570496266993 ], [ -52.416053950105557, -24.786488224737628 ], [ -52.416215587213031, -24.786411031968417 ] ] ] } },
{ "type": "Feature", "properties": { "cod_sipra": "PR0110000", "nome_pa": "FAZENDA CHAPADÃO", "nome": "CORREGO", "tipo": "Hidrografia" }, "geometry": { "type": "MultiLineString", "coordinates": [ [ [ -52.454844245121571, -24.788771885632098 ], [ -52.454644192215717, -24.788703888383068 ], [ -52.454471323190546, -24.788595698974007 ], [ -52.454311717767844, -24.788479841576251 ], [ -52.454153503883447, -24.788482971866557 ], [ -52.45399363369345, -24.788442710305816 ], [ -52.453890511390085, -24.788277824002343 ], [ -52.453714225141326, -24.78813504693407 ], [ -52.453516021103439, -24.788104751255386 ], [ -52.453357413548389, -24.788086471690594 ], [ -52.453311058002875, -24.787969287308432 ], [ -52.453282836183241, -24.787897943907794 ], [ -52.453269963199759, -24.787904873962184 ], [ -52.453240400558641, -24.787920788736038 ], [ -52.453230278886224, -24.787934510654985 ], [ -52.453227868930135, -24.787970458634 ], [ -52.453197857266275, -24.787992458586487 ], [ -52.453197786375796, -24.787991555492468 ] ] ] } },
{ "type": "Feature", "properties": { "cod_sipra": "PR0110000", "nome_pa": "FAZENDA CHAPADÃO", "nome": "CORREGO", "tipo": "Hidrografia" }, "geometry": { "type": "MultiLineString", "coordinates": [ [ [ -52.456966410262332, -24.788256329535063 ], [ -52.456821132692987, -24.788233493026294 ], [ -52.456662253841905, -24.788238069500036 ], [ -52.456505688037886, -24.788327366036217 ], [ -52.45634779237335, -24.788353260146657 ], [ -52.456209141506179, -24.788417932182213 ], [ -52.456025923505393, -24.788515875619037 ], [ -52.455964939560715, -24.788555306355033 ], [ -52.455870579972604, -24.788575185226811 ], [ -52.455716865950073, -24.788622445145851 ], [ -52.455683802846345, -24.788690331509127 ], [ -52.455656095018796, -24.788726737751041 ], [ -52.455600961659165, -24.788711645737028 ], [ -52.455485074574995, -24.788643538729271 ], [ -52.455401276229729, -24.788613092449047 ], [ -52.455383094042404, -24.788595873506104 ], [ -52.455363268314485, -24.788571426749204 ], [ -52.455327909248801, -24.788534715550675 ], [ -52.455244804674713, -24.788541561641111 ], [ -52.455181748077266, -24.788605218360431 ], [ -52.455157669590932, -24.788661505475861 ], [ -52.455114973460432, -24.788678882422211 ], [ -52.455084761029504, -24.788673655409365 ], [ -52.455053394289379, -24.788677836868398 ], [ -52.454979827270705, -24.788694167621632 ], [ -52.454949760551486, -24.78870295843921 ], [ -52.454933781749467, -24.788713809159102 ], [ -52.454906221322105, -24.788741164525408 ] ] ] } },
{ "type": "Feature", "properties": { "cod_sipra": "PR0110000", "nome_pa": "FAZENDA CHAPADÃO", "nome": "CORREGO", "tipo": "Hidrografia" }, "geometry": { "type": "MultiLineString", "coordinates": [ [ [ -52.469836821362691, -24.7872640395891 ], [ -52.469734922049007, -24.78722915348402 ], [ -52.469663221686019, -24.787085209759276 ], [ -52.469664059530274, -24.786940911880336 ], [ -52.469700139941182, -24.786795870633433 ], [ -52.469643141771677, -24.786651995239051 ], [ -52.469569534764219, -24.786507762713459 ], [ -52.469497988052645, -24.786383212305275 ], [ -52.469455074057315, -24.786279902905687 ], [ -52.469448118938232, -24.78626163885529 ], [ -52.46928892215309, -24.786163583894055 ], [ -52.469127913926769, -24.78594832005356 ], [ -52.46902503154471, -24.785790767105347 ], [ -52.468953179071704, -24.785767887597469 ], [ -52.468928061551281, -24.785756276684122 ] ] ] } },
{ "type": "Feature", "properties": { "cod_sipra": "PR0110000", "nome_pa": "FAZENDA CHAPADÃO", "nome": "CORREGO", "tipo": "Hidrografia" }, "geometry": { "type": "MultiLineString", "coordinates": [ [ [ -52.443083675474284, -24.787427212261733 ], [ -52.443066198369017, -24.787362254095626 ], [ -52.44320567615253, -24.787361652307908 ], [ -52.443418447528785, -24.787240328738172 ], [ -52.443507289261724, -24.787068998852888 ], [ -52.443720405069435, -24.786922489729498 ], [ -52.44385099660208, -24.786775570357641 ], [ -52.444044249289867, -24.786689052224713 ], [ -52.444202757904989, -24.786728282930799 ], [ -52.444360512586591, -24.786678994803761 ], [ -52.444492127844825, -24.786663532803509 ], [ -52.444513841231881, -24.786726797165102 ], [ -52.444624454593288, -24.786686709097925 ], [ -52.444604761301193, -24.786629330651106 ], [ -52.444675080651976, -24.786515620536619 ], [ -52.444832059560511, -24.786407745011115 ], [ -52.444989955295007, -24.786250133113082 ], [ -52.445125069785853, -24.78618606337341 ], [ -52.445144695254079, -24.786061980711757 ], [ -52.445302111419451, -24.786002120802838 ], [ -52.445459325795959, -24.785912529468366 ], [ -52.445615871087213, -24.785764953010979 ], [ -52.445772363802185, -24.785611489465197 ], [ -52.445877605766924, -24.785456990074103 ], [ -52.446085586607943, -24.785328593778196 ], [ -52.446184294568475, -24.785165083959026 ], [ -52.446370279234841, -24.785017880879959 ], [ -52.446527845633092, -24.784872643758497 ], [ -52.446712107353569, -24.784771719597472 ], [ -52.446869989228709, -24.784671313234131 ], [ -52.44700161310957, -24.784579324128504 ], [ -52.447162762968375, -24.78443045782344 ], [ -52.447307498713904, -24.7842872207619 ], [ -52.447466371858297, -24.784141393848309 ], [ -52.447629331098362, -24.783995342690403 ], [ -52.447699862683436, -24.783850083340202 ] ] ] } },
{ "type": "Feature", "properties": { "cod_sipra": "PR0110000", "nome_pa": "FAZENDA CHAPADÃO", "nome": "CORREGO", "tipo": "Hidrografia" }, "geometry": { "type": "MultiLineString", "coordinates": [ [ [ -52.468107972800944, -24.787714655411289 ], [ -52.46811111592735, -24.787570153963447 ], [ -52.468048044020634, -24.787460240339065 ], [ -52.467907512889305, -24.787283208972831 ], [ -52.467846475235895, -24.787139336976619 ], [ -52.467853438426104, -24.786993957838739 ], [ -52.467882323351454, -24.786857052960485 ], [ -52.467881275891614, -24.786747826572491 ], [ -52.467720134008054, -24.786668300542171 ], [ -52.467692288546807, -24.786644253167353 ] ] ] } },
{ "type": "Feature", "properties": { "cod_sipra": "PR0110000", "nome_pa": "FAZENDA CHAPADÃO", "nome": "CORREGO", "tipo": "Hidrografia" }, "geometry": { "type": "MultiLineString", "coordinates": [ [ [ -52.415452945502707, -24.7895944172977 ], [ -52.415516682159179, -24.789375418809495 ], [ -52.415608550376433, -24.789231536098995 ], [ -52.415642491402075, -24.789086766957183 ], [ -52.41568521710812, -24.78894189004366 ], [ -52.415750720401071, -24.788796958236567 ], [ -52.415719655542539, -24.78865214980695 ], [ -52.415698608654353, -24.788580784304997 ] ] ] } },
{ "type": "Feature", "properties": { "cod_sipra": "PR0110000", "nome_pa": "FAZENDA CHAPADÃO", "nome": "CORREGO", "tipo": "Hidrografia" }, "geometry": { "type": "MultiLineString", "coordinates": [ ] } },
{ "type": "Feature", "properties": { "cod_sipra": "PR0110000", "nome_pa": "FAZENDA CHAPADÃO", "nome": "CORREGO", "tipo": "Hidrografia" }, "geometry": { "type": "MultiLineString", "coordinates": [ ] } },
{ "type": "Feature", "properties": { "cod_sipra": "PR0110000", "nome_pa": "FAZENDA CHAPADÃO", "nome": "CORREGO", "tipo": "Hidrografia" }, "geometry": { "type": "MultiLineString", "coordinates": [ [ [ -52.415383092883808, -24.789794302332382 ], [ -52.415427854112252, -24.789666217017629 ] ] ] } },
{ "type": "Feature", "properties": { "cod_sipra": "PR0110000", "nome_pa": "FAZENDA CHAPADÃO", "nome": "CORREGO", "tipo": "Hidrografia" }, "geometry": { "type": "MultiLineString", "coordinates": [ ] } },
{ "type": "Feature", "properties": { "cod_sipra": "PR0110000", "nome_pa": "FAZENDA CHAPADÃO", "nome": "CORREGO", "tipo": "Hidrografia" }, "geometry": { "type": "MultiLineString", "coordinates": [ ] } },
{ "type": "Feature", "properties": { "cod_sipra": "PR0110000", "nome_pa": "FAZENDA CHAPADÃO", "nome": "CORREGO", "tipo": "Hidrografia" }, "geometry": { "type": "MultiLineString", "coordinates": [ [ [ -52.495494494375883, -24.789014481119093 ], [ -52.495448333333336, -24.788826944444452 ], [ -52.495403333333336, -24.788544166666671 ], [ -52.495376666666665, -24.788259444444435 ], [ -52.495373888888892, -24.78805 ], [ -52.4953777442188, -24.787936209378511 ], [ -52.495383055555557, -24.787779444444446 ], [ -52.4954173922916, -24.787598477398692 ], [ -52.495452777885625, -24.787411982013165 ], [ -52.495458055555552, -24.787384166666659 ], [ -52.495515833333343, -24.787181388888886 ], [ -52.495552639559413, -24.787076721386619 ], [ -52.495597078625075, -24.786921333340391 ], [ -52.495766111111109, -24.78656 ], [ -52.4958575, -24.786441666666672 ], [ -52.4960125, -24.786317222222223 ], [ -52.496212481071183, -24.786141744242581 ], [ -52.496461388888889, -24.785923333333336 ] ] ] } },
{ "type": "Feature", "properties": { "cod_sipra": "PR0110000", "nome_pa": "FAZENDA CHAPADÃO", "nome": "CORREGO", "tipo": "Hidrografia" }, "geometry": { "type": "MultiLineString", "coordinates": [ [ [ -52.495496162825795, -24.789021259453538 ], [ -52.495494494375883, -24.789014481119093 ] ] ] } },
{ "type": "Feature", "properties": { "cod_sipra": "PR0110000", "nome_pa": "FAZENDA CHAPADÃO", "nome": "CORREGO", "tipo": "Hidrografia" }, "geometry": { "type": "MultiLineString", "coordinates": [ [ [ -52.448391629209539, -24.78962342836623 ], [ -52.448498148994609, -24.78940357409093 ], [ -52.448535238591724, -24.789293635033882 ], [ -52.448593989693833, -24.789113733084946 ], [ -52.448637289211923, -24.788969797704446 ], [ -52.448669790856954, -24.788824517593355 ], [ -52.448783331202847, -24.788679499548227 ], [ -52.448871010038737, -24.788534130460221 ], [ -52.448959732406053, -24.788388852651597 ], [ -52.449014724326439, -24.788320125487907 ], [ -52.449093989963082, -24.788242321686006 ], [ -52.449235312183752, -24.788151640825962 ], [ -52.449312642665163, -24.788116774080596 ], [ -52.449354173931006, -24.788107057094074 ], [ -52.449428694259304, -24.788101051371179 ], [ -52.449455773777714, -24.788095128544562 ], [ -52.449589513909601, -24.788068697024986 ], [ -52.449620849699336, -24.788056824967423 ], [ -52.449628380814566, -24.788050509960712 ], [ -52.449738542750296, -24.787969983635168 ], [ -52.449781979996793, -24.787947446376521 ], [ -52.449855553396596, -24.787882566425729 ], [ -52.449901461506428, -24.787844503148275 ], [ -52.449922691764684, -24.787826338779659 ], [ -52.449942228283106, -24.787819488839752 ], [ -52.449981037599002, -24.787785383842508 ], [ -52.450110914808533, -24.78772263036749 ], [ -52.450219499192208, -24.787717156520753 ], [ -52.450258529028574, -24.787723586430705 ], [ -52.450324872994706, -24.787749621186585 ], [ -52.450396229652036, -24.787761537522691 ], [ -52.450416177824167, -24.787751756091655 ], [ -52.450555770078481, -24.78774140360472 ] ] ] } },
{ "type": "Feature", "properties": { "cod_sipra": "PR0110000", "nome_pa": "FAZENDA CHAPADÃO", "nome": "CORREGO", "tipo": "Hidrografia" }, "geometry": { "type": "MultiLineString", "coordinates": [ [ [ -52.422547104070603, -24.787971132117562 ], [ -52.422536722998878, -24.787914236253421 ], [ -52.422532261741445, -24.787889785281703 ], [ -52.422501861350206, -24.787796414507056 ], [ -52.422478163183769, -24.78774546216485 ], [ -52.422334454174035, -24.787623965189152 ], [ -52.422381587534936, -24.787460291941553 ], [ -52.422379215010253, -24.787315735155765 ], [ -52.422487796366276, -24.787188642228532 ], [ -52.422486364871482, -24.78707013067157 ], [ -52.422465003713931, -24.787001089798917 ], [ -52.4226780697105, -24.786912077653621 ], [ -52.422598234843342, -24.786831281682328 ], [ -52.422534091222367, -24.78685880520035 ], [ -52.422482961731752, -24.786769252008572 ], [ -52.422597107767203, -24.786591236992219 ], [ -52.422637849622845, -24.786472108570099 ], [ -52.422794458686823, -24.786316392123585 ], [ -52.422929747250258, -24.786155342025264 ], [ -52.423077661358612, -24.786009599913108 ], [ -52.423168424637929, -24.785863443090943 ], [ -52.423381520262197, -24.785759373892581 ], [ -52.423443152142994, -24.785685222370574 ], [ -52.423497202975014, -24.785678095999121 ], [ -52.423542055584527, -24.785662631006925 ] ] ] } },
{ "type": "Feature", "properties": { "cod_sipra": "PR0110000", "nome_pa": "FAZENDA CHAPADÃO", "nome": "CORREGO", "tipo": "Hidrografia" }, "geometry": { "type": "MultiLineString", "coordinates": [ [ [ -52.484695603140821, -24.790070236989298 ], [ -52.484705385431489, -24.790061110572736 ] ] ] } },
{ "type": "Feature", "properties": { "cod_sipra": "PR0110000", "nome_pa": "FAZENDA CHAPADÃO", "nome": "CORREGO", "tipo": "Hidrografia" }, "geometry": { "type": "MultiLineString", "coordinates": [ [ [ -52.4844286868111, -24.790081914178419 ], [ -52.484536662104915, -24.790008564295285 ], [ -52.484695603140821, -24.790070236989298 ] ] ] } },
{ "type": "Feature", "properties": { "cod_sipra": "PR0110000", "nome_pa": "FAZENDA CHAPADÃO", "nome": "CORREGO", "tipo": "Hidrografia" }, "geometry": { "type": "MultiLineString", "coordinates": [ [ [ -52.487248346152626, -24.790144212577403 ], [ -52.487092307332205, -24.790187914002065 ] ] ] } },
{ "type": "Feature", "properties": { "cod_sipra": "PR0110000", "nome_pa": "FAZENDA CHAPADÃO", "nome": "CORREGO", "tipo": "Hidrografia" }, "geometry": { "type": "MultiLineString", "coordinates": [ [ [ -52.4293936567625, -24.790706155399885 ], [ -52.429385909739686, -24.790701573156099 ], [ -52.429297951971606, -24.790607174479366 ], [ -52.429281175160469, -24.790501407978461 ], [ -52.429228220691527, -24.790348364480735 ], [ -52.429156646561026, -24.790204580286208 ], [ -52.42913197432231, -24.790060290352947 ], [ -52.429152335445863, -24.789915647005785 ], [ -52.429275063708054, -24.789893413535822 ], [ -52.429340370934518, -24.78976875844403 ], [ -52.42927067615603, -24.789624951873236 ], [ -52.429231107521908, -24.789478694213315 ], [ -52.429259682307283, -24.789336758659012 ], [ -52.429305952270148, -24.789190910168866 ], [ -52.429368709106804, -24.789046549939808 ], [ -52.429394766216028, -24.788901295895567 ], [ -52.429419490829659, -24.788758936539569 ], [ -52.429486556113048, -24.788611584620647 ], [ -52.429478934267358, -24.788467831403697 ], [ -52.429526306890565, -24.788322059193348 ], [ -52.429508862185855, -24.788178542779683 ], [ -52.429501892388373, -24.78803419548418 ], [ -52.429500236818434, -24.787889739079699 ], [ -52.429482319927153, -24.787747856659308 ], [ -52.429519791915638, -24.787600430604915 ], [ -52.429560486812434, -24.78745541891357 ], [ -52.429581060178222, -24.787378260422201 ] ] ] } },
{ "type": "Feature", "properties": { "cod_sipra": "PR0110000", "nome_pa": "FAZENDA CHAPADÃO", "nome": "CORREGO", "tipo": "Hidrografia" }, "geometry": { "type": "MultiLineString", "coordinates": [ [ [ -52.429398242952473, -24.790708868059742 ], [ -52.429405161502729, -24.790712960273819 ] ] ] } },
{ "type": "Feature", "properties": { "cod_sipra": "PR0110000", "nome_pa": "FAZENDA CHAPADÃO", "nome": "CORREGO", "tipo": "Hidrografia" }, "geometry": { "type": "MultiLineString", "coordinates": [ [ [ -52.429398242952473, -24.790708868059742 ], [ -52.4293936567625, -24.790706155399885 ] ] ] } },
{ "type": "Feature", "properties": { "cod_sipra": "PR0110000", "nome_pa": "FAZENDA CHAPADÃO", "nome": "CORREGO", "tipo": "Hidrografia" }, "geometry": { "type": "MultiLineString", "coordinates": [ [ [ -52.487248346152626, -24.790144212577403 ], [ -52.487092307332205, -24.790187914002065 ], [ -52.486852628739008, -24.790196863708829 ], [ -52.486695678869694, -24.790249005009841 ], [ -52.486537153556888, -24.790226673906147 ], [ -52.486378335223726, -24.790195708015258 ], [ -52.486220368741655, -24.790219925680301 ], [ -52.486069652815324, -24.790191680520874 ], [ -52.485951471913928, -24.790193187178765 ], [ -52.485744446786782, -24.790106541963038 ], [ -52.485585958081977, -24.790086921940283 ], [ -52.485427006426164, -24.790028428877445 ], [ -52.485268840409681, -24.790035893405822 ], [ -52.485110356690832, -24.790028917228099 ], [ -52.484951553461762, -24.790030077857544 ], [ -52.484794169300486, -24.790043763926999 ] ] ] } },
{ "type": "Feature", "properties": { "cod_sipra": "PR0110000", "nome_pa": "FAZENDA CHAPADÃO", "nome": "CORREGO", "tipo": "Hidrografia" }, "geometry": { "type": "MultiLineString", "coordinates": [ [ [ -52.495602537390447, -24.790169771561548 ], [ -52.495602777777776, -24.790060277777773 ], [ -52.495581666666673, -24.78972638888888 ], [ -52.495563611111116, -24.789295277777775 ], [ -52.495513399284754, -24.789091285170191 ] ] ] } },
{ "type": "Feature", "properties": { "cod_sipra": "PR0110000", "nome_pa": "FAZENDA CHAPADÃO", "nome": "CORREGO", "tipo": "Hidrografia" }, "geometry": { "type": "MultiLineString", "coordinates": [ ] } },
{ "type": "Feature", "properties": { "cod_sipra": "PR0110000", "nome_pa": "FAZENDA CHAPADÃO", "nome": "CORREGO", "tipo": "Hidrografia" }, "geometry": { "type": "MultiLineString", "coordinates": [ ] } },
{ "type": "Feature", "properties": { "cod_sipra": "PR0110000", "nome_pa": "FAZENDA CHAPADÃO", "nome": "CORREGO", "tipo": "Hidrografia" }, "geometry": { "type": "MultiLineString", "coordinates": [ [ [ -52.4844286868111, -24.790081914178419 ], [ -52.484415386879689, -24.79008818155712 ], [ -52.484350647773674, -24.790198661064547 ], [ -52.484193267539823, -24.790272182124202 ], [ -52.484050707341041, -24.790151394152623 ], [ -52.48387498691217, -24.790116788529954 ], [ -52.48371710660102, -24.790129613893438 ], [ -52.483557543234177, -24.790097286986011 ], [ -52.483400785520793, -24.790147875719946 ], [ -52.483242897674991, -24.790195086766534 ], [ -52.483117710579279, -24.7901609577149 ], [ -52.482926812482319, -24.790214185793776 ], [ -52.482769517879952, -24.790297008712692 ], [ -52.482612056730588, -24.790361796320372 ] ] ] } },
{ "type": "Feature", "properties": { "cod_sipra": "PR0110000", "nome_pa": "FAZENDA CHAPADÃO", "nome": "CORREGO", "tipo": "Hidrografia" }, "geometry": { "type": "MultiLineString", "coordinates": [ [ [ -52.463303103979101, -24.790803417045964 ], [ -52.463289345314067, -24.790723495879178 ], [ -52.463356879747231, -24.790578364749042 ], [ -52.463395229238103, -24.790433427600149 ], [ -52.463472973617741, -24.790296252343449 ], [ -52.463611317639568, -24.7901424650675 ], [ -52.463646747634371, -24.789997646990749 ], [ -52.463760401105304, -24.789851304956819 ], [ -52.463782286723095, -24.789743497503522 ], [ -52.463892359189195, -24.789561011089134 ], [ -52.46392738205715, -24.789416800512992 ], [ -52.464055130501428, -24.789271093036177 ], [ -52.464092007845416, -24.789167132404188 ], [ -52.464092173617473, -24.789071983859035 ], [ -52.464191993927692, -24.788836569329636 ], [ -52.464226644666383, -24.788691733962242 ], [ -52.464243344974399, -24.788569036066587 ], [ -52.464310515897502, -24.788401975505682 ], [ -52.464398473036184, -24.788309249660582 ], [ -52.46455516528939, -24.788154722169885 ], [ -52.464552858539285, -24.787984250763813 ], [ -52.464502464702122, -24.787902172032346 ] ] ] } },
{ "type": "Feature", "properties": { "cod_sipra": "PR0110000", "nome_pa": "FAZENDA CHAPADÃO", "nome": "CORREGO", "tipo": "Hidrografia" }, "geometry": { "type": "MultiLineString", "coordinates": [ ] } },
{ "type": "Feature", "properties": { "cod_sipra": "PR0110000", "nome_pa": "FAZENDA CHAPADÃO", "nome": "CORREGO", "tipo": "Hidrografia" }, "geometry": { "type": "MultiLineString", "coordinates": [ ] } },
{ "type": "Feature", "properties": { "cod_sipra": "PR0110000", "nome_pa": "FAZENDA CHAPADÃO", "nome": "CORREGO", "tipo": "Hidrografia" }, "geometry": { "type": "MultiLineString", "coordinates": [ [ [ -52.495613847054869, -24.790648196493155 ], [ -52.49561315479054, -24.79063920571128 ] ] ] } },
{ "type": "Feature", "properties": { "cod_sipra": "PR0110000", "nome_pa": "FAZENDA CHAPADÃO", "nome": "CORREGO", "tipo": "Hidrografia" }, "geometry": { "type": "MultiLineString", "coordinates": [ [ [ -52.495613806006084, -24.790647663372134 ], [ -52.495613847054869, -24.790648196493155 ] ] ] } },
{ "type": "Feature", "properties": { "cod_sipra": "PR0110000", "nome_pa": "FAZENDA CHAPADÃO", "nome": "CORREGO", "tipo": "Hidrografia" }, "geometry": { "type": "MultiLineString", "coordinates": [ [ [ -52.495613806006084, -24.790647663372134 ], [ -52.495601944444452, -24.790493611111106 ], [ -52.495602537390447, -24.790169771561548 ] ] ] } },
{ "type": "Feature", "properties": { "cod_sipra": "PR0110000", "nome_pa": "FAZENDA CHAPADÃO", "nome": "CORREGO", "tipo": "Hidrografia" }, "geometry": { "type": "MultiLineString", "coordinates": [ [ [ -52.448666903114656, -24.791281137169843 ], [ -52.448596599941318, -24.791191501171234 ], [ -52.448595375323109, -24.791081588484307 ], [ -52.448538990302339, -24.790912167471379 ], [ -52.448514681648554, -24.790767584151478 ], [ -52.448530677388966, -24.790623283234471 ], [ -52.448472768165004, -24.790479180664104 ], [ -52.44842601210928, -24.790335354315811 ], [ -52.448367404985589, -24.790191449333417 ], [ -52.448350791069622, -24.79004713953185 ], [ -52.44834677423065, -24.789901884889133 ], [ -52.448368772345418, -24.789757992641789 ], [ -52.448391629209539, -24.78962342836623 ] ] ] } },
{ "type": "Feature", "properties": { "cod_sipra": "PR0110000", "nome_pa": "FAZENDA CHAPADÃO", "nome": "CORREGO", "tipo": "Hidrografia" }, "geometry": { "type": "MultiLineString", "coordinates": [ ] } },
{ "type": "Feature", "properties": { "cod_sipra": "PR0110000", "nome_pa": "FAZENDA CHAPADÃO", "nome": "CORREGO", "tipo": "Hidrografia" }, "geometry": { "type": "MultiLineString", "coordinates": [ ] } },
{ "type": "Feature", "properties": { "cod_sipra": "PR0110000", "nome_pa": "FAZENDA CHAPADÃO", "nome": "CORREGO", "tipo": "Hidrografia" }, "geometry": { "type": "MultiLineString", "coordinates": [ [ [ -52.495602537390447, -24.790169771561548 ], [ -52.495368023400829, -24.790208443676192 ], [ -52.495141910988785, -24.790256261059607 ], [ -52.495076253756395, -24.790363516725638 ], [ -52.494973580239169, -24.790427103910215 ], [ -52.494918091968721, -24.790501224148322 ], [ -52.494830436427897, -24.790614933576094 ], [ -52.494673096240028, -24.790693287438021 ], [ -52.494514951558706, -24.79070444225313 ], [ -52.494356714824413, -24.790724051258827 ], [ -52.494198495213723, -24.790707056256387 ], [ -52.494040991584527, -24.790771812238404 ], [ -52.493882304645446, -24.790734118788937 ], [ -52.493721076723872, -24.79056416490495 ], [ -52.493563278289635, -24.790523737254603 ], [ -52.493523609753588, -24.790369617195726 ], [ -52.493401261453357, -24.790305339472312 ], [ -52.493244535971407, -24.790337323803211 ], [ -52.49308581952517, -24.790302790041814 ], [ -52.492927847997279, -24.790322446685593 ], [ -52.492769332950104, -24.79031727169663 ], [ -52.492611172521414, -24.79035074505332 ], [ -52.492452666028115, -24.790439955863523 ], [ -52.492296716929992, -24.790480625553553 ], [ -52.49213851844948, -24.790485363276137 ], [ -52.492012217786794, -24.790530227538685 ], [ -52.491824098060761, -24.79066008116768 ], [ -52.491666185161762, -24.790688717725153 ], [ -52.491507568249595, -24.790744078405353 ], [ -52.491353634674205, -24.790825908550111 ], [ -52.491193704838437, -24.790879908176752 ], [ -52.491035558430227, -24.790908542180205 ], [ -52.490877268853865, -24.790886221277436 ], [ -52.490718409772938, -24.790885369014891 ], [ -52.490560965761873, -24.790901312232574 ], [ -52.490402030541944, -24.790926525642131 ], [ -52.490245183920855, -24.790964726299617 ], [ -52.490087147897214, -24.790982791351556 ], [ -52.489947679405098, -24.790984369704358 ], [ -52.489836618824654, -24.791014124371451 ], [ -52.489770254553157, -24.791030942394961 ], [ -52.489612759859043, -24.791014580315576 ], [ -52.489452832070725, -24.790960636034413 ], [ -52.489294744928465, -24.790910245626574 ], [ -52.489178087282838, -24.79084652743094 ], [ -52.488976332339185, -24.790727492909276 ], [ -52.488817348056855, -24.79066880556157 ], [ -52.488664602901032, -24.790562864659758 ], [ -52.488565933959364, -24.79041938017971 ], [ -52.488504324743289, -24.790276169468015 ], [ -52.488425251684177, -24.790132511835544 ], [ -52.488176091104989, -24.790099702723182 ], [ -52.488059282822633, -24.790136173214417 ], [ -52.487935988722839, -24.790137325107523 ], [ -52.487802149062517, -24.790138729788069 ], [ -52.487702897115476, -24.790127611653308 ], [ -52.487544884623489, -24.790130668579682 ], [ -52.487386854313421, -24.790152403491508 ], [ -52.487248346152626, -24.790144212577403 ] ] ] } },
{ "type": "Feature", "properties": { "cod_sipra": "PR0110000", "nome_pa": "FAZENDA CHAPADÃO", "nome": "CORREGO", "tipo": "Hidrografia" }, "geometry": { "type": "MultiLineString", "coordinates": [ [ [ -52.431482418915309, -24.791834772355099 ], [ -52.431680766841332, -24.791799895193826 ], [ -52.431838902282166, -24.791803933690698 ], [ -52.431996315680479, -24.791793737676425 ], [ -52.432154979029015, -24.791768239864453 ], [ -52.432311680501371, -24.791682802286704 ], [ -52.432419013646395, -24.791608970935624 ], [ -52.432626508116691, -24.791543909419744 ], [ -52.432759031063647, -24.791461375172041 ], [ -52.432892644280777, -24.79131559826698 ], [ -52.433098234761367, -24.79124942141657 ], [ -52.433255585826629, -24.791201572633366 ], [ -52.433413022896673, -24.79106350573884 ], [ -52.433569005032311, -24.790929863327783 ], [ -52.433676023439361, -24.790874573748749 ], [ -52.433873386054827, -24.790872870159948 ], [ -52.433969708647446, -24.790845714665679 ], [ -52.434042375286246, -24.790769832092753 ], [ -52.434055222752136, -24.790764789140262 ], [ -52.434125890372009, -24.790728094177201 ], [ -52.434163092519064, -24.790665958736206 ] ] ] } },
{ "type": "Feature", "properties": { "cod_sipra": "PR0110000", "nome_pa": "FAZENDA CHAPADÃO", "nome": "CORREGO", "tipo": "Hidrografia" }, "geometry": { "type": "MultiLineString", "coordinates": [ [ [ -52.431482418915309, -24.791834772355099 ], [ -52.431290230076648, -24.791763531362097 ], [ -52.431082315375221, -24.791636910340877 ], [ -52.430924645169654, -24.791502829176896 ], [ -52.430764637718873, -24.791349600118352 ], [ -52.430604618938212, -24.791194609436015 ], [ -52.430458691562677, -24.79104982982761 ], [ -52.430284504696729, -24.790977826353362 ], [ -52.430126684692631, -24.790919262796734 ], [ -52.429967993427319, -24.790881526461259 ], [ -52.42980882819478, -24.790822766910232 ], [ -52.429749948762463, -24.790814421102482 ], [ -52.429621832602983, -24.790794500852218 ], [ -52.429531574750975, -24.790774152436853 ], [ -52.429501836236568, -24.790770141800941 ], [ -52.429405161502729, -24.790712960273819 ] ] ] } },
{ "type": "Feature", "properties": { "cod_sipra": "PR0110000", "nome_pa": "FAZENDA CHAPADÃO", "nome": "CORREGO", "tipo": "Hidrografia" }, "geometry": { "type": "MultiLineString", "coordinates": [ [ [ -52.415383092883808, -24.789794302332382 ], [ -52.415173507615684, -24.790400715297764 ], [ -52.415030127266427, -24.790686465253881 ], [ -52.414873216836483, -24.790805332943506 ], [ -52.414715821319774, -24.790883583067689 ], [ -52.414544514135478, -24.790944598952581 ], [ -52.414400589800877, -24.790994939257232 ], [ -52.414312042757125, -24.79109158887124 ], [ -52.414243813442219, -24.791259215888953 ], [ -52.414178965795351, -24.791401612960552 ], [ -52.414045746133432, -24.791527203746082 ], [ -52.413973576917975, -24.791672870203442 ], [ -52.413870493418862, -24.79181750908592 ], [ -52.41375719678711, -24.791963214024765 ], [ -52.413648205880783, -24.792108815471689 ], [ -52.413577312753162, -24.792254313193045 ], [ -52.413465921059526, -24.792308485320234 ], [ -52.413378583867733, -24.79240010322108 ], [ -52.413265628297061, -24.792545557294584 ], [ -52.413127271837617, -24.792691982072018 ] ] ] } },
{ "type": "Feature", "properties": { "cod_sipra": "PR0110000", "nome_pa": "FAZENDA CHAPADÃO", "nome": "CORREGO", "tipo": "Hidrografia" }, "geometry": { "type": "MultiLineString", "coordinates": [ [ [ -52.446911349972922, -24.793120761486598 ], [ -52.446976697890996, -24.793048533706241 ], [ -52.447006678338752, -24.792904423051727 ], [ -52.447155854284937, -24.792758530211341 ], [ -52.447210302140448, -24.792613506651165 ], [ -52.447274947695952, -24.792468277018692 ], [ -52.447403011091026, -24.792322725631145 ], [ -52.447640839161267, -24.792278873889835 ], [ -52.447700494657603, -24.792175355469432 ], [ -52.447954117432388, -24.792060181987932 ], [ -52.448067250854358, -24.792027356697648 ], [ -52.448041337142506, -24.791883004819663 ], [ -52.448026343281732, -24.791738690081537 ], [ -52.44822784976617, -24.791592367299103 ], [ -52.44830582787808, -24.791534543525888 ] ] ] } },
{ "type": "Feature", "properties": { "cod_sipra": "PR0110000", "nome_pa": "FAZENDA CHAPADÃO", "nome": "CORREGO", "tipo": "Hidrografia" }, "geometry": { "type": "MultiLineString", "coordinates": [ ] } },
{ "type": "Feature", "properties": { "cod_sipra": "PR0110000", "nome_pa": "FAZENDA CHAPADÃO", "nome": "CORREGO", "tipo": "Hidrografia" }, "geometry": { "type": "MultiLineString", "coordinates": [ ] } },
{ "type": "Feature", "properties": { "cod_sipra": "PR0110000", "nome_pa": "FAZENDA CHAPADÃO", "nome": "CORREGO", "tipo": "Hidrografia" }, "geometry": { "type": "MultiLineString", "coordinates": [ [ [ -52.446911349972922, -24.793120761486598 ], [ -52.446887620116193, -24.793114259073459 ], [ -52.446817684319029, -24.793025247577489 ], [ -52.44662423985416, -24.79310690969691 ], [ -52.446502519338033, -24.793162441086913 ], [ -52.446343426513664, -24.793075912247684 ], [ -52.446146080132557, -24.793111389806278 ], [ -52.446026319276044, -24.793077293108059 ], [ -52.445868177615459, -24.793107362761052 ], [ -52.445709872141613, -24.793052682917622 ], [ -52.445551834453212, -24.793088620733428 ], [ -52.445394194693222, -24.793099024266237 ], [ -52.445235231723238, -24.793048412501975 ], [ -52.445076767463171, -24.793020850371544 ], [ -52.444917296500691, -24.793004727726395 ], [ -52.444681590080094, -24.792980829481891 ], [ -52.444572983569984, -24.792837579088697 ], [ -52.444440572742714, -24.792775166930227 ], [ -52.44428214250464, -24.7928381495657 ], [ -52.44412551492281, -24.792891771561251 ], [ -52.443967872239057, -24.792945122494384 ], [ -52.443766016449231, -24.792844099891354 ], [ -52.443651035765221, -24.7929007589936 ], [ -52.443493001460396, -24.792920298584544 ], [ -52.4433343086896, -24.792942019324123 ], [ -52.443176960292277, -24.792961687202087 ], [ -52.443019004447656, -24.792988098408692 ], [ -52.442859824928526, -24.793019830777418 ], [ -52.442775390911272, -24.793006204977811 ] ] ] } },
{ "type": "Feature", "properties": { "cod_sipra": "PR0110000", "nome_pa": "FAZENDA CHAPADÃO", "nome": "CORREGO", "tipo": "Hidrografia" }, "geometry": { "type": "MultiLineString", "coordinates": [ ] } },
{ "type": "Feature", "properties": { "cod_sipra": "PR0110000", "nome_pa": "FAZENDA CHAPADÃO", "nome": "CORREGO", "tipo": "Hidrografia" }, "geometry": { "type": "MultiLineString", "coordinates": [ [ [ -52.476413240103589, -24.793104786148632 ], [ -52.476332176789782, -24.792946191678503 ], [ -52.476171818486804, -24.792764117077386 ], [ -52.476100984528458, -24.792629309195 ] ] ] } },
{ "type": "Feature", "properties": { "cod_sipra": "PR0110000", "nome_pa": "FAZENDA CHAPADÃO", "nome": "CORREGO", "tipo": "Hidrografia" }, "geometry": { "type": "MultiLineString", "coordinates": [ ] } },
{ "type": "Feature", "properties": { "cod_sipra": "PR0110000", "nome_pa": "FAZENDA CHAPADÃO", "nome": "CORREGO", "tipo": "Hidrografia" }, "geometry": { "type": "MultiLineString", "coordinates": [ [ [ -52.44970801590798, -24.793672788829632 ], [ -52.449705058080291, -24.793581781349399 ], [ -52.449682838781136, -24.793438342977673 ], [ -52.449712517866374, -24.793293396126391 ], [ -52.449742158943543, -24.793148648460285 ], [ -52.449802911248383, -24.793003765838979 ], [ -52.449773254118931, -24.792859585537585 ], [ -52.449758247015055, -24.792715255980674 ], [ -52.449720469234691, -24.792571198215864 ], [ -52.449671749072607, -24.792427155824019 ], [ -52.449685146051841, -24.792282373019582 ], [ -52.449663320422111, -24.792138252596363 ], [ -52.449593325728891, -24.791994497135192 ], [ -52.449424507349264, -24.791851678499043 ], [ -52.449235028913463, -24.791709305862536 ], [ -52.449076881051681, -24.791665434584001 ], [ -52.448925851388609, -24.79156689740493 ], [ -52.448757964458316, -24.791459251873889 ], [ -52.448719494009715, -24.791400199975776 ], [ -52.448666903114656, -24.791281137169843 ] ] ] } },
{ "type": "Feature", "properties": { "cod_sipra": "PR0110000", "nome_pa": "FAZENDA CHAPADÃO", "nome": "CORREGO", "tipo": "Hidrografia" }, "geometry": { "type": "MultiLineString", "coordinates": [ [ [ -52.432643357888928, -24.793877781272695 ], [ -52.432484329176617, -24.793871772564046 ], [ -52.432365883006817, -24.793830846009172 ], [ -52.432386769988014, -24.79368611207547 ], [ -52.432322954944944, -24.793542290980707 ], [ -52.432205426561175, -24.793398903824436 ], [ -52.432135203166901, -24.793255136651648 ], [ -52.432038665359258, -24.793111618576884 ], [ -52.43200034586409, -24.793008178120726 ], [ -52.431957202151459, -24.79282144633919 ], [ -52.431939630280766, -24.792679150204869 ], [ -52.431888934177096, -24.792534311287842 ], [ -52.431787266473172, -24.792391659551463 ], [ -52.431684988946301, -24.792248125822546 ], [ -52.431710485622247, -24.792103272810465 ], [ -52.431671236034205, -24.792003355648816 ], [ -52.431511851479506, -24.791878231255808 ], [ -52.431482418915309, -24.791834772355099 ] ] ] } },
{ "type": "Feature", "properties": { "cod_sipra": "PR0110000", "nome_pa": "FAZENDA CHAPADÃO", "nome": "CORREGO", "tipo": "Hidrografia" }, "geometry": { "type": "MultiLineString", "coordinates": [ [ [ -52.459505451409399, -24.792305886272128 ], [ -52.459477205753906, -24.79228635490761 ], [ -52.459263473902489, -24.79213492778258 ], [ -52.459100791409611, -24.791992177380155 ], [ -52.458935893144464, -24.791872161157603 ], [ -52.458776704558083, -24.791765735309031 ], [ -52.458616141477179, -24.791603891436335 ], [ -52.458456434343645, -24.791452607778055 ], [ -52.458305776166846, -24.79127781267173 ], [ -52.458137492331204, -24.791237033904785 ], [ -52.457977497736586, -24.791160817289342 ], [ -52.457863946924817, -24.791137624662543 ], [ -52.457660172373593, -24.791078025376017 ], [ -52.457500199245125, -24.791023239072516 ], [ -52.45734230620868, -24.790965609349684 ], [ -52.457220156978451, -24.790854953777998 ], [ -52.457024413362248, -24.790793627337884 ], [ -52.456865646823786, -24.790750025832629 ], [ -52.456762838177028, -24.790714930714977 ], [ -52.456569009536004, -24.790572169092638 ], [ -52.45638681762771, -24.790467578164186 ], [ -52.456311013241006, -24.790285896808005 ], [ -52.456258030026355, -24.790141710401571 ], [ -52.456065532853991, -24.790003197404534 ], [ -52.45590490759453, -24.789868299299666 ], [ -52.455808044442279, -24.789711910912356 ], [ -52.455687691811477, -24.789569624006035 ], [ -52.455720825158096, -24.789424805017315 ], [ -52.45566279539468, -24.789280923955214 ], [ -52.455422927489856, -24.789186769956171 ], [ -52.455318904103429, -24.789139691679921 ], [ -52.455198200352129, -24.78914032113024 ], [ -52.454970362695327, -24.788998363191478 ], [ -52.454952391836301, -24.788945481855663 ], [ -52.454938771169338, -24.788927433481376 ], [ -52.454912340698726, -24.788910397231319 ], [ -52.454882797374772, -24.788895125794017 ], [ -52.454893558037156, -24.788851654558989 ], [ -52.454902868820284, -24.788825747050979 ], [ -52.454910592914722, -24.788816697594509 ], [ -52.454911121401857, -24.788805277430171 ], [ -52.454902069247112, -24.788795527847721 ], [ -52.454898522818993, -24.788788444410947 ], [ -52.45489193046393, -24.788784539152672 ], [ -52.454877485567962, -24.788779010888714 ], [ -52.454869067186522, -24.788773989282063 ], [ -52.454844245121571, -24.788771885632098 ] ] ] } },
{ "type": "Feature", "properties": { "cod_sipra": "PR0110000", "nome_pa": "FAZENDA CHAPADÃO", "nome": "CORREGO", "tipo": "Hidrografia" }, "geometry": { "type": "MultiLineString", "coordinates": [ [ [ -52.413127271837617, -24.792691982072018 ], [ -52.41254544602873, -24.793132791089132 ], [ -52.41237164249732, -24.793141117798385 ], [ -52.412230062468744, -24.793233525508136 ], [ -52.412072636472345, -24.793328169331815 ], [ -52.411878610387141, -24.793289609180597 ], [ -52.41175573455569, -24.793296425838303 ], [ -52.411598421965337, -24.793355504001873 ], [ -52.411439896969014, -24.79333443640337 ], [ -52.411281675657946, -24.793335950626673 ], [ -52.411123072091165, -24.793305809992439 ], [ -52.410964459072041, -24.793277306131433 ], [ -52.410806734015736, -24.793322326091591 ], [ -52.410437753808473, -24.793447492597416 ], [ -52.410299307004834, -24.793449350465671 ], [ -52.410175361517283, -24.793472794068087 ], [ -52.410017932374799, -24.793546514009638 ], [ -52.409859442648681, -24.793532451957294 ], [ -52.40970047171627, -24.793549822781852 ], [ -52.409528694221308, -24.793601172161747 ], [ -52.409384637417027, -24.79361587597198 ], [ -52.409227212364819, -24.793599088482907 ], [ -52.409069019225889, -24.793605185576286 ], [ -52.408911461909071, -24.79366099061933 ], [ -52.408912508010225, -24.793819603180317 ], [ -52.408754441528018, -24.793795253004301 ], [ -52.408596243777112, -24.793789514690278 ], [ -52.408437370101659, -24.793735464214315 ], [ -52.408280386764886, -24.793842770729999 ], [ -52.408122389654487, -24.793890819979865 ], [ -52.40796359423274, -24.793821984775697 ], [ -52.40780574904884, -24.793856244487507 ], [ -52.4076475344595, -24.793860915173436 ], [ -52.407489460340699, -24.793877322802985 ], [ -52.407330895968606, -24.793915258317558 ], [ -52.407174176677117, -24.793998087114257 ], [ -52.40701656809722, -24.794045873207143 ], [ -52.406858794673823, -24.794089318505613 ], [ -52.406700830242791, -24.794136708579956 ], [ -52.406540986788421, -24.794114466721926 ], [ -52.406384483083755, -24.794131466392759 ], [ -52.406226342674429, -24.794148424037566 ], [ -52.4060690214381, -24.794226341523533 ], [ -52.405911293404216, -24.794271378387716 ] ] ] } },
{ "type": "Feature", "properties": { "cod_sipra": "PR0110000", "nome_pa": "FAZENDA CHAPADÃO", "nome": "CORREGO", "tipo": "Hidrografia" }, "geometry": { "type": "MultiLineString", "coordinates": [ [ [ -52.40567376705809, -24.794257751240075 ], [ -52.405911293404216, -24.794271378387716 ] ] ] } },
{ "type": "Feature", "properties": { "cod_sipra": "PR0110000", "nome_pa": "FAZENDA CHAPADÃO", "nome": "CORREGO", "tipo": "Hidrografia" }, "geometry": { "type": "MultiLineString", "coordinates": [ [ [ -52.433680433247126, -24.794603845201053 ], [ -52.433580818240507, -24.794676979522848 ], [ -52.433466797594775, -24.794388340773935 ], [ -52.433290044931006, -24.794246115738762 ], [ -52.433120729527779, -24.794108690234008 ], [ -52.432961013103863, -24.793974167763942 ], [ -52.432801586698119, -24.79389219823959 ], [ -52.432643357888928, -24.793877781272695 ] ] ] } },
{ "type": "Feature", "properties": { "cod_sipra": "PR0110000", "nome_pa": "FAZENDA CHAPADÃO", "nome": "CORREGO", "tipo": "Hidrografia" }, "geometry": { "type": "MultiLineString", "coordinates": [ [ [ -52.404401790229521, -24.795495515544317 ], [ -52.404391899678963, -24.795495608373592 ], [ -52.404391892348826, -24.79527887764986 ], [ -52.404469107649781, -24.795132838784788 ], [ -52.404554367515168, -24.794988405627851 ], [ -52.404573106160349, -24.794893204423364 ], [ -52.404680112894255, -24.794697629198577 ], [ -52.4048466831604, -24.794551974673595 ], [ -52.405042661743657, -24.794428288145088 ], [ -52.40520057271214, -24.794393243934117 ], [ -52.405358048913293, -24.794329159772413 ], [ -52.405516504304352, -24.794321918714825 ], [ -52.40567376705809, -24.794257751240075 ], [ -52.405911293404216, -24.794271378387716 ] ] ] } },
{ "type": "Feature", "properties": { "cod_sipra": "PR0110000", "nome_pa": "FAZENDA CHAPADÃO", "nome": "CORREGO", "tipo": "Hidrografia" }, "geometry": { "type": "MultiLineString", "coordinates": [ [ [ -52.404391899678963, -24.795495608373592 ], [ -52.404401790229521, -24.795495515544317 ] ] ] } },
{ "type": "Feature", "properties": { "cod_sipra": "PR0110000", "nome_pa": "FAZENDA CHAPADÃO", "nome": "CORREGO", "tipo": "Hidrografia" }, "geometry": { "type": "MultiLineString", "coordinates": [ ] } },
{ "type": "Feature", "properties": { "cod_sipra": "PR0110000", "nome_pa": "FAZENDA CHAPADÃO", "nome": "CORREGO", "tipo": "Hidrografia" }, "geometry": { "type": "MultiLineString", "coordinates": [ [ [ -52.450690703785092, -24.795232448942006 ], [ -52.450620740908853, -24.795108516957693 ], [ -52.450531440823141, -24.794965126317752 ], [ -52.45044781325511, -24.794819657154203 ], [ -52.450358204284136, -24.7946778667601 ], [ -52.450261725309318, -24.794551365378396 ], [ -52.450136704443956, -24.794390981806799 ], [ -52.450014677880944, -24.794247445504311 ], [ -52.449878526732661, -24.794091855971104 ], [ -52.449812293182674, -24.793960797154661 ], [ -52.449775456243437, -24.793902215513118 ], [ -52.44974425174923, -24.793816770231441 ], [ -52.44970801590798, -24.793672788829632 ] ] ] } },
{ "type": "Feature", "properties": { "cod_sipra": "PR0110000", "nome_pa": "FAZENDA CHAPADÃO", "nome": "CORREGO", "tipo": "Hidrografia" }, "geometry": { "type": "MultiLineString", "coordinates": [ [ [ -52.435570499365269, -24.79467835029963 ], [ -52.435521029564924, -24.794676493691391 ], [ -52.43536189788621, -24.79468822071324 ], [ -52.435205265299736, -24.794740528592843 ], [ -52.435047076360995, -24.794747406580459 ], [ -52.434888938178915, -24.794775146318937 ], [ -52.434732717375844, -24.794837686923877 ], [ -52.434572333382846, -24.794810541801596 ], [ -52.434414164764981, -24.794759344264762 ], [ -52.434254894475103, -24.79467214339137 ], [ -52.434095987175375, -24.794617878229889 ], [ -52.433937365061411, -24.794584917240584 ], [ -52.433779624194671, -24.794629983286498 ], [ -52.433680433247126, -24.794603845201053 ] ] ] } },
{ "type": "Feature", "properties": { "cod_sipra": "PR0110000", "nome_pa": "FAZENDA CHAPADÃO", "nome": "CORREGO", "tipo": "Hidrografia" }, "geometry": { "type": "MultiLineString", "coordinates": [ [ [ -52.41481676423922, -24.79629132607548 ], [ -52.414806771221222, -24.796282391022853 ] ] ] } },
{ "type": "Feature", "properties": { "cod_sipra": "PR0110000", "nome_pa": "FAZENDA CHAPADÃO", "nome": "CORREGO", "tipo": "Hidrografia" }, "geometry": { "type": "MultiLineString", "coordinates": [ [ [ -52.451728964931647, -24.796019013198006 ], [ -52.451489341878052, -24.795830126537084 ], [ -52.451336148390261, -24.795805441204209 ], [ -52.451170887040583, -24.795725367980651 ], [ -52.451011888162533, -24.79566539424761 ], [ -52.450852870227074, -24.795542450504517 ], [ -52.450734546811425, -24.795369305300611 ], [ -52.450690703785092, -24.795232448942006 ] ] ] } },
{ "type": "Feature", "properties": { "cod_sipra": "PR0110000", "nome_pa": "FAZENDA CHAPADÃO", "nome": "CORREGO", "tipo": "Hidrografia" }, "geometry": { "type": "MultiLineString", "coordinates": [ ] } },
{ "type": "Feature", "properties": { "cod_sipra": "PR0110000", "nome_pa": "FAZENDA CHAPADÃO", "nome": "CORREGO", "tipo": "Hidrografia" }, "geometry": { "type": "MultiLineString", "coordinates": [ ] } },
{ "type": "Feature", "properties": { "cod_sipra": "PR0110000", "nome_pa": "FAZENDA CHAPADÃO", "nome": "CORREGO", "tipo": "Hidrografia" }, "geometry": { "type": "MultiLineString", "coordinates": [ ] } },
{ "type": "Feature", "properties": { "cod_sipra": "PR0110000", "nome_pa": "FAZENDA CHAPADÃO", "nome": "CORREGO", "tipo": "Hidrografia" }, "geometry": { "type": "MultiLineString", "coordinates": [ ] } },
{ "type": "Feature", "properties": { "cod_sipra": "PR0110000", "nome_pa": "FAZENDA CHAPADÃO", "nome": "CORREGO", "tipo": "Hidrografia" }, "geometry": { "type": "MultiLineString", "coordinates": [ [ [ -52.419694659250581, -24.796407654951746 ], [ -52.419778773127703, -24.796190127008455 ], [ -52.419779537636678, -24.796045646479559 ], [ -52.419745811737627, -24.795901494824477 ], [ -52.419766405380102, -24.795756826142121 ], [ -52.41988379583011, -24.795610574144256 ], [ -52.419822640612267, -24.79548545053747 ], [ -52.419746509592628, -24.795323598290192 ], [ -52.419605496387298, -24.795221875227895 ], [ -52.41953227300197, -24.795181135620595 ], [ -52.419343776262139, -24.795130383386994 ], [ -52.41918516655101, -24.795120727167067 ], [ -52.419027040129976, -24.795112168046028 ], [ -52.418867789546177, -24.795115456552733 ], [ -52.418710567297289, -24.795116736306085 ], [ -52.418576260414042, -24.795045773374575 ], [ -52.418407851853779, -24.795047417272908 ], [ -52.418235722249854, -24.79511218619901 ], [ -52.418078963812874, -24.795244529451999 ], [ -52.417921035823476, -24.795274561722593 ], [ -52.417812556975761, -24.795342004138249 ], [ -52.417700552627998, -24.795343006151288 ], [ -52.417596415023887, -24.795344155338878 ], [ -52.417447467881438, -24.795388037596013 ], [ -52.417290151520604, -24.795465857094779 ], [ -52.417150258117829, -24.795492728917402 ], [ -52.417022556319154, -24.795638588161786 ], [ -52.41681760816271, -24.795681086434687 ], [ -52.416659876200725, -24.795733201865023 ], [ -52.416502145026335, -24.795841811818057 ], [ -52.416370372127396, -24.795933552789649 ], [ -52.416187957572873, -24.796026934422436 ], [ -52.416050936187197, -24.796226149509661 ] ] ] } },
{ "type": "Feature", "properties": { "cod_sipra": "PR0110000", "nome_pa": "FAZENDA CHAPADÃO", "nome": "CORREGO", "tipo": "Hidrografia" }, "geometry": { "type": "MultiLineString", "coordinates": [ [ [ -52.415925540844583, -24.796270760656352 ], [ -52.415846469494547, -24.796372686335534 ], [ -52.415688938444717, -24.796461575218011 ], [ -52.415531044182309, -24.796494342104271 ], [ -52.415373188333042, -24.796513395221861 ], [ -52.415273129288821, -24.796476622417067 ], [ -52.415054341400868, -24.796362402795889 ], [ -52.41492640441669, -24.79633517452352 ], [ -52.414819083200442, -24.796293399526935 ] ] ] } },
{ "type": "Feature", "properties": { "cod_sipra": "PR0110000", "nome_pa": "FAZENDA CHAPADÃO", "nome": "CORREGO", "tipo": "Hidrografia" }, "geometry": { "type": "MultiLineString", "coordinates": [ [ [ -52.41314863420272, -24.796605064857882 ], [ -52.413306396142495, -24.796558427069993 ], [ -52.413424576920377, -24.796529326768468 ], [ -52.413622095758143, -24.796467444424916 ], [ -52.41378039389685, -24.796484898751821 ], [ -52.413938472507652, -24.796471167611724 ], [ -52.414096410397413, -24.796430652590207 ], [ -52.414248966087818, -24.796377959724559 ], [ -52.414411908771598, -24.796333566904433 ], [ -52.414569640672298, -24.796289852277919 ], [ -52.414727710566133, -24.796286298897442 ] ] ] } },
{ "type": "Feature", "properties": { "cod_sipra": "PR0110000", "nome_pa": "FAZENDA CHAPADÃO", "nome": "CORREGO", "tipo": "Hidrografia" }, "geometry": { "type": "MultiLineString", "coordinates": [ ] } },
{ "type": "Feature", "properties": { "cod_sipra": "PR0110000", "nome_pa": "FAZENDA CHAPADÃO", "nome": "CORREGO", "tipo": "Hidrografia" }, "geometry": { "type": "MultiLineString", "coordinates": [ ] } },
{ "type": "Feature", "properties": { "cod_sipra": "PR0110000", "nome_pa": "FAZENDA CHAPADÃO", "nome": "CORREGO", "tipo": "Hidrografia" }, "geometry": { "type": "MultiLineString", "coordinates": [ [ [ -52.420618801455895, -24.796778123778516 ], [ -52.420618698584079, -24.796769095228861 ] ] ] } },
{ "type": "Feature", "properties": { "cod_sipra": "PR0110000", "nome_pa": "FAZENDA CHAPADÃO", "nome": "CORREGO", "tipo": "Hidrografia" }, "geometry": { "type": "MultiLineString", "coordinates": [ ] } },
{ "type": "Feature", "properties": { "cod_sipra": "PR0110000", "nome_pa": "FAZENDA CHAPADÃO", "nome": "CORREGO", "tipo": "Hidrografia" }, "geometry": { "type": "MultiLineString", "coordinates": [ [ [ -52.420618801455895, -24.796778123778516 ], [ -52.420618698584079, -24.796769095228861 ], [ -52.420469595535216, -24.796707282179504 ], [ -52.420370027546987, -24.796667488991631 ], [ -52.420209995343811, -24.796595716994844 ], [ -52.420050357262951, -24.796458607539101 ], [ -52.419893371466351, -24.796487013216339 ], [ -52.419732691106773, -24.796440558483337 ] ] ] } },
{ "type": "Feature", "properties": { "cod_sipra": "PR0110000", "nome_pa": "FAZENDA CHAPADÃO", "nome": "CORREGO", "tipo": "Hidrografia" }, "geometry": { "type": "MultiLineString", "coordinates": [ [ [ -52.450734546811425, -24.795369305300611 ], [ -52.450690703785092, -24.795232448942006 ], [ -52.450673498649707, -24.795201971855288 ] ] ] } },
{ "type": "Feature", "properties": { "cod_sipra": "PR0110000", "nome_pa": "FAZENDA CHAPADÃO", "nome": "CORREGO", "tipo": "Hidrografia" }, "geometry": { "type": "MultiLineString", "coordinates": [ [ [ -52.47637837561961, -24.796843294847324 ], [ -52.476299155448629, -24.796833479792561 ], [ -52.476243720285609, -24.796763131520368 ], [ -52.476137899497893, -24.796708144215767 ], [ -52.476004827676647, -24.796621245736429 ], [ -52.475968198312941, -24.796476831473328 ], [ -52.476070615612443, -24.79633165650063 ], [ -52.476133674906585, -24.796208758691176 ], [ -52.476194178027583, -24.796041283618333 ], [ -52.476261692925696, -24.795895579408473 ], [ -52.476297952716614, -24.795751507552605 ], [ -52.476305523322317, -24.795606093006015 ], [ -52.476332347921655, -24.795462209656488 ], [ -52.476330637804857, -24.795317778342529 ], [ -52.47630100157037, -24.795173596957774 ], [ -52.476277223572211, -24.795046038732025 ], [ -52.476233635956063, -24.794885262967767 ], [ -52.476243309042658, -24.794740622713817 ], [ -52.476262769160222, -24.794596097261021 ], [ -52.476255300274346, -24.794451233118174 ], [ -52.476228427617436, -24.794306655560661 ], [ -52.476235540447945, -24.79416277453257 ], [ -52.476247149649325, -24.794017497370486 ], [ -52.476284298296072, -24.793902697285635 ], [ -52.476413237173745, -24.793727610893789 ], [ -52.476419281695122, -24.793602915412162 ], [ -52.476417783244138, -24.793488501163541 ], [ -52.476484691013546, -24.793293676309816 ], [ -52.476431809590501, -24.793149724260722 ] ] ] } },
{ "type": "Feature", "properties": { "cod_sipra": "PR0110000", "nome_pa": "FAZENDA CHAPADÃO", "nome": "CORREGO", "tipo": "Hidrografia" }, "geometry": { "type": "MultiLineString", "coordinates": [ ] } },
{ "type": "Feature", "properties": { "cod_sipra": "PR0110000", "nome_pa": "FAZENDA CHAPADÃO", "nome": "CORREGO", "tipo": "Hidrografia" }, "geometry": { "type": "MultiLineString", "coordinates": [ ] } },
{ "type": "Feature", "properties": { "cod_sipra": "PR0110000", "nome_pa": "FAZENDA CHAPADÃO", "nome": "CORREGO", "tipo": "Hidrografia" }, "geometry": { "type": "MultiLineString", "coordinates": [ [ [ -52.492301999786243, -24.797048494919128 ], [ -52.492220277777776, -24.796971111111116 ], [ -52.49209611111111, -24.7968125 ], [ -52.491911388888887, -24.7966825 ], [ -52.491743611111112, -24.796576944444439 ], [ -52.491631944444443, -24.796503333333337 ], [ -52.491490277777778, -24.796365277777777 ], [ -52.491358055555558, -24.796273611111115 ], [ -52.491104722222225, -24.796078611111103 ], [ -52.490826944444443, -24.795975555555554 ], [ -52.490645, -24.795911111111121 ], [ -52.490401666666664, -24.795905 ], [ -52.490249166666665, -24.795901666666666 ], [ -52.490111111111112, -24.795926111111108 ], [ -52.489973611111118, -24.795981388888894 ], [ -52.489788055555557, -24.796074166666664 ], [ -52.489697100256102, -24.796143436518349 ] ] ] } },
{ "type": "Feature", "properties": { "cod_sipra": "PR0110000", "nome_pa": "FAZENDA CHAPADÃO", "nome": "CORREGO", "tipo": "Hidrografia" }, "geometry": { "type": "MultiLineString", "coordinates": [ [ [ -52.492311703670843, -24.797057683664757 ], [ -52.492301999786243, -24.797048494919128 ] ] ] } },
{ "type": "Feature", "properties": { "cod_sipra": "PR0110000", "nome_pa": "FAZENDA CHAPADÃO", "nome": "CORREGO", "tipo": "Hidrografia" }, "geometry": { "type": "MultiLineString", "coordinates": [ [ [ -52.492302283657601, -24.797048763720962 ], [ -52.492301999786243, -24.797048494919128 ] ] ] } },
{ "type": "Feature", "properties": { "cod_sipra": "PR0110000", "nome_pa": "FAZENDA CHAPADÃO", "nome": "CORREGO", "tipo": "Hidrografia" }, "geometry": { "type": "MultiLineString", "coordinates": [ [ [ -52.475373339642822, -24.797269607797357 ], [ -52.475511761688871, -24.797165650306461 ], [ -52.475669338261461, -24.79710753425206 ], [ -52.475827235586209, -24.79707442278584 ], [ -52.475984602843234, -24.797000679306379 ], [ -52.476092220738543, -24.796900272504224 ], [ -52.476243720285609, -24.796763131520368 ], [ -52.476299155448629, -24.796833479792561 ], [ -52.47637837561961, -24.796843294847324 ] ] ] } },
{ "type": "Feature", "properties": { "cod_sipra": "PR0110000", "nome_pa": "FAZENDA CHAPADÃO", "nome": "CORREGO", "tipo": "Hidrografia" }, "geometry": { "type": "MultiLineString", "coordinates": [ [ [ -52.418841720434735, -24.797928064241951 ], [ -52.418904714752081, -24.797769503076442 ], [ -52.418970097621006, -24.797624459431898 ], [ -52.418925100736729, -24.797480198804656 ], [ -52.41904017902629, -24.797334672583869 ], [ -52.419151347981241, -24.797237828692662 ], [ -52.419308716826059, -24.797164577586191 ], [ -52.419423092815585, -24.79704172460508 ], [ -52.41937628005995, -24.796897702970192 ], [ -52.419461519088905, -24.796768121794539 ], [ -52.419588124374506, -24.79660729343906 ], [ -52.419668037630657, -24.79646206358051 ] ] ] } },
{ "type": "Feature", "properties": { "cod_sipra": "PR0110000", "nome_pa": "FAZENDA CHAPADÃO", "nome": "CORREGO", "tipo": "Hidrografia" }, "geometry": { "type": "MultiLineString", "coordinates": [ [ [ -52.478947255400534, -24.797431922292215 ], [ -52.479084361096085, -24.797297218568197 ], [ -52.479240571724482, -24.797124116168352 ], [ -52.479398577957568, -24.797055946949914 ], [ -52.479555539736118, -24.79700898989817 ], [ -52.479681316162313, -24.796918994110868 ], [ -52.479712594872332, -24.79682523185863 ] ] ] } },
{ "type": "Feature", "properties": { "cod_sipra": "PR0110000", "nome_pa": "FAZENDA CHAPADÃO", "nome": "CORREGO", "tipo": "Hidrografia" }, "geometry": { "type": "MultiLineString", "coordinates": [ ] } },
{ "type": "Feature", "properties": { "cod_sipra": "PR0110000", "nome_pa": "FAZENDA CHAPADÃO", "nome": "CORREGO", "tipo": "Hidrografia" }, "geometry": { "type": "MultiLineString", "coordinates": [ ] } },
{ "type": "Feature", "properties": { "cod_sipra": "PR0110000", "nome_pa": "FAZENDA CHAPADÃO", "nome": "CORREGO", "tipo": "Hidrografia" }, "geometry": { "type": "MultiLineString", "coordinates": [ [ [ -52.478069709927489, -24.797474616124163 ], [ -52.477933075222253, -24.797405826178196 ], [ -52.477829083149118, -24.797397823985854 ], [ -52.477669280038285, -24.797263961644667 ], [ -52.47750982549438, -24.797228011778873 ], [ -52.477351521822953, -24.797164616065867 ], [ -52.477243974912831, -24.79712366572732 ], [ -52.47703274432547, -24.797050403381597 ], [ -52.476873819754076, -24.796935433466178 ], [ -52.476793745710637, -24.796839173742303 ], [ -52.476650372065116, -24.796840610725805 ], [ -52.47637837561961, -24.796843294847324 ] ] ] } },
{ "type": "Feature", "properties": { "cod_sipra": "PR0110000", "nome_pa": "FAZENDA CHAPADÃO", "nome": "CORREGO", "tipo": "Hidrografia" }, "geometry": { "type": "MultiLineString", "coordinates": [ [ [ -52.478947255400534, -24.797431922292215 ], [ -52.478688393022786, -24.797512304779143 ], [ -52.478542972652818, -24.79754679607964 ], [ -52.47843365165987, -24.797495700119423 ], [ -52.478224846130225, -24.797423094754258 ] ] ] } },
{ "type": "Feature", "properties": { "cod_sipra": "PR0110000", "nome_pa": "FAZENDA CHAPADÃO", "nome": "CORREGO", "tipo": "Hidrografia" }, "geometry": { "type": "MultiLineString", "coordinates": [ [ [ -52.495613847054869, -24.790648196493155 ], [ -52.495624166666666, -24.790782222222226 ], [ -52.495849166666666, -24.791475277777767 ], [ -52.49590666666667, -24.79193305555555 ], [ -52.495861388888898, -24.792343333333328 ], [ -52.495731666666664, -24.793063888888884 ], [ -52.49572527777778, -24.793579722222226 ], [ -52.495766388888889, -24.794066388888883 ], [ -52.495757777777783, -24.794611944444448 ], [ -52.495772777777781, -24.795045833333333 ], [ -52.495668333333342, -24.795394166666664 ], [ -52.495320555555566, -24.795685 ], [ -52.495088333333335, -24.795805833333336 ], [ -52.494765833333332, -24.795985833333329 ], [ -52.494432222222223, -24.796221944444437 ], [ -52.49433638888889, -24.796381666666669 ], [ -52.49427, -24.796544166666667 ], [ -52.493960277777781, -24.796931666666659 ], [ -52.493666944444442, -24.797268055555548 ], [ -52.493594166666668, -24.797410277777772 ], [ -52.493454166666666, -24.797418333333319 ], [ -52.493279166666667, -24.7974625 ], [ -52.493108055555552, -24.7974725 ], [ -52.492838611111111, -24.797413611111111 ], [ -52.492618888888892, -24.797324166666662 ], [ -52.492515517123309, -24.797240807739328 ], [ -52.49235654782261, -24.797100147199732 ] ] ] } },
{ "type": "Feature", "properties": { "cod_sipra": "PR0110000", "nome_pa": "FAZENDA CHAPADÃO", "nome": "CORREGO", "tipo": "Hidrografia" }, "geometry": { "type": "MultiLineString", "coordinates": [ [ [ -52.422846361423233, -24.797766929382956 ], [ -52.421671939727155, -24.79744674294469 ], [ -52.421654167802657, -24.797364194599975 ], [ -52.421475313053705, -24.797293657703655 ], [ -52.421315521629566, -24.797158183748159 ], [ -52.421156990537973, -24.797140613879765 ], [ -52.420998210331781, -24.79710963259139 ], [ -52.42083905918205, -24.797012367420368 ], [ -52.420678880063399, -24.796878096425576 ], [ -52.420618801455895, -24.796778123778516 ] ] ] } },
{ "type": "Feature", "properties": { "cod_sipra": "PR0110000", "nome_pa": "FAZENDA CHAPADÃO", "nome": "CORREGO", "tipo": "Hidrografia" }, "geometry": { "type": "MultiLineString", "coordinates": [ [ [ -52.434086252146137, -24.798067281480488 ], [ -52.434004946599387, -24.797878463399698 ], [ -52.434040818543316, -24.797706511722978 ], [ -52.434009652486097, -24.79756179708863 ], [ -52.433957228507794, -24.797418310798061 ], [ -52.433968292783732, -24.797273794899958 ], [ -52.433948591051788, -24.79712950819324 ], [ -52.433994665566196, -24.796984598410944 ], [ -52.43399433793595, -24.796954362822419 ], [ -52.434016118838386, -24.796950481913548 ], [ -52.434023040157612, -24.79683918897749 ], [ -52.434042512044002, -24.796695192447558 ], [ -52.434036610421835, -24.796549959481261 ], [ -52.434011223053417, -24.796405560677073 ], [ -52.433986727672867, -24.796296862058043 ], [ -52.43382774766394, -24.796232268325888 ], [ -52.433747301645617, -24.796120137609133 ], [ -52.433684576909577, -24.795976263072379 ], [ -52.433640255218009, -24.795832220299157 ], [ -52.43362540194078, -24.795687886240966 ], [ -52.433662124793351, -24.795588191669143 ], [ -52.433612189682805, -24.795399069006379 ], [ -52.433608683430457, -24.795254278347848 ], [ -52.433656987896185, -24.795141088015423 ], [ -52.433637645209558, -24.794965232111394 ], [ -52.433592194200642, -24.794821372901605 ], [ -52.433580818240507, -24.794676979522848 ], [ -52.433680433247126, -24.794603845201053 ] ] ] } },
{ "type": "Feature", "properties": { "cod_sipra": "PR0110000", "nome_pa": "FAZENDA CHAPADÃO", "nome": "CORREGO", "tipo": "Hidrografia" }, "geometry": { "type": "MultiLineString", "coordinates": [ [ [ -52.452068001791233, -24.798148767741878 ], [ -52.452061193985635, -24.797929250182019 ], [ -52.452125433328611, -24.797784915302323 ], [ -52.452166750471811, -24.797640039536574 ], [ -52.452121452291763, -24.797495793192631 ], [ -52.451932455168865, -24.797251862404654 ], [ -52.451971203649165, -24.797206119008393 ], [ -52.451946563297732, -24.797063963938182 ], [ -52.451955868861042, -24.796919084348065 ], [ -52.451966747646324, -24.796713842513448 ], [ -52.451970718638435, -24.796676477957238 ], [ -52.451970893026861, -24.796634109632446 ], [ -52.451968454226119, -24.796486006978913 ], [ -52.451961945298123, -24.796341787044721 ], [ -52.451879350505479, -24.796198077147427 ], [ -52.451728964931647, -24.796019013198006 ] ] ] } },
{ "type": "Feature", "properties": { "cod_sipra": "PR0110000", "nome_pa": "FAZENDA CHAPADÃO", "nome": "CORREGO", "tipo": "Hidrografia" }, "geometry": { "type": "MultiLineString", "coordinates": [ [ [ -52.472629120673815, -24.798302605036476 ], [ -52.472637953165155, -24.798299765501991 ] ] ] } },
{ "type": "Feature", "properties": { "cod_sipra": "PR0110000", "nome_pa": "FAZENDA CHAPADÃO", "nome": "CORREGO", "tipo": "Hidrografia" }, "geometry": { "type": "MultiLineString", "coordinates": [ [ [ -52.472626116630877, -24.798303570798215 ], [ -52.472629120673815, -24.798302605036476 ] ] ] } },
{ "type": "Feature", "properties": { "cod_sipra": "PR0110000", "nome_pa": "FAZENDA CHAPADÃO", "nome": "CORREGO", "tipo": "Hidrografia" }, "geometry": { "type": "MultiLineString", "coordinates": [ [ [ -52.475373339642822, -24.797269607797357 ], [ -52.475308481312346, -24.79729773667399 ], [ -52.475285634209747, -24.797311952433375 ], [ -52.475240815205353, -24.797315061196741 ], [ -52.475136842650677, -24.7974066805725 ], [ -52.474981399181658, -24.797489151593439 ], [ -52.474823807830461, -24.797546426780912 ], [ -52.474665937476601, -24.797596204586242 ], [ -52.474507668795908, -24.79763967623397 ], [ -52.474316658118525, -24.797757580913562 ], [ -52.474193518550813, -24.797797159413474 ], [ -52.474034253020299, -24.797876856127587 ], [ -52.473878823969031, -24.797935627126748 ], [ -52.473721403795111, -24.798007213213356 ], [ -52.473562813703801, -24.797980097776573 ], [ -52.473405549638223, -24.798064500334657 ], [ -52.473264015472552, -24.798112542153554 ], [ -52.4732159024148, -24.798116307940241 ], [ -52.473089519139265, -24.798109602517385 ], [ -52.472931031634609, -24.798247292566188 ], [ -52.472774770557564, -24.798255780355255 ] ] ] } },
{ "type": "Feature", "properties": { "cod_sipra": "PR0110000", "nome_pa": "FAZENDA CHAPADÃO", "nome": "CORREGO", "tipo": "Hidrografia" }, "geometry": { "type": "MultiLineString", "coordinates": [ [ [ -52.405124429712124, -24.799055409541115 ], [ -52.405114538882302, -24.799055502430598 ], [ -52.405092569548991, -24.798861584113645 ], [ -52.405091450219764, -24.798762269427865 ], [ -52.405090229025596, -24.798635476983044 ], [ -52.405151619212646, -24.798403339106617 ], [ -52.405088307139444, -24.798260303925179 ], [ -52.405072538655602, -24.798116796640947 ], [ -52.405062788852995, -24.797972418827168 ], [ -52.405063570343387, -24.797827939262927 ], [ -52.405078132966764, -24.797682717043429 ], [ -52.405034415997157, -24.797532978485748 ], [ -52.404998115946, -24.79739429376351 ], [ -52.404975523420319, -24.797250873087336 ], [ -52.404944091797184, -24.7971056985612 ], [ -52.4049153100664, -24.796962493180615 ], [ -52.404807066837179, -24.796818808910629 ], [ -52.404837442165601, -24.796674248117942 ], [ -52.404749323661726, -24.796556655255092 ], [ -52.404589940113084, -24.79639220249139 ], [ -52.404588164865082, -24.796254342118374 ], [ -52.404509799125307, -24.796099279989573 ], [ -52.404426733467282, -24.79595576748957 ], [ -52.404420322674788, -24.795811173652968 ], [ -52.404416023044988, -24.795666922631092 ], [ -52.404405528382199, -24.79552251796818 ] ] ] } },
{ "type": "Feature", "properties": { "cod_sipra": "PR0110000", "nome_pa": "FAZENDA CHAPADÃO", "nome": "CORREGO", "tipo": "Hidrografia" }, "geometry": { "type": "MultiLineString", "coordinates": [ [ [ -52.405114538882302, -24.799055502430598 ], [ -52.405124429712124, -24.799055409541115 ] ] ] } },
{ "type": "Feature", "properties": { "cod_sipra": "PR0110000", "nome_pa": "FAZENDA CHAPADÃO", "nome": "CORREGO", "tipo": "Hidrografia" }, "geometry": { "type": "MultiLineString", "coordinates": [ ] } },
{ "type": "Feature", "properties": { "cod_sipra": "PR0110000", "nome_pa": "FAZENDA CHAPADÃO", "nome": "CORREGO", "tipo": "Hidrografia" }, "geometry": { "type": "MultiLineString", "coordinates": [ ] } },
{ "type": "Feature", "properties": { "cod_sipra": "PR0110000", "nome_pa": "FAZENDA CHAPADÃO", "nome": "CORREGO", "tipo": "Hidrografia" }, "geometry": { "type": "MultiLineString", "coordinates": [ [ [ -52.489684393094841, -24.796153114043985 ], [ -52.489584166666667, -24.796229444444446 ], [ -52.489441666666664, -24.796349166666662 ], [ -52.489290277777776, -24.796439722222217 ], [ -52.489172777777782, -24.7965175 ], [ -52.488925555555554, -24.796701666666664 ], [ -52.488716666666669, -24.796838055555554 ], [ -52.488506111111114, -24.796964166666665 ], [ -52.488336853587121, -24.797044263951353 ], [ -52.488147222222224, -24.79713944444444 ], [ -52.488031111111113, -24.797188611111114 ], [ -52.487889444444441, -24.797251388888888 ], [ -52.487693333333333, -24.797323055555548 ], [ -52.487531666666669, -24.797435555555555 ], [ -52.487347222222219, -24.7975375 ], [ -52.487284444444441, -24.797606388888884 ], [ -52.487191388888888, -24.797689722222223 ], [ -52.48697388888889, -24.79778388888889 ], [ -52.48688388888889, -24.797806388888894 ], [ -52.486704166666669, -24.797790277777779 ], [ -52.486614166666669, -24.797739444444446 ], [ -52.486501666666669, -24.797783888888883 ], [ -52.486416111111112, -24.79788083333333 ], [ -52.486355277777776, -24.798013888888889 ], [ -52.486299444444441, -24.798157222222226 ], [ -52.486245833333342, -24.79839027777777 ], [ -52.486240643180324, -24.798495944012423 ] ] ] } },
{ "type": "Feature", "properties": { "cod_sipra": "PR0110000", "nome_pa": "FAZENDA CHAPADÃO", "nome": "CORREGO", "tipo": "Hidrografia" }, "geometry": { "type": "MultiLineString", "coordinates": [ [ [ -52.433198037029207, -24.799105154376939 ], [ -52.433351029600288, -24.798886897011275 ], [ -52.433363540018881, -24.798849742671567 ], [ -52.433418603532829, -24.798741777764359 ], [ -52.433539237875983, -24.79863357029981 ], [ -52.433695890412004, -24.798522497098396 ], [ -52.433816108867276, -24.79844908800921 ], [ -52.433977387724866, -24.798303007700994 ], [ -52.43403664502069, -24.798157893229629 ] ] ] } },
{ "type": "Feature", "properties": { "cod_sipra": "PR0110000", "nome_pa": "FAZENDA CHAPADÃO", "nome": "CORREGO", "tipo": "Hidrografia" }, "geometry": { "type": "MultiLineString", "coordinates": [ ] } },
{ "type": "Feature", "properties": { "cod_sipra": "PR0110000", "nome_pa": "FAZENDA CHAPADÃO", "nome": "CORREGO", "tipo": "Hidrografia" }, "geometry": { "type": "MultiLineString", "coordinates": [ ] } },
{ "type": "Feature", "properties": { "cod_sipra": "PR0110000", "nome_pa": "FAZENDA CHAPADÃO", "nome": "CORREGO", "tipo": "Hidrografia" }, "geometry": { "type": "MultiLineString", "coordinates": [ [ [ -52.433198037029207, -24.799105154376939 ], [ -52.433177626295262, -24.79912787125258 ], [ -52.433040386955007, -24.799056408115309 ], [ -52.432950615730761, -24.799117091895766 ], [ -52.43279271585471, -24.799178022718497 ], [ -52.432735503888537, -24.79921753376691 ], [ -52.432635880299799, -24.799253442877323 ], [ -52.432476758708695, -24.799201269871837 ], [ -52.432386566175161, -24.799146589206352 ], [ -52.432318456511446, -24.799181919245679 ], [ -52.432160732714024, -24.799223463236249 ], [ -52.432095866725966, -24.799284453262274 ], [ -52.432006064916251, -24.799303407787786 ], [ -52.431844648601867, -24.799274398757252 ], [ -52.431686779052065, -24.799295687630295 ], [ -52.431529384607998, -24.799373955366999 ], [ -52.431504290331077, -24.799338205707471 ], [ -52.431370171133644, -24.799312569836335 ], [ -52.431313350090953, -24.799284934512524 ], [ -52.431211461283183, -24.799259613516679 ], [ -52.431083783594637, -24.799271401143777 ], [ -52.431052123949478, -24.799236158305675 ], [ -52.430894287228632, -24.799215204713732 ], [ -52.430878094014147, -24.799181854498347 ], [ -52.430772506009191, -24.799170144777428 ], [ -52.430690213839114, -24.799127984364407 ], [ -52.43057680635377, -24.799138183308376 ], [ -52.430499539268311, -24.799111604095 ], [ -52.430417469644901, -24.799086277046062 ], [ -52.430345239252574, -24.79902386785934 ] ] ] } },
{ "type": "Feature", "properties": { "cod_sipra": "PR0110000", "nome_pa": "FAZENDA CHAPADÃO", "nome": "CORREGO", "tipo": "Hidrografia" }, "geometry": { "type": "MultiLineString", "coordinates": [ ] } },
{ "type": "Feature", "properties": { "cod_sipra": "PR0110000", "nome_pa": "FAZENDA CHAPADÃO", "nome": "CORREGO", "tipo": "Hidrografia" }, "geometry": { "type": "MultiLineString", "coordinates": [ [ [ -52.472626116630877, -24.798303570798215 ], [ -52.472528391521664, -24.798334988142152 ], [ -52.47237072413207, -24.798445957545944 ], [ -52.472158993166161, -24.7985252165731 ], [ -52.472056420168556, -24.79857439670554 ], [ -52.471819323937979, -24.798682460715803 ], [ -52.47174139147468, -24.798703841572813 ], [ -52.471583351226684, -24.798741259915243 ], [ -52.471425336125769, -24.798759078275452 ], [ -52.47124557244733, -24.798823144709566 ], [ -52.471110355619871, -24.798874213547585 ], [ -52.470952417596934, -24.798944482051141 ], [ -52.470749245765994, -24.798972537255313 ] ] ] } },
{ "type": "Feature", "properties": { "cod_sipra": "PR0110000", "nome_pa": "FAZENDA CHAPADÃO", "nome": "CORREGO", "tipo": "Hidrografia" }, "geometry": { "type": "MultiLineString", "coordinates": [ ] } },
{ "type": "Feature", "properties": { "cod_sipra": "PR0110000", "nome_pa": "FAZENDA CHAPADÃO", "nome": "CORREGO", "tipo": "Hidrografia" }, "geometry": { "type": "MultiLineString", "coordinates": [ [ [ -52.470627645981814, -24.79903989524928 ], [ -52.470411025123596, -24.798978793006956 ], [ -52.470388166609062, -24.798876793725661 ], [ -52.470228525982577, -24.798765998806044 ], [ -52.4700975778687, -24.798692932589191 ], [ -52.469967816422091, -24.79854909102772 ], [ -52.46978538308182, -24.798405733728234 ], [ -52.469589973339424, -24.79828416004241 ], [ -52.469430008194664, -24.798139671532986 ], [ -52.469270886826713, -24.798067428024513 ], [ -52.46911978613641, -24.797835718402368 ], [ -52.468950159137989, -24.797710972287394 ], [ -52.468799511066727, -24.797548237303669 ], [ -52.468742505428601, -24.79740496465217 ], [ -52.468677750762339, -24.797262132589452 ], [ -52.468545272780553, -24.797117795937449 ], [ -52.468381170015334, -24.796976142875202 ], [ -52.468148352203926, -24.796851353942152 ], [ -52.468010079015563, -24.796690843348973 ], [ -52.467829770185787, -24.796663457501452 ], [ -52.467671139290744, -24.796691898964742 ], [ -52.4675528879187, -24.796695448743158 ], [ -52.467354118437612, -24.796715274082747 ], [ -52.467194782781831, -24.796578008189663 ], [ -52.467036812403563, -24.796516597970957 ], [ -52.466921979705482, -24.796412599666194 ], [ -52.466718106621173, -24.796322711272051 ], [ -52.466559327855975, -24.796278513061903 ], [ -52.466401487185621, -24.796317840039741 ], [ -52.466241999069013, -24.796291806806789 ], [ -52.466083675317293, -24.79620567754996 ], [ -52.465973575784041, -24.796133001097711 ], [ -52.465764699969384, -24.795995055109294 ], [ -52.465603969544183, -24.795857738954993 ], [ -52.465446227127174, -24.795834254180235 ], [ -52.465284272399792, -24.79577963990269 ], [ -52.465128910344831, -24.795764192100616 ], [ -52.464970491463014, -24.79575135303941 ], [ -52.464783820461697, -24.795703561304748 ], [ -52.464543347066851, -24.795527648327603 ] ] ] } },
{ "type": "Feature", "properties": { "cod_sipra": "PR0110000", "nome_pa": "FAZENDA CHAPADÃO", "nome": "CORREGO", "tipo": "Hidrografia" }, "geometry": { "type": "MultiLineString", "coordinates": [ [ [ -52.486198341039447, -24.798930405319293 ], [ -52.486196944444444, -24.798864166666661 ], [ -52.486235, -24.798610833333335 ], [ -52.486240643180324, -24.798495944012423 ] ] ] } },
{ "type": "Feature", "properties": { "cod_sipra": "PR0110000", "nome_pa": "FAZENDA CHAPADÃO", "nome": "CORREGO", "tipo": "Hidrografia" }, "geometry": { "type": "MultiLineString", "coordinates": [ [ [ -52.486198531364039, -24.798939432150114 ], [ -52.486198341039447, -24.798930405319293 ] ] ] } },
{ "type": "Feature", "properties": { "cod_sipra": "PR0110000", "nome_pa": "FAZENDA CHAPADÃO", "nome": "CORREGO", "tipo": "Hidrografia" }, "geometry": { "type": "MultiLineString", "coordinates": [ [ [ -52.48619852977248, -24.798939356664519 ], [ -52.486198531364039, -24.798939432150114 ] ] ] } },
{ "type": "Feature", "properties": { "cod_sipra": "PR0110000", "nome_pa": "FAZENDA CHAPADÃO", "nome": "CORREGO", "tipo": "Hidrografia" }, "geometry": { "type": "MultiLineString", "coordinates": [ [ [ -52.437012306162849, -24.799619366329761 ], [ -52.43693064800491, -24.799412909286168 ], [ -52.436800773504594, -24.799271787227259 ], [ -52.436770756310537, -24.799262074278246 ], [ -52.436715631754595, -24.799235108975417 ], [ -52.436691566967035, -24.799202689502295 ], [ -52.43661156886543, -24.799182363153509 ], [ -52.436589767929917, -24.799159636539393 ], [ -52.436520459683365, -24.799192739530625 ], [ -52.436452505215783, -24.799194699094979 ], [ -52.436294396665616, -24.799169128565289 ], [ -52.436166878433838, -24.799121255057447 ], [ -52.435977279044103, -24.799076912583963 ], [ -52.435901795334303, -24.7989924649426 ], [ -52.435712450614595, -24.79883725098291 ], [ -52.435498572635787, -24.798737757226561 ], [ -52.435339123462754, -24.798633176709728 ], [ -52.435217066017493, -24.798553039150235 ], [ -52.435020808793084, -24.798481113910302 ], [ -52.434918600998962, -24.798411248379924 ], [ -52.43470249229086, -24.79832638911385 ], [ -52.434548591694814, -24.798270527544616 ], [ -52.434384401145792, -24.798190836313879 ], [ -52.434260077187396, -24.798128821716201 ], [ -52.434086252146137, -24.798067281480488 ] ] ] } },
{ "type": "Feature", "properties": { "cod_sipra": "PR0110000", "nome_pa": "FAZENDA CHAPADÃO", "nome": "CORREGO", "tipo": "Hidrografia" }, "geometry": { "type": "MultiLineString", "coordinates": [ [ [ -52.41314863420272, -24.796605064857882 ], [ -52.412955336123645, -24.796672712444522 ], [ -52.412753394874741, -24.796707706966007 ], [ -52.412596294564992, -24.796745701658043 ], [ -52.412438817124404, -24.796817853640537 ], [ -52.412279996687893, -24.796831477517411 ], [ -52.412122988903683, -24.796901720575722 ], [ -52.411976845795344, -24.796923157438989 ], [ -52.411807859731539, -24.797003770716124 ], [ -52.411649097188267, -24.796981237425264 ], [ -52.411491587960192, -24.797027035343245 ], [ -52.411333675379396, -24.797064730896409 ], [ -52.411176313424825, -24.797138341816332 ], [ -52.411018448412008, -24.797176014653843 ], [ -52.410859844922022, -24.797161702358419 ], [ -52.410702146277487, -24.797215609621048 ], [ -52.410544619885172, -24.797277468394451 ], [ -52.410386807993348, -24.797324715092028 ], [ -52.41025249265865, -24.797228339834554 ], [ -52.410069052718811, -24.797256817636786 ], [ -52.409912161310515, -24.797314380517218 ], [ -52.409797522106381, -24.797232627370619 ], [ -52.409761259110255, -24.797088474247335 ], [ -52.40959243264237, -24.797031487295694 ], [ -52.409480985051459, -24.797091918290519 ], [ -52.409277001425373, -24.797129176282589 ], [ -52.409118444747143, -24.797103580936639 ], [ -52.408960398519724, -24.797123150333253 ], [ -52.408841890558357, -24.797242407121367 ], [ -52.408646203445755, -24.797362897725993 ], [ -52.408592629364342, -24.797532946711637 ], [ -52.408491766565035, -24.797669335913763 ], [ -52.408382246603267, -24.797824629002697 ], [ -52.408336574889844, -24.797941683442435 ], [ -52.408277447398653, -24.79811380520465 ], [ -52.40821897479929, -24.798259646116421 ], [ -52.408183200086505, -24.798392490679319 ], [ -52.408025074310444, -24.798450663616091 ], [ -52.408027345353709, -24.798584103006032 ], [ -52.408047846546339, -24.798693908915457 ], [ -52.407988882333271, -24.798838885514314 ], [ -52.407935437077228, -24.798984679014954 ], [ -52.407922244004624, -24.799128453936778 ], [ -52.407876275872972, -24.799226623108712 ], [ -52.407877700186752, -24.799335636406589 ], [ -52.407879118766481, -24.799456197706352 ], [ -52.407797394378868, -24.799707546617039 ], [ -52.407615855979337, -24.799854351967415 ], [ -52.407407756640104, -24.799970800497881 ], [ -52.407270219336255, -24.800002080086291 ], [ -52.407143763593972, -24.80014823787117 ], [ -52.40703003562097, -24.800292812248415 ], [ -52.406782074660605, -24.800439414078816 ], [ -52.406624332433942, -24.800489179777006 ], [ -52.406465901836114, -24.800489829583242 ], [ -52.406307881304976, -24.800494889161996 ], [ -52.406149435480422, -24.800476975859976 ], [ -52.405989434319203, -24.800347001877245 ], [ -52.405830282946546, -24.800248117438603 ], [ -52.405668010336861, -24.800077331493199 ], [ -52.405510287498871, -24.799959128726751 ], [ -52.405350697330626, -24.79990435828843 ], [ -52.405277908853925, -24.799730982379177 ], [ -52.405189829917504, -24.799592065265632 ], [ -52.40516353604864, -24.799442244913852 ], [ -52.405206303812825, -24.799298416849073 ], [ -52.405135439673025, -24.799154609391515 ], [ -52.405124429712124, -24.799055409541115 ] ] ] } },
{ "type": "Feature", "properties": { "cod_sipra": "PR0110000", "nome_pa": "FAZENDA CHAPADÃO", "nome": "CORREGO", "tipo": "Hidrografia" }, "geometry": { "type": "MultiLineString", "coordinates": [ [ [ -52.452068001791233, -24.798148767741878 ], [ -52.45208114608031, -24.798270000089044 ], [ -52.452086977142919, -24.798414414591768 ], [ -52.452099097195756, -24.798559181046343 ], [ -52.452089154554265, -24.798703592220971 ], [ -52.452048595197908, -24.798772330039743 ], [ -52.452036377866996, -24.798848575521824 ], [ -52.45206057367087, -24.798992626156345 ], [ -52.452032759889022, -24.799176414818326 ], [ -52.451994017519922, -24.79928214330539 ], [ -52.451945790076117, -24.799426923801295 ], [ -52.451880342507714, -24.799670191502955 ], [ -52.45188153441196, -24.799762810875372 ], [ -52.451903481659969, -24.799861532754882 ], [ -52.451935780473647, -24.800005056644707 ], [ -52.451886310178743, -24.800189111681728 ], [ -52.451814974792029, -24.800365784603155 ] ] ] } },
{ "type": "Feature", "properties": { "cod_sipra": "PR0110000", "nome_pa": "FAZENDA CHAPADÃO", "nome": "CORREGO", "tipo": "Hidrografia" }, "geometry": { "type": "MultiLineString", "coordinates": [ [ [ -52.419119066083866, -24.800891735491415 ], [ -52.418931034165048, -24.800775441067007 ], [ -52.418773323351459, -24.80064894797718 ], [ -52.418672495790105, -24.800606379761529 ], [ -52.418538990052184, -24.800463845027487 ], [ -52.418395632313171, -24.800465204219545 ], [ -52.418296724417495, -24.800321643847806 ], [ -52.418227464257455, -24.80017707192675 ], [ -52.418220074196988, -24.800033430016292 ], [ -52.418180949296897, -24.79988910908229 ], [ -52.418197699209124, -24.799744692723255 ], [ -52.418202616718119, -24.799600178105969 ], [ -52.418187955433964, -24.7994558401464 ], [ -52.418283873880171, -24.799334962997932 ], [ -52.418285498194969, -24.799164927618079 ], [ -52.418267915225179, -24.799021669234282 ], [ -52.418321597732451, -24.798876683407826 ], [ -52.418364229408304, -24.798731806789533 ], [ -52.41840837948542, -24.798627101288389 ], [ -52.418481144902564, -24.798441736768833 ], [ -52.418588566543519, -24.798299448433241 ], [ -52.418645740592368, -24.798150601734136 ], [ -52.418744349421331, -24.798060340868194 ] ] ] } },
{ "type": "Feature", "properties": { "cod_sipra": "PR0110000", "nome_pa": "FAZENDA CHAPADÃO", "nome": "CORREGO", "tipo": "Hidrografia" }, "geometry": { "type": "MultiLineString", "coordinates": [ [ [ -52.485842473321846, -24.800838005979539 ], [ -52.485855555555553, -24.80080111111111 ], [ -52.48592, -24.800653888888878 ], [ -52.485961666666675, -24.800482777777773 ], [ -52.486071388888895, -24.800126388888877 ], [ -52.486134444444446, -24.799898055555555 ], [ -52.486105555555554, -24.799775 ], [ -52.486150555555554, -24.799483333333338 ], [ -52.48619166666667, -24.799278888888889 ], [ -52.486200833333342, -24.799048611111104 ], [ -52.486200213179941, -24.799019198206732 ] ] ] } },
{ "type": "Feature", "properties": { "cod_sipra": "PR0110000", "nome_pa": "FAZENDA CHAPADÃO", "nome": "CORREGO", "tipo": "Hidrografia" }, "geometry": { "type": "MultiLineString", "coordinates": [ [ [ -52.470627645981814, -24.79903989524928 ], [ -52.470654468885996, -24.7991270627634 ], [ -52.470595224505495, -24.799225327480038 ], [ -52.470431324641844, -24.799273256710197 ], [ -52.470279407486935, -24.799299951126748 ], [ -52.470051354680784, -24.799421684385614 ], [ -52.469966273781381, -24.799574603409045 ], [ -52.469887539656192, -24.799712475029711 ], [ -52.469810791985246, -24.799810895254279 ], [ -52.469653713052274, -24.799911761708728 ], [ -52.469477549402562, -24.800005354807976 ], [ -52.469280765312497, -24.800151792479813 ], [ -52.46925374887217, -24.800218262483952 ], [ -52.469184215739332, -24.800357938368208 ], [ -52.469026429636713, -24.800401006059097 ], [ -52.468916841875675, -24.80044427214245 ], [ -52.468870572328697, -24.800605664890487 ], [ -52.468865669829619, -24.800734128256288 ], [ -52.468797279974297, -24.800879316097614 ], [ -52.468700213136025, -24.801043989190603 ], [ -52.468603098356724, -24.801092444106548 ] ] ] } },
{ "type": "Feature", "properties": { "cod_sipra": "PR0110000", "nome_pa": "FAZENDA CHAPADÃO", "nome": "CORREGO", "tipo": "Hidrografia" }, "geometry": { "type": "MultiLineString", "coordinates": [ [ [ -52.451815456421819, -24.801287425858803 ], [ -52.45188613667014, -24.80121824487841 ], [ -52.451822908649021, -24.801082888167443 ], [ -52.45171689857802, -24.800931147935923 ], [ -52.451794317870018, -24.80078588172594 ], [ -52.451767133866284, -24.800706563632637 ], [ -52.45174497491977, -24.800641907763545 ], [ -52.451769475050831, -24.800497198951842 ], [ -52.451814974792029, -24.800365784603155 ] ] ] } },
{ "type": "Feature", "properties": { "cod_sipra": "PR0110000", "nome_pa": "FAZENDA CHAPADÃO", "nome": "CORREGO", "tipo": "Hidrografia" }, "geometry": { "type": "MultiLineString", "coordinates": [ ] } },
{ "type": "Feature", "properties": { "cod_sipra": "PR0110000", "nome_pa": "FAZENDA CHAPADÃO", "nome": "CORREGO", "tipo": "Hidrografia" }, "geometry": { "type": "MultiLineString", "coordinates": [ [ [ -52.420245020360596, -24.802172298136544 ], [ -52.420163889624874, -24.801999306919875 ], [ -52.420003717773859, -24.801833059875172 ], [ -52.419902966370515, -24.801669869838161 ], [ -52.419765137169662, -24.801526524638749 ], [ -52.419614554669742, -24.801383658483093 ], [ -52.419363976022055, -24.801249025793286 ], [ -52.419270845524309, -24.80109797923458 ], [ -52.41924191065015, -24.801049201750626 ], [ -52.419183920741702, -24.800974868418429 ] ] ] } },
{ "type": "Feature", "properties": { "cod_sipra": "PR0110000", "nome_pa": "FAZENDA CHAPADÃO", "nome": "CORREGO", "tipo": "Hidrografia" }, "geometry": { "type": "MultiLineString", "coordinates": [ ] } },
{ "type": "Feature", "properties": { "cod_sipra": "PR0110000", "nome_pa": "FAZENDA CHAPADÃO", "nome": "CORREGO", "tipo": "Hidrografia" }, "geometry": { "type": "MultiLineString", "coordinates": [ [ [ -52.419715841589614, -24.802610738022803 ], [ -52.419476389868947, -24.802433987157581 ], [ -52.419317507787135, -24.802386170004461 ], [ -52.419235370278166, -24.802378490484351 ], [ -52.419206311725276, -24.8023896316902 ], [ -52.418999755395127, -24.802353380749267 ], [ -52.41885514110465, -24.802353590948325 ], [ -52.418854973470957, -24.80235363768583 ], [ -52.418764600488331, -24.80240245028747 ], [ -52.418724480987244, -24.802321120819144 ] ] ] } },
{ "type": "Feature", "properties": { "cod_sipra": "PR0110000", "nome_pa": "FAZENDA CHAPADÃO", "nome": "CORREGO", "tipo": "Hidrografia" }, "geometry": { "type": "MultiLineString", "coordinates": [ ] } },
{ "type": "Feature", "properties": { "cod_sipra": "PR0110000", "nome_pa": "FAZENDA CHAPADÃO", "nome": "CORREGO", "tipo": "Hidrografia" }, "geometry": { "type": "MultiLineString", "coordinates": [ ] } },
{ "type": "Feature", "properties": { "cod_sipra": "PR0110000", "nome_pa": "FAZENDA CHAPADÃO", "nome": "CORREGO", "tipo": "Hidrografia" }, "geometry": { "type": "MultiLineString", "coordinates": [ [ [ -52.420245020360596, -24.802172298136544 ], [ -52.420238520507588, -24.802316857779338 ], [ -52.420175816761301, -24.80250014441469 ], [ -52.42001875215896, -24.802611431073995 ], [ -52.419859770093304, -24.802648857719582 ], [ -52.419715841589614, -24.802610738022803 ] ] ] } },
{ "type": "Feature", "properties": { "cod_sipra": "PR0110000", "nome_pa": "FAZENDA CHAPADÃO", "nome": "CORREGO", "tipo": "Hidrografia" }, "geometry": { "type": "MultiLineString", "coordinates": [ [ [ -52.437318048937101, -24.802685074430393 ], [ -52.437281093457443, -24.802671755309682 ], [ -52.437264438088057, -24.802614709416424 ], [ -52.437242909919512, -24.802461371249844 ], [ -52.437211184979262, -24.802317156895977 ], [ -52.43721081328804, -24.802172545569778 ], [ -52.437183576848959, -24.802026905658682 ], [ -52.437201754141547, -24.801883903620368 ], [ -52.437218262352566, -24.801739290049976 ], [ -52.437223246230275, -24.801593836125967 ], [ -52.4371241684034, -24.801451250654921 ], [ -52.437136419313866, -24.801305444367582 ], [ -52.437089865009533, -24.801198802304466 ], [ -52.437077302094288, -24.801018254287463 ], [ -52.437086117967937, -24.80087377704373 ], [ -52.437081936051662, -24.800729120746563 ], [ -52.437033356779317, -24.800585296608805 ], [ -52.437051669406429, -24.800439710979791 ], [ -52.437042303454525, -24.800296268117744 ], [ -52.437061058276342, -24.800151495859065 ], [ -52.437052882324892, -24.800007218668547 ], [ -52.437022573111115, -24.799863042566539 ], [ -52.437015300387266, -24.799717180992925 ], [ -52.437012306162849, -24.799619366329761 ] ] ] } },
{ "type": "Feature", "properties": { "cod_sipra": "PR0110000", "nome_pa": "FAZENDA CHAPADÃO", "nome": "CORREGO", "tipo": "Hidrografia" }, "geometry": { "type": "MultiLineString", "coordinates": [ [ [ -52.467029597350653, -24.803434705181147 ], [ -52.467229658741211, -24.803226781449592 ], [ -52.467246295885587, -24.803082096702479 ], [ -52.467280669410442, -24.80293731844241 ], [ -52.467279653803828, -24.802846630237607 ], [ -52.467435521982352, -24.80264685878706 ], [ -52.467504774008674, -24.802501705434842 ], [ -52.467632370699903, -24.802355987799356 ], [ -52.46770067590748, -24.802210726884116 ], [ -52.467826863271888, -24.802064957169325 ], [ -52.467902135721403, -24.801928364667493 ], [ -52.468030400439687, -24.801774196524327 ], [ -52.468171868392609, -24.80162752023703 ], [ -52.468213733566564, -24.801528651186398 ], [ -52.468369843536891, -24.801344916198463 ], [ -52.468489226563271, -24.801191634739002 ] ] ] } },
{ "type": "Feature", "properties": { "cod_sipra": "PR0110000", "nome_pa": "FAZENDA CHAPADÃO", "nome": "CORREGO", "tipo": "Hidrografia" }, "geometry": { "type": "MultiLineString", "coordinates": [ [ [ -52.461354601817639, -24.803146394352272 ], [ -52.46141328381426, -24.803150271007709 ], [ -52.46158561489397, -24.803118660416072 ], [ -52.461737453585322, -24.803045783421709 ], [ -52.461901573514396, -24.803024553507903 ], [ -52.462051270545984, -24.803043075469873 ], [ -52.462217117274065, -24.803034266818027 ], [ -52.462375096625699, -24.802992312266671 ], [ -52.462532467169176, -24.802914441228541 ], [ -52.46269063486946, -24.802872528297986 ], [ -52.46284735448971, -24.80279111821099 ], [ -52.463005984076062, -24.802770688196937 ], [ -52.463163486111895, -24.802751865043465 ], [ -52.463321705870804, -24.802734619516002 ], [ -52.463481226345145, -24.802852040483465 ], [ -52.463640977812886, -24.80298061747138 ], [ -52.463800613373635, -24.803079488421329 ], [ -52.463959257408327, -24.803125575325375 ], [ -52.464103398635196, -24.80316721191198 ], [ -52.464277002360525, -24.803165839868974 ], [ -52.464435019290356, -24.803191497436849 ], [ -52.464593368662527, -24.803218064667821 ], [ -52.464751564044107, -24.80320910493262 ], [ -52.464909609714361, -24.803192181772118 ], [ -52.465067821922666, -24.80317464689853 ], [ -52.465226811989019, -24.80322805550438 ], [ -52.465348333600915, -24.803299756816898 ], [ -52.465545557274105, -24.803331899892505 ], [ -52.465703117320494, -24.803374986534052 ], [ -52.465861823339665, -24.80341174955274 ], [ -52.466020055519309, -24.803405921040323 ], [ -52.4661783324796, -24.803408647775907 ], [ -52.46633690541379, -24.803434159775392 ], [ -52.466495478662026, -24.803459693542578 ], [ -52.466653969395416, -24.803457864048244 ], [ -52.466811360893537, -24.80338647550634 ], [ -52.466890561653997, -24.803368467118545 ], [ -52.466969499096741, -24.803391883988454 ] ] ] } },
{ "type": "Feature", "properties": { "cod_sipra": "PR0110000", "nome_pa": "FAZENDA CHAPADÃO", "nome": "CORREGO", "tipo": "Hidrografia" }, "geometry": { "type": "MultiLineString", "coordinates": [ [ [ -52.487092211464287, -24.803701340675701 ], [ -52.487055, -24.803676111111113 ], [ -52.486913888888886, -24.803555833333327 ], [ -52.486835277777779, -24.803373055555557 ], [ -52.4868575, -24.803298333333331 ], [ -52.486769444444441, -24.803151666666665 ], [ -52.486680555555559, -24.803004444444436 ], [ -52.486640833333333, -24.802839166666654 ], [ -52.486497777777778, -24.802634166666653 ], [ -52.486417222222222, -24.802460277777772 ], [ -52.486357222222225, -24.802277777777775 ], [ -52.486245, -24.801978333333331 ], [ -52.486149444444443, -24.801801111111111 ], [ -52.48606, -24.801604166666667 ], [ -52.485972777777775, -24.801416111111109 ], [ -52.48587, -24.801172777777783 ], [ -52.485795870561098, -24.800989871455435 ], [ -52.48580611111111, -24.800940555555556 ], [ -52.485842473321846, -24.800838005979539 ] ] ] } },
{ "type": "Feature", "properties": { "cod_sipra": "PR0110000", "nome_pa": "FAZENDA CHAPADÃO", "nome": "CORREGO", "tipo": "Hidrografia" }, "geometry": { "type": "MultiLineString", "coordinates": [ [ [ -52.422681313888887, -24.804308988888884 ], [ -52.422514137890097, -24.804244019024384 ], [ -52.422354653938903, -24.804200548234821 ], [ -52.422196007949758, -24.804105706370002 ], [ -52.422036594042758, -24.804084457124883 ], [ -52.42187813915784, -24.804068747539617 ], [ -52.421719801048162, -24.804066890177886 ], [ -52.421563062629552, -24.804119162700253 ], [ -52.421405010471304, -24.804138767478225 ], [ -52.421247147282187, -24.804192330317743 ], [ -52.421089948293307, -24.804269745061095 ], [ -52.420977216216123, -24.804052287047014 ], [ -52.420769725341792, -24.803947698515167 ], [ -52.420657314146709, -24.803910939095847 ], [ -52.420459502900378, -24.803767811270919 ], [ -52.420291376624995, -24.80366425456198 ], [ -52.420137956027979, -24.803627067334691 ], [ -52.419973907341458, -24.803557955793213 ], [ -52.419815238268484, -24.80352336932194 ], [ -52.419656661334649, -24.803499327495274 ], [ -52.419497782572584, -24.803443501353385 ], [ -52.419340077114676, -24.803531948035232 ] ] ] } },
{ "type": "Feature", "properties": { "cod_sipra": "PR0110000", "nome_pa": "FAZENDA CHAPADÃO", "nome": "CORREGO", "tipo": "Hidrografia" }, "geometry": { "type": "MultiLineString", "coordinates": [ ] } },
{ "type": "Feature", "properties": { "cod_sipra": "PR0110000", "nome_pa": "FAZENDA CHAPADÃO", "nome": "CORREGO", "tipo": "Hidrografia" }, "geometry": { "type": "MultiLineString", "coordinates": [ ] } },
{ "type": "Feature", "properties": { "cod_sipra": "PR0110000", "nome_pa": "FAZENDA CHAPADÃO", "nome": "CORREGO", "tipo": "Hidrografia" }, "geometry": { "type": "MultiLineString", "coordinates": [ [ [ -52.449867899489533, -24.80439832617245 ], [ -52.449876005356948, -24.804244769028529 ], [ -52.449784190107032, -24.804037272209246 ], [ -52.449765782991022, -24.803893313448846 ], [ -52.449872045027675, -24.803862088720138 ], [ -52.450020310486202, -24.803746703446407 ], [ -52.449963996213143, -24.803602778206219 ], [ -52.449926213698085, -24.803458676979449 ], [ -52.449931011197457, -24.803313523510834 ], [ -52.44996884583221, -24.803169317924588 ], [ -52.450073466421635, -24.803023015105335 ], [ -52.450014216284245, -24.802878951790944 ], [ -52.450150236836159, -24.802734171995617 ], [ -52.45021404234685, -24.802607602010049 ], [ -52.450300021085475, -24.802442882450364 ], [ -52.450397472369396, -24.802298318027887 ], [ -52.450568822321088, -24.802152229459324 ], [ -52.450685706648883, -24.802005556447764 ], [ -52.450799222295657, -24.801940275560654 ], [ -52.450940399541771, -24.801827241757881 ], [ -52.451112884416638, -24.80172413668263 ], [ -52.451270589812303, -24.801675870388227 ], [ -52.451427882799578, -24.801591508451441 ], [ -52.451584862235464, -24.80148100342107 ], [ -52.451741799186195, -24.801359520564866 ] ] ] } },
{ "type": "Feature", "properties": { "cod_sipra": "PR0110000", "nome_pa": "FAZENDA CHAPADÃO", "nome": "CORREGO", "tipo": "Hidrografia" }, "geometry": { "type": "MultiLineString", "coordinates": [ [ [ -52.413353762526377, -24.804999552146548 ], [ -52.413133080107173, -24.804851274831162 ], [ -52.412974412156082, -24.804799664527401 ], [ -52.412815466409818, -24.804740667882644 ], [ -52.412782985488974, -24.804644784474924 ], [ -52.412655711520017, -24.80460991582148 ], [ -52.412577122182732, -24.804502255956596 ], [ -52.412563848814514, -24.804357912341054 ], [ -52.412493315414274, -24.804263917609262 ], [ -52.412371092124651, -24.804070241978259 ], [ -52.412319115240763, -24.803926806025004 ], [ -52.412172721133004, -24.803887587233618 ], [ -52.412122405989905, -24.8037834329132 ], [ -52.412113609761583, -24.803639680346699 ], [ -52.41201010483659, -24.803506923173646 ], [ -52.411934091104499, -24.803352549932107 ], [ -52.411896505632114, -24.803207384594216 ], [ -52.411846896815867, -24.80306897442038 ], [ -52.411769542040098, -24.802920680432923 ], [ -52.411800346151722, -24.802774874108945 ], [ -52.411842139355848, -24.802646913016329 ], [ -52.411957276292931, -24.802485490663731 ], [ -52.412156349312646, -24.802440056911383 ], [ -52.412314380521771, -24.802356147065773 ], [ -52.412471507272798, -24.802306174476847 ], [ -52.41262979048301, -24.802237342851701 ], [ -52.412786716981095, -24.802199337205046 ], [ -52.412945124818293, -24.802211172548038 ], [ -52.4131032972643, -24.802202242005141 ], [ -52.413261535925521, -24.802199154271705 ], [ -52.413419210449888, -24.802146669718496 ], [ -52.413577843752542, -24.802160912950324 ], [ -52.413736554730527, -24.802154180971574 ], [ -52.413894616247383, -24.802147935269453 ], [ -52.414052837394074, -24.802193269883567 ], [ -52.414211250165401, -24.802196448899355 ], [ -52.414370360980342, -24.802209472743911 ], [ -52.414527928434708, -24.802217434504247 ], [ -52.414687223587514, -24.802302370391299 ], [ -52.414845299348436, -24.802268908196407 ], [ -52.415003791441535, -24.802306415614304 ], [ -52.415163147364986, -24.802404207539421 ], [ -52.415287635263979, -24.802355976988046 ], [ -52.415478802214544, -24.802323115785928 ], [ -52.415637799436517, -24.80238752691286 ], [ -52.4157962231955, -24.802402493803239 ], [ -52.415955860380883, -24.802421931045075 ], [ -52.416113183241883, -24.802438797880459 ], [ -52.41627223837434, -24.802507913529368 ], [ -52.416431229700848, -24.802505120984939 ], [ -52.416588671893436, -24.802497502892344 ], [ -52.416706803856812, -24.802585142609161 ], [ -52.416901160128951, -24.80258324590049 ], [ -52.417064609414325, -24.802584482413373 ], [ -52.417223184999401, -24.802622182885266 ], [ -52.41738178042749, -24.80259570600267 ], [ -52.4175387293919, -24.802527259365053 ], [ -52.417697357863112, -24.802565105904648 ], [ -52.417855835438701, -24.802504259752293 ], [ -52.418012852242526, -24.80246688402627 ], [ -52.418112975800263, -24.802427265573417 ], [ -52.418328696048, -24.8023899638088 ], [ -52.418486520103002, -24.802371139981428 ], [ -52.418644897582318, -24.802359579429659 ], [ -52.418764600488331, -24.80240245028747 ], [ -52.418724480987244, -24.802321120819144 ] ] ] } },
{ "type": "Feature", "properties": { "cod_sipra": "PR0110000", "nome_pa": "FAZENDA CHAPADÃO", "nome": "CORREGO", "tipo": "Hidrografia" }, "geometry": { "type": "MultiLineString", "coordinates": [ [ [ -52.448067380260461, -24.80523744600842 ], [ -52.448183517385317, -24.80516406054171 ], [ -52.448312033027783, -24.805007119710211 ], [ -52.448472353697028, -24.804979564708862 ], [ -52.44862906720023, -24.805030519872624 ], [ -52.448868987144934, -24.80516752553692 ] ] ] } },
{ "type": "Feature", "properties": { "cod_sipra": "PR0110000", "nome_pa": "FAZENDA CHAPADÃO", "nome": "CORREGO", "tipo": "Hidrografia" }, "geometry": { "type": "MultiLineString", "coordinates": [ ] } },
{ "type": "Feature", "properties": { "cod_sipra": "PR0110000", "nome_pa": "FAZENDA CHAPADÃO", "nome": "CORREGO", "tipo": "Hidrografia" }, "geometry": { "type": "MultiLineString", "coordinates": [ [ [ -52.448067380260461, -24.80523744600842 ], [ -52.447918198158177, -24.805166654507534 ], [ -52.447817911221108, -24.805070393477841 ], [ -52.447657858909281, -24.804898312729467 ], [ -52.447497703635911, -24.804738877907806 ], [ -52.447338124905976, -24.804630435418979 ], [ -52.447178829376568, -24.804544273569032 ], [ -52.44703445913305, -24.804452850023083 ], [ -52.446879410135466, -24.804309856632496 ], [ -52.44669943144423, -24.804200045655815 ], [ -52.446541149864821, -24.804143811961037 ], [ -52.446398101347874, -24.804170061895157 ], [ -52.446223602852562, -24.80413900335024 ], [ -52.446066797933774, -24.804184494820998 ], [ -52.445933173522604, -24.804174556537774 ], [ -52.445749530779786, -24.80416886938902 ], [ -52.445646332766806, -24.804177328820934 ], [ -52.445432576468662, -24.804104863704175 ], [ -52.445273575482105, -24.804107648917171 ], [ -52.445115945197053, -24.804078625745557 ], [ -52.444960679326719, -24.804039507665887 ], [ -52.444816997157488, -24.804040844269363 ], [ -52.44469781648997, -24.804042379659588 ], [ -52.444482794003179, -24.804171189163487 ], [ -52.444324652622157, -24.804165302288261 ], [ -52.444205987862837, -24.804191913060784 ], [ -52.444058780468787, -24.804192640444899 ], [ -52.444041665125376, -24.804198770794358 ], [ -52.443900591590321, -24.804171121284796 ] ] ] } },
{ "type": "Feature", "properties": { "cod_sipra": "PR0110000", "nome_pa": "FAZENDA CHAPADÃO", "nome": "CORREGO", "tipo": "Hidrografia" }, "geometry": { "type": "MultiLineString", "coordinates": [ [ [ -52.449867899489533, -24.80439832617245 ], [ -52.449677709383451, -24.804411172638016 ], [ -52.449604658203015, -24.804581491791584 ], [ -52.449497389919614, -24.804727006212211 ], [ -52.449353819405388, -24.804872886351006 ], [ -52.449162475917653, -24.805003399979761 ], [ -52.449323163656203, -24.805054779756965 ], [ -52.449406634762575, -24.805161316789683 ], [ -52.449165167148877, -24.805217807437792 ], [ -52.449006908832565, -24.805219318580885 ], [ -52.448868987144934, -24.80516752553692 ] ] ] } },
{ "type": "Feature", "properties": { "cod_sipra": "PR0110000", "nome_pa": "FAZENDA CHAPADÃO", "nome": "CORREGO", "tipo": "Hidrografia" }, "geometry": { "type": "MultiLineString", "coordinates": [ ] } },
{ "type": "Feature", "properties": { "cod_sipra": "PR0110000", "nome_pa": "FAZENDA CHAPADÃO", "nome": "CORREGO", "tipo": "Hidrografia" }, "geometry": { "type": "MultiLineString", "coordinates": [ ] } },
{ "type": "Feature", "properties": { "cod_sipra": "PR0110000", "nome_pa": "FAZENDA CHAPADÃO", "nome": "CORREGO", "tipo": "Hidrografia" }, "geometry": { "type": "MultiLineString", "coordinates": [ ] } },
{ "type": "Feature", "properties": { "cod_sipra": "PR0110000", "nome_pa": "FAZENDA CHAPADÃO", "nome": "CORREGO", "tipo": "Hidrografia" }, "geometry": { "type": "MultiLineString", "coordinates": [ ] } },
{ "type": "Feature", "properties": { "cod_sipra": "PR0110000", "nome_pa": "FAZENDA CHAPADÃO", "nome": "CORREGO", "tipo": "Hidrografia" }, "geometry": { "type": "MultiLineString", "coordinates": [ [ [ -52.4142298196113, -24.805588269285337 ], [ -52.41398999936515, -24.805382791314241 ], [ -52.413830514950234, -24.805315034782137 ], [ -52.41367007522755, -24.805099028019409 ], [ -52.41351114806843, -24.805024608380034 ], [ -52.413353762526377, -24.804999552146548 ] ] ] } },
{ "type": "Feature", "properties": { "cod_sipra": "PR0110000", "nome_pa": "FAZENDA CHAPADÃO", "nome": "CORREGO", "tipo": "Hidrografia" }, "geometry": { "type": "MultiLineString", "coordinates": [ [ [ -52.487285277777787, -24.804085555555549 ], [ -52.487234444444447, -24.803935277777775 ], [ -52.4871775, -24.803759166666669 ], [ -52.487114805058752, -24.803716659239392 ] ] ] } },
{ "type": "Feature", "properties": { "cod_sipra": "PR0110000", "nome_pa": "FAZENDA CHAPADÃO", "nome": "CORREGO", "tipo": "Hidrografia" }, "geometry": { "type": "MultiLineString", "coordinates": [ ] } },
{ "type": "Feature", "properties": { "cod_sipra": "PR0110000", "nome_pa": "FAZENDA CHAPADÃO", "nome": "CORREGO", "tipo": "Hidrografia" }, "geometry": { "type": "MultiLineString", "coordinates": [ [ [ -52.414350462550487, -24.805758733647458 ], [ -52.41433768972712, -24.805640751093485 ] ] ] } },
{ "type": "Feature", "properties": { "cod_sipra": "PR0110000", "nome_pa": "FAZENDA CHAPADÃO", "nome": "CORREGO", "tipo": "Hidrografia" }, "geometry": { "type": "MultiLineString", "coordinates": [ ] } },
{ "type": "Feature", "properties": { "cod_sipra": "PR0110000", "nome_pa": "FAZENDA CHAPADÃO", "nome": "CORREGO", "tipo": "Hidrografia" }, "geometry": { "type": "MultiLineString", "coordinates": [ ] } },
{ "type": "Feature", "properties": { "cod_sipra": "PR0110000", "nome_pa": "FAZENDA CHAPADÃO", "nome": "CORREGO", "tipo": "Hidrografia" }, "geometry": { "type": "MultiLineString", "coordinates": [ [ [ -52.494549044758905, -24.804455434895647 ], [ -52.494549166666665, -24.804421666666663 ], [ -52.494535, -24.8042825 ], [ -52.49445611111112, -24.804101388888881 ], [ -52.49442916666667, -24.803989166666675 ], [ -52.494299166666664, -24.803840833333336 ], [ -52.494094166666663, -24.803694166666666 ], [ -52.493953055555558, -24.803585833333329 ], [ -52.493771111111108, -24.803410833333327 ], [ -52.493620555555559, -24.803293055555553 ], [ -52.493475277777776, -24.803189166666666 ], [ -52.493412222222233, -24.803124444444432 ], [ -52.493335833333333, -24.80309027777778 ], [ -52.493200277777781, -24.803124722222222 ], [ -52.493067777777775, -24.80316472222222 ], [ -52.492961944444453, -24.803186388888882 ], [ -52.492849722222225, -24.80323416666667 ], [ -52.492823333333334, -24.8033025 ], [ -52.492768888888889, -24.803383888888888 ], [ -52.492649166666666, -24.803499166666668 ], [ -52.49252805555556, -24.803599722222224 ], [ -52.492438888888891, -24.803688611111113 ], [ -52.492321666666669, -24.803795 ], [ -52.492193333333333, -24.803980555555544 ], [ -52.492073055555558, -24.804181666666665 ], [ -52.49207361111111, -24.804343333333332 ], [ -52.49145639, -24.80512639 ], [ -52.49132, -24.8050025 ], [ -52.491151111111108, -24.804723888888891 ], [ -52.491081666666666, -24.8045025 ], [ -52.491005555555553, -24.804321388888894 ], [ -52.490918055555554, -24.8042175 ], [ -52.490838333333336, -24.804062777777769 ], [ -52.490749722222219, -24.803931388888888 ], [ -52.490661666666668, -24.803784166666667 ], [ -52.490523611111108, -24.803661944444446 ], [ -52.490451388888893, -24.803446111111104 ], [ -52.490372777777779, -24.803288055555551 ], [ -52.490275277777783, -24.803141944444448 ], [ -52.490193888888889, -24.803019166666665 ], [ -52.490090277777774, -24.802950555555562 ], [ -52.489937777777776, -24.802878888888877 ], [ -52.489691388888886, -24.802756944444436 ], [ -52.489429166666667, -24.80277111111111 ], [ -52.489285833333334, -24.802776111111115 ], [ -52.4891, -24.802844722222218 ], [ -52.489009166666669, -24.802900555555542 ], [ -52.488961944444448, -24.803006944444437 ], [ -52.489025555555557, -24.803151944444448 ], [ -52.489089722222225, -24.803271111111112 ], [ -52.489165555555559, -24.803488888888886 ], [ -52.489266388888886, -24.80371638888888 ], [ -52.489272222222219, -24.80381 ], [ -52.48934, -24.804009722222212 ], [ -52.48920051614666, -24.8042865926361 ], [ -52.489203638512457, -24.80428039486679 ], [ -52.489155277777776, -24.804376388888887 ], [ -52.489005555555558, -24.804497222222221 ], [ -52.488961111111109, -24.804588055555556 ], [ -52.488749444444444, -24.804746666666656 ], [ -52.488579166666668, -24.804796666666665 ], [ -52.488417777777777, -24.804867777777766 ], [ -52.488255555555554, -24.804916388888891 ], [ -52.4880875, -24.804923333333335 ], [ -52.488011666666665, -24.804903333333332 ], [ -52.487870555555553, -24.80481805555555 ], [ -52.487723611111115, -24.80472527777777 ], [ -52.48759, -24.804580555555557 ], [ -52.487515277777774, -24.804487777777766 ], [ -52.487440833333331, -24.804361388888886 ], [ -52.487308333333338, -24.804204444444434 ], [ -52.487285277777787, -24.804085555555549 ], [ -52.487234444444447, -24.803935277777775 ], [ -52.487218717932812, -24.803886640720783 ], [ -52.487221341172507, -24.80389475356289 ], [ -52.4871775, -24.803759166666669 ], [ -52.487102323762315, -24.803708196862409 ] ] ] } },
{ "type": "Feature", "properties": { "cod_sipra": "PR0110000", "nome_pa": "FAZENDA CHAPADÃO", "nome": "CORREGO", "tipo": "Hidrografia" }, "geometry": { "type": "MultiLineString", "coordinates": [ ] } },
{ "type": "Feature", "properties": { "cod_sipra": "PR0110000", "nome_pa": "FAZENDA CHAPADÃO", "nome": "CORREGO", "tipo": "Hidrografia" }, "geometry": { "type": "MultiLineString", "coordinates": [ ] } },
{ "type": "Feature", "properties": { "cod_sipra": "PR0110000", "nome_pa": "FAZENDA CHAPADÃO", "nome": "CORREGO", "tipo": "Hidrografia" }, "geometry": { "type": "MultiLineString", "coordinates": [ [ [ -52.480881462966963, -24.805376690009833 ], [ -52.480761430238658, -24.805265022246367 ], [ -52.480601200069536, -24.805108495745802 ], [ -52.48044121868206, -24.80495668971696 ], [ -52.480280979265999, -24.804791221332749 ], [ -52.480120754417115, -24.804646651242518 ], [ -52.479961751766162, -24.804584271166835 ], [ -52.479803041763063, -24.804531165861011 ], [ -52.479644342850577, -24.804495003365265 ], [ -52.479416339512866, -24.804452111639062 ], [ -52.479276436132878, -24.804308741823167 ], [ -52.479284304339551, -24.804164477704958 ], [ -52.479162075680918, -24.804020963647435 ], [ -52.479161878724014, -24.80384017953503 ], [ -52.479168065544584, -24.803731422445029 ], [ -52.479188452486838, -24.803587524184405 ], [ -52.479315343564039, -24.803441821507722 ], [ -52.479375409235075, -24.803296212523939 ], [ -52.479489949609921, -24.803151155043146 ], [ -52.479538906144334, -24.803006165777155 ], [ -52.479672293475396, -24.8028602830321 ], [ -52.47978231788683, -24.802658616896124 ], [ -52.479779786414099, -24.802565679382358 ], [ -52.479936674560861, -24.8024115922173 ], [ -52.480093563934595, -24.802315042598142 ], [ -52.480253550716732, -24.802276782931973 ], [ -52.480408750473337, -24.802221114067059 ], [ -52.480597294609275, -24.802128906965628 ], [ -52.480723526601899, -24.802037134612291 ], [ -52.480880064570364, -24.801920983975986 ], [ -52.481038056059347, -24.801881607265443 ], [ -52.48121030433721, -24.801833924701064 ], [ -52.48135338344261, -24.801790145800531 ], [ -52.481510826903474, -24.801731625916645 ], [ -52.481668821109082, -24.801638691356388 ], [ -52.481824363025332, -24.801486134911528 ], [ -52.481848049109139, -24.801394199630167 ], [ -52.481981243535664, -24.801345438411843 ], [ -52.482003110681198, -24.801248168251753 ], [ -52.482045634413794, -24.801103201430532 ], [ -52.482031710556669, -24.80095818934883 ], [ -52.481974384731878, -24.800789573903401 ], [ -52.481813802980234, -24.80065454634892 ], [ -52.481655262975558, -24.80059195770983 ], [ -52.481497128935779, -24.800583465151171 ], [ -52.481339200607707, -24.800612091468107 ], [ -52.481175098875752, -24.80053404490506 ], [ -52.48102119250499, -24.800485918035424 ], [ -52.480759613557069, -24.800376406072811 ], [ -52.480543469887742, -24.800242305968752 ], [ -52.480362110086119, -24.800108656463497 ], [ -52.48028299096859, -24.799964973099005 ], [ -52.480251628009491, -24.799820813530641 ], [ -52.480309280089813, -24.799675773224024 ], [ -52.480280917906001, -24.799531464344799 ], [ -52.480304080535738, -24.799386881243532 ], [ -52.480370933451567, -24.799241754342994 ], [ -52.480371246724225, -24.799060758895006 ], [ -52.480416313928536, -24.798952245106712 ], [ -52.480448598108971, -24.798807059319945 ], [ -52.480546255693049, -24.798662135472259 ], [ -52.48058233317456, -24.79851731222211 ], [ -52.480610264679008, -24.798372543978761 ], [ -52.480626661465948, -24.798227930105249 ], [ -52.480620701554685, -24.798082701545606 ], [ -52.480555869082167, -24.797938821132249 ], [ -52.480550537161179, -24.797795273715735 ], [ -52.480505335581363, -24.797650433448368 ], [ -52.48049252576395, -24.797517216850199 ], [ -52.48035067039828, -24.797332275380537 ], [ -52.480259936816147, -24.797219607418409 ], [ -52.48018841096485, -24.797051459492799 ], [ -52.480028849126235, -24.796888472349821 ], [ -52.479868963829858, -24.796773524315856 ] ] ] } },
{ "type": "Feature", "properties": { "cod_sipra": "PR0110000", "nome_pa": "FAZENDA CHAPADÃO", "nome": "CORREGO", "tipo": "Hidrografia" }, "geometry": { "type": "MultiLineString", "coordinates": [ [ [ -52.400864842942518, -24.806436392919153 ], [ -52.400864944429102, -24.806445421534136 ], [ -52.400875893845225, -24.80643733711824 ] ] ] } },
{ "type": "Feature", "properties": { "cod_sipra": "PR0110000", "nome_pa": "FAZENDA CHAPADÃO", "nome": "CORREGO", "tipo": "Hidrografia" }, "geometry": { "type": "MultiLineString", "coordinates": [ ] } },
{ "type": "Feature", "properties": { "cod_sipra": "PR0110000", "nome_pa": "FAZENDA CHAPADÃO", "nome": "CORREGO", "tipo": "Hidrografia" }, "geometry": { "type": "MultiLineString", "coordinates": [ ] } },
{ "type": "Feature", "properties": { "cod_sipra": "PR0110000", "nome_pa": "FAZENDA CHAPADÃO", "nome": "CORREGO", "tipo": "Hidrografia" }, "geometry": { "type": "MultiLineString", "coordinates": [ [ [ -52.400864944429102, -24.806445421534136 ], [ -52.400875893845225, -24.80643733711824 ], [ -52.400864842942518, -24.806436392919153 ] ] ] } },
{ "type": "Feature", "properties": { "cod_sipra": "PR0110000", "nome_pa": "FAZENDA CHAPADÃO", "nome": "CORREGO", "tipo": "Hidrografia" }, "geometry": { "type": "MultiLineString", "coordinates": [ ] } },
{ "type": "Feature", "properties": { "cod_sipra": "PR0110000", "nome_pa": "FAZENDA CHAPADÃO", "nome": "CORREGO", "tipo": "Hidrografia" }, "geometry": { "type": "MultiLineString", "coordinates": [ [ [ -52.406335307528003, -24.806430209344715 ], [ -52.406335205645263, -24.806421180750938 ] ] ] } },
{ "type": "Feature", "properties": { "cod_sipra": "PR0110000", "nome_pa": "FAZENDA CHAPADÃO", "nome": "CORREGO", "tipo": "Hidrografia" }, "geometry": { "type": "MultiLineString", "coordinates": [ [ [ -52.447809654157908, -24.806043561406025 ], [ -52.447788537494397, -24.805826387301135 ], [ -52.447838691788576, -24.805725928199969 ], [ -52.447909121234254, -24.805536924069788 ], [ -52.447993961310786, -24.805398770316252 ], [ -52.448067380260461, -24.80523744600842 ] ] ] } },
{ "type": "Feature", "properties": { "cod_sipra": "PR0110000", "nome_pa": "FAZENDA CHAPADÃO", "nome": "CORREGO", "tipo": "Hidrografia" }, "geometry": { "type": "MultiLineString", "coordinates": [ [ [ -52.406335307528003, -24.806430209344715 ], [ -52.406335205645263, -24.806421180750938 ], [ -52.406192670752162, -24.806367608454373 ], [ -52.405937603663595, -24.806254924208893 ], [ -52.405778442690128, -24.806176747061645 ], [ -52.405618838277526, -24.806112898848209 ], [ -52.405460255195116, -24.806105416483302 ], [ -52.405303275408528, -24.806220927320862 ], [ -52.405145034527244, -24.806150856422846 ], [ -52.40498679395359, -24.806153913820598 ], [ -52.404828288726598, -24.806134204992524 ], [ -52.40466974025373, -24.806127529622575 ], [ -52.404534563523995, -24.806094950186559 ], [ -52.404352198282588, -24.806040215572072 ], [ -52.404194871951738, -24.80610717255637 ], [ -52.404035667772575, -24.80602291907455 ], [ -52.403875955453408, -24.805971690928846 ], [ -52.403719450980546, -24.806055257643685 ], [ -52.403560907809556, -24.806031878304825 ], [ -52.403402423826421, -24.806031273046845 ], [ -52.40325740620429, -24.806107165083201 ] ] ] } },
{ "type": "Feature", "properties": { "cod_sipra": "PR0110000", "nome_pa": "FAZENDA CHAPADÃO", "nome": "CORREGO", "tipo": "Hidrografia" }, "geometry": { "type": "MultiLineString", "coordinates": [ ] } },
{ "type": "Feature", "properties": { "cod_sipra": "PR0110000", "nome_pa": "FAZENDA CHAPADÃO", "nome": "CORREGO", "tipo": "Hidrografia" }, "geometry": { "type": "MultiLineString", "coordinates": [ [ [ -52.400864842942518, -24.806436392919153 ], [ -52.400701544826582, -24.806428892562973 ], [ -52.400532704732186, -24.806430520907732 ], [ -52.400311216496448, -24.806470232721889 ], [ -52.400153121649922, -24.806503968433404 ], [ -52.399994589014781, -24.806464166889317 ], [ -52.399840989917877, -24.806436948305517 ], [ -52.399678009837608, -24.806462401777342 ], [ -52.399538771330157, -24.806439871079959 ], [ -52.399372395380986, -24.806451410046609 ] ] ] } },
{ "type": "Feature", "properties": { "cod_sipra": "PR0110000", "nome_pa": "FAZENDA CHAPADÃO", "nome": "CORREGO", "tipo": "Hidrografia" }, "geometry": { "type": "MultiLineString", "coordinates": [ [ [ -52.453221199221815, -24.805751347813501 ], [ -52.452963503404554, -24.805683775185134 ], [ -52.452440502142757, -24.805546632929197 ], [ -52.452391197607213, -24.805565517255456 ], [ -52.452337323486113, -24.805548114224635 ], [ -52.452183038781506, -24.805404997570278 ], [ -52.452004839758914, -24.805289869918283 ], [ -52.451845632397756, -24.805187290032514 ], [ -52.451686012359424, -24.80507600412006 ], [ -52.451527440175141, -24.805048817766309 ], [ -52.451368186463689, -24.804964821877636 ], [ -52.451209040440659, -24.804906733909643 ], [ -52.451086307697643, -24.804837140825835 ], [ -52.450891818585951, -24.804832408502051 ], [ -52.450732578537888, -24.804749527656732 ], [ -52.450574043020126, -24.804727162649208 ], [ -52.450441691053278, -24.804699739141643 ], [ -52.450255732282152, -24.804578290238844 ], [ -52.450095717223689, -24.804522177827582 ], [ -52.44993780895031, -24.804474526303743 ], [ -52.449867899489533, -24.80439832617245 ] ] ] } },
{ "type": "Feature", "properties": { "cod_sipra": "PR0110000", "nome_pa": "FAZENDA CHAPADÃO", "nome": "CORREGO", "tipo": "Hidrografia" }, "geometry": { "type": "MultiLineString", "coordinates": [ [ [ -52.40325740620429, -24.806107165083201 ], [ -52.403092143700498, -24.806240998885823 ], [ -52.402930809695668, -24.806311602242229 ], [ -52.402772513160301, -24.806383443155056 ], [ -52.402616733243164, -24.806520868623959 ], [ -52.402457308481431, -24.806503783052861 ], [ -52.402332276414803, -24.806538193618707 ], [ -52.402185567886633, -24.80653800942833 ], [ -52.402057648099145, -24.806538466043641 ], [ -52.401825317195829, -24.806519283526502 ], [ -52.401666691060839, -24.806510977894746 ], [ -52.40145215781515, -24.806513188794931 ], [ -52.401350139745567, -24.806489185024368 ], [ -52.401192366414129, -24.806534217863693 ], [ -52.40103390037153, -24.806517643047446 ], [ -52.400875893845225, -24.80643733711824 ] ] ] } },
{ "type": "Feature", "properties": { "cod_sipra": "PR0110000", "nome_pa": "FAZENDA CHAPADÃO", "nome": "CORREGO", "tipo": "Hidrografia" }, "geometry": { "type": "MultiLineString", "coordinates": [ ] } },
{ "type": "Feature", "properties": { "cod_sipra": "PR0110000", "nome_pa": "FAZENDA CHAPADÃO", "nome": "CORREGO", "tipo": "Hidrografia" }, "geometry": { "type": "MultiLineString", "coordinates": [ [ [ -52.481877024261038, -24.805972212815711 ], [ -52.481828299995861, -24.805972280306438 ], [ -52.481654360060702, -24.805901768473436 ], [ -52.481359539936705, -24.8057735772957 ], [ -52.481111870146009, -24.805638352409296 ], [ -52.480980900327779, -24.805474971340391 ], [ -52.480881462966963, -24.805376690009833 ] ] ] } },
{ "type": "Feature", "properties": { "cod_sipra": "PR0110000", "nome_pa": "FAZENDA CHAPADÃO", "nome": "CORREGO", "tipo": "Hidrografia" }, "geometry": { "type": "MultiLineString", "coordinates": [ ] } },
{ "type": "Feature", "properties": { "cod_sipra": "PR0110000", "nome_pa": "FAZENDA CHAPADÃO", "nome": "CORREGO", "tipo": "Hidrografia" }, "geometry": { "type": "MultiLineString", "coordinates": [ [ [ -52.485842473321846, -24.800838005979539 ], [ -52.485616137386558, -24.800921197942607 ], [ -52.485498336440784, -24.800996846046296 ], [ -52.485379930667719, -24.801142696928391 ], [ -52.485193423088738, -24.801144277202653 ], [ -52.485113555991319, -24.801289786446148 ], [ -52.484987143516662, -24.801333713288951 ], [ -52.484830479607346, -24.801398545221268 ], [ -52.484709837834458, -24.801438081571863 ], [ -52.484572032938402, -24.801583948865318 ], [ -52.48443117628333, -24.801729967913857 ], [ -52.484202892028826, -24.801860033966481 ], [ -52.484077733261337, -24.802023094362173 ], [ -52.483962749919471, -24.802167846990827 ], [ -52.483910146925744, -24.802313881394539 ], [ -52.483886955482632, -24.802458294202932 ], [ -52.483845734181905, -24.802602413085108 ], [ -52.483818395408385, -24.802747189158765 ], [ -52.483774020125431, -24.802892885052739 ], [ -52.483721716176333, -24.803037219955527 ], [ -52.483623431379804, -24.803182500316947 ], [ -52.48356577782868, -24.803327541770987 ], [ -52.483514705009377, -24.803472695196163 ], [ -52.483434206528152, -24.803617785903796 ], [ -52.48337152109842, -24.803763065225517 ], [ -52.483290409022437, -24.803908998670067 ], [ -52.483251437541846, -24.804053007263761 ], [ -52.483216532874529, -24.80419787422781 ], [ -52.483142641951844, -24.804343025335015 ], [ -52.483101467165142, -24.804487898780994 ], [ -52.483038972488188, -24.804632988857264 ], [ -52.483040715402915, -24.804777441253183 ], [ -52.48307691515987, -24.804921732937522 ], [ -52.483002844441984, -24.805066759711416 ], [ -52.482976576182061, -24.80520247873368 ], [ -52.482976064455386, -24.805356141796356 ], [ -52.48289368887415, -24.805503090474105 ], [ -52.482688495649931, -24.805647780154864 ], [ -52.482508258386396, -24.805777013326999 ], [ -52.482351726836079, -24.805902321273749 ], [ -52.482223153335781, -24.80594132755472 ], [ -52.482035461222623, -24.805986148051691 ], [ -52.481877024261038, -24.805972212815711 ] ] ] } },
{ "type": "Feature", "properties": { "cod_sipra": "PR0110000", "nome_pa": "FAZENDA CHAPADÃO", "nome": "CORREGO", "tipo": "Hidrografia" }, "geometry": { "type": "MultiLineString", "coordinates": [ ] } },
{ "type": "Feature", "properties": { "cod_sipra": "PR0110000", "nome_pa": "FAZENDA CHAPADÃO", "nome": "CORREGO", "tipo": "Hidrografia" }, "geometry": { "type": "MultiLineString", "coordinates": [ ] } },
{ "type": "Feature", "properties": { "cod_sipra": "PR0110000", "nome_pa": "FAZENDA CHAPADÃO", "nome": "CORREGO", "tipo": "Hidrografia" }, "geometry": { "type": "MultiLineString", "coordinates": [ [ [ -52.42808641376449, -24.807090941127431 ], [ -52.427936805939943, -24.806987172120181 ], [ -52.427794376537513, -24.806924200031652 ], [ -52.427733961586171, -24.806894046168111 ], [ -52.427638223299894, -24.806824334565597 ], [ -52.427533638427157, -24.80668000957758 ], [ -52.427399797687357, -24.806537566132189 ], [ -52.427295777667126, -24.806429115054733 ], [ -52.427190560123634, -24.806395191384887 ], [ -52.427026940921245, -24.806251341561424 ], [ -52.426858745686623, -24.806108655443492 ], [ -52.426840177777777, -24.806081644444436 ], [ -52.426737805555554, -24.806107194444444 ], [ -52.426646231470038, -24.806107381593105 ], [ -52.426170577777775, -24.80610835277778 ], [ -52.425522155555555, -24.806190433333335 ] ] ] } },
{ "type": "Feature", "properties": { "cod_sipra": "PR0110000", "nome_pa": "FAZENDA CHAPADÃO", "nome": "CORREGO", "tipo": "Hidrografia" }, "geometry": { "type": "MultiLineString", "coordinates": [ ] } },
{ "type": "Feature", "properties": { "cod_sipra": "PR0110000", "nome_pa": "FAZENDA CHAPADÃO", "nome": "CORREGO", "tipo": "Hidrografia" }, "geometry": { "type": "MultiLineString", "coordinates": [ ] } },
{ "type": "Feature", "properties": { "cod_sipra": "PR0110000", "nome_pa": "FAZENDA CHAPADÃO", "nome": "CORREGO", "tipo": "Hidrografia" }, "geometry": { "type": "MultiLineString", "coordinates": [ [ [ -52.428374067011248, -24.80716040855124 ], [ -52.428245171015412, -24.807133001794039 ], [ -52.42808641376449, -24.807090941127431 ] ] ] } },
{ "type": "Feature", "properties": { "cod_sipra": "PR0110000", "nome_pa": "FAZENDA CHAPADÃO", "nome": "CORREGO", "tipo": "Hidrografia" }, "geometry": { "type": "MultiLineString", "coordinates": [ ] } },
{ "type": "Feature", "properties": { "cod_sipra": "PR0110000", "nome_pa": "FAZENDA CHAPADÃO", "nome": "CORREGO", "tipo": "Hidrografia" }, "geometry": { "type": "MultiLineString", "coordinates": [ [ [ -52.407822565507665, -24.807422945228243 ], [ -52.407639803251385, -24.807329221491845 ], [ -52.407540243411837, -24.807215771415489 ], [ -52.407381592778783, -24.807188031270211 ], [ -52.40726052577147, -24.807044521178305 ], [ -52.407062772586492, -24.806903501696194 ], [ -52.406903625383997, -24.806831646362216 ], [ -52.406743073081017, -24.806625003286285 ], [ -52.406583716952873, -24.806561374889107 ], [ -52.406424931482817, -24.80648513698338 ], [ -52.406335307528003, -24.806430209344715 ] ] ] } },
{ "type": "Feature", "properties": { "cod_sipra": "PR0110000", "nome_pa": "FAZENDA CHAPADÃO", "nome": "CORREGO", "tipo": "Hidrografia" }, "geometry": { "type": "MultiLineString", "coordinates": [ [ [ -52.475062006196715, -24.806806653888316 ], [ -52.475014207299431, -24.806734687405676 ], [ -52.475217913983961, -24.806605782570802 ], [ -52.475285226763837, -24.806443233641325 ], [ -52.47524715663512, -24.806299041460392 ], [ -52.475212834196824, -24.806199660294631 ], [ -52.47508975609437, -24.806011774194776 ], [ -52.474971763994454, -24.805868466909732 ], [ -52.474925682124223, -24.805724270385351 ], [ -52.474838157162516, -24.805648014855596 ], [ -52.474749759744817, -24.805581382941469 ], [ -52.474608041835502, -24.805438462007483 ], [ -52.474411752034023, -24.80535931341846 ], [ -52.474312094145454, -24.80529709003795 ], [ -52.474250546178439, -24.80517172249888 ], [ -52.474110880561227, -24.805010132963748 ], [ -52.474089977984093, -24.804915585330132 ], [ -52.474131547209119, -24.804720936658001 ], [ -52.474244887901818, -24.80462641451145 ], [ -52.474401982340318, -24.804453355636035 ], [ -52.474499182523346, -24.804283115522047 ], [ -52.474646094268884, -24.804137831941517 ], [ -52.474712683934982, -24.80403345141249 ], [ -52.474851779375221, -24.803847007685629 ], [ -52.474908968013359, -24.803702036616329 ], [ -52.474986533429202, -24.803556772432909 ], [ -52.474993326664254, -24.803411507325798 ], [ -52.474957567891558, -24.803268026889729 ], [ -52.474793331266532, -24.803125296495388 ], [ -52.474654173336404, -24.802982168202544 ], [ -52.47458475281401, -24.802838433634321 ], [ -52.474411659154612, -24.802695644055632 ], [ -52.474278465279887, -24.802551733659225 ], [ -52.474099934312285, -24.802409779520225 ], [ -52.473900980179415, -24.802319875007445 ], [ -52.473750798270878, -24.80217725443984 ], [ -52.473660576662134, -24.8020788358792 ], [ -52.4735806640481, -24.802000999304052 ], [ -52.47347328125467, -24.801982356294843 ], [ -52.473262467815083, -24.801858251425671 ], [ -52.473103684834228, -24.801816846630704 ], [ -52.472944601861535, -24.801759251614214 ], [ -52.472785851242215, -24.801707855525763 ], [ -52.47262670174775, -24.8016498760527 ], [ -52.47246782193853, -24.801648925757522 ], [ -52.472308680721483, -24.801632507391794 ], [ -52.47215190630007, -24.801634398047838 ], [ -52.472048671688761, -24.80170769640953 ], [ -52.471883299844812, -24.801709297251261 ], [ -52.471678404663578, -24.801776540100711 ], [ -52.471565730292895, -24.801856917882542 ], [ -52.471446588462861, -24.801862181550231 ], [ -52.471460938647212, -24.801933934625371 ], [ -52.471488181109024, -24.802006613595371 ], [ -52.471377249897991, -24.802045351935917 ], [ -52.471345764304758, -24.801961352700783 ], [ -52.471329402419791, -24.801879540445725 ], [ -52.471313059177952, -24.801859440536955 ], [ -52.47120519497345, -24.801882876178162 ], [ -52.471066481734105, -24.801861802472732 ], [ -52.470888341413442, -24.801854524676237 ], [ -52.470738576910186, -24.801865680053048 ], [ -52.470572620278389, -24.801954837703349 ], [ -52.470452548748348, -24.802012307626356 ], [ -52.470257664989767, -24.802075315467757 ], [ -52.470145770131737, -24.802159846317949 ], [ -52.469943393273539, -24.802267818158903 ], [ -52.469786472045875, -24.802382302754044 ], [ -52.469630333289771, -24.802546292344999 ], [ -52.469471961027615, -24.802538164435319 ], [ -52.469344135102723, -24.802601080338697 ], [ -52.469315517343347, -24.802693226353835 ], [ -52.469158374399974, -24.80274802489685 ], [ -52.469000650090045, -24.802839195944866 ], [ -52.468879208841557, -24.802894590379587 ], [ -52.468685892714305, -24.802986734819839 ], [ -52.468527851864536, -24.80300636706005 ], [ -52.468369958639769, -24.803055358971715 ], [ -52.468213151999876, -24.803162955744732 ], [ -52.468055311239425, -24.803275995836195 ], [ -52.467899514845875, -24.803409849269293 ], [ -52.467743493044622, -24.803600997484363 ], [ -52.467584194533778, -24.803574363247048 ], [ -52.467426272521408, -24.803544042136441 ], [ -52.467268490827109, -24.803585354892697 ], [ -52.46710825604292, -24.803500050933319 ], [ -52.467029597350653, -24.803434705181147 ], [ -52.466969499096741, -24.803391883988454 ] ] ] } },
{ "type": "Feature", "properties": { "cod_sipra": "PR0110000", "nome_pa": "FAZENDA CHAPADÃO", "nome": "CORREGO", "tipo": "Hidrografia" }, "geometry": { "type": "MultiLineString", "coordinates": [ [ [ -52.474666470528703, -24.806821804882368 ], [ -52.474547362570171, -24.806804790930848 ], [ -52.47438863683535, -24.806750087124222 ], [ -52.47423059221871, -24.806769703622429 ], [ -52.474070510527682, -24.806698000175274 ], [ -52.474027895844067, -24.806687702637131 ] ] ] } },
{ "type": "Feature", "properties": { "cod_sipra": "PR0110000", "nome_pa": "FAZENDA CHAPADÃO", "nome": "CORREGO", "tipo": "Hidrografia" }, "geometry": { "type": "MultiLineString", "coordinates": [ [ [ -52.475062006196715, -24.806806653888316 ], [ -52.474961619517359, -24.806815277329136 ], [ -52.474824808220689, -24.806827029616326 ], [ -52.474666470528703, -24.806821804882368 ] ] ] } },
{ "type": "Feature", "properties": { "cod_sipra": "PR0110000", "nome_pa": "FAZENDA CHAPADÃO", "nome": "CORREGO", "tipo": "Hidrografia" }, "geometry": { "type": "MultiLineString", "coordinates": [ ] } },
{ "type": "Feature", "properties": { "cod_sipra": "PR0110000", "nome_pa": "FAZENDA CHAPADÃO", "nome": "CORREGO", "tipo": "Hidrografia" }, "geometry": { "type": "MultiLineString", "coordinates": [ ] } },
{ "type": "Feature", "properties": { "cod_sipra": "PR0110000", "nome_pa": "FAZENDA CHAPADÃO", "nome": "CORREGO", "tipo": "Hidrografia" }, "geometry": { "type": "MultiLineString", "coordinates": [ [ [ -52.473125569364029, -24.807773581597825 ], [ -52.473140214987794, -24.807629004938654 ], [ -52.473142519650672, -24.807483936455 ], [ -52.473160843283431, -24.807340038936168 ], [ -52.473238265083914, -24.807194806354282 ], [ -52.473501066769046, -24.806977105585151 ], [ -52.473658528307816, -24.806908559763134 ], [ -52.473815234876653, -24.80677536408707 ], [ -52.473893142890354, -24.806673705947809 ], [ -52.473912566827188, -24.806659993704653 ], [ -52.473644510605304, -24.806634062311797 ], [ -52.473486917774181, -24.806623531894434 ], [ -52.473328611578864, -24.806625091258564 ], [ -52.473205294023799, -24.806644364615124 ], [ -52.473011716508999, -24.806592094751235 ], [ -52.472853872149088, -24.80663237616541 ], [ -52.472695844784297, -24.806667978167532 ], [ -52.47253755987505, -24.80667041293184 ], [ -52.472379962889399, -24.806704466806622 ], [ -52.472220007170243, -24.806746631796258 ], [ -52.472063981774063, -24.806753331250778 ], [ -52.471905736585313, -24.806772448031992 ], [ -52.471757469865317, -24.806803134705376 ], [ -52.471634332716974, -24.806804298816257 ], [ -52.471430641449402, -24.80681428598265 ], [ -52.471273680306702, -24.806847336314469 ], [ -52.471114677759509, -24.806880349558021 ], [ -52.470957532843556, -24.806883191051824 ], [ -52.470799428834319, -24.806893775146396 ], [ -52.470641680087425, -24.806938880180553 ], [ -52.470483763754508, -24.806969113811949 ], [ -52.470326299774243, -24.807049141579824 ], [ -52.470115714007505, -24.807043488169022 ], [ -52.470009960642926, -24.807056628369214 ], [ -52.469851442728128, -24.807057680193459 ], [ -52.469718560050516, -24.807112122690175 ], [ -52.469534443145747, -24.807068439661823 ], [ -52.469377271242536, -24.807108693953342 ], [ -52.4692489636017, -24.807116710617549 ], [ -52.469107626987189, -24.807118063004417 ], [ -52.468976720811042, -24.807119409993042 ], [ -52.468853363758008, -24.807120573984477 ], [ -52.468744361539414, -24.807182740955113 ], [ -52.46858475159484, -24.807175166250151 ], [ -52.468475596860969, -24.807122587484802 ] ] ] } },
{ "type": "Feature", "properties": { "cod_sipra": "PR0110000", "nome_pa": "FAZENDA CHAPADÃO", "nome": "CORREGO", "tipo": "Hidrografia" }, "geometry": { "type": "MultiLineString", "coordinates": [ [ [ -52.481654360060702, -24.805901768473436 ], [ -52.481828299995861, -24.805972280306438 ] ] ] } },
{ "type": "Feature", "properties": { "cod_sipra": "PR0110000", "nome_pa": "FAZENDA CHAPADÃO", "nome": "CORREGO", "tipo": "Hidrografia" }, "geometry": { "type": "MultiLineString", "coordinates": [ ] } },
{ "type": "Feature", "properties": { "cod_sipra": "PR0110000", "nome_pa": "FAZENDA CHAPADÃO", "nome": "CORREGO", "tipo": "Hidrografia" }, "geometry": { "type": "MultiLineString", "coordinates": [ [ [ -52.430841998482528, -24.808428081902267 ], [ -52.43060248178687, -24.808249739319464 ], [ -52.430512354820209, -24.808250457510763 ], [ -52.430443410813929, -24.808251006902225 ], [ -52.43028647574706, -24.808296359782961 ], [ -52.430127658921641, -24.808275754028006 ], [ -52.429969142366559, -24.808228729008874 ], [ -52.429808978388834, -24.808129524053804 ], [ -52.429649801042736, -24.808037443387871 ], [ -52.429511648807527, -24.807934894216615 ], [ -52.429331338323621, -24.807846113394863 ], [ -52.429186940171384, -24.807793829268761 ], [ -52.429042531474224, -24.80765066776129 ], [ -52.42885715876865, -24.807507914240968 ], [ -52.428740731770709, -24.807364603364981 ], [ -52.428561577688839, -24.807221196399972 ], [ -52.428374067011248, -24.80716040855124 ] ] ] } },
{ "type": "Feature", "properties": { "cod_sipra": "PR0110000", "nome_pa": "FAZENDA CHAPADÃO", "nome": "CORREGO", "tipo": "Hidrografia" }, "geometry": { "type": "MultiLineString", "coordinates": [ [ [ -52.430842102149832, -24.808437110397559 ], [ -52.430841998482528, -24.808428081902267 ] ] ] } },
{ "type": "Feature", "properties": { "cod_sipra": "PR0110000", "nome_pa": "FAZENDA CHAPADÃO", "nome": "CORREGO", "tipo": "Hidrografia" }, "geometry": { "type": "MultiLineString", "coordinates": [ [ [ -52.488459659805251, -24.807929011853936 ], [ -52.488460819980695, -24.807930047974065 ], [ -52.488542924400285, -24.807832973026507 ], [ -52.488635324735412, -24.807726396658172 ], [ -52.488771862507384, -24.807564709304497 ], [ -52.488876528696672, -24.807419198920211 ], [ -52.489041140761081, -24.807273037560091 ], [ -52.489261588703584, -24.807153557891603 ], [ -52.489419117904554, -24.807071001054155 ], [ -52.489576468462765, -24.807002612611534 ], [ -52.489704661000864, -24.806977522612119 ], [ -52.489891023255218, -24.806846139378496 ], [ -52.490048689302903, -24.806795120443628 ], [ -52.490207891000701, -24.806868054893325 ], [ -52.490365126936354, -24.806764399509902 ], [ -52.490523614841905, -24.806744089848404 ], [ -52.490679317314594, -24.806581192204501 ], [ -52.490836171966656, -24.806469679794294 ], [ -52.49099461720634, -24.806483937589075 ], [ -52.491115106661915, -24.806385287618454 ], [ -52.49130912663005, -24.806307572430594 ], [ -52.491467219879155, -24.806297700706139 ], [ -52.491624899352537, -24.806231696157582 ], [ -52.491745138489016, -24.806234858681545 ], [ -52.49189181094777, -24.806233399525951 ], [ -52.492098788707992, -24.806169718997108 ], [ -52.492257022135107, -24.806166573172565 ], [ -52.492406144379167, -24.806228312656287 ], [ -52.492574422284925, -24.806237208329353 ], [ -52.492732610164694, -24.806213708775232 ], [ -52.492884460874109, -24.80607864273626 ], [ -52.493101944444447, -24.805960833333327 ], [ -52.493245833333333, -24.805923333333322 ], [ -52.49339333333333, -24.805853333333335 ], [ -52.493554722222221, -24.805801944444443 ], [ -52.493759166666663, -24.805725555555554 ], [ -52.493955, -24.805625833333341 ], [ -52.49411, -24.805589722222219 ], [ -52.494251111111112, -24.805463888888895 ], [ -52.494300277777775, -24.805379444444444 ], [ -52.494294722222222, -24.80527861111111 ], [ -52.494371111111114, -24.80512083333333 ], [ -52.494448055555559, -24.8049275 ], [ -52.49449944444445, -24.804716666666671 ], [ -52.494548611111114, -24.804575555555559 ], [ -52.49454876707874, -24.804532352261031 ] ] ] } },
{ "type": "Feature", "properties": { "cod_sipra": "PR0110000", "nome_pa": "FAZENDA CHAPADÃO", "nome": "CORREGO", "tipo": "Hidrografia" }, "geometry": { "type": "MultiLineString", "coordinates": [ [ [ -52.395936029182373, -24.808875308156612 ], [ -52.395926137534445, -24.808875400472893 ], [ -52.395825780913256, -24.808749901042194 ], [ -52.395757168055887, -24.808651212333114 ], [ -52.395742196346298, -24.808506878827774 ], [ -52.395651553876753, -24.808363251400394 ], [ -52.395662126103609, -24.80826380912864 ], [ -52.395818670524456, -24.808110456831255 ], [ -52.395975621102174, -24.807991607633365 ], [ -52.396133186371436, -24.807847692579834 ], [ -52.39623227312299, -24.807635465711083 ], [ -52.396420366323547, -24.807489185448997 ], [ -52.396602458580105, -24.807428756188386 ], [ -52.396718433315684, -24.807341980508127 ], [ -52.396916915611499, -24.807243027823421 ], [ -52.397075177625801, -24.807240916610912 ], [ -52.397231924991779, -24.807102015403533 ], [ -52.397390501646974, -24.806968269470154 ], [ -52.397546530180783, -24.806930162247628 ], [ -52.397703675201662, -24.806811180092868 ], [ -52.397861360803887, -24.806775918228531 ], [ -52.398016938255289, -24.806751961825022 ], [ -52.398177567762048, -24.806632137176013 ], [ -52.398329297465715, -24.806604590144744 ], [ -52.398492032287344, -24.806554734979869 ], [ -52.398649969436867, -24.806527133893841 ], [ -52.39880889450815, -24.806504376889301 ], [ -52.398966865257499, -24.806550955156666 ], [ -52.399124683199695, -24.806515864566499 ], [ -52.399283149092931, -24.806532441417225 ] ] ] } },
{ "type": "Feature", "properties": { "cod_sipra": "PR0110000", "nome_pa": "FAZENDA CHAPADÃO", "nome": "CORREGO", "tipo": "Hidrografia" }, "geometry": { "type": "MultiLineString", "coordinates": [ ] } },
{ "type": "Feature", "properties": { "cod_sipra": "PR0110000", "nome_pa": "FAZENDA CHAPADÃO", "nome": "CORREGO", "tipo": "Hidrografia" }, "geometry": { "type": "MultiLineString", "coordinates": [ [ [ -52.395926137534445, -24.808875400472893 ], [ -52.395936029182373, -24.808875308156612 ] ] ] } },
{ "type": "Feature", "properties": { "cod_sipra": "PR0110000", "nome_pa": "FAZENDA CHAPADÃO", "nome": "CORREGO", "tipo": "Hidrografia" }, "geometry": { "type": "MultiLineString", "coordinates": [ [ [ -52.44649198618427, -24.808560299451305 ], [ -52.446719166666668, -24.808336388888886 ], [ -52.446821053211345, -24.808205751863081 ], [ -52.447090277777775, -24.807860555555557 ], [ -52.447388888888888, -24.807481388888888 ], [ -52.447804722222223, -24.8074 ], [ -52.44813388888889, -24.806280555555546 ], [ -52.448086960563657, -24.806221440422181 ], [ -52.448047789156142, -24.806124613532841 ], [ -52.447889032070975, -24.806083298129526 ] ] ] } },
{ "type": "Feature", "properties": { "cod_sipra": "PR0110000", "nome_pa": "FAZENDA CHAPADÃO", "nome": "CORREGO", "tipo": "Hidrografia" }, "geometry": { "type": "MultiLineString", "coordinates": [ [ [ -52.48834269105955, -24.808074645196339 ], [ -52.488327303123043, -24.808029651630839 ], [ -52.488456216816111, -24.807929046116332 ] ] ] } },
{ "type": "Feature", "properties": { "cod_sipra": "PR0110000", "nome_pa": "FAZENDA CHAPADÃO", "nome": "CORREGO", "tipo": "Hidrografia" }, "geometry": { "type": "MultiLineString", "coordinates": [ [ [ -52.44649198618427, -24.808560299451305 ], [ -52.446345271914126, -24.808684593253826 ], [ -52.446261111111113, -24.808894166666661 ], [ -52.445801388888889, -24.808543333333329 ], [ -52.445679245172308, -24.80846390781478 ], [ -52.445522211462126, -24.808404311580503 ], [ -52.445433348214685, -24.808291864131863 ], [ -52.44536045542602, -24.8081267922222 ], [ -52.445201692488837, -24.808080053570514 ], [ -52.445041462504975, -24.807983401755497 ], [ -52.44486802774685, -24.807864361559027 ], [ -52.444722456842101, -24.807686496480727 ], [ -52.444562924774857, -24.807627175129536 ], [ -52.444404940839888, -24.807618218180444 ], [ -52.444241523829888, -24.807581469631614 ], [ -52.444087620268192, -24.807533260660776 ], [ -52.443928930838666, -24.807500264117426 ], [ -52.443768885179715, -24.807440845720361 ], [ -52.443610164652242, -24.807369440802582 ], [ -52.443452257214432, -24.807404321353761 ], [ -52.443293756434755, -24.807402718336888 ], [ -52.443135810082566, -24.807351257250726 ], [ -52.442976811444538, -24.807286674189911 ], [ -52.442809581529275, -24.807161750221471 ], [ -52.442656767731961, -24.807076387085118 ], [ -52.442497686518578, -24.806989873939095 ], [ -52.442446286151217, -24.807003202113595 ] ] ] } },
{ "type": "Feature", "properties": { "cod_sipra": "PR0110000", "nome_pa": "FAZENDA CHAPADÃO", "nome": "CORREGO", "tipo": "Hidrografia" }, "geometry": { "type": "MultiLineString", "coordinates": [ [ [ -52.464247938052715, -24.808339550430219 ], [ -52.464433509923467, -24.808134664778354 ], [ -52.464574688033025, -24.80811963184987 ], [ -52.464748676604131, -24.808013867148951 ], [ -52.464905822559281, -24.807919956722767 ], [ -52.465063633111519, -24.807880071065867 ], [ -52.4652209604658, -24.807777311153622 ], [ -52.465379187431544, -24.807713426605726 ], [ -52.465535532738635, -24.807630083393551 ], [ -52.465694477401712, -24.807589600393094 ], [ -52.465850499376629, -24.807495349495259 ], [ -52.466021771333722, -24.807344562537537 ], [ -52.466304196118102, -24.807380327412126 ], [ -52.466481798694531, -24.807340897682337 ], [ -52.466639670384623, -24.807306392502824 ], [ -52.466798357477366, -24.807341587157762 ], [ -52.466956402786039, -24.807314979081355 ], [ -52.467114026148444, -24.807266256129459 ], [ -52.467272139460256, -24.807251882402518 ], [ -52.467375189817659, -24.807224658764653 ], [ -52.467588153840417, -24.807189464375405 ], [ -52.46774605475418, -24.807174390139082 ], [ -52.467903980191664, -24.807127598865385 ], [ -52.468063297655121, -24.807140494416853 ], [ -52.468220658608232, -24.807150020835749 ], [ -52.468379352804043, -24.807168457580278 ], [ -52.468467476791581, -24.807115333500967 ] ] ] } },
{ "type": "Feature", "properties": { "cod_sipra": "PR0110000", "nome_pa": "FAZENDA CHAPADÃO", "nome": "CORREGO", "tipo": "Hidrografia" }, "geometry": { "type": "MultiLineString", "coordinates": [ [ [ -52.464247938052715, -24.808339550430219 ], [ -52.464017867954411, -24.808125074966515 ], [ -52.463848761446457, -24.808045465459664 ], [ -52.463727798648257, -24.807982789865051 ], [ -52.463597876543503, -24.807839487695549 ], [ -52.463370760916099, -24.807781808276548 ], [ -52.463228957448663, -24.807699384131713 ], [ -52.463066501558501, -24.807556523940935 ], [ -52.462891831469896, -24.807463093289559 ], [ -52.462732916166431, -24.807373329284658 ], [ -52.462686797309559, -24.807353020773327 ], [ -52.462574024007679, -24.807323389814723 ], [ -52.462412359466384, -24.807146658634107 ], [ -52.462254248718587, -24.807046630236453 ], [ -52.462095296256685, -24.806994558299834 ], [ -52.461937135640305, -24.80699873573008 ], [ -52.461894517498465, -24.806974767170416 ], [ -52.461788661530683, -24.806991157388399 ], [ -52.461621220763845, -24.807073738736204 ], [ -52.461463285950018, -24.807084608981103 ], [ -52.461305209020459, -24.807099604885195 ], [ -52.461146394101355, -24.807053787685774 ], [ -52.460986131018615, -24.806955426305542 ], [ -52.460981162919914, -24.806939486580351 ], [ -52.460827788683225, -24.806902608121362 ], [ -52.460668812255101, -24.806819265368958 ], [ -52.460509746313932, -24.806752397847404 ], [ -52.460351080727193, -24.806720822586673 ], [ -52.460191707091944, -24.806625276534003 ], [ -52.460047711359252, -24.806574727266515 ], [ -52.459873945195007, -24.806522268744079 ], [ -52.45971555786339, -24.806513195777825 ], [ -52.459556556546339, -24.806453064900865 ], [ -52.459397659142716, -24.806395978930695 ], [ -52.45927619988646, -24.806292639142118 ], [ -52.459163780361315, -24.806238162593491 ], [ -52.459159475079908, -24.806232295100735 ] ] ] } },
{ "type": "Feature", "properties": { "cod_sipra": "PR0110000", "nome_pa": "FAZENDA CHAPADÃO", "nome": "CORREGO", "tipo": "Hidrografia" }, "geometry": { "type": "MultiLineString", "coordinates": [ [ [ -52.43147658588007, -24.808769329192554 ], [ -52.431387089803017, -24.808738755505583 ], [ -52.431287607358371, -24.808740526002843 ], [ -52.431145670202582, -24.808596736868893 ], [ -52.430901801290986, -24.808469496922925 ] ] ] } },
{ "type": "Feature", "properties": { "cod_sipra": "PR0110000", "nome_pa": "FAZENDA CHAPADÃO", "nome": "CORREGO", "tipo": "Hidrografia" }, "geometry": { "type": "MultiLineString", "coordinates": [ [ [ -52.494380545526148, -24.808449880590512 ], [ -52.494379852893516, -24.808449161655062 ] ] ] } },
{ "type": "Feature", "properties": { "cod_sipra": "PR0110000", "nome_pa": "FAZENDA CHAPADÃO", "nome": "CORREGO", "tipo": "Hidrografia" }, "geometry": { "type": "MultiLineString", "coordinates": [ [ [ -52.494380545526148, -24.808449880590512 ], [ -52.494376111111109, -24.808445277777775 ], [ -52.494372794913566, -24.808440956028456 ] ] ] } },
{ "type": "Feature", "properties": { "cod_sipra": "PR0110000", "nome_pa": "FAZENDA CHAPADÃO", "nome": "CORREGO", "tipo": "Hidrografia" }, "geometry": { "type": "MultiLineString", "coordinates": [ [ [ -52.436853345604113, -24.806284342403348 ], [ -52.436752803403309, -24.806333579718899 ], [ -52.436399171281849, -24.806479506222271 ], [ -52.436408123009926, -24.806526635384913 ], [ -52.436434157463665, -24.806583939250551 ], [ -52.436306011545241, -24.80673930291843 ], [ -52.436227496104578, -24.80686553040232 ], [ -52.436244700438458, -24.806948057140819 ], [ -52.436124175874156, -24.807029152292259 ], [ -52.435974449388297, -24.807147223482286 ], [ -52.43595453374661, -24.807403904137999 ], [ -52.435970228157309, -24.807444514326161 ], [ -52.435956290540659, -24.807539618870198 ], [ -52.435893984570299, -24.807686535264054 ], [ -52.43579470418446, -24.807829874951132 ], [ -52.435783091194565, -24.80797445070889 ], [ -52.435754985173645, -24.808119192093791 ], [ -52.435626972865258, -24.808265743866471 ], [ -52.435487803101623, -24.808410707029505 ], [ -52.435423248332107, -24.808515103356683 ], [ -52.435303302325217, -24.808556923613956 ], [ -52.435197877009699, -24.808702403190246 ], [ -52.435031439109395, -24.808704003782211 ], [ -52.434792926305057, -24.808760443197585 ], [ -52.434633557430423, -24.808761624035121 ], [ -52.434476371109994, -24.808758953754548 ], [ -52.434318149904549, -24.808766589763071 ], [ -52.434252015682965, -24.808863650629316 ], [ -52.434162493505632, -24.808992204393608 ], [ -52.434152041666664, -24.80901778055555 ], [ -52.434088422222224, -24.809055038888882 ], [ -52.434005037266985, -24.809065993787563 ], [ -52.433846644444152, -24.809056239244363 ] ] ] } },
{ "type": "Feature", "properties": { "cod_sipra": "PR0110000", "nome_pa": "FAZENDA CHAPADÃO", "nome": "CORREGO", "tipo": "Hidrografia" }, "geometry": { "type": "MultiLineString", "coordinates": [ [ [ -52.433698216773621, -24.809050854202923 ], [ -52.433458937603852, -24.808953408116896 ], [ -52.433300743399563, -24.808982277008123 ], [ -52.43320158544303, -24.809028550948554 ], [ -52.43298520621871, -24.809070088637245 ], [ -52.432827592793309, -24.809063584224713 ], [ -52.432669905678736, -24.80909839273221 ], [ -52.432533580452109, -24.809075084456794 ], [ -52.432362576497361, -24.80903656244471 ], [ -52.432193542440992, -24.808965923293631 ], [ -52.432033001659477, -24.808851437426934 ], [ -52.431875625676348, -24.808848445442358 ], [ -52.431716689983858, -24.808791488164061 ], [ -52.431558475582307, -24.808797304325434 ] ] ] } },
{ "type": "Feature", "properties": { "cod_sipra": "PR0110000", "nome_pa": "FAZENDA CHAPADÃO", "nome": "CORREGO", "tipo": "Hidrografia" }, "geometry": { "type": "MultiLineString", "coordinates": [ [ [ -52.413432066232566, -24.809388212938064 ], [ -52.413598068910296, -24.809187520914946 ], [ -52.413653730962082, -24.809024911255726 ], [ -52.413747860748508, -24.808879410575443 ], [ -52.413862354995011, -24.808733998845565 ], [ -52.413969601404631, -24.808588330849069 ], [ -52.414047085112344, -24.808426201819756 ], [ -52.41412458756502, -24.808297920686289 ], [ -52.414377728178934, -24.808158694159452 ], [ -52.414535051251114, -24.808057179514133 ], [ -52.414639661484493, -24.807859810024031 ], [ -52.414787470007397, -24.807713259417635 ], [ -52.414846704459549, -24.807614910579922 ], [ -52.415003127064736, -24.807461190645292 ], [ -52.415160057486013, -24.807342322147683 ], [ -52.415208655291607, -24.807132065389705 ], [ -52.415174127190511, -24.806987717683249 ], [ -52.415073324140472, -24.806844400798894 ], [ -52.415000713913251, -24.806699797562604 ], [ -52.414886336423201, -24.806557047420235 ], [ -52.414862401562736, -24.806412982247657 ], [ -52.414845936790492, -24.806268687440301 ], [ -52.414734440174705, -24.806124623467888 ], [ -52.41463169774925, -24.805981743083102 ], [ -52.414510329074218, -24.805906785943794 ], [ -52.414350462550487, -24.805758733647458 ] ] ] } },
{ "type": "Feature", "properties": { "cod_sipra": "PR0110000", "nome_pa": "FAZENDA CHAPADÃO", "nome": "CORREGO", "tipo": "Hidrografia" }, "geometry": { "type": "MultiLineString", "coordinates": [ [ [ -52.46451208515743, -24.809106686285816 ], [ -52.464426523329614, -24.808780165841842 ], [ -52.464400392608319, -24.80868570075307 ], [ -52.464254699212262, -24.808492984045067 ], [ -52.464247938052715, -24.808339550430219 ] ] ] } },
{ "type": "Feature", "properties": { "cod_sipra": "PR0110000", "nome_pa": "FAZENDA CHAPADÃO", "nome": "CORREGO", "tipo": "Hidrografia" }, "geometry": { "type": "MultiLineString", "coordinates": [ [ [ -52.444806428717904, -24.809473739656656 ], [ -52.444825277777788, -24.809387777777776 ], [ -52.445009716193724, -24.809354243783684 ], [ -52.445408888888899, -24.80928166666666 ], [ -52.445480277777783, -24.809021666666666 ], [ -52.445801388888889, -24.808543333333329 ] ] ] } },
{ "type": "Feature", "properties": { "cod_sipra": "PR0110000", "nome_pa": "FAZENDA CHAPADÃO", "nome": "CORREGO", "tipo": "Hidrografia" }, "geometry": { "type": "MultiLineString", "coordinates": [ [ [ -52.413432066232566, -24.809388212938064 ], [ -52.413267690104782, -24.809471115916317 ], [ -52.413139075929173, -24.809617391459305 ], [ -52.413076046834739, -24.809762445474981 ], [ -52.412882923441771, -24.809817811222075 ], [ -52.412747205055844, -24.809909392182238 ], [ -52.412568170354653, -24.810001047389378 ], [ -52.4124101466479, -24.810002845215998 ], [ -52.4122521711639, -24.810028265201407 ], [ -52.412094824239702, -24.810131697897823 ], [ -52.411935465804568, -24.810088890456615 ], [ -52.411777205916948, -24.810017828508037 ], [ -52.411619117003539, -24.810032897848401 ], [ -52.411459970801623, -24.809959230738428 ], [ -52.41132846356669, -24.809922557741107 ], [ -52.411142312391569, -24.809862877627303 ], [ -52.410982179696177, -24.809759056707087 ], [ -52.410824007930962, -24.809726574922855 ], [ -52.410665330345921, -24.809674596467175 ], [ -52.410526018247658, -24.809641432571102 ], [ -52.41034680569885, -24.809518753809222 ], [ -52.410220498276509, -24.809499590598616 ], [ -52.41002983339019, -24.809468181721105 ], [ -52.409905629812116, -24.809358214745323 ], [ -52.409710622800532, -24.80931617649162 ], [ -52.409601329969981, -24.809216444236945 ], [ -52.409433954668728, -24.809073083601856 ], [ -52.409301618415874, -24.808930541722123 ], [ -52.40925306293051, -24.808786345636587 ], [ -52.409229387589598, -24.808679312394464 ], [ -52.409069763663254, -24.80855975216382 ], [ -52.408909950048809, -24.808410561997189 ], [ -52.40875115614562, -24.808213360165176 ], [ -52.408632746539254, -24.808068959682622 ], [ -52.408565602317367, -24.807925344581875 ], [ -52.408474022178595, -24.807781734249051 ], [ -52.408268907774513, -24.807717374284657 ], [ -52.408129610238753, -24.807641325537304 ], [ -52.407950047423277, -24.807509187550725 ], [ -52.407822565507665, -24.807422945228243 ] ] ] } },
{ "type": "Feature", "properties": { "cod_sipra": "PR0110000", "nome_pa": "FAZENDA CHAPADÃO", "nome": "CORREGO", "tipo": "Hidrografia" }, "geometry": { "type": "MultiLineString", "coordinates": [ [ [ -52.396773127255848, -24.810303195325687 ], [ -52.396741834733227, -24.810077507788527 ], [ -52.396741047366952, -24.809933256875059 ], [ -52.396666030448245, -24.80978948870958 ], [ -52.396628972055098, -24.809645357131998 ], [ -52.396593444636622, -24.809501038452286 ], [ -52.396424438089959, -24.809358320516143 ], [ -52.396305840233168, -24.809214958199426 ], [ -52.396128629413859, -24.809072140038911 ], [ -52.3959924475677, -24.808928839356192 ] ] ] } },
{ "type": "Feature", "properties": { "cod_sipra": "PR0110000", "nome_pa": "FAZENDA CHAPADÃO", "nome": "CORREGO", "tipo": "Hidrografia" }, "geometry": { "type": "MultiLineString", "coordinates": [ ] } },
{ "type": "Feature", "properties": { "cod_sipra": "PR0110000", "nome_pa": "FAZENDA CHAPADÃO", "nome": "CORREGO", "tipo": "Hidrografia" }, "geometry": { "type": "MultiLineString", "coordinates": [ ] } },
{ "type": "Feature", "properties": { "cod_sipra": "PR0110000", "nome_pa": "FAZENDA CHAPADÃO", "nome": "CORREGO", "tipo": "Hidrografia" }, "geometry": { "type": "MultiLineString", "coordinates": [ [ [ -52.4784665333272, -24.809757368444245 ], [ -52.478330157398929, -24.809624482494801 ], [ -52.478171356518445, -24.80957822199391 ], [ -52.478047401022273, -24.809470505256005 ], [ -52.477851527265969, -24.809398931040914 ], [ -52.477691943173973, -24.809272951409433 ], [ -52.477533193717868, -24.809152565166325 ], [ -52.477399915321435, -24.809043492917834 ], [ -52.477225043410066, -24.808899886100971 ], [ -52.477054716446226, -24.808845685360055 ], [ -52.476903241331229, -24.808858085827868 ], [ -52.476894834217781, -24.808786353635568 ], [ -52.476784270148251, -24.808760490178805 ], [ -52.476577662275993, -24.808658557363529 ], [ -52.476417969264666, -24.808626026920987 ], [ -52.476259910172203, -24.808557763546403 ], [ -52.476151340525831, -24.808333193253834 ], [ -52.476022791874662, -24.808190356716572 ], [ -52.475950929182602, -24.808045192508427 ], [ -52.47580186702465, -24.807903317207661 ], [ -52.475615665471878, -24.807800413641829 ], [ -52.4754997012285, -24.807762059948402 ], [ -52.475384177745887, -24.807618690859464 ], [ -52.47540283937645, -24.807474036834822 ], [ -52.475398864274581, -24.807329579132208 ], [ -52.475294180828655, -24.807201634593213 ], [ -52.475199885546232, -24.807042628725359 ], [ -52.475138828694831, -24.806898760910581 ], [ -52.475062006196715, -24.806806653888316 ] ] ] } },
{ "type": "Feature", "properties": { "cod_sipra": "PR0110000", "nome_pa": "FAZENDA CHAPADÃO", "nome": "CORREGO", "tipo": "Hidrografia" }, "geometry": { "type": "MultiLineString", "coordinates": [ ] } },
{ "type": "Feature", "properties": { "cod_sipra": "PR0110000", "nome_pa": "FAZENDA CHAPADÃO", "nome": "CORREGO", "tipo": "Hidrografia" }, "geometry": { "type": "MultiLineString", "coordinates": [ ] } },
{ "type": "Feature", "properties": { "cod_sipra": "PR0110000", "nome_pa": "FAZENDA CHAPADÃO", "nome": "CORREGO", "tipo": "Hidrografia" }, "geometry": { "type": "MultiLineString", "coordinates": [ [ [ -52.489122364650655, -24.810405482275897 ], [ -52.488931815231894, -24.810190653438138 ], [ -52.488727292572626, -24.81006154919406 ], [ -52.488568938114227, -24.810079828384506 ], [ -52.488408657465236, -24.809960009109876 ], [ -52.488341615267416, -24.809761112856204 ], [ -52.488263196823439, -24.809619301902636 ], [ -52.488181361917505, -24.809475775639324 ], [ -52.488100823475826, -24.809331350949567 ], [ -52.487995802116991, -24.809187923402696 ], [ -52.487988699489733, -24.809043634515227 ], [ -52.487988817193582, -24.808899632884074 ], [ -52.487947749520927, -24.808755572048248 ], [ -52.488006349676745, -24.808610671333177 ], [ -52.488075469318268, -24.808479120459314 ], [ -52.48807433061053, -24.808357895711232 ], [ -52.488217803406044, -24.808175007712027 ], [ -52.48834269105955, -24.808074645196339 ], [ -52.488327303123043, -24.808029651630839 ], [ -52.488456216816111, -24.807929046116332 ] ] ] } },
{ "type": "Feature", "properties": { "cod_sipra": "PR0110000", "nome_pa": "FAZENDA CHAPADÃO", "nome": "CORREGO", "tipo": "Hidrografia" }, "geometry": { "type": "MultiLineString", "coordinates": [ ] } },
{ "type": "Feature", "properties": { "cod_sipra": "PR0110000", "nome_pa": "FAZENDA CHAPADÃO", "nome": "CORREGO", "tipo": "Hidrografia" }, "geometry": { "type": "MultiLineString", "coordinates": [ ] } },
{ "type": "Feature", "properties": { "cod_sipra": "PR0110000", "nome_pa": "FAZENDA CHAPADÃO", "nome": "CORREGO", "tipo": "Hidrografia" }, "geometry": { "type": "MultiLineString", "coordinates": [ [ [ -52.444728322937927, -24.810359356014803 ], [ -52.444719722222224, -24.809869166666665 ], [ -52.444798449044185, -24.809510131240327 ] ] ] } },
{ "type": "Feature", "properties": { "cod_sipra": "PR0110000", "nome_pa": "FAZENDA CHAPADÃO", "nome": "CORREGO", "tipo": "Hidrografia" }, "geometry": { "type": "MultiLineString", "coordinates": [ [ [ -52.396366803831306, -24.812004548751858 ], [ -52.396387017036609, -24.811787566391438 ], [ -52.39645003781407, -24.811642563197896 ], [ -52.396451300129847, -24.811497208535759 ], [ -52.3964898292447, -24.81135324539958 ], [ -52.396506035171832, -24.811207686544794 ], [ -52.3965046817817, -24.811064164104803 ], [ -52.396553255153179, -24.810972915808634 ], [ -52.39668757474886, -24.810758123274965 ], [ -52.39670789537351, -24.810659118126669 ], [ -52.396694299924462, -24.810484497284872 ], [ -52.396773127255848, -24.810303195325687 ] ] ] } },
{ "type": "Feature", "properties": { "cod_sipra": "PR0110000", "nome_pa": "FAZENDA CHAPADÃO", "nome": "CORREGO", "tipo": "Hidrografia" }, "geometry": { "type": "MultiLineString", "coordinates": [ [ [ -52.422236435476407, -24.811843461963957 ], [ -52.422174587654624, -24.811761323025351 ], [ -52.422075507643541, -24.811617598613925 ], [ -52.421993402798158, -24.811507968464884 ], [ -52.421833383368238, -24.811355988200148 ], [ -52.421673477288046, -24.8112753994738 ], [ -52.421515101509421, -24.81119360128416 ], [ -52.42135548130593, -24.811069377732117 ], [ -52.421195140519778, -24.810933839529778 ], [ -52.421063323608209, -24.810760599306342 ], [ -52.420874204189296, -24.810659836077697 ], [ -52.42081817953391, -24.810613853037193 ], [ -52.420715760553627, -24.810518441185014 ], [ -52.420583581562816, -24.810331740226221 ], [ -52.420532777807281, -24.810255095626029 ], [ -52.420394195161641, -24.810053671584125 ], [ -52.420303444720396, -24.809901009737366 ], [ -52.4202488536896, -24.809757030327884 ], [ -52.420183145046366, -24.809613182054083 ], [ -52.420164842827468, -24.809468888090809 ], [ -52.420163422303489, -24.809324408232548 ], [ -52.420107223886774, -24.8091804899347 ], [ -52.420066293006208, -24.809059013025458 ], [ -52.42002482274458, -24.808892305883749 ], [ -52.419946810632993, -24.808748534209439 ], [ -52.419811374949596, -24.808605410458203 ], [ -52.419642814683918, -24.808467102942757 ], [ -52.41963587182034, -24.808461429238598 ], [ -52.419582123568375, -24.808401095314377 ], [ -52.419540345717017, -24.808345581969792 ], [ -52.419504656873499, -24.808294460539944 ], [ -52.419422988392498, -24.808227768978757 ], [ -52.419329600802278, -24.808117526954167 ], [ -52.419266302592462, -24.808032501934278 ], [ -52.41924176555807, -24.807888454175746 ], [ -52.419207385818254, -24.807743456922218 ], [ -52.41922040924694, -24.807599708594577 ], [ -52.419243862044816, -24.807454955438402 ], [ -52.419246793256477, -24.807310513688563 ], [ -52.41920779554934, -24.807165593757517 ], [ -52.419162630792925, -24.807022371291637 ], [ -52.419092233081926, -24.806919232628925 ], [ -52.419034361795433, -24.806811162579756 ], [ -52.418973740995618, -24.806734227120451 ], [ -52.418898799159294, -24.806591453604693 ], [ -52.418797469754679, -24.806447765179112 ], [ -52.41876799060573, -24.806356992442396 ], [ -52.418727457482028, -24.80615966548984 ], [ -52.418735704347249, -24.806015114942984 ], [ -52.418694494640263, -24.805871033455848 ], [ -52.418633526719852, -24.805727161275595 ], [ -52.418624064568959, -24.805582522087317 ], [ -52.418649067923837, -24.805437502116998 ], [ -52.418676308863148, -24.805293312909939 ], [ -52.418705593054788, -24.805147916640877 ], [ -52.418724241236525, -24.805003895338722 ], [ -52.418729924122289, -24.804859210120334 ], [ -52.418691255065411, -24.804715285414133 ], [ -52.418696124288047, -24.804570007190328 ], [ -52.418690376078672, -24.80442634983946 ], [ -52.418675944731184, -24.804281363682161 ], [ -52.418615739211752, -24.80413789357797 ], [ -52.418610309523054, -24.803993687577151 ], [ -52.418624308268384, -24.803848905196869 ], [ -52.418640156580061, -24.803704463441377 ], [ -52.418697196430692, -24.803677365207932 ] ] ] } },
{ "type": "Feature", "properties": { "cod_sipra": "PR0110000", "nome_pa": "FAZENDA CHAPADÃO", "nome": "CORREGO", "tipo": "Hidrografia" }, "geometry": { "type": "MultiLineString", "coordinates": [ ] } },
{ "type": "Feature", "properties": { "cod_sipra": "PR0110000", "nome_pa": "FAZENDA CHAPADÃO", "nome": "CORREGO", "tipo": "Hidrografia" }, "geometry": { "type": "MultiLineString", "coordinates": [ ] } },
{ "type": "Feature", "properties": { "cod_sipra": "PR0110000", "nome_pa": "FAZENDA CHAPADÃO", "nome": "CORREGO", "tipo": "Hidrografia" }, "geometry": { "type": "MultiLineString", "coordinates": [ [ [ -52.494372794913566, -24.808440956028456 ], [ -52.49429, -24.808333055555547 ], [ -52.49424777777778, -24.808178055555551 ], [ -52.494185555555553, -24.8081 ], [ -52.494089166666669, -24.808016666666667 ], [ -52.493976666666676, -24.807955 ], [ -52.493827222222222, -24.807918611111116 ], [ -52.493697222222224, -24.807964166666661 ], [ -52.49364457225365, -24.808040540404896 ], [ -52.493506476709094, -24.808276015353549 ], [ -52.493490358167122, -24.808390827722196 ], [ -52.493346763187354, -24.808422105501929 ], [ -52.493283158542425, -24.808567187873582 ], [ -52.493250230804378, -24.808712425888789 ], [ -52.493179208280488, -24.808829962665477 ], [ -52.493180561513896, -24.808942892486872 ], [ -52.493022372128351, -24.80902152950409 ], [ -52.492871284411656, -24.809149353354552 ], [ -52.492800685071607, -24.80929434993201 ], [ -52.492710983962041, -24.80941464329857 ], [ -52.492673866593996, -24.809584550328598 ], [ -52.492556745431912, -24.809723845868334 ], [ -52.492402844807792, -24.80987695293171 ], [ -52.492243349767676, -24.810001878242474 ], [ -52.492084960406558, -24.810006646398055 ], [ -52.491928532176765, -24.810147395960485 ], [ -52.491771360858273, -24.810223385042718 ], [ -52.491654076971685, -24.810319426788862 ], [ -52.491597928800957, -24.810462316028694 ], [ -52.491536812655667, -24.810607182013186 ], [ -52.491508895760305, -24.810751929624569 ], [ -52.491304193590508, -24.81086451879332 ], [ -52.491276653362355, -24.811043180270115 ], [ -52.491156403159003, -24.811190820012385 ], [ -52.490992804682783, -24.811297242150534 ], [ -52.490834841749404, -24.811373460666172 ], [ -52.490701498511314, -24.8113378306256 ], [ -52.490587217431909, -24.811339064510303 ], [ -52.490360423840265, -24.811359266565667 ], [ -52.490214129468093, -24.811197345262173 ], [ -52.490198887065539, -24.811103689757903 ], [ -52.49004009625974, -24.81104486081907 ], [ -52.489930870506697, -24.811056682413632 ], [ -52.489783122716823, -24.811058043048895 ], [ -52.489601556929607, -24.810915356659844 ], [ -52.489481329152234, -24.810771434869903 ], [ -52.48943948277747, -24.810627801246191 ], [ -52.489283887127272, -24.810484935121096 ], [ -52.489122364650655, -24.810405482275897 ] ] ] } },
{ "type": "Feature", "properties": { "cod_sipra": "PR0110000", "nome_pa": "FAZENDA CHAPADÃO", "nome": "CORREGO", "tipo": "Hidrografia" }, "geometry": { "type": "MultiLineString", "coordinates": [ [ [ -52.414393392631702, -24.812301987392544 ], [ -52.414138622712912, -24.811365133036844 ], [ -52.414065655555554, -24.811096811111089 ], [ -52.414031960678599, -24.811061951001264 ], [ -52.413990059767286, -24.810917933058548 ], [ -52.41399164080309, -24.810772511276948 ], [ -52.414007592929835, -24.810628826887267 ], [ -52.414023083217714, -24.810484026279575 ], [ -52.413993796146435, -24.81033916045125 ], [ -52.413899762354674, -24.810196424486747 ], [ -52.413813782721434, -24.810052764796964 ], [ -52.41374467147488, -24.80990897120472 ], [ -52.4136682, -24.809836319444443 ], [ -52.413627681518165, -24.809779980780036 ], [ -52.413563884088731, -24.809671452252569 ], [ -52.413454056745955, -24.809477628638149 ], [ -52.413432066232566, -24.809388212938064 ] ] ] } },
{ "type": "Feature", "properties": { "cod_sipra": "PR0110000", "nome_pa": "FAZENDA CHAPADÃO", "nome": "CORREGO", "tipo": "Hidrografia" }, "geometry": { "type": "MultiLineString", "coordinates": [ [ [ -52.41440741910526, -24.812353565866609 ], [ -52.414396261448829, -24.812312536677418 ], [ -52.414393392631702, -24.812301987392544 ] ] ] } },
{ "type": "Feature", "properties": { "cod_sipra": "PR0110000", "nome_pa": "FAZENDA CHAPADÃO", "nome": "CORREGO", "tipo": "Hidrografia" }, "geometry": { "type": "MultiLineString", "coordinates": [ [ [ -52.422672263849492, -24.812328635427736 ], [ -52.422467211814798, -24.812109584432683 ], [ -52.422373048682225, -24.811967132604568 ], [ -52.422274718517819, -24.811868768782862 ] ] ] } },
{ "type": "Feature", "properties": { "cod_sipra": "PR0110000", "nome_pa": "FAZENDA CHAPADÃO", "nome": "CORREGO", "tipo": "Hidrografia" }, "geometry": { "type": "MultiLineString", "coordinates": [ ] } },
{ "type": "Feature", "properties": { "cod_sipra": "PR0110000", "nome_pa": "FAZENDA CHAPADÃO", "nome": "CORREGO", "tipo": "Hidrografia" }, "geometry": { "type": "MultiLineString", "coordinates": [ [ [ -52.404021668140679, -24.812682335703002 ], [ -52.403847455525643, -24.812611657892546 ], [ -52.403615138130931, -24.812603292688113 ], [ -52.403455445019539, -24.812495734618096 ], [ -52.403346552787227, -24.812471940914119 ], [ -52.403203579577493, -24.812328817607806 ], [ -52.403034240552898, -24.812185926224206 ], [ -52.402867985298649, -24.812042902817915 ], [ -52.402683743679397, -24.811900263679757 ], [ -52.402605151412047, -24.811755593476978 ], [ -52.402520750246516, -24.811612872098152 ], [ -52.402463217236367, -24.811468829200823 ], [ -52.402437791216315, -24.811323211316502 ] ] ] } },
{ "type": "Feature", "properties": { "cod_sipra": "PR0110000", "nome_pa": "FAZENDA CHAPADÃO", "nome": "CORREGO", "tipo": "Hidrografia" }, "geometry": { "type": "MultiLineString", "coordinates": [ [ [ -52.404021769884999, -24.812691364298217 ], [ -52.404021668140679, -24.812682335703002 ] ] ] } },
{ "type": "Feature", "properties": { "cod_sipra": "PR0110000", "nome_pa": "FAZENDA CHAPADÃO", "nome": "CORREGO", "tipo": "Hidrografia" }, "geometry": { "type": "MultiLineString", "coordinates": [ [ [ -52.443242082164041, -24.812688084790402 ], [ -52.443244134507381, -24.8126783986886 ], [ -52.443456053320816, -24.812649148424459 ], [ -52.444009805805095, -24.812572714821378 ], [ -52.444328847061399, -24.812103315597483 ], [ -52.444490331745868, -24.811747891512731 ], [ -52.444589954582369, -24.81152862290002 ], [ -52.444643326900632, -24.811411150772315 ], [ -52.444739274096605, -24.81098349224709 ], [ -52.444728322937927, -24.810359356014803 ] ] ] } },
{ "type": "Feature", "properties": { "cod_sipra": "PR0110000", "nome_pa": "FAZENDA CHAPADÃO", "nome": "CORREGO", "tipo": "Hidrografia" }, "geometry": { "type": "MultiLineString", "coordinates": [ ] } },
{ "type": "Feature", "properties": { "cod_sipra": "PR0110000", "nome_pa": "FAZENDA CHAPADÃO", "nome": "CORREGO", "tipo": "Hidrografia" }, "geometry": { "type": "MultiLineString", "coordinates": [ ] } },
{ "type": "Feature", "properties": { "cod_sipra": "PR0110000", "nome_pa": "FAZENDA CHAPADÃO", "nome": "CORREGO", "tipo": "Hidrografia" }, "geometry": { "type": "MultiLineString", "coordinates": [ ] } },
{ "type": "Feature", "properties": { "cod_sipra": "PR0110000", "nome_pa": "FAZENDA CHAPADÃO", "nome": "CORREGO", "tipo": "Hidrografia" }, "geometry": { "type": "MultiLineString", "coordinates": [ ] } },
{ "type": "Feature", "properties": { "cod_sipra": "PR0110000", "nome_pa": "FAZENDA CHAPADÃO", "nome": "CORREGO", "tipo": "Hidrografia" }, "geometry": { "type": "MultiLineString", "coordinates": [ [ [ -52.400129346437481, -24.813170281912871 ], [ -52.400227481294614, -24.81308918374512 ], [ -52.400385116908815, -24.813041473339119 ], [ -52.400542423271915, -24.812941592425513 ], [ -52.400699020718378, -24.812803787131525 ], [ -52.40085630251, -24.812707219425814 ], [ -52.400930318229243, -24.812584307816362 ], [ -52.401012009342431, -24.812484820907137 ], [ -52.401168880351506, -24.812358530460887 ], [ -52.401306281419643, -24.812292202766631 ], [ -52.401325224908298, -24.812147204321025 ], [ -52.401446917068554, -24.812002137364626 ], [ -52.401491426236582, -24.811857264033463 ], [ -52.401573446019022, -24.811711906536665 ], [ -52.401704075845707, -24.811566329014937 ], [ -52.401851611660739, -24.811419324254576 ], [ -52.402000828894892, -24.811285571769332 ], [ -52.402007395065006, -24.811216928230909 ], [ -52.402120399521564, -24.81112900201995 ], [ -52.402262140852194, -24.811048027927644 ], [ -52.402501428821729, -24.8112157528364 ], [ -52.402437791216315, -24.811323211316502 ] ] ] } },
{ "type": "Feature", "properties": { "cod_sipra": "PR0110000", "nome_pa": "FAZENDA CHAPADÃO", "nome": "CORREGO", "tipo": "Hidrografia" }, "geometry": { "type": "MultiLineString", "coordinates": [ [ [ -52.481638584879391, -24.812369001697796 ], [ -52.481700990118725, -24.812321176791432 ], [ -52.481863817889327, -24.812267682429386 ], [ -52.482022056934881, -24.812280285165045 ], [ -52.482127822680489, -24.812316972961355 ], [ -52.482340869741535, -24.812406438533188 ], [ -52.482498936280791, -24.812429563596289 ], [ -52.482645647046091, -24.812456309825581 ], [ -52.482816631509593, -24.812470352688209 ], [ -52.482976131108209, -24.812468248300135 ], [ -52.483131369626406, -24.81238826266074 ], [ -52.483290136776091, -24.812376547936591 ], [ -52.48344735516546, -24.812343142234237 ] ] ] } },
{ "type": "Feature", "properties": { "cod_sipra": "PR0110000", "nome_pa": "FAZENDA CHAPADÃO", "nome": "CORREGO", "tipo": "Hidrografia" }, "geometry": { "type": "MultiLineString", "coordinates": [ [ [ -52.400129346437481, -24.813170281912871 ], [ -52.399164653359662, -24.813523581796005 ], [ -52.397513420297415, -24.813755775404683 ], [ -52.397355568728258, -24.813748458819525 ], [ -52.39719715613996, -24.813715597580313 ], [ -52.397045633276882, -24.813587387633 ], [ -52.396877696175288, -24.813453560354265 ], [ -52.396795093650987, -24.813300781675171 ], [ -52.396679027688819, -24.81315721530996 ], [ -52.396556674310673, -24.813059213568106 ], [ -52.396445761461464, -24.81287062829011 ], [ -52.396394962108161, -24.812753718207905 ], [ -52.396286662841462, -24.812583168330942 ], [ -52.396270225003192, -24.812438666955231 ], [ -52.396273627472539, -24.812293521660987 ], [ -52.39625789450556, -24.812150013077741 ], [ -52.396366803831306, -24.812004548751858 ] ] ] } },
{ "type": "Feature", "properties": { "cod_sipra": "PR0110000", "nome_pa": "FAZENDA CHAPADÃO", "nome": "CORREGO", "tipo": "Hidrografia" }, "geometry": { "type": "MultiLineString", "coordinates": [ [ [ -52.487118687097357, -24.813269659296605 ], [ -52.487324296629239, -24.813073104862543 ], [ -52.487480603850358, -24.812922923359707 ], [ -52.487610657931114, -24.812758280450812 ], [ -52.487794464342429, -24.812696290357408 ], [ -52.487952647878473, -24.812628223854833 ], [ -52.488133296441987, -24.812495229332441 ], [ -52.48826489606931, -24.812327548330401 ], [ -52.488376802303037, -24.812173623575831 ], [ -52.488487123562514, -24.812028030703562 ], [ -52.488576905753128, -24.811933943207801 ], [ -52.488732915630003, -24.811754707907337 ], [ -52.488731764490666, -24.811664404108328 ], [ -52.488887619130942, -24.81145522186624 ], [ -52.489039802080192, -24.811300133653493 ], [ -52.489042645084915, -24.811182776582523 ], [ -52.489047593245765, -24.811011103574391 ], [ -52.48900914646137, -24.810867083489519 ], [ -52.489033656354927, -24.810722366502485 ], [ -52.488891979402574, -24.810579333254022 ], [ -52.488976027753395, -24.81043357217531 ] ] ] } },
{ "type": "Feature", "properties": { "cod_sipra": "PR0110000", "nome_pa": "FAZENDA CHAPADÃO", "nome": "CORREGO", "tipo": "Hidrografia" }, "geometry": { "type": "MultiLineString", "coordinates": [ ] } },
{ "type": "Feature", "properties": { "cod_sipra": "PR0110000", "nome_pa": "FAZENDA CHAPADÃO", "nome": "CORREGO", "tipo": "Hidrografia" }, "geometry": { "type": "MultiLineString", "coordinates": [ [ [ -52.487118687097357, -24.813269659296605 ], [ -52.487029530646971, -24.813261494562816 ], [ -52.486869205007487, -24.813192559666067 ], [ -52.486711042944982, -24.813120751752948 ], [ -52.486507780343061, -24.813059028820774 ], [ -52.486393173970356, -24.813008286950517 ], [ -52.486234232849888, -24.812936929799008 ], [ -52.486074090005104, -24.812830827047275 ], [ -52.485914887493209, -24.812703725435579 ], [ -52.485711309568828, -24.812633535227477 ], [ -52.485596224670353, -24.812586422789895 ], [ -52.485437426257995, -24.81256506720554 ], [ -52.485280040141191, -24.812576705790264 ], [ -52.485120258376931, -24.812484498040785 ], [ -52.48492142710959, -24.812352419268553 ], [ -52.48480205418101, -24.812309566685808 ], [ -52.484643845947595, -24.812303221459377 ], [ -52.484459785830339, -24.812212554653019 ], [ -52.484325071979335, -24.812193538030691 ], [ -52.484167332367022, -24.812233218266421 ], [ -52.4840099825416, -24.812241906238043 ], [ -52.483852002608003, -24.812284086629099 ], [ -52.483693956626887, -24.812308226063653 ], [ -52.483526099320798, -24.812312112834661 ] ] ] } },
{ "type": "Feature", "properties": { "cod_sipra": "PR0110000", "nome_pa": "FAZENDA CHAPADÃO", "nome": "CORREGO", "tipo": "Hidrografia" }, "geometry": { "type": "MultiLineString", "coordinates": [ ] } },
{ "type": "Feature", "properties": { "cod_sipra": "PR0110000", "nome_pa": "FAZENDA CHAPADÃO", "nome": "CORREGO", "tipo": "Hidrografia" }, "geometry": { "type": "MultiLineString", "coordinates": [ [ [ -52.414489274989677, -24.814379332843707 ], [ -52.414402462954321, -24.814254940888286 ], [ -52.414346390765687, -24.814115588779423 ], [ -52.414333089826428, -24.813966668933805 ], [ -52.41431957101311, -24.813821469092048 ], [ -52.414311742646206, -24.813677885852961 ], [ -52.414283394669845, -24.813533696191474 ], [ -52.414308463345776, -24.813389015999572 ], [ -52.414367416234612, -24.813243950872032 ], [ -52.414427376333776, -24.813098917394786 ], [ -52.414451898105163, -24.812954242352255 ], [ -52.414489895739294, -24.812810999904606 ], [ -52.414535951858291, -24.812664498953776 ], [ -52.41447293611111, -24.812570627777774 ], [ -52.414449330555556, -24.81250768333333 ], [ -52.41440741910526, -24.812353565866609 ] ] ] } },
{ "type": "Feature", "properties": { "cod_sipra": "PR0110000", "nome_pa": "FAZENDA CHAPADÃO", "nome": "CORREGO", "tipo": "Hidrografia" }, "geometry": { "type": "MultiLineString", "coordinates": [ [ [ -52.498190376017185, -24.814174216326872 ], [ -52.498190743266015, -24.814172459061872 ] ] ] } },
{ "type": "Feature", "properties": { "cod_sipra": "PR0110000", "nome_pa": "FAZENDA CHAPADÃO", "nome": "CORREGO", "tipo": "Hidrografia" }, "geometry": { "type": "MultiLineString", "coordinates": [ [ [ -52.498190376017185, -24.814174216326872 ], [ -52.498211111111111, -24.814075 ], [ -52.498240555555554, -24.813995555555561 ], [ -52.498291944444446, -24.813848055555557 ], [ -52.49830027777778, -24.813695555555558 ], [ -52.498250833333337, -24.813596666666658 ], [ -52.49838611111111, -24.813375277777784 ], [ -52.4983875, -24.813264444444442 ], [ -52.498476666666669, -24.813128888888894 ], [ -52.498525, -24.812977777777778 ], [ -52.49860972222222, -24.812907222222226 ], [ -52.498701666666676, -24.812742777777778 ], [ -52.498714722222225, -24.81263527777778 ], [ -52.49874777777778, -24.812488333333324 ], [ -52.498783888888887, -24.812328611111116 ], [ -52.498837222222221, -24.81220027777778 ], [ -52.498870555555555, -24.812073888888886 ], [ -52.498897222222219, -24.81197333333332 ], [ -52.498790555555559, -24.811815833333341 ], [ -52.498724722222228, -24.811715555555548 ], [ -52.49869, -24.81165722222223 ], [ -52.49861111111111, -24.811589166666664 ], [ -52.498508333333334, -24.811455 ], [ -52.498318055555558, -24.811374166666656 ], [ -52.498181666666675, -24.811326388888887 ], [ -52.498031111111111, -24.811279444444441 ], [ -52.49778083333333, -24.811253888888892 ], [ -52.497694722222221, -24.811208888888885 ], [ -52.49753888888889, -24.811171944444443 ], [ -52.497402222222227, -24.811122222222227 ], [ -52.497231388888892, -24.811035833333325 ], [ -52.497089722222221, -24.810966944444449 ], [ -52.497015, -24.810916944444433 ], [ -52.496894722222223, -24.810850277777764 ], [ -52.496637222222219, -24.810655277777773 ], [ -52.496504166666668, -24.81054 ], [ -52.496439166666669, -24.810462777777765 ], [ -52.49632583333333, -24.810368055555553 ], [ -52.4962175, -24.810288611111105 ], [ -52.496089722222223, -24.810251111111114 ], [ -52.495925277777779, -24.810126111111114 ], [ -52.495817836236291, -24.810036783283344 ], [ -52.495744991842308, -24.810131427168681 ], [ -52.495805, -24.810026111111103 ], [ -52.495669722222225, -24.80992638888889 ], [ -52.495582222222225, -24.809860833333339 ], [ -52.495497222222227, -24.809838055555556 ], [ -52.495425, -24.809778055555551 ], [ -52.495333888888887, -24.809705277777773 ], [ -52.495241666666665, -24.809621666666668 ], [ -52.495186944444441, -24.809560277777777 ], [ -52.495188333333331, -24.80941944444444 ], [ -52.495186944444441, -24.809327777777771 ], [ -52.49516222222222, -24.809215277777781 ], [ -52.495126111111112, -24.809115555555557 ], [ -52.494964444444442, -24.808935 ], [ -52.494939166666668, -24.808853055555556 ], [ -52.494846111111116, -24.808791666666671 ], [ -52.494717222222228, -24.808715833333338 ], [ -52.494678333333333, -24.808682777777779 ], [ -52.494551944444446, -24.808585 ], [ -52.494462993741742, -24.808521517317349 ] ] ] } },
{ "type": "Feature", "properties": { "cod_sipra": "PR0110000", "nome_pa": "FAZENDA CHAPADÃO", "nome": "CORREGO", "tipo": "Hidrografia" }, "geometry": { "type": "MultiLineString", "coordinates": [ [ [ -52.498188559272009, -24.8141829093497 ], [ -52.498190376017185, -24.814174216326872 ] ] ] } },
{ "type": "Feature", "properties": { "cod_sipra": "PR0110000", "nome_pa": "FAZENDA CHAPADÃO", "nome": "CORREGO", "tipo": "Hidrografia" }, "geometry": { "type": "MultiLineString", "coordinates": [ [ [ -52.423997334739049, -24.814935628063871 ], [ -52.423807611827947, -24.814725513078212 ], [ -52.423676588752983, -24.814582255750182 ], [ -52.423591083648844, -24.8144383762166 ], [ -52.423545496274443, -24.81429461806777 ], [ -52.423429899802706, -24.814267088120452 ], [ -52.423270888238811, -24.814203802078314 ], [ -52.423151605814255, -24.81415389863723 ], [ -52.423066662504333, -24.81400958289419 ], [ -52.422978509302524, -24.813866526158513 ], [ -52.422902843526373, -24.813722846018017 ], [ -52.422912203138424, -24.81357790483526 ], [ -52.422881922938785, -24.813434042668884 ], [ -52.422861308759238, -24.813289007459616 ], [ -52.422783656868994, -24.8131935369166 ], [ -52.422782273411329, -24.813001614687398 ], [ -52.422781941093319, -24.812969212992467 ], [ -52.422782389072211, -24.812857159831292 ], [ -52.422630620788482, -24.812714135204139 ], [ -52.422665510692411, -24.81256921164135 ], [ -52.422617558161591, -24.812434432623395 ], [ -52.422672263849492, -24.812328635427736 ] ] ] } },
{ "type": "Feature", "properties": { "cod_sipra": "PR0110000", "nome_pa": "FAZENDA CHAPADÃO", "nome": "CORREGO", "tipo": "Hidrografia" }, "geometry": { "type": "MultiLineString", "coordinates": [ [ [ -52.498138122952597, -24.814375361584233 ], [ -52.49816, -24.814349722222225 ], [ -52.498191111111112, -24.814289444444444 ], [ -52.498185277777779, -24.814198611111106 ] ] ] } },
{ "type": "Feature", "properties": { "cod_sipra": "PR0110000", "nome_pa": "FAZENDA CHAPADÃO", "nome": "CORREGO", "tipo": "Hidrografia" }, "geometry": { "type": "MultiLineString", "coordinates": [ [ [ -52.498137155793977, -24.814376495070057 ], [ -52.498138122952597, -24.814375361584233 ] ] ] } },
{ "type": "Feature", "properties": { "cod_sipra": "PR0110000", "nome_pa": "FAZENDA CHAPADÃO", "nome": "CORREGO", "tipo": "Hidrografia" }, "geometry": { "type": "MultiLineString", "coordinates": [ [ [ -52.424728083930184, -24.81532177394465 ], [ -52.424737872709152, -24.815312651190084 ] ] ] } },
{ "type": "Feature", "properties": { "cod_sipra": "PR0110000", "nome_pa": "FAZENDA CHAPADÃO", "nome": "CORREGO", "tipo": "Hidrografia" }, "geometry": { "type": "MultiLineString", "coordinates": [ [ [ -52.42454065144193, -24.815368707005817 ], [ -52.424540814581924, -24.815382973366383 ], [ -52.424553986775891, -24.815368579973708 ] ] ] } },
{ "type": "Feature", "properties": { "cod_sipra": "PR0110000", "nome_pa": "FAZENDA CHAPADÃO", "nome": "CORREGO", "tipo": "Hidrografia" }, "geometry": { "type": "MultiLineString", "coordinates": [ [ [ -52.42454065144193, -24.815368707005817 ], [ -52.424521270095987, -24.815305637016277 ], [ -52.424480136111114, -24.815267047222225 ], [ -52.424358788888888, -24.815161480555556 ], [ -52.424320524780526, -24.815154073911145 ], [ -52.424157120681656, -24.815011519859492 ], [ -52.423997334739049, -24.814935628063871 ] ] ] } },
{ "type": "Feature", "properties": { "cod_sipra": "PR0110000", "nome_pa": "FAZENDA CHAPADÃO", "nome": "CORREGO", "tipo": "Hidrografia" }, "geometry": { "type": "MultiLineString", "coordinates": [ [ [ -52.424728083930184, -24.81532177394465 ], [ -52.42460686388889, -24.8153379 ], [ -52.424553986775891, -24.815368579973708 ] ] ] } },
{ "type": "Feature", "properties": { "cod_sipra": "PR0110000", "nome_pa": "FAZENDA CHAPADÃO", "nome": "CORREGO", "tipo": "Hidrografia" }, "geometry": { "type": "MultiLineString", "coordinates": [ [ [ -52.424540814581924, -24.815382973366383 ], [ -52.424553986775891, -24.815368579973708 ], [ -52.42454065144193, -24.815368707005817 ] ] ] } },
{ "type": "Feature", "properties": { "cod_sipra": "PR0110000", "nome_pa": "FAZENDA CHAPADÃO", "nome": "CORREGO", "tipo": "Hidrografia" }, "geometry": { "type": "MultiLineString", "coordinates": [ [ [ -52.429496764989125, -24.815339472230896 ], [ -52.429259308158052, -24.81533954142089 ], [ -52.429100121074669, -24.815303773162331 ], [ -52.428942066861183, -24.815284701939085 ], [ -52.428782179057059, -24.815200987666898 ], [ -52.428623969255945, -24.815152298861435 ], [ -52.428464541078519, -24.81505521594244 ], [ -52.42830525524549, -24.815025380525501 ], [ -52.428147226479261, -24.814997431868708 ], [ -52.4279885226535, -24.814949755626444 ], [ -52.427829707256592, -24.814903924123001 ], [ -52.427671435408527, -24.814905435188177 ], [ -52.427513267255854, -24.814915996525858 ], [ -52.427355441100978, -24.814956759336152 ], [ -52.427196611403566, -24.814964850149355 ], [ -52.427038532480836, -24.814927942032377 ], [ -52.426897999047924, -24.815006108718134 ], [ -52.426772449540366, -24.815013339267733 ], [ -52.426565675489712, -24.815101081095708 ], [ -52.426407137423205, -24.815143652257039 ], [ -52.426294961200036, -24.815162440451708 ], [ -52.426092025251819, -24.81521462511947 ], [ -52.42597314992841, -24.815165194453744 ], [ -52.425847314422342, -24.815167009456946 ], [ -52.425617179844302, -24.815232573419458 ], [ -52.425459127204078, -24.81523739512706 ], [ -52.425300590694278, -24.815228115754817 ], [ -52.425142420728378, -24.815239614049837 ], [ -52.424984610950382, -24.815263559820643 ], [ -52.424885625, -24.815289686111111 ], [ -52.424826528798924, -24.815299723438329 ], [ -52.424761102777779, -24.815310897222211 ], [ -52.424737872709152, -24.815312651190084 ] ] ] } },
{ "type": "Feature", "properties": { "cod_sipra": "PR0110000", "nome_pa": "FAZENDA CHAPADÃO", "nome": "CORREGO", "tipo": "Hidrografia" }, "geometry": { "type": "MultiLineString", "coordinates": [ [ [ -52.48670036787717, -24.814870164365654 ], [ -52.486791483247181, -24.814663308277538 ], [ -52.486787349819949, -24.814518979939102 ], [ -52.48679300114555, -24.814374273504551 ], [ -52.486872926939803, -24.814229190421287 ], [ -52.486899160803517, -24.814084456588589 ], [ -52.486889669107768, -24.81397620261108 ], [ -52.486936996271446, -24.81379514536674 ], [ -52.486951972288438, -24.813650250331708 ], [ -52.486991180726072, -24.813505664257534 ], [ -52.487031928038299, -24.813360558767243 ] ] ] } },
{ "type": "Feature", "properties": { "cod_sipra": "PR0110000", "nome_pa": "FAZENDA CHAPADÃO", "nome": "CORREGO", "tipo": "Hidrografia" }, "geometry": { "type": "MultiLineString", "coordinates": [ [ [ -52.431770337048917, -24.815382362658397 ], [ -52.431744861503148, -24.815383069928643 ], [ -52.431328527899474, -24.815320878338945 ], [ -52.431059945067787, -24.815248097793283 ], [ -52.430900036471257, -24.815207075473765 ], [ -52.430752590619008, -24.815137868946707 ], [ -52.430583113982912, -24.815177149987122 ], [ -52.430465197808758, -24.815285111790406 ], [ -52.430433449214028, -24.81533201615602 ], [ -52.430427316313981, -24.815393802422687 ], [ -52.430268011709963, -24.81530819530655 ], [ -52.430186157096799, -24.815326042628229 ], [ -52.430110149333053, -24.815342615121338 ], [ -52.429951787684907, -24.815336689299524 ], [ -52.429793787956271, -24.815361520624332 ], [ -52.429635081342056, -24.815342537262694 ], [ -52.429496764989125, -24.815339472230896 ] ] ] } },
{ "type": "Feature", "properties": { "cod_sipra": "PR0110000", "nome_pa": "FAZENDA CHAPADÃO", "nome": "CORREGO", "tipo": "Hidrografia" }, "geometry": { "type": "MultiLineString", "coordinates": [ [ [ -52.442484357158939, -24.815833657697571 ], [ -52.442549031383585, -24.815636929267153 ], [ -52.442797777777777, -24.814880277777775 ], [ -52.442901067039614, -24.814729859124181 ], [ -52.442831313591022, -24.814626693466007 ], [ -52.442899667580548, -24.814304102816255 ], [ -52.442990105091582, -24.81387728863174 ], [ -52.443231044874835, -24.812740175616195 ], [ -52.443242082164041, -24.812688084790402 ] ] ] } },
{ "type": "Feature", "properties": { "cod_sipra": "PR0110000", "nome_pa": "FAZENDA CHAPADÃO", "nome": "CORREGO", "tipo": "Hidrografia" }, "geometry": { "type": "MultiLineString", "coordinates": [ ] } },
{ "type": "Feature", "properties": { "cod_sipra": "PR0110000", "nome_pa": "FAZENDA CHAPADÃO", "nome": "CORREGO", "tipo": "Hidrografia" }, "geometry": { "type": "MultiLineString", "coordinates": [ ] } },
{ "type": "Feature", "properties": { "cod_sipra": "PR0110000", "nome_pa": "FAZENDA CHAPADÃO", "nome": "CORREGO", "tipo": "Hidrografia" }, "geometry": { "type": "MultiLineString", "coordinates": [ [ [ -52.407167990571807, -24.816146854814203 ], [ -52.407248889571314, -24.816110266728955 ], [ -52.407324032240304, -24.816016155059629 ], [ -52.407453742825332, -24.815963891816583 ], [ -52.407560744710615, -24.815817870606299 ], [ -52.407795602406111, -24.815721653552053 ], [ -52.407956169180046, -24.815693121797274 ], [ -52.40811139555187, -24.815631575961621 ], [ -52.408206055423385, -24.815523333220838 ], [ -52.408231778704909, -24.815378499496401 ], [ -52.408200599338386, -24.815234523368357 ], [ -52.408278127150375, -24.815089320711568 ], [ -52.408293037033033, -24.814944682113339 ], [ -52.408419192747104, -24.814874469277399 ], [ -52.408466110923008, -24.814654110635175 ], [ -52.408537184186741, -24.814508964989646 ], [ -52.408620448170133, -24.814363027983504 ], [ -52.408729687035951, -24.814254501096769 ], [ -52.408799862312783, -24.814072996140894 ], [ -52.408893192324811, -24.813927680901788 ], [ -52.408881779576767, -24.81379081822438 ], [ -52.40892189147155, -24.813638328322906 ], [ -52.408926491268062, -24.813493940765124 ], [ -52.409036742983851, -24.813417601904188 ], [ -52.409158946954825, -24.81320273837796 ], [ -52.409190447569259, -24.813092007045363 ], [ -52.409246602462154, -24.812912213470238 ], [ -52.409204839679454, -24.812769004140332 ], [ -52.409053700750249, -24.81262510806166 ], [ -52.408866941048473, -24.812483246081577 ], [ -52.408707956640782, -24.812421558844164 ], [ -52.408548722683648, -24.812420273942003 ], [ -52.408391430320101, -24.812426107302674 ], [ -52.408233070281455, -24.812419202102305 ], [ -52.408074348586737, -24.812398344735367 ], [ -52.407915677065795, -24.812411300017015 ], [ -52.407782320751821, -24.812493507112134 ], [ -52.407601322087473, -24.81256068701747 ], [ -52.407443632307817, -24.812596016115197 ], [ -52.407286620038271, -24.812711721007425 ], [ -52.407127285085878, -24.812717651041083 ], [ -52.406969563894705, -24.812670263095825 ], [ -52.406812080160648, -24.81273740133501 ], [ -52.406653380120623, -24.812791878408337 ], [ -52.406495450584075, -24.812732895293159 ], [ -52.406337498040905, -24.812762123574625 ], [ -52.406179977268096, -24.812836145130923 ], [ -52.406040979320657, -24.812851334785073 ], [ -52.406021074069429, -24.812787181031947 ], [ -52.405863499059656, -24.812836572824121 ], [ -52.405705995298121, -24.812908089989765 ], [ -52.405547416061609, -24.812880187689569 ], [ -52.405389026432388, -24.812890844166841 ], [ -52.405231220896034, -24.812916366370878 ], [ -52.405072077449788, -24.812862921774318 ], [ -52.404914670585974, -24.812924251258686 ], [ -52.404756088639658, -24.81289212643842 ], [ -52.404614193254503, -24.812812012328166 ], [ -52.404437457132268, -24.81273429281752 ], [ -52.404279726223045, -24.81276122268233 ], [ -52.404148415893118, -24.812672090602547 ], [ -52.404036145412633, -24.812673217665342 ] ] ] } },
{ "type": "Feature", "properties": { "cod_sipra": "PR0110000", "nome_pa": "FAZENDA CHAPADÃO", "nome": "CORREGO", "tipo": "Hidrografia" }, "geometry": { "type": "MultiLineString", "coordinates": [ [ [ -52.4067868020677, -24.816629349405964 ], [ -52.40693310675406, -24.816420591228329 ], [ -52.407090637102883, -24.816294692922128 ], [ -52.407167990571807, -24.816146854814203 ] ] ] } },
{ "type": "Feature", "properties": { "cod_sipra": "PR0110000", "nome_pa": "FAZENDA CHAPADÃO", "nome": "CORREGO", "tipo": "Hidrografia" }, "geometry": { "type": "MultiLineString", "coordinates": [ ] } },
{ "type": "Feature", "properties": { "cod_sipra": "PR0110000", "nome_pa": "FAZENDA CHAPADÃO", "nome": "CORREGO", "tipo": "Hidrografia" }, "geometry": { "type": "MultiLineString", "coordinates": [ [ [ -52.406786904030788, -24.816638377985676 ], [ -52.4067868020677, -24.816629349405964 ] ] ] } },
{ "type": "Feature", "properties": { "cod_sipra": "PR0110000", "nome_pa": "FAZENDA CHAPADÃO", "nome": "CORREGO", "tipo": "Hidrografia" }, "geometry": { "type": "MultiLineString", "coordinates": [ [ [ -52.415795340246689, -24.816914519108661 ], [ -52.415770609205438, -24.816679111636727 ], [ -52.415674848770252, -24.816536441305839 ], [ -52.41568800900415, -24.816391822510774 ], [ -52.415619557024741, -24.816247999066068 ], [ -52.41556650605024, -24.816144693921462 ], [ -52.41549283982922, -24.815959629121892 ], [ -52.415424029495568, -24.815815494186563 ], [ -52.415343669794076, -24.815671286640878 ], [ -52.41534999876913, -24.815528184684364 ], [ -52.415241636380308, -24.815417721281353 ], [ -52.415081869531129, -24.815293370624016 ], [ -52.415080515099064, -24.815157940647445 ], [ -52.415028172878614, -24.814952840214389 ], [ -52.414962807141059, -24.814808444215505 ], [ -52.414815874096654, -24.814666404997201 ], [ -52.414626285223413, -24.814523726174414 ], [ -52.414489274989677, -24.814379332843707 ] ] ] } },
{ "type": "Feature", "properties": { "cod_sipra": "PR0110000", "nome_pa": "FAZENDA CHAPADÃO", "nome": "CORREGO", "tipo": "Hidrografia" }, "geometry": { "type": "MultiLineString", "coordinates": [ [ [ -52.493158238416676, -24.816283061083936 ], [ -52.493168125680228, -24.81628321142351 ] ] ] } },
{ "type": "Feature", "properties": { "cod_sipra": "PR0110000", "nome_pa": "FAZENDA CHAPADÃO", "nome": "CORREGO", "tipo": "Hidrografia" }, "geometry": { "type": "MultiLineString", "coordinates": [ [ [ -52.493158238416676, -24.816283061083936 ], [ -52.493157965476193, -24.816283056933756 ] ] ] } },
{ "type": "Feature", "properties": { "cod_sipra": "PR0110000", "nome_pa": "FAZENDA CHAPADÃO", "nome": "CORREGO", "tipo": "Hidrografia" }, "geometry": { "type": "MultiLineString", "coordinates": [ [ [ -52.498137155793977, -24.814376495070057 ], [ -52.498072777777779, -24.814451944444439 ], [ -52.498087222222225, -24.814710833333322 ], [ -52.498088888888887, -24.814728611111097 ], [ -52.497971944444444, -24.815095 ], [ -52.497835833333333, -24.815336111111115 ], [ -52.497743333333332, -24.815405 ], [ -52.497468055555558, -24.815700277777779 ], [ -52.497458888888886, -24.815722222222213 ], [ -52.497050555555553, -24.815899722222209 ], [ -52.496846388888891, -24.815951666666663 ], [ -52.496357777777774, -24.815941111111101 ], [ -52.496030555555556, -24.8159575 ], [ -52.495383055555557, -24.81605194444445 ], [ -52.494886666666666, -24.816031944444433 ], [ -52.494478888888892, -24.816047222222213 ], [ -52.49420111111111, -24.816154444444436 ], [ -52.493860277777777, -24.816258055555554 ], [ -52.493505, -24.816288333333336 ], [ -52.493265937783924, -24.816284698658155 ] ] ] } },
{ "type": "Feature", "properties": { "cod_sipra": "PR0110000", "nome_pa": "FAZENDA CHAPADÃO", "nome": "CORREGO", "tipo": "Hidrografia" }, "geometry": { "type": "MultiLineString", "coordinates": [ [ [ -52.404578375851145, -24.817309265623582 ], [ -52.404568381764896, -24.817300329953241 ] ] ] } },
{ "type": "Feature", "properties": { "cod_sipra": "PR0110000", "nome_pa": "FAZENDA CHAPADÃO", "nome": "CORREGO", "tipo": "Hidrografia" }, "geometry": { "type": "MultiLineString", "coordinates": [ [ [ -52.405676826255238, -24.817335062084325 ], [ -52.405666832091896, -24.817326126491025 ] ] ] } },
{ "type": "Feature", "properties": { "cod_sipra": "PR0110000", "nome_pa": "FAZENDA CHAPADÃO", "nome": "CORREGO", "tipo": "Hidrografia" }, "geometry": { "type": "MultiLineString", "coordinates": [ [ [ -52.405666832091896, -24.817326126491025 ], [ -52.405429628763365, -24.817349575488375 ], [ -52.405271424702349, -24.817368745725464 ], [ -52.405113084023739, -24.817366203359065 ], [ -52.404989019315607, -24.817314437456819 ], [ -52.404830606665499, -24.817315968036933 ], [ -52.404638035213956, -24.817335815807915 ] ] ] } },
{ "type": "Feature", "properties": { "cod_sipra": "PR0110000", "nome_pa": "FAZENDA CHAPADÃO", "nome": "CORREGO", "tipo": "Hidrografia" }, "geometry": { "type": "MultiLineString", "coordinates": [ [ [ -52.4067868020677, -24.816629349405964 ], [ -52.406786904030788, -24.816638377985676 ], [ -52.406637130227686, -24.816726040153743 ], [ -52.406541688325717, -24.816825779243715 ], [ -52.406384192247053, -24.816966336451028 ], [ -52.406228011465444, -24.817105479618927 ], [ -52.406071617982512, -24.817291047801064 ], [ -52.405956349765759, -24.817310521937522 ], [ -52.40575634775994, -24.817370410759342 ], [ -52.405676826255238, -24.817335062084325 ] ] ] } },
{ "type": "Feature", "properties": { "cod_sipra": "PR0110000", "nome_pa": "FAZENDA CHAPADÃO", "nome": "CORREGO", "tipo": "Hidrografia" }, "geometry": { "type": "MultiLineString", "coordinates": [ [ [ -52.415686359486578, -24.817418081844547 ], [ -52.41574837084196, -24.817348379746871 ], [ -52.415617504589441, -24.81720486289646 ], [ -52.415716593988442, -24.81705908624588 ], [ -52.41575962620793, -24.816984050088475 ] ] ] } },
{ "type": "Feature", "properties": { "cod_sipra": "PR0110000", "nome_pa": "FAZENDA CHAPADÃO", "nome": "CORREGO", "tipo": "Hidrografia" }, "geometry": { "type": "MultiLineString", "coordinates": [ [ [ -52.441717641289159, -24.817298926040792 ], [ -52.441875103715979, -24.817227372693903 ], [ -52.442032281140925, -24.817131140457555 ], [ -52.442140351052444, -24.816968894469941 ], [ -52.442106149327607, -24.8168256228712 ], [ -52.442166863628131, -24.816799303726924 ], [ -52.442166944444445, -24.816799166666669 ], [ -52.442484357158939, -24.815833657697571 ] ] ] } },
{ "type": "Feature", "properties": { "cod_sipra": "PR0110000", "nome_pa": "FAZENDA CHAPADÃO", "nome": "CORREGO", "tipo": "Hidrografia" }, "geometry": { "type": "MultiLineString", "coordinates": [ [ [ -52.441538885850079, -24.817314069052713 ], [ -52.441589382015053, -24.817329472549044 ] ] ] } },
{ "type": "Feature", "properties": { "cod_sipra": "PR0110000", "nome_pa": "FAZENDA CHAPADÃO", "nome": "CORREGO", "tipo": "Hidrografia" }, "geometry": { "type": "MultiLineString", "coordinates": [ ] } },
{ "type": "Feature", "properties": { "cod_sipra": "PR0110000", "nome_pa": "FAZENDA CHAPADÃO", "nome": "CORREGO", "tipo": "Hidrografia" }, "geometry": { "type": "MultiLineString", "coordinates": [ ] } },
{ "type": "Feature", "properties": { "cod_sipra": "PR0110000", "nome_pa": "FAZENDA CHAPADÃO", "nome": "CORREGO", "tipo": "Hidrografia" }, "geometry": { "type": "MultiLineString", "coordinates": [ [ [ -52.424997843657955, -24.818047158108556 ], [ -52.425041948716164, -24.817828956723872 ], [ -52.424992552100775, -24.817684959258781 ], [ -52.424928686578532, -24.817541033986362 ], [ -52.424880480551828, -24.817397061530929 ], [ -52.424844743817459, -24.817252806168753 ], [ -52.424875636700506, -24.817107969486273 ], [ -52.424814377256062, -24.816964294043462 ], [ -52.424740291221838, -24.816820553642714 ], [ -52.424653915779814, -24.816686349381115 ], [ -52.424632658478743, -24.816531625517836 ], [ -52.424519877168066, -24.816387784271843 ], [ -52.424439708745695, -24.816245456896436 ], [ -52.424331363562388, -24.816110592761248 ], [ -52.424329966689797, -24.815975668081499 ], [ -52.424441807579186, -24.815812093822011 ], [ -52.42445134010007, -24.815770271807736 ], [ -52.424476195914146, -24.815661920416861 ], [ -52.424511503646002, -24.815521623923715 ], [ -52.424537488888888, -24.81545155 ], [ -52.42454221111111, -24.815434538888891 ], [ -52.424540814581924, -24.815382973366383 ] ] ] } },
{ "type": "Feature", "properties": { "cod_sipra": "PR0110000", "nome_pa": "FAZENDA CHAPADÃO", "nome": "CORREGO", "tipo": "Hidrografia" }, "geometry": { "type": "MultiLineString", "coordinates": [ [ [ -52.415165094613293, -24.818256896399621 ], [ -52.41519922478151, -24.818102999169184 ], [ -52.415246082263742, -24.817958057147894 ], [ -52.415268906929121, -24.817813423720139 ], [ -52.415297581228536, -24.81772245297924 ], [ -52.415420213536962, -24.817522000473573 ], [ -52.415550857951175, -24.817377338151104 ], [ -52.415686359486578, -24.817418081844547 ] ] ] } },
{ "type": "Feature", "properties": { "cod_sipra": "PR0110000", "nome_pa": "FAZENDA CHAPADÃO", "nome": "CORREGO", "tipo": "Hidrografia" }, "geometry": { "type": "MultiLineString", "coordinates": [ [ [ -52.403698651539322, -24.818256577006206 ], [ -52.403691061744496, -24.818111354217969 ], [ -52.403678123331815, -24.817967643353864 ], [ -52.403719791856716, -24.817839042072301 ], [ -52.403729963878881, -24.817678388519258 ], [ -52.403757321596196, -24.817533435914598 ], [ -52.403827376138032, -24.817388532248842 ], [ -52.404014712137091, -24.817312263936458 ], [ -52.404172329414308, -24.817269524284168 ], [ -52.404331293144971, -24.817326510597127 ], [ -52.404491916816042, -24.817287277686184 ] ] ] } },
{ "type": "Feature", "properties": { "cod_sipra": "PR0110000", "nome_pa": "FAZENDA CHAPADÃO", "nome": "CORREGO", "tipo": "Hidrografia" }, "geometry": { "type": "MultiLineString", "coordinates": [ ] } },
{ "type": "Feature", "properties": { "cod_sipra": "PR0110000", "nome_pa": "FAZENDA CHAPADÃO", "nome": "CORREGO", "tipo": "Hidrografia" }, "geometry": { "type": "MultiLineString", "coordinates": [ ] } },
{ "type": "Feature", "properties": { "cod_sipra": "PR0110000", "nome_pa": "FAZENDA CHAPADÃO", "nome": "CORREGO", "tipo": "Hidrografia" }, "geometry": { "type": "MultiLineString", "coordinates": [ [ [ -52.425469864412378, -24.818962416502636 ], [ -52.425499256805637, -24.818862309017227 ], [ -52.425439643541971, -24.818719067365556 ], [ -52.425332220322829, -24.818573976926189 ], [ -52.42524349830034, -24.818432037276679 ], [ -52.425202376668089, -24.818286888834429 ], [ -52.425157964321428, -24.818228850739889 ], [ -52.425067427074595, -24.818126116115632 ] ] ] } },
{ "type": "Feature", "properties": { "cod_sipra": "PR0110000", "nome_pa": "FAZENDA CHAPADÃO", "nome": "CORREGO", "tipo": "Hidrografia" }, "geometry": { "type": "MultiLineString", "coordinates": [ [ [ -52.438125372449882, -24.819150478671734 ], [ -52.438226562279425, -24.819118783678132 ], [ -52.438290122223478, -24.819085158367272 ], [ -52.438365016233831, -24.818850538689457 ], [ -52.438386153393736, -24.818815431239958 ], [ -52.438585458253499, -24.818548808288824 ], [ -52.438781111111112, -24.818474166666668 ], [ -52.4388175, -24.818446111111111 ], [ -52.438965277777775, -24.818269444444446 ], [ -52.43927, -24.817926944444437 ], [ -52.439639166666666, -24.817799722222222 ], [ -52.439728333333335, -24.81776722222223 ], [ -52.439891388888888, -24.817743611111094 ], [ -52.440047222222219, -24.817730833333329 ], [ -52.440299166666669, -24.817718055555552 ], [ -52.440652777777778, -24.817706388888904 ], [ -52.440837591381559, -24.817709977636177 ], [ -52.440975277777781, -24.817629722222218 ], [ -52.441099319083975, -24.817537994267038 ], [ -52.441173611111111, -24.817483055555556 ], [ -52.441358055555554, -24.817415277777773 ], [ -52.441450277777783, -24.817385833333333 ] ] ] } },
{ "type": "Feature", "properties": { "cod_sipra": "PR0110000", "nome_pa": "FAZENDA CHAPADÃO", "nome": "CORREGO", "tipo": "Hidrografia" }, "geometry": { "type": "MultiLineString", "coordinates": [ [ [ -52.438118857798436, -24.819152519208288 ], [ -52.438125372449882, -24.819150478671734 ] ] ] } },
{ "type": "Feature", "properties": { "cod_sipra": "PR0110000", "nome_pa": "FAZENDA CHAPADÃO", "nome": "CORREGO", "tipo": "Hidrografia" }, "geometry": { "type": "MultiLineString", "coordinates": [ ] } },
{ "type": "Feature", "properties": { "cod_sipra": "PR0110000", "nome_pa": "FAZENDA CHAPADÃO", "nome": "CORREGO", "tipo": "Hidrografia" }, "geometry": { "type": "MultiLineString", "coordinates": [ ] } },
{ "type": "Feature", "properties": { "cod_sipra": "PR0110000", "nome_pa": "FAZENDA CHAPADÃO", "nome": "CORREGO", "tipo": "Hidrografia" }, "geometry": { "type": "MultiLineString", "coordinates": [ [ [ -52.490003717715325, -24.819174761709323 ], [ -52.489935277777775, -24.819087222222208 ], [ -52.489966666666668, -24.818907222222219 ], [ -52.490168611111109, -24.818724722222218 ], [ -52.490508055555559, -24.818416388888888 ], [ -52.490943333333334, -24.818129444444448 ], [ -52.491316111111111, -24.817861388888893 ], [ -52.491545555555554, -24.817549444444438 ], [ -52.491772777777783, -24.817314722222221 ], [ -52.491898055555552, -24.817144166666672 ], [ -52.492095, -24.816904166666664 ], [ -52.492382777777777, -24.816605277777779 ], [ -52.4926475, -24.816435277777778 ], [ -52.492992777777779, -24.816282222222224 ], [ -52.49303, -24.816281111111103 ], [ -52.493122341542097, -24.816282515252901 ] ] ] } },
{ "type": "Feature", "properties": { "cod_sipra": "PR0110000", "nome_pa": "FAZENDA CHAPADÃO", "nome": "CORREGO", "tipo": "Hidrografia" }, "geometry": { "type": "MultiLineString", "coordinates": [ [ [ -52.426206807680941, -24.820048159985557 ], [ -52.426198550983749, -24.820056281236244 ], [ -52.426087144624191, -24.819968057898887 ], [ -52.425967483012755, -24.819886318853623 ], [ -52.425807654358245, -24.819752400709763 ], [ -52.425646904172694, -24.819596794623013 ], [ -52.425487476152391, -24.819436510577244 ], [ -52.425407113370923, -24.819250817624471 ], [ -52.425461508783826, -24.819107149696798 ], [ -52.425469864412378, -24.818962416502636 ] ] ] } },
{ "type": "Feature", "properties": { "cod_sipra": "PR0110000", "nome_pa": "FAZENDA CHAPADÃO", "nome": "CORREGO", "tipo": "Hidrografia" }, "geometry": { "type": "MultiLineString", "coordinates": [ [ [ -52.441589382015053, -24.817329472549044 ], [ -52.441717641289159, -24.817298926040792 ] ] ] } },
{ "type": "Feature", "properties": { "cod_sipra": "PR0110000", "nome_pa": "FAZENDA CHAPADÃO", "nome": "CORREGO", "tipo": "Hidrografia" }, "geometry": { "type": "MultiLineString", "coordinates": [ [ [ -52.426206807680941, -24.820048159985557 ], [ -52.426216700086485, -24.820048065627503 ] ] ] } },
{ "type": "Feature", "properties": { "cod_sipra": "PR0110000", "nome_pa": "FAZENDA CHAPADÃO", "nome": "CORREGO", "tipo": "Hidrografia" }, "geometry": { "type": "MultiLineString", "coordinates": [ ] } },
{ "type": "Feature", "properties": { "cod_sipra": "PR0110000", "nome_pa": "FAZENDA CHAPADÃO", "nome": "CORREGO", "tipo": "Hidrografia" }, "geometry": { "type": "MultiLineString", "coordinates": [ [ [ -52.414776589042688, -24.82063531336112 ], [ -52.414746160630806, -24.820409289580702 ], [ -52.414851499576578, -24.820264372508426 ], [ -52.414968592106995, -24.820118792249026 ], [ -52.414887811120934, -24.819975062501477 ], [ -52.414891104772195, -24.819830602982741 ], [ -52.414826919891645, -24.819686712487371 ], [ -52.414920740733628, -24.819541352470601 ], [ -52.415019764931067, -24.819395946815693 ], [ -52.414961250455995, -24.819251206991783 ], [ -52.414983427434542, -24.819106586512387 ], [ -52.415038333173584, -24.81893851073146 ], [ -52.415107255211858, -24.818817230679773 ], [ -52.415239506653684, -24.818670856123191 ], [ -52.41508165280154, -24.818528346754391 ], [ -52.415128678017702, -24.818383606724954 ], [ -52.415165094613293, -24.818256896399621 ] ] ] } },
{ "type": "Feature", "properties": { "cod_sipra": "PR0110000", "nome_pa": "FAZENDA CHAPADÃO", "nome": "CORREGO", "tipo": "Hidrografia" }, "geometry": { "type": "MultiLineString", "coordinates": [ ] } },
{ "type": "Feature", "properties": { "cod_sipra": "PR0110000", "nome_pa": "FAZENDA CHAPADÃO", "nome": "CORREGO", "tipo": "Hidrografia" }, "geometry": { "type": "MultiLineString", "coordinates": [ ] } },
{ "type": "Feature", "properties": { "cod_sipra": "PR0110000", "nome_pa": "FAZENDA CHAPADÃO", "nome": "CORREGO", "tipo": "Hidrografia" }, "geometry": { "type": "MultiLineString", "coordinates": [ [ [ -52.414613887357888, -24.821118560087314 ], [ -52.414688813167089, -24.82089797419307 ], [ -52.41473087035483, -24.820753108498657 ], [ -52.414776589042688, -24.82063531336112 ] ] ] } },
{ "type": "Feature", "properties": { "cod_sipra": "PR0110000", "nome_pa": "FAZENDA CHAPADÃO", "nome": "CORREGO", "tipo": "Hidrografia" }, "geometry": { "type": "MultiLineString", "coordinates": [ [ [ -52.493996562392567, -24.820499196992813 ], [ -52.494019166666668, -24.820405277777773 ], [ -52.493969444444446, -24.820058611111115 ], [ -52.493875555555555, -24.819945555555559 ], [ -52.493328332161944, -24.819844100117304 ], [ -52.493191952142979, -24.819905633454056 ], [ -52.493147777777779, -24.819810833333328 ], [ -52.492658333333331, -24.8197075 ], [ -52.492505, -24.819731111111114 ], [ -52.492143055555559, -24.819738888888889 ], [ -52.4913425, -24.81957 ], [ -52.490839444444447, -24.819442222222214 ], [ -52.490040144690163, -24.819212124968413 ] ] ] } },
{ "type": "Feature", "properties": { "cod_sipra": "PR0110000", "nome_pa": "FAZENDA CHAPADÃO", "nome": "CORREGO", "tipo": "Hidrografia" }, "geometry": { "type": "MultiLineString", "coordinates": [ [ [ -52.493994016477991, -24.82050977508592 ], [ -52.493996562392567, -24.820499196992813 ] ] ] } },
{ "type": "Feature", "properties": { "cod_sipra": "PR0110000", "nome_pa": "FAZENDA CHAPADÃO", "nome": "CORREGO", "tipo": "Hidrografia" }, "geometry": { "type": "MultiLineString", "coordinates": [ [ [ -52.426519288619076, -24.821419253639739 ], [ -52.426428771789396, -24.821290518533129 ], [ -52.426452849536247, -24.821065271570252 ], [ -52.426443900737048, -24.820921086529104 ], [ -52.426472361898519, -24.820776993100463 ], [ -52.426461424686543, -24.820632292824119 ], [ -52.426419959945669, -24.820538106160722 ], [ -52.426343779271676, -24.820344826444554 ], [ -52.42618374697954, -24.820201475496681 ], [ -52.426198550983749, -24.820056281236244 ] ] ] } },
{ "type": "Feature", "properties": { "cod_sipra": "PR0110000", "nome_pa": "FAZENDA CHAPADÃO", "nome": "CORREGO", "tipo": "Hidrografia" }, "geometry": { "type": "MultiLineString", "coordinates": [ [ [ -52.427788310095146, -24.82164932173454 ], [ -52.42766685929324, -24.821613709977413 ], [ -52.42746992768749, -24.821515854503623 ], [ -52.427311641561261, -24.821511718195524 ], [ -52.427153509149093, -24.82151093261367 ], [ -52.426995784396794, -24.821559178405295 ], [ -52.426895848153904, -24.821621771189378 ], [ -52.426750950078684, -24.821623102750287 ], [ -52.426712938441248, -24.821479019345993 ], [ -52.426548533868996, -24.821526306114752 ], [ -52.42649378467803, -24.821489358249863 ], [ -52.426500834615091, -24.82146179437358 ], [ -52.426519288619076, -24.821419253639739 ] ] ] } },
{ "type": "Feature", "properties": { "cod_sipra": "PR0110000", "nome_pa": "FAZENDA CHAPADÃO", "nome": "CORREGO", "tipo": "Hidrografia" }, "geometry": { "type": "MultiLineString", "coordinates": [ [ [ -52.403727208461902, -24.819924859246427 ], [ -52.403711571014917, -24.819710208656819 ], [ -52.403743447423707, -24.819564774745864 ], [ -52.403669347765479, -24.819421601295542 ], [ -52.40368990215584, -24.819276347796695 ], [ -52.403688760396165, -24.819132535664394 ], [ -52.403761289721096, -24.81898740401968 ], [ -52.403792579653818, -24.818842611967639 ], [ -52.403741359233202, -24.818698370904517 ], [ -52.403693861977182, -24.818554593286027 ], [ -52.403731803504677, -24.81840976439786 ] ] ] } },
{ "type": "Feature", "properties": { "cod_sipra": "PR0110000", "nome_pa": "FAZENDA CHAPADÃO", "nome": "CORREGO", "tipo": "Hidrografia" }, "geometry": { "type": "MultiLineString", "coordinates": [ [ [ -52.431398701820314, -24.821879331579034 ], [ -52.4314906504951, -24.821830671807597 ], [ -52.431647996270087, -24.821747856144196 ], [ -52.431804900963982, -24.821626770870196 ], [ -52.431961303178134, -24.821459069454644 ], [ -52.432118450030984, -24.821359383413476 ], [ -52.432255749086444, -24.821254422256331 ], [ -52.432433387118721, -24.821212718869585 ], [ -52.432590949311411, -24.821153498018045 ], [ -52.432756069188216, -24.821080873579145 ] ] ] } },
{ "type": "Feature", "properties": { "cod_sipra": "PR0110000", "nome_pa": "FAZENDA CHAPADÃO", "nome": "CORREGO", "tipo": "Hidrografia" }, "geometry": { "type": "MultiLineString", "coordinates": [ [ [ -52.431398701820314, -24.821879331579034 ], [ -52.431203974532536, -24.821851453242676 ], [ -52.430976813280346, -24.821889745421988 ], [ -52.43081835766278, -24.821885341458131 ], [ -52.430659246745094, -24.821901134506213 ], [ -52.430501770116095, -24.821882652144691 ], [ -52.430342875615658, -24.821825142966066 ], [ -52.430194888674919, -24.821861131098235 ], [ -52.430027130306833, -24.821898853608499 ], [ -52.429867774799057, -24.8218792432105 ], [ -52.429709857318457, -24.821840226919036 ], [ -52.429551044870522, -24.821795052661209 ], [ -52.429392556631832, -24.821778465091676 ], [ -52.429248529572838, -24.821725687036153 ], [ -52.429100141682653, -24.821727105435968 ], [ -52.42891679774587, -24.82175510430973 ], [ -52.42876005639075, -24.821838709390597 ], [ -52.428602582362615, -24.82191088258876 ], [ -52.428443887234735, -24.821887708168148 ], [ -52.428284088621609, -24.821801309247679 ], [ -52.428124877229109, -24.821665755589088 ], [ -52.427965565084428, -24.821639036613295 ] ] ] } },
{ "type": "Feature", "properties": { "cod_sipra": "PR0110000", "nome_pa": "FAZENDA CHAPADÃO", "nome": "CORREGO", "tipo": "Hidrografia" }, "geometry": { "type": "MultiLineString", "coordinates": [ [ [ -52.442569165494888, -24.820513893285465 ], [ -52.442734894148202, -24.820310034723551 ], [ -52.442629444444442, -24.819764166666666 ], [ -52.442484860165507, -24.819470632042105 ], [ -52.442216111111108, -24.818476111111107 ], [ -52.442027620245739, -24.818336977711674 ], [ -52.441895745874582, -24.818239635100113 ], [ -52.441846609372874, -24.818203365090145 ], [ -52.44166361111111, -24.817935 ], [ -52.441633793983534, -24.817854860028714 ], [ -52.441584444444445, -24.817722222222219 ], [ -52.441525539017761, -24.817574532062306 ], [ -52.441450277777783, -24.817385833333333 ] ] ] } },
{ "type": "Feature", "properties": { "cod_sipra": "PR0110000", "nome_pa": "FAZENDA CHAPADÃO", "nome": "CORREGO", "tipo": "Hidrografia" }, "geometry": { "type": "MultiLineString", "coordinates": [ [ [ -52.426219247774895, -24.821998409996489 ], [ -52.426396575271355, -24.821779432717712 ], [ -52.4264335174229, -24.821679718183628 ], [ -52.42649378467803, -24.821489358249863 ], [ -52.426500834615091, -24.82146179437358 ] ] ] } },
{ "type": "Feature", "properties": { "cod_sipra": "PR0110000", "nome_pa": "FAZENDA CHAPADÃO", "nome": "CORREGO", "tipo": "Hidrografia" }, "geometry": { "type": "MultiLineString", "coordinates": [ ] } },
{ "type": "Feature", "properties": { "cod_sipra": "PR0110000", "nome_pa": "FAZENDA CHAPADÃO", "nome": "CORREGO", "tipo": "Hidrografia" }, "geometry": { "type": "MultiLineString", "coordinates": [ ] } },
{ "type": "Feature", "properties": { "cod_sipra": "PR0110000", "nome_pa": "FAZENDA CHAPADÃO", "nome": "CORREGO", "tipo": "Hidrografia" }, "geometry": { "type": "MultiLineString", "coordinates": [ ] } },
{ "type": "Feature", "properties": { "cod_sipra": "PR0110000", "nome_pa": "FAZENDA CHAPADÃO", "nome": "CORREGO", "tipo": "Hidrografia" }, "geometry": { "type": "MultiLineString", "coordinates": [ [ [ -52.415231086747546, -24.822757473177873 ], [ -52.415205546100651, -24.822536455352104 ], [ -52.415083451634736, -24.822393142462101 ], [ -52.414980070924166, -24.822325366917255 ], [ -52.414872447814922, -24.822106194999826 ], [ -52.414849276143194, -24.821961938419395 ], [ -52.414816077539612, -24.821841428748325 ], [ -52.414789768231095, -24.821788568743095 ], [ -52.414763352777776, -24.821701111111118 ], [ -52.414765965775992, -24.821694243503636 ], [ -52.414715510107214, -24.8216180573238 ], [ -52.414829347222224, -24.821527661111112 ], [ -52.414636333350451, -24.821385402514395 ], [ -52.414595526073263, -24.821241982001194 ], [ -52.414613887357888, -24.821118560087314 ] ] ] } },
{ "type": "Feature", "properties": { "cod_sipra": "PR0110000", "nome_pa": "FAZENDA CHAPADÃO", "nome": "CORREGO", "tipo": "Hidrografia" }, "geometry": { "type": "MultiLineString", "coordinates": [ ] } },
{ "type": "Feature", "properties": { "cod_sipra": "PR0110000", "nome_pa": "FAZENDA CHAPADÃO", "nome": "CORREGO", "tipo": "Hidrografia" }, "geometry": { "type": "MultiLineString", "coordinates": [ ] } },
{ "type": "Feature", "properties": { "cod_sipra": "PR0110000", "nome_pa": "FAZENDA CHAPADÃO", "nome": "CORREGO", "tipo": "Hidrografia" }, "geometry": { "type": "MultiLineString", "coordinates": [ ] } },
{ "type": "Feature", "properties": { "cod_sipra": "PR0110000", "nome_pa": "FAZENDA CHAPADÃO", "nome": "CORREGO", "tipo": "Hidrografia" }, "geometry": { "type": "MultiLineString", "coordinates": [ ] } },
{ "type": "Feature", "properties": { "cod_sipra": "PR0110000", "nome_pa": "FAZENDA CHAPADÃO", "nome": "CORREGO", "tipo": "Hidrografia" }, "geometry": { "type": "MultiLineString", "coordinates": [ ] } },
{ "type": "Feature", "properties": { "cod_sipra": "PR0110000", "nome_pa": "FAZENDA CHAPADÃO", "nome": "CORREGO", "tipo": "Hidrografia" }, "geometry": { "type": "MultiLineString", "coordinates": [ [ [ -52.41617707164837, -24.82372820636477 ], [ -52.416167178907351, -24.823728300071711 ], [ -52.416038126264603, -24.823648125613307 ], [ -52.41593797926258, -24.823585998809655 ], [ -52.415797517277205, -24.823505965907632 ], [ -52.415620077591065, -24.8234716256047 ], [ -52.415471323238805, -24.823377518196882 ], [ -52.415447692601333, -24.823362568569554 ] ] ] } },
{ "type": "Feature", "properties": { "cod_sipra": "PR0110000", "nome_pa": "FAZENDA CHAPADÃO", "nome": "CORREGO", "tipo": "Hidrografia" }, "geometry": { "type": "MultiLineString", "coordinates": [ ] } },
{ "type": "Feature", "properties": { "cod_sipra": "PR0110000", "nome_pa": "FAZENDA CHAPADÃO", "nome": "CORREGO", "tipo": "Hidrografia" }, "geometry": { "type": "MultiLineString", "coordinates": [ [ [ -52.416167178907351, -24.823728300071711 ], [ -52.41617707164837, -24.82372820636477 ] ] ] } },
{ "type": "Feature", "properties": { "cod_sipra": "PR0110000", "nome_pa": "FAZENDA CHAPADÃO", "nome": "CORREGO", "tipo": "Hidrografia" }, "geometry": { "type": "MultiLineString", "coordinates": [ [ [ -52.425552320184458, -24.824356096065742 ], [ -52.425622332356916, -24.824153094343146 ], [ -52.42556132220983, -24.824009204377127 ], [ -52.425496849762276, -24.82386534739075 ], [ -52.425537428341173, -24.823719947264518 ], [ -52.42563619627672, -24.82357507970212 ], [ -52.425619828114328, -24.823430764048187 ], [ -52.425660742925736, -24.823285682825421 ], [ -52.425762363164566, -24.823140482520159 ], [ -52.425862159782291, -24.822995037930909 ], [ -52.425847894947331, -24.822850646577663 ], [ -52.425868661873203, -24.822705850733307 ], [ -52.425869524404931, -24.822561551680312 ], [ -52.425905029986211, -24.82241674213196 ], [ -52.425954337239396, -24.822271564691242 ], [ -52.426066770678069, -24.822126109284163 ], [ -52.426219247774895, -24.821998409996489 ] ] ] } },
{ "type": "Feature", "properties": { "cod_sipra": "PR0110000", "nome_pa": "FAZENDA CHAPADÃO", "nome": "CORREGO", "tipo": "Hidrografia" }, "geometry": { "type": "MultiLineString", "coordinates": [ ] } },
{ "type": "Feature", "properties": { "cod_sipra": "PR0110000", "nome_pa": "FAZENDA CHAPADÃO", "nome": "CORREGO", "tipo": "Hidrografia" }, "geometry": { "type": "MultiLineString", "coordinates": [ [ [ -52.494285983820554, -24.823970464508673 ], [ -52.494296111111112, -24.823885 ], [ -52.4942275, -24.823623055555547 ], [ -52.494099722222224, -24.823257777777766 ], [ -52.494046111111111, -24.823084166666668 ], [ -52.493923888888887, -24.822863611111107 ], [ -52.493861388888888, -24.822657222222222 ], [ -52.493830277777782, -24.822502777777775 ], [ -52.493805555555561, -24.82240777777778 ], [ -52.493794722222219, -24.822171666666659 ], [ -52.493878333333335, -24.822080833333331 ], [ -52.493924166666666, -24.821948333333328 ], [ -52.493969444444446, -24.821890277777779 ], [ -52.493990833333335, -24.821648611111112 ], [ -52.493933888888897, -24.821371111111112 ], [ -52.4939275, -24.82113 ], [ -52.493962777777774, -24.82081361111111 ], [ -52.493979722222221, -24.820569166666669 ], [ -52.493981372481869, -24.820562309961907 ] ] ] } },
{ "type": "Feature", "properties": { "cod_sipra": "PR0110000", "nome_pa": "FAZENDA CHAPADÃO", "nome": "CORREGO", "tipo": "Hidrografia" }, "geometry": { "type": "MultiLineString", "coordinates": [ ] } },
{ "type": "Feature", "properties": { "cod_sipra": "PR0110000", "nome_pa": "FAZENDA CHAPADÃO", "nome": "CORREGO", "tipo": "Hidrografia" }, "geometry": { "type": "MultiLineString", "coordinates": [ ] } },
{ "type": "Feature", "properties": { "cod_sipra": "PR0110000", "nome_pa": "FAZENDA CHAPADÃO", "nome": "CORREGO", "tipo": "Hidrografia" }, "geometry": { "type": "MultiLineString", "coordinates": [ [ [ -52.41777841437721, -24.824230376516383 ], [ -52.417735263152096, -24.824211080352548 ], [ -52.417577268111913, -24.824184470863269 ], [ -52.417419125397885, -24.824221001277468 ], [ -52.417260778125424, -24.82419650093404 ], [ -52.417101504151042, -24.824109283041082 ], [ -52.416942589387773, -24.824055022914632 ], [ -52.416783805916268, -24.824012995085258 ], [ -52.416663254445226, -24.824003489371453 ], [ -52.416465902161235, -24.823898598172878 ], [ -52.416306581012051, -24.823811379843203 ], [ -52.416179391166331, -24.823730279764025 ] ] ] } },
{ "type": "Feature", "properties": { "cod_sipra": "PR0110000", "nome_pa": "FAZENDA CHAPADÃO", "nome": "CORREGO", "tipo": "Hidrografia" }, "geometry": { "type": "MultiLineString", "coordinates": [ [ [ -52.494437947992076, -24.824497564785268 ], [ -52.494356944444448, -24.824416944444447 ], [ -52.494269444444441, -24.824316666666661 ], [ -52.494273333333332, -24.824077222222215 ], [ -52.494285983820554, -24.823970464508673 ] ] ] } },
{ "type": "Feature", "properties": { "cod_sipra": "PR0110000", "nome_pa": "FAZENDA CHAPADÃO", "nome": "CORREGO", "tipo": "Hidrografia" }, "geometry": { "type": "MultiLineString", "coordinates": [ [ [ -52.433871966703173, -24.825129967895954 ], [ -52.433732966585922, -24.825014383286582 ], [ -52.433561201963947, -24.824871596682527 ], [ -52.433510846433236, -24.824727785400196 ], [ -52.433322541591039, -24.82459149786575 ], [ -52.433242138161361, -24.824441422549686 ], [ -52.433134446100809, -24.824297921511125 ], [ -52.433001453274564, -24.824166363970125 ], [ -52.432849614009911, -24.82401176712596 ], [ -52.432681601377233, -24.823877938945834 ], [ -52.432521836880476, -24.823748575518913 ], [ -52.432467935231642, -24.823581833042219 ], [ -52.432360219811677, -24.823468210513973 ], [ -52.432201041750218, -24.823385944579279 ], [ -52.432109248155236, -24.823296503616319 ], [ -52.432040655185176, -24.823202387804162 ], [ -52.43188082667271, -24.823088744232539 ], [ -52.431719236912549, -24.822874708566843 ], [ -52.431669981416768, -24.822722593667397 ], [ -52.431697091356561, -24.822578097207941 ], [ -52.431715787025539, -24.822483141669949 ], [ -52.431602212980835, -24.822289241395747 ], [ -52.431554004602098, -24.822182170664508 ], [ -52.431485417389432, -24.822001493563675 ], [ -52.431398701820314, -24.821879331579034 ] ] ] } },
{ "type": "Feature", "properties": { "cod_sipra": "PR0110000", "nome_pa": "FAZENDA CHAPADÃO", "nome": "CORREGO", "tipo": "Hidrografia" }, "geometry": { "type": "MultiLineString", "coordinates": [ [ [ -52.425929493825137, -24.825206639941271 ], [ -52.425939283250081, -24.825197517088846 ] ] ] } },
{ "type": "Feature", "properties": { "cod_sipra": "PR0110000", "nome_pa": "FAZENDA CHAPADÃO", "nome": "CORREGO", "tipo": "Hidrografia" }, "geometry": { "type": "MultiLineString", "coordinates": [ [ [ -52.425552320184458, -24.824356096065742 ], [ -52.425535357210116, -24.824474780113412 ], [ -52.425695346163721, -24.824626708276366 ], [ -52.425724310263739, -24.824721030445097 ], [ -52.425857468230056, -24.824873025117817 ], [ -52.426039394529518, -24.825007724724404 ], [ -52.426093846901324, -24.825151036932546 ], [ -52.425939283250081, -24.825197517088846 ] ] ] } },
{ "type": "Feature", "properties": { "cod_sipra": "PR0110000", "nome_pa": "FAZENDA CHAPADÃO", "nome": "CORREGO", "tipo": "Hidrografia" }, "geometry": { "type": "MultiLineString", "coordinates": [ [ [ -52.433943690351214, -24.825587121992385 ], [ -52.433881971075351, -24.825419443624497 ], [ -52.433866086757526, -24.825274944828315 ], [ -52.433871966703173, -24.825129967895954 ] ] ] } },
{ "type": "Feature", "properties": { "cod_sipra": "PR0110000", "nome_pa": "FAZENDA CHAPADÃO", "nome": "CORREGO", "tipo": "Hidrografia" }, "geometry": { "type": "MultiLineString", "coordinates": [ [ [ -52.491087827351471, -24.8269050970484 ], [ -52.491099458726751, -24.826898820714611 ] ] ] } },
{ "type": "Feature", "properties": { "cod_sipra": "PR0110000", "nome_pa": "FAZENDA CHAPADÃO", "nome": "CORREGO", "tipo": "Hidrografia" }, "geometry": { "type": "MultiLineString", "coordinates": [ [ [ -52.491087827351471, -24.8269050970484 ], [ -52.491084703844123, -24.826906782504444 ] ] ] } },
{ "type": "Feature", "properties": { "cod_sipra": "PR0110000", "nome_pa": "FAZENDA CHAPADÃO", "nome": "CORREGO", "tipo": "Hidrografia" }, "geometry": { "type": "MultiLineString", "coordinates": [ [ [ -52.490435378872782, -24.827043625773609 ], [ -52.490534722222229, -24.82698 ], [ -52.490783611111112, -24.826999722222219 ], [ -52.491027777777781, -24.826937499999989 ], [ -52.491196111111108, -24.826846666666665 ], [ -52.491133500089234, -24.82688045185888 ], [ -52.491093068206702, -24.826902269063414 ] ] ] } },
{ "type": "Feature", "properties": { "cod_sipra": "PR0110000", "nome_pa": "FAZENDA CHAPADÃO", "nome": "CORREGO", "tipo": "Hidrografia" }, "geometry": { "type": "MultiLineString", "coordinates": [ [ [ -52.494010555555555, -24.82676388888888 ], [ -52.493876944444445, -24.826817777777777 ], [ -52.493715833333333, -24.826836666666665 ], [ -52.49365, -24.826806388888883 ], [ -52.493623611111111, -24.826828055555549 ], [ -52.493634486665478, -24.826837853076032 ], [ -52.493718888888885, -24.826913888888893 ], [ -52.493683888888889, -24.826986666666663 ], [ -52.493633152024536, -24.826996602113713 ], [ -52.493662606207813, -24.826990834308248 ], [ -52.493471111111113, -24.827028333333338 ], [ -52.493248055555554, -24.827023055555557 ], [ -52.493175833333332, -24.826981388888882 ], [ -52.492898611111109, -24.827099166666667 ], [ -52.492699444444447, -24.827128055555551 ], [ -52.492495, -24.827043611111108 ], [ -52.492249722222219, -24.827001111111109 ], [ -52.491984444444455, -24.82694861111111 ], [ -52.491687777777777, -24.826884444444438 ], [ -52.491520555555553, -24.826873333333328 ], [ -52.491196111111108, -24.826846666666665 ] ] ] } },
{ "type": "Feature", "properties": { "cod_sipra": "PR0110000", "nome_pa": "FAZENDA CHAPADÃO", "nome": "CORREGO", "tipo": "Hidrografia" }, "geometry": { "type": "MultiLineString", "coordinates": [ [ [ -52.489601711849609, -24.827640530853646 ], [ -52.489629722222219, -24.827608333333341 ], [ -52.4897975, -24.827388055555556 ], [ -52.490139413005913, -24.827153235144404 ], [ -52.490294444444444, -24.827133888888888 ], [ -52.490534722222229, -24.82698 ], [ -52.490783611111112, -24.826999722222219 ], [ -52.491019289184173, -24.826939663198711 ] ] ] } },
{ "type": "Feature", "properties": { "cod_sipra": "PR0110000", "nome_pa": "FAZENDA CHAPADÃO", "nome": "CORREGO", "tipo": "Hidrografia" }, "geometry": { "type": "MultiLineString", "coordinates": [ [ [ -52.494010555555555, -24.82676388888888 ], [ -52.4941525, -24.826921944444447 ], [ -52.494043611111117, -24.827037222222224 ], [ -52.494013055555556, -24.827285 ], [ -52.494117777777781, -24.827330833333335 ], [ -52.494254166666664, -24.827307777777772 ], [ -52.494251944444443, -24.827289166666667 ], [ -52.494365, -24.827162777777776 ], [ -52.494454444444443, -24.826981111111103 ], [ -52.494505555555556, -24.826948888888875 ], [ -52.494924444444443, -24.826738611111111 ], [ -52.495055, -24.82668944444444 ], [ -52.495375555555555, -24.82652222222222 ], [ -52.495605277777784, -24.826368333333331 ], [ -52.495627222222225, -24.826193333333329 ], [ -52.495646944444452, -24.82600305555555 ], [ -52.495503888888891, -24.825792222222219 ], [ -52.495362222222219, -24.8256411111111 ], [ -52.49512583333334, -24.825453611111104 ], [ -52.494928333333334, -24.825178055555558 ], [ -52.494713888888889, -24.824973055555557 ], [ -52.49460222222222, -24.824773888888878 ], [ -52.494533055555557, -24.824592222222222 ], [ -52.494500887106689, -24.824560206044524 ], [ -52.494437947992076, -24.824497564785268 ] ] ] } },
{ "type": "Feature", "properties": { "cod_sipra": "PR0110000", "nome_pa": "FAZENDA CHAPADÃO", "nome": "CORREGO", "tipo": "Hidrografia" }, "geometry": { "type": "MultiLineString", "coordinates": [ ] } },
{ "type": "Feature", "properties": { "cod_sipra": "PR0110000", "nome_pa": "FAZENDA CHAPADÃO", "nome": "CORREGO", "tipo": "Hidrografia" }, "geometry": { "type": "MultiLineString", "coordinates": [ ] } },
{ "type": "Feature", "properties": { "cod_sipra": "PR0110000", "nome_pa": "FAZENDA CHAPADÃO", "nome": "CORREGO", "tipo": "Hidrografia" }, "geometry": { "type": "MultiLineString", "coordinates": [ [ [ -52.428122962355125, -24.829260090092131 ], [ -52.428042345490198, -24.829134552806007 ], [ -52.427959728530929, -24.829042825711216 ], [ -52.427937284664637, -24.828898538506898 ], [ -52.427800535380236, -24.828755402447239 ], [ -52.427757585064988, -24.828611337473514 ], [ -52.427746035372607, -24.828466976231795 ], [ -52.427777548556755, -24.828322203687669 ], [ -52.427762508273787, -24.828177875781169 ], [ -52.427871444423282, -24.828032367380395 ], [ -52.427856467521082, -24.827887786538238 ], [ -52.427766704500499, -24.827743879526327 ], [ -52.427636876869862, -24.827644926442726 ], [ -52.427531290497733, -24.827457667757919 ], [ -52.427526775509833, -24.827313279351198 ], [ -52.42747219209496, -24.827169347269074 ], [ -52.427493808434626, -24.827024672921549 ], [ -52.427500275808711, -24.826880135914195 ], [ -52.427418979781002, -24.826736107433391 ], [ -52.427330480784796, -24.826592795694427 ], [ -52.42722054365462, -24.826511014267162 ], [ -52.427060574951405, -24.826347116705556 ], [ -52.426971922399552, -24.826162004451493 ], [ -52.426898727466543, -24.826057284832586 ], [ -52.42673945007359, -24.825952884776161 ], [ -52.426579432915432, -24.825805392533102 ], [ -52.426450046596187, -24.825734413261134 ], [ -52.426261085825224, -24.825670714719486 ], [ -52.426100956189835, -24.825502450892266 ], [ -52.425940809836916, -24.825332922793898 ], [ -52.425928357967244, -24.825207698457255 ] ] ] } },
{ "type": "Feature", "properties": { "cod_sipra": "PR0110000", "nome_pa": "FAZENDA CHAPADÃO", "nome": "CORREGO", "tipo": "Hidrografia" }, "geometry": { "type": "MultiLineString", "coordinates": [ [ [ -52.427988107945716, -24.830442143622211 ], [ -52.428036744069509, -24.830224874183337 ], [ -52.428114240440053, -24.830095736178993 ], [ -52.428164688189291, -24.829934731840638 ], [ -52.428186109885743, -24.829789625750131 ], [ -52.428170307678784, -24.829645595968497 ], [ -52.428156393391149, -24.829501320257023 ], [ -52.42813607209947, -24.829356366735773 ], [ -52.428122962355125, -24.829260090092131 ] ] ] } },
{ "type": "Feature", "properties": { "cod_sipra": "PR0110000", "nome_pa": "FAZENDA CHAPADÃO", "nome": "CORREGO", "tipo": "Hidrografia" }, "geometry": { "type": "MultiLineString", "coordinates": [ ] } },
{ "type": "Feature", "properties": { "cod_sipra": "PR0110000", "nome_pa": "FAZENDA CHAPADÃO", "nome": "CORREGO", "tipo": "Hidrografia" }, "geometry": { "type": "MultiLineString", "coordinates": [ ] } },
{ "type": "Feature", "properties": { "cod_sipra": "PR0110000", "nome_pa": "FAZENDA CHAPADÃO", "nome": "CORREGO", "tipo": "Hidrografia" }, "geometry": { "type": "MultiLineString", "coordinates": [ ] } },
{ "type": "Feature", "properties": { "cod_sipra": "PR0110000", "nome_pa": "FAZENDA CHAPADÃO", "nome": "CORREGO", "tipo": "Hidrografia" }, "geometry": { "type": "MultiLineString", "coordinates": [ [ [ -52.415144968581778, -24.829941839407443 ], [ -52.415238139217522, -24.829904981439398 ], [ -52.415346595418185, -24.829876134498676 ], [ -52.415555050285739, -24.829845285701669 ], [ -52.415712950831434, -24.829816193141472 ], [ -52.415871205938167, -24.829804774961904 ], [ -52.416028277437434, -24.829760786314033 ], [ -52.416187894703306, -24.829783791747662 ], [ -52.416314560182926, -24.829722450319149 ], [ -52.41650129157135, -24.829596404040217 ], [ -52.416658949877856, -24.829556699754047 ], [ -52.416816096727899, -24.829454292912025 ], [ -52.416973970205959, -24.829346457431313 ], [ -52.417130432011291, -24.829254257245562 ], [ -52.417260093830848, -24.829135623351579 ], [ -52.417286330581241, -24.829026473350986 ], [ -52.417378835387261, -24.828844934300587 ], [ -52.417599672264267, -24.828754778590199 ], [ -52.41773978779721, -24.828697060349988 ], [ -52.417914814358994, -24.828623739881785 ], [ -52.418071578215937, -24.828490014598099 ], [ -52.418229608442083, -24.828465728707073 ], [ -52.418388087000032, -24.828474821934044 ], [ -52.418525647359203, -24.828401280669457 ], [ -52.418573652133396, -24.828391896762184 ], [ -52.418606770987473, -24.828389158483727 ], [ -52.418704662080323, -24.828379955475427 ], [ -52.418862163526484, -24.82840709452374 ], [ -52.418959915003697, -24.828433080256183 ], [ -52.419021131979385, -24.828428256636474 ] ] ] } },
{ "type": "Feature", "properties": { "cod_sipra": "PR0110000", "nome_pa": "FAZENDA CHAPADÃO", "nome": "CORREGO", "tipo": "Hidrografia" }, "geometry": { "type": "MultiLineString", "coordinates": [ ] } },
{ "type": "Feature", "properties": { "cod_sipra": "PR0110000", "nome_pa": "FAZENDA CHAPADÃO", "nome": "CORREGO", "tipo": "Hidrografia" }, "geometry": { "type": "MultiLineString", "coordinates": [ ] } },
{ "type": "Feature", "properties": { "cod_sipra": "PR0110000", "nome_pa": "FAZENDA CHAPADÃO", "nome": "CORREGO", "tipo": "Hidrografia" }, "geometry": { "type": "MultiLineString", "coordinates": [ ] } },
{ "type": "Feature", "properties": { "cod_sipra": "PR0110000", "nome_pa": "FAZENDA CHAPADÃO", "nome": "CORREGO", "tipo": "Hidrografia" }, "geometry": { "type": "MultiLineString", "coordinates": [ ] } },
{ "type": "Feature", "properties": { "cod_sipra": "PR0110000", "nome_pa": "FAZENDA CHAPADÃO", "nome": "CORREGO", "tipo": "Hidrografia" }, "geometry": { "type": "MultiLineString", "coordinates": [ [ [ -52.483881235483807, -24.830979596151295 ], [ -52.48385556, -24.83103139 ], [ -52.48436361, -24.83097528 ], [ -52.48457028, -24.83086028 ], [ -52.48491, -24.83078722 ], [ -52.48512917, -24.83070194 ], [ -52.48531667, -24.83067167 ], [ -52.48540194, -24.83062361 ], [ -52.48564389, -24.83070944 ], [ -52.485649166666668, -24.83062138888889 ], [ -52.4858075, -24.830581388888877 ], [ -52.486040555555554, -24.830519722222217 ], [ -52.486418333333333, -24.830303611111109 ], [ -52.4866575, -24.830214166666668 ], [ -52.486714166666665, -24.830109444444442 ], [ -52.487082777777779, -24.829844722222219 ], [ -52.48739777777778, -24.82965611111111 ], [ -52.487676111111114, -24.829361111111108 ], [ -52.48800277777778, -24.829289722222217 ], [ -52.488496111111111, -24.828953333333335 ], [ -52.488668888888888, -24.828906111111106 ], [ -52.488918055555558, -24.828644166666667 ], [ -52.489126388888891, -24.828545277777774 ], [ -52.489326944444443, -24.8283036111111 ], [ -52.489461666666664, -24.828075277777774 ], [ -52.489521944444448, -24.827732222222224 ], [ -52.489595740692501, -24.827647394610086 ] ] ] } },
{ "type": "Feature", "properties": { "cod_sipra": "PR0110000", "nome_pa": "FAZENDA CHAPADÃO", "nome": "CORREGO", "tipo": "Hidrografia" }, "geometry": { "type": "MultiLineString", "coordinates": [ [ [ -52.48363833, -24.83080694 ], [ -52.48338444, -24.83090361 ], [ -52.48313722, -24.8309875 ], [ -52.4828925, -24.83096972 ], [ -52.48262167, -24.83106 ], [ -52.48244556, -24.83093 ], [ -52.482345, -24.830825829999988 ], [ -52.48221139, -24.83075528 ], [ -52.48208528, -24.83069806 ], [ -52.48194861, -24.83050306 ], [ -52.48171889, -24.83055056 ], [ -52.48158722, -24.8304525 ], [ -52.48135417, -24.83029833 ] ] ] } },
{ "type": "Feature", "properties": { "cod_sipra": "PR0110000", "nome_pa": "FAZENDA CHAPADÃO", "nome": "CORREGO", "tipo": "Hidrografia" }, "geometry": { "type": "MultiLineString", "coordinates": [ [ [ -52.428472402777778, -24.832140858333329 ], [ -52.428538029126116, -24.831988504037614 ], [ -52.428410618686428, -24.831912110358203 ], [ -52.428252541409456, -24.83173062825729 ], [ -52.42818959802392, -24.831585040771156 ], [ -52.428177220765413, -24.831441936058674 ], [ -52.428163721538873, -24.831298244206454 ], [ -52.428147193866259, -24.831153108516379 ], [ -52.428160406952415, -24.831009332895654 ], [ -52.428162877916215, -24.830864833328587 ], [ -52.428169061844734, -24.830719549746131 ], [ -52.428086159377905, -24.83057662778112 ] ] ] } },
{ "type": "Feature", "properties": { "cod_sipra": "PR0110000", "nome_pa": "FAZENDA CHAPADÃO", "nome": "CORREGO", "tipo": "Hidrografia" }, "geometry": { "type": "MultiLineString", "coordinates": [ [ [ -52.43239506542551, -24.764379632832043 ], [ -52.432274718899315, -24.764350347282228 ], [ -52.432109289661689, -24.764478523261147 ], [ -52.431959871367518, -24.764490390220757 ], [ -52.431793131701831, -24.764607800923983 ] ] ] } },
{ "type": "Feature", "properties": { "cod_sipra": "PR0110000", "nome_pa": "FAZENDA CHAPADÃO", "nome": "CORREGO", "tipo": "Hidrografia" }, "geometry": { "type": "MultiLineString", "coordinates": [ ] } },
{ "type": "Feature", "properties": { "cod_sipra": "PR0110000", "nome_pa": "FAZENDA CHAPADÃO", "nome": "CORREGO", "tipo": "Hidrografia" }, "geometry": { "type": "MultiLineString", "coordinates": [ [ [ -52.41925932832347, -24.803449206775728 ], [ -52.419279047381572, -24.803346273935428 ], [ -52.419340844394156, -24.803263249900379 ], [ -52.419281357105788, -24.80312983423438 ], [ -52.419292704249514, -24.803057115702494 ], [ -52.419253939217377, -24.80291292853596 ], [ -52.419242842543532, -24.802768706022281 ], [ -52.419332089132062, -24.802731530205978 ], [ -52.419489859354975, -24.802667235724531 ], [ -52.419647164277912, -24.802658104737709 ], [ -52.419715841589614, -24.802610738022803 ] ] ] } },
{ "type": "Feature", "properties": { "cod_sipra": "PR0110000", "nome_pa": "FAZENDA CHAPADÃO", "nome": "CORREGO", "tipo": "Hidrografia" }, "geometry": { "type": "MultiLineString", "coordinates": [ [ [ -52.418682011943211, -24.803554367322985 ], [ -52.418656508393042, -24.803428778147421 ], [ -52.418654240021056, -24.803415385934393 ], [ -52.41868296266793, -24.803270636703608 ], [ -52.418711195121801, -24.803125143573858 ], [ -52.418711651496388, -24.802981204986061 ], [ -52.418728334002168, -24.802888068254212 ], [ -52.418729254461162, -24.802841353814099 ], [ -52.418728471274065, -24.802692100697818 ], [ -52.418759015609382, -24.802546735859018 ], [ -52.418758693175157, -24.802533497920496 ], [ -52.418764600488331, -24.80240245028747 ] ] ] } },
{ "type": "Feature", "properties": { "cod_sipra": "PR0110000", "nome_pa": "FAZENDA CHAPADÃO", "nome": "CORREGO", "tipo": "Hidrografia" }, "geometry": { "type": "MultiLineString", "coordinates": [ [ [ -52.415319598294225, -24.822925694711685 ], [ -52.415231086747546, -24.822757473177873 ] ] ] } },
{ "type": "Feature", "properties": { "cod_sipra": "PR0110000", "nome_pa": "FAZENDA CHAPADÃO", "nome": "CORREGO", "tipo": "Hidrografia" }, "geometry": { "type": "MultiLineString", "coordinates": [ [ [ -52.439137577673023, -24.785786834522529 ], [ -52.439300139396764, -24.785294672941646 ], [ -52.439417588136578, -24.785185167661197 ], [ -52.439449471749661, -24.785076477888161 ], [ -52.439515287424811, -24.784931398662231 ], [ -52.43960922525568, -24.784785774126277 ], [ -52.439785832105635, -24.784674120702054 ] ] ] } },
{ "type": "Feature", "properties": { "cod_sipra": "PR0110000", "nome_pa": "FAZENDA CHAPADÃO", "nome": "CORREGO", "tipo": "Hidrografia" }, "geometry": { "type": "MultiLineString", "coordinates": [ [ [ -52.440118032674135, -24.789193107454743 ], [ -52.440223293407641, -24.789123222555617 ], [ -52.44039867236858, -24.788976962405375 ], [ -52.440589748105793, -24.78884808293996 ], [ -52.440746563319109, -24.788812901328221 ], [ -52.440902421089419, -24.788716330233573 ], [ -52.441061764293515, -24.788728031932891 ], [ -52.441217412156952, -24.78858101531392 ], [ -52.441320649743204, -24.788534873702883 ], [ -52.441533140909662, -24.788454007643626 ], [ -52.441650301173773, -24.788387183029975 ], [ -52.441688827043727, -24.788294968024349 ], [ -52.441847010699391, -24.788271002262277 ], [ -52.441998038345275, -24.788094933469342 ], [ -52.442054111567302, -24.788042538692839 ], [ -52.442101146020477, -24.787994226536235 ], [ -52.442153099819471, -24.787943660158302 ], [ -52.442190289787867, -24.787909417610233 ], [ -52.442297128493344, -24.787803711542107 ], [ -52.442474060986704, -24.787711523302509 ], [ -52.442633060161441, -24.787767002168554 ], [ -52.442791492559749, -24.787770208603245 ], [ -52.44290288664196, -24.78765279758013 ], [ -52.443064949717034, -24.787581524604906 ], [ -52.443104691275494, -24.787564456347116 ], [ -52.443104298258604, -24.787533915606911 ] ] ] } },
{ "type": "Feature", "properties": { "cod_sipra": "PR0110000", "nome_pa": "FAZENDA CHAPADÃO", "nome": "CORREGO", "tipo": "Hidrografia" }, "geometry": { "type": "MultiLineString", "coordinates": [ [ [ -52.427670374789805, -24.78495243691486 ], [ -52.427587450108412, -24.784873222389809 ], [ -52.42740501719743, -24.784731326947607 ], [ -52.427297037266982, -24.784587907033742 ], [ -52.427233981673901, -24.784493591969873 ], [ -52.427119943113304, -24.784445144398742 ], [ -52.426979931064317, -24.784401178149277 ], [ -52.426917861502332, -24.784380530629893 ], [ -52.426876889547216, -24.784384254913764 ] ] ] } }
]
}
