{
"type": "FeatureCollection",
"name": "marcos_p3",
"crs": { "type": "name", "properties": { "name": "urn:ogc:def:crs:OGC:1.3:CRS84" } },
"features": [
{ "type": "Feature", "properties": { "nome_pa": "FAZENDA CHAPADÃO", "tipo": "Marco" }, "geometry": { "type": "Point", "coordinates": [ -52.466184450011227, -24.805401368196883 ] } },
{ "type": "Feature", "properties": { "nome_pa": "FAZENDA CHAPADÃO", "tipo": "Marco" }, "geometry": { "type": "Point", "coordinates": [ -52.480577589161371, -24.797531699095618 ] } },
{ "type": "Feature", "properties": { "nome_pa": "FAZENDA CHAPADÃO", "tipo": "Marco" }, "geometry": { "type": "Point", "coordinates": [ -52.47822389, -24.81242167 ] } },
{ "type": "Feature", "properties": { "nome_pa": "FAZENDA CHAPADÃO", "tipo": "Marco" }, "geometry": { "type": "Point", "coordinates": [ -52.480332332496332, -24.797178988987138 ] } },
{ "type": "Feature", "properties": { "nome_pa": "FAZENDA CHAPADÃO", "tipo": "Marco" }, "geometry": { "type": "Point", "coordinates": [ -52.47496278, -24.81230444 ] } },
{ "type": "Feature", "properties": { "nome_pa": "FAZENDA CHAPADÃO", "tipo": "Marco" }, "geometry": { "type": "Point", "coordinates": [ -52.452378071910879, -24.808568808770353 ] } },
{ "type": "Feature", "properties": { "nome_pa": "FAZENDA CHAPADÃO", "tipo": "Marco" }, "geometry": { "type": "Point", "coordinates": [ -52.43630602972496, -24.771517282557578 ] } },
{ "type": "Feature", "properties": { "nome_pa": "FAZENDA CHAPADÃO", "tipo": "Marco" }, "geometry": { "type": "Point", "coordinates": [ -52.439450151322703, -24.772106461449649 ] } },
{ "type": "Feature", "properties": { "nome_pa": "FAZENDA CHAPADÃO", "tipo": "Marco" }, "geometry": { "type": "Point", "coordinates": [ -52.429669599008157, -24.803165564883731 ] } },
{ "type": "Feature", "properties": { "nome_pa": "FAZENDA CHAPADÃO", "tipo": "Marco" }, "geometry": { "type": "Point", "coordinates": [ -52.426953930861245, -24.784207949500789 ] } },
{ "type": "Feature", "properties": { "nome_pa": "FAZENDA CHAPADÃO", "tipo": "Marco" }, "geometry": { "type": "Point", "coordinates": [ -52.446559210137607, -24.766624565384031 ] } },
{ "type": "Feature", "properties": { "nome_pa": "FAZENDA CHAPADÃO", "tipo": "Marco" }, "geometry": { "type": "Point", "coordinates": [ -52.454018212052432, -24.808796502053443 ] } },
{ "type": "Feature", "properties": { "nome_pa": "FAZENDA CHAPADÃO", "tipo": "Marco" }, "geometry": { "type": "Point", "coordinates": [ -52.445713654344104, -24.79747805078642 ] } },
{ "type": "Feature", "properties": { "nome_pa": "FAZENDA CHAPADÃO", "tipo": "Marco" }, "geometry": { "type": "Point", "coordinates": [ -52.470803059529224, -24.805277719606035 ] } },
{ "type": "Feature", "properties": { "nome_pa": "FAZENDA CHAPADÃO", "tipo": "Marco" }, "geometry": { "type": "Point", "coordinates": [ -52.451657823191638, -24.800648260804817 ] } },
{ "type": "Feature", "properties": { "nome_pa": "FAZENDA CHAPADÃO", "tipo": "Marco" }, "geometry": { "type": "Point", "coordinates": [ -52.417132975, -24.815471613888867 ] } },
{ "type": "Feature", "properties": { "nome_pa": "FAZENDA CHAPADÃO", "tipo": "Marco" }, "geometry": { "type": "Point", "coordinates": [ -52.419694655053021, -24.815166508561575 ] } },
{ "type": "Feature", "properties": { "nome_pa": "FAZENDA CHAPADÃO", "tipo": "Marco" }, "geometry": { "type": "Point", "coordinates": [ -52.442440312009047, -24.767156917847974 ] } },
{ "type": "Feature", "properties": { "nome_pa": "FAZENDA CHAPADÃO", "tipo": "Marco" }, "geometry": { "type": "Point", "coordinates": [ -52.422685751227668, -24.79381916937837 ] } },
{ "type": "Feature", "properties": { "nome_pa": "FAZENDA CHAPADÃO", "tipo": "Marco" }, "geometry": { "type": "Point", "coordinates": [ -52.440129795135839, -24.767840914805621 ] } },
{ "type": "Feature", "properties": { "nome_pa": "FAZENDA CHAPADÃO", "tipo": "Marco" }, "geometry": { "type": "Point", "coordinates": [ -52.460140571334534, -24.788593657675417 ] } },
{ "type": "Feature", "properties": { "nome_pa": "FAZENDA CHAPADÃO", "tipo": "Marco" }, "geometry": { "type": "Point", "coordinates": [ -52.441336971080254, -24.767174128989993 ] } },
{ "type": "Feature", "properties": { "nome_pa": "FAZENDA CHAPADÃO", "tipo": "Marco" }, "geometry": { "type": "Point", "coordinates": [ -52.431866593185845, -24.780135116100798 ] } },
{ "type": "Feature", "properties": { "nome_pa": "FAZENDA CHAPADÃO", "tipo": "Marco" }, "geometry": { "type": "Point", "coordinates": [ -52.436331294550151, -24.774915954654514 ] } },
{ "type": "Feature", "properties": { "nome_pa": "FAZENDA CHAPADÃO", "tipo": "Marco" }, "geometry": { "type": "Point", "coordinates": [ -52.449083671115737, -24.785154227063487 ] } },
{ "type": "Feature", "properties": { "nome_pa": "FAZENDA CHAPADÃO", "tipo": "Marco" }, "geometry": { "type": "Point", "coordinates": [ -52.453511889138063, -24.781798996365666 ] } },
{ "type": "Feature", "properties": { "nome_pa": "FAZENDA CHAPADÃO", "tipo": "Marco" }, "geometry": { "type": "Point", "coordinates": [ -52.444380315440668, -24.766391328976855 ] } },
{ "type": "Feature", "properties": { "nome_pa": "FAZENDA CHAPADÃO", "tipo": "Marco" }, "geometry": { "type": "Point", "coordinates": [ -52.42576221030027, -24.796676777881267 ] } },
{ "type": "Feature", "properties": { "nome_pa": "FAZENDA CHAPADÃO", "tipo": "Marco" }, "geometry": { "type": "Point", "coordinates": [ -52.423662611914303, -24.785634656447485 ] } },
{ "type": "Feature", "properties": { "nome_pa": "FAZENDA CHAPADÃO", "tipo": "Marco" }, "geometry": { "type": "Point", "coordinates": [ -52.420265635529631, -24.794318277056991 ] } },
{ "type": "Feature", "properties": { "nome_pa": "FAZENDA CHAPADÃO", "tipo": "Marco" }, "geometry": { "type": "Point", "coordinates": [ -52.415839128138025, -24.7886179732714 ] } },
{ "type": "Feature", "properties": { "nome_pa": "FAZENDA CHAPADÃO", "tipo": "Marco" }, "geometry": { "type": "Point", "coordinates": [ -52.42041, -24.83237861 ] } },
{ "type": "Feature", "properties": { "nome_pa": "FAZENDA CHAPADÃO", "tipo": "Marco" }, "geometry": { "type": "Point", "coordinates": [ -52.472289604105796, -24.784637131385761 ] } },
{ "type": "Feature", "properties": { "nome_pa": "FAZENDA CHAPADÃO", "tipo": "Marco" }, "geometry": { "type": "Point", "coordinates": [ -52.41041026787294, -24.821597739979364 ] } },
{ "type": "Feature", "properties": { "nome_pa": "FAZENDA CHAPADÃO", "tipo": "Marco" }, "geometry": { "type": "Point", "coordinates": [ -52.463251570700528, -24.791106780744567 ] } },
{ "type": "Feature", "properties": { "nome_pa": "FAZENDA CHAPADÃO", "tipo": "Marco" }, "geometry": { "type": "Point", "coordinates": [ -52.424126947907865, -24.795765082792713 ] } },
{ "type": "Feature", "properties": { "nome_pa": "FAZENDA CHAPADÃO", "tipo": "Marco" }, "geometry": { "type": "Point", "coordinates": [ -52.46792627793171, -24.793680408778226 ] } },
{ "type": "Feature", "properties": { "nome_pa": "FAZENDA CHAPADÃO", "tipo": "Marco" }, "geometry": { "type": "Point", "coordinates": [ -52.42430444, -24.83623444 ] } },
{ "type": "Feature", "properties": { "nome_pa": "FAZENDA CHAPADÃO", "tipo": "Marco" }, "geometry": { "type": "Point", "coordinates": [ -52.45867070311381, -24.782992724711733 ] } },
{ "type": "Feature", "properties": { "nome_pa": "FAZENDA CHAPADÃO", "tipo": "Marco" }, "geometry": { "type": "Point", "coordinates": [ -52.41884222, -24.83311694 ] } },
{ "type": "Feature", "properties": { "nome_pa": "FAZENDA CHAPADÃO", "tipo": "Marco" }, "geometry": { "type": "Point", "coordinates": [ -52.46106394544384, -24.780371197857164 ] } },
{ "type": "Feature", "properties": { "nome_pa": "FAZENDA CHAPADÃO", "tipo": "Marco" }, "geometry": { "type": "Point", "coordinates": [ -52.470098020864064, -24.782080581104459 ] } },
{ "type": "Feature", "properties": { "nome_pa": "FAZENDA CHAPADÃO", "tipo": "Marco" }, "geometry": { "type": "Point", "coordinates": [ -52.465594504203402, -24.779330958943984 ] } },
{ "type": "Feature", "properties": { "nome_pa": "FAZENDA CHAPADÃO", "tipo": "Marco" }, "geometry": { "type": "Point", "coordinates": [ -52.462470324028345, -24.798472475059583 ] } },
{ "type": "Feature", "properties": { "nome_pa": "FAZENDA CHAPADÃO", "tipo": "Marco" }, "geometry": { "type": "Point", "coordinates": [ -52.456977207700383, -24.793653858361871 ] } },
{ "type": "Feature", "properties": { "nome_pa": "FAZENDA CHAPADÃO", "tipo": "Marco" }, "geometry": { "type": "Point", "coordinates": [ -52.445637661085236, -24.820244164234484 ] } },
{ "type": "Feature", "properties": { "nome_pa": "FAZENDA CHAPADÃO", "tipo": "Marco" }, "geometry": { "type": "Point", "coordinates": [ -52.468571224765164, -24.80099073628001 ] } },
{ "type": "Feature", "properties": { "nome_pa": "FAZENDA CHAPADÃO", "tipo": "Marco" }, "geometry": { "type": "Point", "coordinates": [ -52.471887023967433, -24.779961687788717 ] } },
{ "type": "Feature", "properties": { "nome_pa": "FAZENDA CHAPADÃO", "tipo": "Marco" }, "geometry": { "type": "Point", "coordinates": [ -52.492959700219615, -24.79028470021364 ] } },
{ "type": "Feature", "properties": { "nome_pa": "FAZENDA CHAPADÃO", "tipo": "Marco" }, "geometry": { "type": "Point", "coordinates": [ -52.420048308942114, -24.822509075669885 ] } },
{ "type": "Feature", "properties": { "nome_pa": "FAZENDA CHAPADÃO", "tipo": "Marco" }, "geometry": { "type": "Point", "coordinates": [ -52.448425976115153, -24.822646998280653 ] } },
{ "type": "Feature", "properties": { "nome_pa": "FAZENDA CHAPADÃO", "tipo": "Marco" }, "geometry": { "type": "Point", "coordinates": [ -52.473231549750103, -24.798235100958681 ] } },
{ "type": "Feature", "properties": { "nome_pa": "FAZENDA CHAPADÃO", "tipo": "Marco" }, "geometry": { "type": "Point", "coordinates": [ -52.436450950376141, -24.774835631448905 ] } },
{ "type": "Feature", "properties": { "nome_pa": "FAZENDA CHAPADÃO", "tipo": "Marco" }, "geometry": { "type": "Point", "coordinates": [ -52.428096667967203, -24.783306929865713 ] } },
{ "type": "Feature", "properties": { "nome_pa": "FAZENDA CHAPADÃO", "tipo": "Marco" }, "geometry": { "type": "Point", "coordinates": [ -52.42742451335792, -24.782674168200831 ] } },
{ "type": "Feature", "properties": { "nome_pa": "FAZENDA CHAPADÃO", "tipo": "Marco" }, "geometry": { "type": "Point", "coordinates": [ -52.415419416209666, -24.823031884900576 ] } },
{ "type": "Feature", "properties": { "nome_pa": "FAZENDA CHAPADÃO", "tipo": "Marco" }, "geometry": { "type": "Point", "coordinates": [ -52.429337927177627, -24.79076564344869 ] } },
{ "type": "Feature", "properties": { "nome_pa": "FAZENDA CHAPADÃO", "tipo": "Marco" }, "geometry": { "type": "Point", "coordinates": [ -52.464177297596621, -24.794164776711678 ] } },
{ "type": "Feature", "properties": { "nome_pa": "FAZENDA CHAPADÃO", "tipo": "Marco" }, "geometry": { "type": "Point", "coordinates": [ -52.428564645819655, -24.783463093178209 ] } },
{ "type": "Feature", "properties": { "nome_pa": "FAZENDA CHAPADÃO", "tipo": "Marco" }, "geometry": { "type": "Point", "coordinates": [ -52.487082859534908, -24.790141277404128 ] } },
{ "type": "Feature", "properties": { "nome_pa": "FAZENDA CHAPADÃO", "tipo": "Marco" }, "geometry": { "type": "Point", "coordinates": [ -52.449616157546878, -24.761728526482951 ] } },
{ "type": "Feature", "properties": { "nome_pa": "FAZENDA CHAPADÃO", "tipo": "Marco" }, "geometry": { "type": "Point", "coordinates": [ -52.433738334497995, -24.771712911248837 ] } },
{ "type": "Feature", "properties": { "nome_pa": "FAZENDA CHAPADÃO", "tipo": "Marco" }, "geometry": { "type": "Point", "coordinates": [ -52.43468326836107, -24.770912077280386 ] } },
{ "type": "Feature", "properties": { "nome_pa": "FAZENDA CHAPADÃO", "tipo": "Marco" }, "geometry": { "type": "Point", "coordinates": [ -52.432176164075777, -24.77143168895277 ] } },
{ "type": "Feature", "properties": { "nome_pa": "FAZENDA CHAPADÃO", "tipo": "Marco" }, "geometry": { "type": "Point", "coordinates": [ -52.433372367334222, -24.771572314626141 ] } },
{ "type": "Feature", "properties": { "nome_pa": "FAZENDA CHAPADÃO", "tipo": "Marco" }, "geometry": { "type": "Point", "coordinates": [ -52.451043901337684, -24.775503529722247 ] } },
{ "type": "Feature", "properties": { "nome_pa": "FAZENDA CHAPADÃO", "tipo": "Marco" }, "geometry": { "type": "Point", "coordinates": [ -52.435935268151162, -24.779198301463953 ] } },
{ "type": "Feature", "properties": { "nome_pa": "FAZENDA CHAPADÃO", "tipo": "Marco" }, "geometry": { "type": "Point", "coordinates": [ -52.455971315996841, -24.775171536115113 ] } },
{ "type": "Feature", "properties": { "nome_pa": "FAZENDA CHAPADÃO", "tipo": "Marco" }, "geometry": { "type": "Point", "coordinates": [ -52.440924317272831, -24.771704955705438 ] } },
{ "type": "Feature", "properties": { "nome_pa": "FAZENDA CHAPADÃO", "tipo": "Marco" }, "geometry": { "type": "Point", "coordinates": [ -52.452094373909809, -24.798791936755318 ] } },
{ "type": "Feature", "properties": { "nome_pa": "FAZENDA CHAPADÃO", "tipo": "Marco" }, "geometry": { "type": "Point", "coordinates": [ -52.450322095876587, -24.768494980528931 ] } },
{ "type": "Feature", "properties": { "nome_pa": "FAZENDA CHAPADÃO", "tipo": "Marco" }, "geometry": { "type": "Point", "coordinates": [ -52.47033629735126, -24.811904628290772 ] } },
{ "type": "Feature", "properties": { "nome_pa": "FAZENDA CHAPADÃO", "tipo": "Marco" }, "geometry": { "type": "Point", "coordinates": [ -52.450377937849794, -24.769190161216518 ] } },
{ "type": "Feature", "properties": { "nome_pa": "FAZENDA CHAPADÃO", "tipo": "Marco" }, "geometry": { "type": "Point", "coordinates": [ -52.458745324019432, -24.801653584120974 ] } },
{ "type": "Feature", "properties": { "nome_pa": "FAZENDA CHAPADÃO", "tipo": "Marco" }, "geometry": { "type": "Point", "coordinates": [ -52.436703320542577, -24.770725717378653 ] } },
{ "type": "Feature", "properties": { "nome_pa": "FAZENDA CHAPADÃO", "tipo": "Marco" }, "geometry": { "type": "Point", "coordinates": [ -52.460398466817914, -24.790845949639134 ] } },
{ "type": "Feature", "properties": { "nome_pa": "FAZENDA CHAPADÃO", "tipo": "Marco" }, "geometry": { "type": "Point", "coordinates": [ -52.417424788916584, -24.795033661758975 ] } },
{ "type": "Feature", "properties": { "nome_pa": "FAZENDA CHAPADÃO", "tipo": "Marco" }, "geometry": { "type": "Point", "coordinates": [ -52.45988293648513, -24.791006175011976 ] } },
{ "type": "Feature", "properties": { "nome_pa": "FAZENDA CHAPADÃO", "tipo": "Marco" }, "geometry": { "type": "Point", "coordinates": [ -52.451791638986514, -24.800540097066875 ] } },
{ "type": "Feature", "properties": { "nome_pa": "FAZENDA CHAPADÃO", "tipo": "Marco" }, "geometry": { "type": "Point", "coordinates": [ -52.414258903964082, -24.791491049448616 ] } },
{ "type": "Feature", "properties": { "nome_pa": "FAZENDA CHAPADÃO", "tipo": "Marco" }, "geometry": { "type": "Point", "coordinates": [ -52.440024515002285, -24.789401400817987 ] } },
{ "type": "Feature", "properties": { "nome_pa": "FAZENDA CHAPADÃO", "tipo": "Marco" }, "geometry": { "type": "Point", "coordinates": [ -52.411899486977134, -24.823854148095883 ] } },
{ "type": "Feature", "properties": { "nome_pa": "FAZENDA CHAPADÃO", "tipo": "Marco" }, "geometry": { "type": "Point", "coordinates": [ -52.465528433284376, -24.779254765325206 ] } },
{ "type": "Feature", "properties": { "nome_pa": "FAZENDA CHAPADÃO", "tipo": "Marco" }, "geometry": { "type": "Point", "coordinates": [ -52.410519739085366, -24.793496544648168 ] } },
{ "type": "Feature", "properties": { "nome_pa": "FAZENDA CHAPADÃO", "tipo": "Marco" }, "geometry": { "type": "Point", "coordinates": [ -52.414829347222224, -24.821527661111112 ] } },
{ "type": "Feature", "properties": { "nome_pa": "FAZENDA CHAPADÃO", "tipo": "Marco" }, "geometry": { "type": "Point", "coordinates": [ -52.430345239252574, -24.79902386785934 ] } },
{ "type": "Feature", "properties": { "nome_pa": "FAZENDA CHAPADÃO", "tipo": "Marco" }, "geometry": { "type": "Point", "coordinates": [ -52.46215270520841, -24.792502492694261 ] } },
{ "type": "Feature", "properties": { "nome_pa": "FAZENDA CHAPADÃO", "tipo": "Marco" }, "geometry": { "type": "Point", "coordinates": [ -52.438651591252437, -24.792459335213696 ] } },
{ "type": "Feature", "properties": { "nome_pa": "FAZENDA CHAPADÃO", "tipo": "Marco" }, "geometry": { "type": "Point", "coordinates": [ -52.461291669626419, -24.792419377378739 ] } },
{ "type": "Feature", "properties": { "nome_pa": "FAZENDA CHAPADÃO", "tipo": "Marco" }, "geometry": { "type": "Point", "coordinates": [ -52.471223241280875, -24.791764619692298 ] } },
{ "type": "Feature", "properties": { "nome_pa": "FAZENDA CHAPADÃO", "tipo": "Marco" }, "geometry": { "type": "Point", "coordinates": [ -52.459519437702141, -24.786358357484307 ] } },
{ "type": "Feature", "properties": { "nome_pa": "FAZENDA CHAPADÃO", "tipo": "Marco" }, "geometry": { "type": "Point", "coordinates": [ -52.442519375409489, -24.800841070762658 ] } },
{ "type": "Feature", "properties": { "nome_pa": "FAZENDA CHAPADÃO", "tipo": "Marco" }, "geometry": { "type": "Point", "coordinates": [ -52.427922126095773, -24.798836788595413 ] } },
{ "type": "Feature", "properties": { "nome_pa": "FAZENDA CHAPADÃO", "tipo": "Marco" }, "geometry": { "type": "Point", "coordinates": [ -52.473582773775441, -24.802165932058738 ] } },
{ "type": "Feature", "properties": { "nome_pa": "FAZENDA CHAPADÃO", "tipo": "Marco" }, "geometry": { "type": "Point", "coordinates": [ -52.492956752048251, -24.790359666863313 ] } },
{ "type": "Feature", "properties": { "nome_pa": "FAZENDA CHAPADÃO", "tipo": "Marco" }, "geometry": { "type": "Point", "coordinates": [ -52.48847045280467, -24.812701003317514 ] } },
{ "type": "Feature", "properties": { "nome_pa": "FAZENDA CHAPADÃO", "tipo": "Marco" }, "geometry": { "type": "Point", "coordinates": [ -52.457690079936896, -24.78476709978705 ] } },
{ "type": "Feature", "properties": { "nome_pa": "FAZENDA CHAPADÃO", "tipo": "Marco" }, "geometry": { "type": "Point", "coordinates": [ -52.45890253260837, -24.802984384655009 ] } },
{ "type": "Feature", "properties": { "nome_pa": "FAZENDA CHAPADÃO", "tipo": "Marco" }, "geometry": { "type": "Point", "coordinates": [ -52.492528615774113, -24.79703652077546 ] } },
{ "type": "Feature", "properties": { "nome_pa": "FAZENDA CHAPADÃO", "tipo": "Marco" }, "geometry": { "type": "Point", "coordinates": [ -52.418555735556794, -24.798650333006545 ] } },
{ "type": "Feature", "properties": { "nome_pa": "FAZENDA CHAPADÃO", "tipo": "Marco" }, "geometry": { "type": "Point", "coordinates": [ -52.449599417646695, -24.804372021258384 ] } },
{ "type": "Feature", "properties": { "nome_pa": "FAZENDA CHAPADÃO", "tipo": "Marco" }, "geometry": { "type": "Point", "coordinates": [ -52.4272170997722, -24.800016340160404 ] } },
{ "type": "Feature", "properties": { "nome_pa": "FAZENDA CHAPADÃO", "tipo": "Marco" }, "geometry": { "type": "Point", "coordinates": [ -52.471593640769377, -24.798392482089724 ] } },
{ "type": "Feature", "properties": { "nome_pa": "FAZENDA CHAPADÃO", "tipo": "Marco" }, "geometry": { "type": "Point", "coordinates": [ -52.430516593897174, -24.76803293249958 ] } },
{ "type": "Feature", "properties": { "nome_pa": "FAZENDA CHAPADÃO", "tipo": "Marco" }, "geometry": { "type": "Point", "coordinates": [ -52.440228972222222, -24.802430227777773 ] } },
{ "type": "Feature", "properties": { "nome_pa": "FAZENDA CHAPADÃO", "tipo": "Marco" }, "geometry": { "type": "Point", "coordinates": [ -52.463345724304524, -24.794196562968043 ] } },
{ "type": "Feature", "properties": { "nome_pa": "FAZENDA CHAPADÃO", "tipo": "Marco" }, "geometry": { "type": "Point", "coordinates": [ -52.443133065403607, -24.803807199750192 ] } },
{ "type": "Feature", "properties": { "nome_pa": "FAZENDA CHAPADÃO", "tipo": "Marco" }, "geometry": { "type": "Point", "coordinates": [ -52.436189509510704, -24.769345132896522 ] } },
{ "type": "Feature", "properties": { "nome_pa": "FAZENDA CHAPADÃO", "tipo": "Marco" }, "geometry": { "type": "Point", "coordinates": [ -52.456000959765483, -24.778105672603228 ] } },
{ "type": "Feature", "properties": { "nome_pa": "FAZENDA CHAPADÃO", "tipo": "Marco" }, "geometry": { "type": "Point", "coordinates": [ -52.457559537840581, -24.782979888033459 ] } },
{ "type": "Feature", "properties": { "nome_pa": "FAZENDA CHAPADÃO", "tipo": "Marco" }, "geometry": { "type": "Point", "coordinates": [ -52.427752336617857, -24.80694454431416 ] } },
{ "type": "Feature", "properties": { "nome_pa": "FAZENDA CHAPADÃO", "tipo": "Marco" }, "geometry": { "type": "Point", "coordinates": [ -52.444919748712614, -24.781100529640113 ] } },
{ "type": "Feature", "properties": { "nome_pa": "FAZENDA CHAPADÃO", "tipo": "Marco" }, "geometry": { "type": "Point", "coordinates": [ -52.430581296060211, -24.827864024744894 ] } },
{ "type": "Feature", "properties": { "nome_pa": "FAZENDA CHAPADÃO", "tipo": "Marco" }, "geometry": { "type": "Point", "coordinates": [ -52.455544285099407, -24.777661150683514 ] } },
{ "type": "Feature", "properties": { "nome_pa": "FAZENDA CHAPADÃO", "tipo": "Marco" }, "geometry": { "type": "Point", "coordinates": [ -52.492448671947912, -24.785625365208126 ] } },
{ "type": "Feature", "properties": { "nome_pa": "FAZENDA CHAPADÃO", "tipo": "Marco" }, "geometry": { "type": "Point", "coordinates": [ -52.433057732481139, -24.821202647389637 ] } },
{ "type": "Feature", "properties": { "nome_pa": "FAZENDA CHAPADÃO", "tipo": "Marco" }, "geometry": { "type": "Point", "coordinates": [ -52.480024740847981, -24.811269279727565 ] } },
{ "type": "Feature", "properties": { "nome_pa": "FAZENDA CHAPADÃO", "tipo": "Marco" }, "geometry": { "type": "Point", "coordinates": [ -52.440450198112721, -24.797519741518091 ] } },
{ "type": "Feature", "properties": { "nome_pa": "FAZENDA CHAPADÃO", "tipo": "Marco" }, "geometry": { "type": "Point", "coordinates": [ -52.445609968378207, -24.797423295688585 ] } },
{ "type": "Feature", "properties": { "nome_pa": "FAZENDA CHAPADÃO", "tipo": "Marco" }, "geometry": { "type": "Point", "coordinates": [ -52.450177612047014, -24.766553776765438 ] } },
{ "type": "Feature", "properties": { "nome_pa": "FAZENDA CHAPADÃO", "tipo": "Marco" }, "geometry": { "type": "Point", "coordinates": [ -52.431936718343998, -24.765761250359123 ] } },
{ "type": "Feature", "properties": { "nome_pa": "FAZENDA CHAPADÃO", "tipo": "Marco" }, "geometry": { "type": "Point", "coordinates": [ -52.458326123408334, -24.776892837305489 ] } },
{ "type": "Feature", "properties": { "nome_pa": "FAZENDA CHAPADÃO", "tipo": "Marco" }, "geometry": { "type": "Point", "coordinates": [ -52.455997131029491, -24.775332822098004 ] } },
{ "type": "Feature", "properties": { "nome_pa": "FAZENDA CHAPADÃO", "tipo": "Marco" }, "geometry": { "type": "Point", "coordinates": [ -52.462905469294121, -24.793144204346536 ] } },
{ "type": "Feature", "properties": { "nome_pa": "FAZENDA CHAPADÃO", "tipo": "Marco" }, "geometry": { "type": "Point", "coordinates": [ -52.462164600718218, -24.79315285566544 ] } },
{ "type": "Feature", "properties": { "nome_pa": "FAZENDA CHAPADÃO", "tipo": "Marco" }, "geometry": { "type": "Point", "coordinates": [ -52.463292059158277, -24.793647320484219 ] } },
{ "type": "Feature", "properties": { "nome_pa": "FAZENDA CHAPADÃO", "tipo": "Marco" }, "geometry": { "type": "Point", "coordinates": [ -52.489738037066601, -24.785173447033721 ] } },
{ "type": "Feature", "properties": { "nome_pa": "FAZENDA CHAPADÃO", "tipo": "Marco" }, "geometry": { "type": "Point", "coordinates": [ -52.438537194148054, -24.764567159654074 ] } },
{ "type": "Feature", "properties": { "nome_pa": "FAZENDA CHAPADÃO", "tipo": "Marco" }, "geometry": { "type": "Point", "coordinates": [ -52.463311738881373, -24.793149202768511 ] } },
{ "type": "Feature", "properties": { "nome_pa": "FAZENDA CHAPADÃO", "tipo": "Marco" }, "geometry": { "type": "Point", "coordinates": [ -52.426737805555554, -24.806107194444444 ] } },
{ "type": "Feature", "properties": { "nome_pa": "FAZENDA CHAPADÃO", "tipo": "Marco" }, "geometry": { "type": "Point", "coordinates": [ -52.426840177777777, -24.806081644444436 ] } },
{ "type": "Feature", "properties": { "nome_pa": "FAZENDA CHAPADÃO", "tipo": "Marco" }, "geometry": { "type": "Point", "coordinates": [ -52.425522155555555, -24.806190433333335 ] } },
{ "type": "Feature", "properties": { "nome_pa": "FAZENDA CHAPADÃO", "tipo": "Marco" }, "geometry": { "type": "Point", "coordinates": [ -52.489738727549877, -24.785173788694458 ] } },
{ "type": "Feature", "properties": { "nome_pa": "FAZENDA CHAPADÃO", "tipo": "Marco" }, "geometry": { "type": "Point", "coordinates": [ -52.430128151612763, -24.828335626461271 ] } },
{ "type": "Feature", "properties": { "nome_pa": "FAZENDA CHAPADÃO", "tipo": "Marco" }, "geometry": { "type": "Point", "coordinates": [ -52.481590842340111, -24.812336468492397 ] } },
{ "type": "Feature", "properties": { "nome_pa": "FAZENDA CHAPADÃO", "tipo": "Marco" }, "geometry": { "type": "Point", "coordinates": [ -52.404564160609794, -24.820665022507502 ] } },
{ "type": "Feature", "properties": { "nome_pa": "FAZENDA CHAPADÃO", "tipo": "Marco" }, "geometry": { "type": "Point", "coordinates": [ -52.417663427777775, -24.816737886111095 ] } },
{ "type": "Feature", "properties": { "nome_pa": "FAZENDA CHAPADÃO", "tipo": "Marco" }, "geometry": { "type": "Point", "coordinates": [ -52.444143130383395, -24.766714155478279 ] } },
{ "type": "Feature", "properties": { "nome_pa": "FAZENDA CHAPADÃO", "tipo": "Marco" }, "geometry": { "type": "Point", "coordinates": [ -52.44008045797321, -24.765314974662775 ] } },
{ "type": "Feature", "properties": { "nome_pa": "FAZENDA CHAPADÃO", "tipo": "Marco" }, "geometry": { "type": "Point", "coordinates": [ -52.419908296190783, -24.819101534058607 ] } },
{ "type": "Feature", "properties": { "nome_pa": "FAZENDA CHAPADÃO", "tipo": "Marco" }, "geometry": { "type": "Point", "coordinates": [ -52.43803963964892, -24.76743657995808 ] } },
{ "type": "Feature", "properties": { "nome_pa": "FAZENDA CHAPADÃO", "tipo": "Marco" }, "geometry": { "type": "Point", "coordinates": [ -52.422681313888887, -24.804308988888884 ] } },
{ "type": "Feature", "properties": { "nome_pa": "FAZENDA CHAPADÃO", "tipo": "Marco" }, "geometry": { "type": "Point", "coordinates": [ -52.427740237368454, -24.801782982502026 ] } },
{ "type": "Feature", "properties": { "nome_pa": "FAZENDA CHAPADÃO", "tipo": "Marco" }, "geometry": { "type": "Point", "coordinates": [ -52.415878316666671, -24.816968702777778 ] } },
{ "type": "Feature", "properties": { "nome_pa": "FAZENDA CHAPADÃO", "tipo": "Marco" }, "geometry": { "type": "Point", "coordinates": [ -52.42198575, -24.80530745 ] } },
{ "type": "Feature", "properties": { "nome_pa": "FAZENDA CHAPADÃO", "tipo": "Marco" }, "geometry": { "type": "Point", "coordinates": [ -52.492740553039333, -24.820109299037973 ] } },
{ "type": "Feature", "properties": { "nome_pa": "FAZENDA CHAPADÃO", "tipo": "Marco" }, "geometry": { "type": "Point", "coordinates": [ -52.426917861502332, -24.784380530629893 ] } },
{ "type": "Feature", "properties": { "nome_pa": "FAZENDA CHAPADÃO", "tipo": "Marco" }, "geometry": { "type": "Point", "coordinates": [ -52.491380726838187, -24.817543492174831 ] } },
{ "type": "Feature", "properties": { "nome_pa": "FAZENDA CHAPADÃO", "tipo": "Marco" }, "geometry": { "type": "Point", "coordinates": [ -52.426933648632605, -24.784315649275499 ] } },
{ "type": "Feature", "properties": { "nome_pa": "FAZENDA CHAPADÃO", "tipo": "Marco" }, "geometry": { "type": "Point", "coordinates": [ -52.484480133162748, -24.78507475581274 ] } },
{ "type": "Feature", "properties": { "nome_pa": "FAZENDA CHAPADÃO", "tipo": "Marco" }, "geometry": { "type": "Point", "coordinates": [ -52.488431677598911, -24.828924917668981 ] } },
{ "type": "Feature", "properties": { "nome_pa": "FAZENDA CHAPADÃO", "tipo": "Marco" }, "geometry": { "type": "Point", "coordinates": [ -52.489903709966903, -24.819281224772745 ] } },
{ "type": "Feature", "properties": { "nome_pa": "FAZENDA CHAPADÃO", "tipo": "Marco" }, "geometry": { "type": "Point", "coordinates": [ -52.482530974685872, -24.809377287028145 ] } },
{ "type": "Feature", "properties": { "nome_pa": "FAZENDA CHAPADÃO", "tipo": "Marco" }, "geometry": { "type": "Point", "coordinates": [ -52.489578778034605, -24.827566107476883 ] } },
{ "type": "Feature", "properties": { "nome_pa": "FAZENDA CHAPADÃO", "tipo": "Marco" }, "geometry": { "type": "Point", "coordinates": [ -52.494032193383831, -24.823959956255777 ] } },
{ "type": "Feature", "properties": { "nome_pa": "FAZENDA CHAPADÃO", "tipo": "Marco" }, "geometry": { "type": "Point", "coordinates": [ -52.485332671338291, -24.830224844213827 ] } },
{ "type": "Feature", "properties": { "nome_pa": "FAZENDA CHAPADÃO", "tipo": "Marco" }, "geometry": { "type": "Point", "coordinates": [ -52.489370216498443, -24.816829577713879 ] } },
{ "type": "Feature", "properties": { "nome_pa": "FAZENDA CHAPADÃO", "tipo": "Marco" }, "geometry": { "type": "Point", "coordinates": [ -52.4920813333, -24.814898638799992 ] } },
{ "type": "Feature", "properties": { "nome_pa": "FAZENDA CHAPADÃO", "tipo": "Marco" }, "geometry": { "type": "Point", "coordinates": [ -52.472876128683922, -24.784507761032689 ] } },
{ "type": "Feature", "properties": { "nome_pa": "FAZENDA CHAPADÃO", "tipo": "Marco" }, "geometry": { "type": "Point", "coordinates": [ -52.426548533868996, -24.821526306114752 ] } },
{ "type": "Feature", "properties": { "nome_pa": "FAZENDA CHAPADÃO", "tipo": "Marco" }, "geometry": { "type": "Point", "coordinates": [ -52.403844712741723, -24.817909217407831 ] } },
{ "type": "Feature", "properties": { "nome_pa": "FAZENDA CHAPADÃO", "tipo": "Marco" }, "geometry": { "type": "Point", "coordinates": [ -52.48564389, -24.83070944 ] } },
{ "type": "Feature", "properties": { "nome_pa": "FAZENDA CHAPADÃO", "tipo": "Marco" }, "geometry": { "type": "Point", "coordinates": [ -52.449865485101526, -24.775717851885076 ] } },
{ "type": "Feature", "properties": { "nome_pa": "FAZENDA CHAPADÃO", "tipo": "Marco" }, "geometry": { "type": "Point", "coordinates": [ -52.46890944, -24.81192 ] } },
{ "type": "Feature", "properties": { "nome_pa": "FAZENDA CHAPADÃO", "tipo": "Marco" }, "geometry": { "type": "Point", "coordinates": [ -52.449742017879529, -24.775760101801435 ] } },
{ "type": "Feature", "properties": { "nome_pa": "FAZENDA CHAPADÃO", "tipo": "Marco" }, "geometry": { "type": "Point", "coordinates": [ -52.430750337658985, -24.772568718403495 ] } },
{ "type": "Feature", "properties": { "nome_pa": "FAZENDA CHAPADÃO", "tipo": "Marco" }, "geometry": { "type": "Point", "coordinates": [ -52.455523691588432, -24.806560085609611 ] } },
{ "type": "Feature", "properties": { "nome_pa": "FAZENDA CHAPADÃO", "tipo": "Marco" }, "geometry": { "type": "Point", "coordinates": [ -52.463390310534024, -24.80954928580346 ] } },
{ "type": "Feature", "properties": { "nome_pa": "FAZENDA CHAPADÃO", "tipo": "Marco" }, "geometry": { "type": "Point", "coordinates": [ -52.44683482426975, -24.824583505803776 ] } },
{ "type": "Feature", "properties": { "nome_pa": "FAZENDA CHAPADÃO", "tipo": "Marco" }, "geometry": { "type": "Point", "coordinates": [ -52.439679684272924, -24.775485782937725 ] } },
{ "type": "Feature", "properties": { "nome_pa": "FAZENDA CHAPADÃO", "tipo": "Marco" }, "geometry": { "type": "Point", "coordinates": [ -52.442569165494881, -24.820513893285689 ] } },
{ "type": "Feature", "properties": { "nome_pa": "FAZENDA CHAPADÃO", "tipo": "Marco" }, "geometry": { "type": "Point", "coordinates": [ -52.44500501618294, -24.823035950750828 ] } },
{ "type": "Feature", "properties": { "nome_pa": "FAZENDA CHAPADÃO", "tipo": "Marco" }, "geometry": { "type": "Point", "coordinates": [ -52.42018805095848, -24.821588879462507 ] } },
{ "type": "Feature", "properties": { "nome_pa": "FAZENDA CHAPADÃO", "tipo": "Marco" }, "geometry": { "type": "Point", "coordinates": [ -52.418363475377959, -24.832723202242732 ] } },
{ "type": "Feature", "properties": { "nome_pa": "FAZENDA CHAPADÃO", "tipo": "Marco" }, "geometry": { "type": "Point", "coordinates": [ -52.426453618602501, -24.821462732139778 ] } },
{ "type": "Feature", "properties": { "nome_pa": "FAZENDA CHAPADÃO", "tipo": "Marco" }, "geometry": { "type": "Point", "coordinates": [ -52.466226704923784, -24.805269721648706 ] } },
{ "type": "Feature", "properties": { "nome_pa": "FAZENDA CHAPADÃO", "tipo": "Marco" }, "geometry": { "type": "Point", "coordinates": [ -52.447504077431667, -24.788781687942475 ] } },
{ "type": "Feature", "properties": { "nome_pa": "FAZENDA CHAPADÃO", "tipo": "Marco" }, "geometry": { "type": "Point", "coordinates": [ -52.46435535334188, -24.787925492359001 ] } },
{ "type": "Feature", "properties": { "nome_pa": "FAZENDA CHAPADÃO", "tipo": "Marco" }, "geometry": { "type": "Point", "coordinates": [ -52.464034587848793, -24.793801023425953 ] } },
{ "type": "Feature", "properties": { "nome_pa": "FAZENDA CHAPADÃO", "tipo": "Marco" }, "geometry": { "type": "Point", "coordinates": [ -52.442216116054531, -24.818476102720989 ] } },
{ "type": "Feature", "properties": { "nome_pa": "FAZENDA CHAPADÃO", "tipo": "Marco" }, "geometry": { "type": "Point", "coordinates": [ -52.444600864124013, -24.778198805163075 ] } },
{ "type": "Feature", "properties": { "nome_pa": "FAZENDA CHAPADÃO", "tipo": "Marco" }, "geometry": { "type": "Point", "coordinates": [ -52.433663915041372, -24.773250620634965 ] } },
{ "type": "Feature", "properties": { "nome_pa": "FAZENDA CHAPADÃO", "tipo": "Marco" }, "geometry": { "type": "Point", "coordinates": [ -52.432419300575624, -24.775155784063568 ] } },
{ "type": "Feature", "properties": { "nome_pa": "FAZENDA CHAPADÃO", "tipo": "Marco" }, "geometry": { "type": "Point", "coordinates": [ -52.440341173059892, -24.783651052404224 ] } },
{ "type": "Feature", "properties": { "nome_pa": "FAZENDA CHAPADÃO", "tipo": "Marco" }, "geometry": { "type": "Point", "coordinates": [ -52.443283257174194, -24.759137423038077 ] } },
{ "type": "Feature", "properties": { "nome_pa": "FAZENDA CHAPADÃO", "tipo": "Marco" }, "geometry": { "type": "Point", "coordinates": [ -52.476903241331229, -24.808858085827868 ] } },
{ "type": "Feature", "properties": { "nome_pa": "FAZENDA CHAPADÃO", "tipo": "Marco" }, "geometry": { "type": "Point", "coordinates": [ -52.432854713636424, -24.781365615925345 ] } },
{ "type": "Feature", "properties": { "nome_pa": "FAZENDA CHAPADÃO", "tipo": "Marco" }, "geometry": { "type": "Point", "coordinates": [ -52.407286431388819, -24.816265707916251 ] } },
{ "type": "Feature", "properties": { "nome_pa": "FAZENDA CHAPADÃO", "tipo": "Marco" }, "geometry": { "type": "Point", "coordinates": [ -52.433659180553462, -24.783742019893587 ] } },
{ "type": "Feature", "properties": { "nome_pa": "FAZENDA CHAPADÃO", "tipo": "Marco" }, "geometry": { "type": "Point", "coordinates": [ -52.439205900308984, -24.793395482266654 ] } },
{ "type": "Feature", "properties": { "nome_pa": "FAZENDA CHAPADÃO", "tipo": "Marco" }, "geometry": { "type": "Point", "coordinates": [ -52.410284486111109, -24.819274780555549 ] } },
{ "type": "Feature", "properties": { "nome_pa": "FAZENDA CHAPADÃO", "tipo": "Marco" }, "geometry": { "type": "Point", "coordinates": [ -52.430283125607581, -24.828159261050189 ] } },
{ "type": "Feature", "properties": { "nome_pa": "FAZENDA CHAPADÃO", "tipo": "Marco" }, "geometry": { "type": "Point", "coordinates": [ -52.43018173436721, -24.828250020136942 ] } },
{ "type": "Feature", "properties": { "nome_pa": "FAZENDA CHAPADÃO", "tipo": "Marco" }, "geometry": { "type": "Point", "coordinates": [ -52.437385805747908, -24.8245323628494 ] } },
{ "type": "Feature", "properties": { "nome_pa": "FAZENDA CHAPADÃO", "tipo": "Marco" }, "geometry": { "type": "Point", "coordinates": [ -52.438141767027126, -24.823254995341458 ] } },
{ "type": "Feature", "properties": { "nome_pa": "FAZENDA CHAPADÃO", "tipo": "Marco" }, "geometry": { "type": "Point", "coordinates": [ -52.481351066523331, -24.819035743197944 ] } },
{ "type": "Feature", "properties": { "nome_pa": "FAZENDA CHAPADÃO", "tipo": "Marco" }, "geometry": { "type": "Point", "coordinates": [ -52.431170139019208, -24.827222425183137 ] } },
{ "type": "Feature", "properties": { "nome_pa": "FAZENDA CHAPADÃO", "tipo": "Marco" }, "geometry": { "type": "Point", "coordinates": [ -52.431095123194609, -24.827305130881239 ] } },
{ "type": "Feature", "properties": { "nome_pa": "FAZENDA CHAPADÃO", "tipo": "Marco" }, "geometry": { "type": "Point", "coordinates": [ -52.4457394705925, -24.773271081125436 ] } },
{ "type": "Feature", "properties": { "nome_pa": "FAZENDA CHAPADÃO", "tipo": "Marco" }, "geometry": { "type": "Point", "coordinates": [ -52.475247080055432, -24.797151875912721 ] } },
{ "type": "Feature", "properties": { "nome_pa": "FAZENDA CHAPADÃO", "tipo": "Marco" }, "geometry": { "type": "Point", "coordinates": [ -52.472652569579346, -24.7909888867127 ] } },
{ "type": "Feature", "properties": { "nome_pa": "FAZENDA CHAPADÃO", "tipo": "Marco" }, "geometry": { "type": "Point", "coordinates": [ -52.420027178525572, -24.819100052954894 ] } },
{ "type": "Feature", "properties": { "nome_pa": "FAZENDA CHAPADÃO", "tipo": "Marco" }, "geometry": { "type": "Point", "coordinates": [ -52.425268394923428, -24.818223247646245 ] } },
{ "type": "Feature", "properties": { "nome_pa": "FAZENDA CHAPADÃO", "tipo": "Marco" }, "geometry": { "type": "Point", "coordinates": [ -52.430104059047316, -24.818002565081333 ] } },
{ "type": "Feature", "properties": { "nome_pa": "FAZENDA CHAPADÃO", "tipo": "Marco" }, "geometry": { "type": "Point", "coordinates": [ -52.431357031682658, -24.821754548350643 ] } },
{ "type": "Feature", "properties": { "nome_pa": "FAZENDA CHAPADÃO", "tipo": "Marco" }, "geometry": { "type": "Point", "coordinates": [ -52.441204304055212, -24.81720185249435 ] } },
{ "type": "Feature", "properties": { "nome_pa": "FAZENDA CHAPADÃO", "tipo": "Marco" }, "geometry": { "type": "Point", "coordinates": [ -52.435456830555559, -24.812900366666661 ] } },
{ "type": "Feature", "properties": { "nome_pa": "FAZENDA CHAPADÃO", "tipo": "Marco" }, "geometry": { "type": "Point", "coordinates": [ -52.431869666957326, -24.782096016593396 ] } },
{ "type": "Feature", "properties": { "nome_pa": "FAZENDA CHAPADÃO", "tipo": "Marco" }, "geometry": { "type": "Point", "coordinates": [ -52.448469810372764, -24.772787347848471 ] } },
{ "type": "Feature", "properties": { "nome_pa": "FAZENDA CHAPADÃO", "tipo": "Marco" }, "geometry": { "type": "Point", "coordinates": [ -52.449033788125547, -24.775096478709475 ] } },
{ "type": "Feature", "properties": { "nome_pa": "FAZENDA CHAPADÃO", "tipo": "Marco" }, "geometry": { "type": "Point", "coordinates": [ -52.475043012627275, -24.803292665109847 ] } },
{ "type": "Feature", "properties": { "nome_pa": "FAZENDA CHAPADÃO", "tipo": "Marco" }, "geometry": { "type": "Point", "coordinates": [ -52.444265480247026, -24.785448958288768 ] } },
{ "type": "Feature", "properties": { "nome_pa": "FAZENDA CHAPADÃO", "tipo": "Marco" }, "geometry": { "type": "Point", "coordinates": [ -52.424963791923574, -24.818262440216365 ] } },
{ "type": "Feature", "properties": { "nome_pa": "FAZENDA CHAPADÃO", "tipo": "Marco" }, "geometry": { "type": "Point", "coordinates": [ -52.445465458654944, -24.820095236135366 ] } },
{ "type": "Feature", "properties": { "nome_pa": "FAZENDA CHAPADÃO", "tipo": "Marco" }, "geometry": { "type": "Point", "coordinates": [ -52.480228797234254, -24.82465910143225 ] } },
{ "type": "Feature", "properties": { "nome_pa": "FAZENDA CHAPADÃO", "tipo": "Marco" }, "geometry": { "type": "Point", "coordinates": [ -52.419581641669502, -24.808320583694968 ] } },
{ "type": "Feature", "properties": { "nome_pa": "FAZENDA CHAPADÃO", "tipo": "Marco" }, "geometry": { "type": "Point", "coordinates": [ -52.423683113888892, -24.805838055555547 ] } },
{ "type": "Feature", "properties": { "nome_pa": "FAZENDA CHAPADÃO", "tipo": "Marco" }, "geometry": { "type": "Point", "coordinates": [ -52.432070335056046, -24.826054809507571 ] } },
{ "type": "Feature", "properties": { "nome_pa": "FAZENDA CHAPADÃO", "tipo": "Marco" }, "geometry": { "type": "Point", "coordinates": [ -52.481295241813882, -24.823219261978728 ] } },
{ "type": "Feature", "properties": { "nome_pa": "FAZENDA CHAPADÃO", "tipo": "Marco" }, "geometry": { "type": "Point", "coordinates": [ -52.466970893293599, -24.786765772590098 ] } },
{ "type": "Feature", "properties": { "nome_pa": "FAZENDA CHAPADÃO", "tipo": "Marco" }, "geometry": { "type": "Point", "coordinates": [ -52.476411379032626, -24.79386942646309 ] } },
{ "type": "Feature", "properties": { "nome_pa": "FAZENDA CHAPADÃO", "tipo": "Marco" }, "geometry": { "type": "Point", "coordinates": [ -52.453221199221815, -24.805751347813501 ] } },
{ "type": "Feature", "properties": { "nome_pa": "FAZENDA CHAPADÃO", "tipo": "Marco" }, "geometry": { "type": "Point", "coordinates": [ -52.445692914501187, -24.820291765928236 ] } },
{ "type": "Feature", "properties": { "nome_pa": "FAZENDA CHAPADÃO", "tipo": "Marco" }, "geometry": { "type": "Point", "coordinates": [ -52.433943690351214, -24.825587121992385 ] } },
{ "type": "Feature", "properties": { "nome_pa": "FAZENDA CHAPADÃO", "tipo": "Marco" }, "geometry": { "type": "Point", "coordinates": [ -52.460127069054494, -24.785574830285601 ] } },
{ "type": "Feature", "properties": { "nome_pa": "FAZENDA CHAPADÃO", "tipo": "Marco" }, "geometry": { "type": "Point", "coordinates": [ -52.485529927178298, -24.817576711343516 ] } },
{ "type": "Feature", "properties": { "nome_pa": "FAZENDA CHAPADÃO", "tipo": "Marco" }, "geometry": { "type": "Point", "coordinates": [ -52.407939277994707, -24.823649900769972 ] } },
{ "type": "Feature", "properties": { "nome_pa": "FAZENDA CHAPADÃO", "tipo": "Marco" }, "geometry": { "type": "Point", "coordinates": [ -52.454638534372087, -24.807421373850133 ] } },
{ "type": "Feature", "properties": { "nome_pa": "FAZENDA CHAPADÃO", "tipo": "Marco" }, "geometry": { "type": "Point", "coordinates": [ -52.452440502142757, -24.805546632929197 ] } },
{ "type": "Feature", "properties": { "nome_pa": "FAZENDA CHAPADÃO", "tipo": "Marco" }, "geometry": { "type": "Point", "coordinates": [ -52.447016552711204, -24.793108262863701 ] } },
{ "type": "Feature", "properties": { "nome_pa": "FAZENDA CHAPADÃO", "tipo": "Marco" }, "geometry": { "type": "Point", "coordinates": [ -52.428472402777778, -24.832140858333329 ] } },
{ "type": "Feature", "properties": { "nome_pa": "FAZENDA CHAPADÃO", "tipo": "Marco" }, "geometry": { "type": "Point", "coordinates": [ -52.44756294069667, -24.793050598434132 ] } },
{ "type": "Feature", "properties": { "nome_pa": "FAZENDA CHAPADÃO", "tipo": "Marco" }, "geometry": { "type": "Point", "coordinates": [ -52.441594978418706, -24.77836687060412 ] } },
{ "type": "Feature", "properties": { "nome_pa": "FAZENDA CHAPADÃO", "tipo": "Marco" }, "geometry": { "type": "Point", "coordinates": [ -52.427142812704083, -24.835205272097383 ] } },
{ "type": "Feature", "properties": { "nome_pa": "FAZENDA CHAPADÃO", "tipo": "Marco" }, "geometry": { "type": "Point", "coordinates": [ -52.425970116666676, -24.837884058333337 ] } },
{ "type": "Feature", "properties": { "nome_pa": "FAZENDA CHAPADÃO", "tipo": "Marco" }, "geometry": { "type": "Point", "coordinates": [ -52.41527435440976, -24.830053762428083 ] } },
{ "type": "Feature", "properties": { "nome_pa": "FAZENDA CHAPADÃO", "tipo": "Marco" }, "geometry": { "type": "Point", "coordinates": [ -52.437398120485902, -24.824396182805579 ] } },
{ "type": "Feature", "properties": { "nome_pa": "FAZENDA CHAPADÃO", "tipo": "Marco" }, "geometry": { "type": "Point", "coordinates": [ -52.422925397753488, -24.831585692144156 ] } },
{ "type": "Feature", "properties": { "nome_pa": "FAZENDA CHAPADÃO", "tipo": "Marco" }, "geometry": { "type": "Point", "coordinates": [ -52.427888108333335, -24.82993472222222 ] } },
{ "type": "Feature", "properties": { "nome_pa": "FAZENDA CHAPADÃO", "tipo": "Marco" }, "geometry": { "type": "Point", "coordinates": [ -52.465380683764337, -24.779504228441343 ] } },
{ "type": "Feature", "properties": { "nome_pa": "FAZENDA CHAPADÃO", "tipo": "Marco" }, "geometry": { "type": "Point", "coordinates": [ -52.449997337567716, -24.794008605986484 ] } },
{ "type": "Feature", "properties": { "nome_pa": "FAZENDA CHAPADÃO", "tipo": "Marco" }, "geometry": { "type": "Point", "coordinates": [ -52.453500548623907, -24.791552403676143 ] } },
{ "type": "Feature", "properties": { "nome_pa": "FAZENDA CHAPADÃO", "tipo": "Marco" }, "geometry": { "type": "Point", "coordinates": [ -52.487045638882314, -24.815123910153293 ] } },
{ "type": "Feature", "properties": { "nome_pa": "FAZENDA CHAPADÃO", "tipo": "Marco" }, "geometry": { "type": "Point", "coordinates": [ -52.465696931625146, -24.781706670398314 ] } },
{ "type": "Feature", "properties": { "nome_pa": "FAZENDA CHAPADÃO", "tipo": "Marco" }, "geometry": { "type": "Point", "coordinates": [ -52.411216713246638, -24.826511480378322 ] } },
{ "type": "Feature", "properties": { "nome_pa": "FAZENDA CHAPADÃO", "tipo": "Marco" }, "geometry": { "type": "Point", "coordinates": [ -52.460780702367401, -24.796100854978043 ] } },
{ "type": "Feature", "properties": { "nome_pa": "FAZENDA CHAPADÃO", "tipo": "Marco" }, "geometry": { "type": "Point", "coordinates": [ -52.444029592409862, -24.766933721760257 ] } },
{ "type": "Feature", "properties": { "nome_pa": "FAZENDA CHAPADÃO", "tipo": "Marco" }, "geometry": { "type": "Point", "coordinates": [ -52.414985989092131, -24.829804316445962 ] } },
{ "type": "Feature", "properties": { "nome_pa": "FAZENDA CHAPADÃO", "tipo": "Marco" }, "geometry": { "type": "Point", "coordinates": [ -52.448969474936042, -24.788244051524476 ] } },
{ "type": "Feature", "properties": { "nome_pa": "FAZENDA CHAPADÃO", "tipo": "Marco" }, "geometry": { "type": "Point", "coordinates": [ -52.412009179330745, -24.827205328861737 ] } },
{ "type": "Feature", "properties": { "nome_pa": "FAZENDA CHAPADÃO", "tipo": "Marco" }, "geometry": { "type": "Point", "coordinates": [ -52.447608070702252, -24.788727650230619 ] } },
{ "type": "Feature", "properties": { "nome_pa": "FAZENDA CHAPADÃO", "tipo": "Marco" }, "geometry": { "type": "Point", "coordinates": [ -52.47581553513696, -24.789737252844841 ] } },
{ "type": "Feature", "properties": { "nome_pa": "FAZENDA CHAPADÃO", "tipo": "Marco" }, "geometry": { "type": "Point", "coordinates": [ -52.479937755977907, -24.811190914222724 ] } },
{ "type": "Feature", "properties": { "nome_pa": "FAZENDA CHAPADÃO", "tipo": "Marco" }, "geometry": { "type": "Point", "coordinates": [ -52.436626693110263, -24.807074801509604 ] } },
{ "type": "Feature", "properties": { "nome_pa": "FAZENDA CHAPADÃO", "tipo": "Marco" }, "geometry": { "type": "Point", "coordinates": [ -52.464030462795378, -24.782178880623704 ] } },
{ "type": "Feature", "properties": { "nome_pa": "FAZENDA CHAPADÃO", "tipo": "Marco" }, "geometry": { "type": "Point", "coordinates": [ -52.445865789712634, -24.794628372299183 ] } },
{ "type": "Feature", "properties": { "nome_pa": "FAZENDA CHAPADÃO", "tipo": "Marco" }, "geometry": { "type": "Point", "coordinates": [ -52.44055153818816, -24.794834040836594 ] } },
{ "type": "Feature", "properties": { "nome_pa": "FAZENDA CHAPADÃO", "tipo": "Marco" }, "geometry": { "type": "Point", "coordinates": [ -52.420037852597183, -24.793637959825517 ] } },
{ "type": "Feature", "properties": { "nome_pa": "FAZENDA CHAPADÃO", "tipo": "Marco" }, "geometry": { "type": "Point", "coordinates": [ -52.444298312468163, -24.775823168536309 ] } },
{ "type": "Feature", "properties": { "nome_pa": "FAZENDA CHAPADÃO", "tipo": "Marco" }, "geometry": { "type": "Point", "coordinates": [ -52.419942345147469, -24.827215776948684 ] } },
{ "type": "Feature", "properties": { "nome_pa": "FAZENDA CHAPADÃO", "tipo": "Marco" }, "geometry": { "type": "Point", "coordinates": [ -52.420723832882047, -24.826363814520722 ] } },
{ "type": "Feature", "properties": { "nome_pa": "FAZENDA CHAPADÃO", "tipo": "Marco" }, "geometry": { "type": "Point", "coordinates": [ -52.438011055609955, -24.77715553750301 ] } },
{ "type": "Feature", "properties": { "nome_pa": "FAZENDA CHAPADÃO", "tipo": "Marco" }, "geometry": { "type": "Point", "coordinates": [ -52.419327421137027, -24.827519779493205 ] } },
{ "type": "Feature", "properties": { "nome_pa": "FAZENDA CHAPADÃO", "tipo": "Marco" }, "geometry": { "type": "Point", "coordinates": [ -52.419468532526359, -24.82709035130534 ] } },
{ "type": "Feature", "properties": { "nome_pa": "FAZENDA CHAPADÃO", "tipo": "Marco" }, "geometry": { "type": "Point", "coordinates": [ -52.420372306470831, -24.824831878944838 ] } },
{ "type": "Feature", "properties": { "nome_pa": "FAZENDA CHAPADÃO", "tipo": "Marco" }, "geometry": { "type": "Point", "coordinates": [ -52.425469624041568, -24.824363682605838 ] } },
{ "type": "Feature", "properties": { "nome_pa": "FAZENDA CHAPADÃO", "tipo": "Marco" }, "geometry": { "type": "Point", "coordinates": [ -52.436690394666051, -24.805876393814351 ] } },
{ "type": "Feature", "properties": { "nome_pa": "FAZENDA CHAPADÃO", "tipo": "Marco" }, "geometry": { "type": "Point", "coordinates": [ -52.486104941297569, -24.785314579035116 ] } },
{ "type": "Feature", "properties": { "nome_pa": "FAZENDA CHAPADÃO", "tipo": "Marco" }, "geometry": { "type": "Point", "coordinates": [ -52.43641330614588, -24.805385070295422 ] } },
{ "type": "Feature", "properties": { "nome_pa": "FAZENDA CHAPADÃO", "tipo": "Marco" }, "geometry": { "type": "Point", "coordinates": [ -52.420800526464511, -24.83004553751832 ] } },
{ "type": "Feature", "properties": { "nome_pa": "FAZENDA CHAPADÃO", "tipo": "Marco" }, "geometry": { "type": "Point", "coordinates": [ -52.444754341862669, -24.809255019825994 ] } },
{ "type": "Feature", "properties": { "nome_pa": "FAZENDA CHAPADÃO", "tipo": "Marco" }, "geometry": { "type": "Point", "coordinates": [ -52.419354231190553, -24.828472461643464 ] } },
{ "type": "Feature", "properties": { "nome_pa": "FAZENDA CHAPADÃO", "tipo": "Marco" }, "geometry": { "type": "Point", "coordinates": [ -52.450395594134129, -24.78692993851914 ] } },
{ "type": "Feature", "properties": { "nome_pa": "FAZENDA CHAPADÃO", "tipo": "Marco" }, "geometry": { "type": "Point", "coordinates": [ -52.44627006119476, -24.796320243488374 ] } },
{ "type": "Feature", "properties": { "nome_pa": "FAZENDA CHAPADÃO", "tipo": "Marco" }, "geometry": { "type": "Point", "coordinates": [ -52.42112040517889, -24.826712366896963 ] } },
{ "type": "Feature", "properties": { "nome_pa": "FAZENDA CHAPADÃO", "tipo": "Marco" }, "geometry": { "type": "Point", "coordinates": [ -52.420969814731414, -24.827856417236283 ] } },
{ "type": "Feature", "properties": { "nome_pa": "FAZENDA CHAPADÃO", "tipo": "Marco" }, "geometry": { "type": "Point", "coordinates": [ -52.457648765882482, -24.80428578860937 ] } },
{ "type": "Feature", "properties": { "nome_pa": "FAZENDA CHAPADÃO", "tipo": "Marco" }, "geometry": { "type": "Point", "coordinates": [ -52.437213641713733, -24.762825232948558 ] } },
{ "type": "Feature", "properties": { "nome_pa": "FAZENDA CHAPADÃO", "tipo": "Marco" }, "geometry": { "type": "Point", "coordinates": [ -52.422547104070603, -24.787971132117562 ] } },
{ "type": "Feature", "properties": { "nome_pa": "FAZENDA CHAPADÃO", "tipo": "Marco" }, "geometry": { "type": "Point", "coordinates": [ -52.421243617930998, -24.830006986120999 ] } },
{ "type": "Feature", "properties": { "nome_pa": "FAZENDA CHAPADÃO", "tipo": "Marco" }, "geometry": { "type": "Point", "coordinates": [ -52.481354034840457, -24.830179673392536 ] } },
{ "type": "Feature", "properties": { "nome_pa": "FAZENDA CHAPADÃO", "tipo": "Marco" }, "geometry": { "type": "Point", "coordinates": [ -52.459400105692396, -24.797432189 ] } },
{ "type": "Feature", "properties": { "nome_pa": "FAZENDA CHAPADÃO", "tipo": "Marco" }, "geometry": { "type": "Point", "coordinates": [ -52.437739964115877, -24.77100720774175 ] } },
{ "type": "Feature", "properties": { "nome_pa": "FAZENDA CHAPADÃO", "tipo": "Marco" }, "geometry": { "type": "Point", "coordinates": [ -52.444757753694319, -24.822800595330015 ] } },
{ "type": "Feature", "properties": { "nome_pa": "FAZENDA CHAPADÃO", "tipo": "Marco" }, "geometry": { "type": "Point", "coordinates": [ -52.437543731208692, -24.773371473619829 ] } },
{ "type": "Feature", "properties": { "nome_pa": "FAZENDA CHAPADÃO", "tipo": "Marco" }, "geometry": { "type": "Point", "coordinates": [ -52.452075484481803, -24.796645343550825 ] } },
{ "type": "Feature", "properties": { "nome_pa": "FAZENDA CHAPADÃO", "tipo": "Marco" }, "geometry": { "type": "Point", "coordinates": [ -52.437675110345879, -24.772492066208237 ] } },
{ "type": "Feature", "properties": { "nome_pa": "FAZENDA CHAPADÃO", "tipo": "Marco" }, "geometry": { "type": "Point", "coordinates": [ -52.459884555202031, -24.798422976541158 ] } },
{ "type": "Feature", "properties": { "nome_pa": "FAZENDA CHAPADÃO", "tipo": "Marco" }, "geometry": { "type": "Point", "coordinates": [ -52.441541511323507, -24.806429757364555 ] } },
{ "type": "Feature", "properties": { "nome_pa": "FAZENDA CHAPADÃO", "tipo": "Marco" }, "geometry": { "type": "Point", "coordinates": [ -52.413444800755329, -24.825626776120725 ] } },
{ "type": "Feature", "properties": { "nome_pa": "FAZENDA CHAPADÃO", "tipo": "Marco" }, "geometry": { "type": "Point", "coordinates": [ -52.459025848738037, -24.806024183546953 ] } },
{ "type": "Feature", "properties": { "nome_pa": "FAZENDA CHAPADÃO", "tipo": "Marco" }, "geometry": { "type": "Point", "coordinates": [ -52.454534218452977, -24.784131162869304 ] } },
{ "type": "Feature", "properties": { "nome_pa": "FAZENDA CHAPADÃO", "tipo": "Marco" }, "geometry": { "type": "Point", "coordinates": [ -52.419870004526075, -24.827974471965554 ] } },
{ "type": "Feature", "properties": { "nome_pa": "FAZENDA CHAPADÃO", "tipo": "Marco" }, "geometry": { "type": "Point", "coordinates": [ -52.411956531764794, -24.827157247345362 ] } },
{ "type": "Feature", "properties": { "nome_pa": "FAZENDA CHAPADÃO", "tipo": "Marco" }, "geometry": { "type": "Point", "coordinates": [ -52.461348539536957, -24.797835410342461 ] } },
{ "type": "Feature", "properties": { "nome_pa": "FAZENDA CHAPADÃO", "tipo": "Marco" }, "geometry": { "type": "Point", "coordinates": [ -52.458409416623603, -24.803399329012493 ] } },
{ "type": "Feature", "properties": { "nome_pa": "FAZENDA CHAPADÃO", "tipo": "Marco" }, "geometry": { "type": "Point", "coordinates": [ -52.466021771333722, -24.807344562537537 ] } },
{ "type": "Feature", "properties": { "nome_pa": "FAZENDA CHAPADÃO", "tipo": "Marco" }, "geometry": { "type": "Point", "coordinates": [ -52.442383666640481, -24.792486992064571 ] } },
{ "type": "Feature", "properties": { "nome_pa": "FAZENDA CHAPADÃO", "tipo": "Marco" }, "geometry": { "type": "Point", "coordinates": [ -52.437511117235289, -24.774458766239587 ] } },
{ "type": "Feature", "properties": { "nome_pa": "FAZENDA CHAPADÃO", "tipo": "Marco" }, "geometry": { "type": "Point", "coordinates": [ -52.461823138134484, -24.795504303207629 ] } },
{ "type": "Feature", "properties": { "nome_pa": "FAZENDA CHAPADÃO", "tipo": "Marco" }, "geometry": { "type": "Point", "coordinates": [ -52.416261153883987, -24.826323304209176 ] } },
{ "type": "Feature", "properties": { "nome_pa": "FAZENDA CHAPADÃO", "tipo": "Marco" }, "geometry": { "type": "Point", "coordinates": [ -52.449361305512497, -24.788193559804007 ] } },
{ "type": "Feature", "properties": { "nome_pa": "FAZENDA CHAPADÃO", "tipo": "Marco" }, "geometry": { "type": "Point", "coordinates": [ -52.461152190874117, -24.796123040878129 ] } },
{ "type": "Feature", "properties": { "nome_pa": "FAZENDA CHAPADÃO", "tipo": "Marco" }, "geometry": { "type": "Point", "coordinates": [ -52.452117952280979, -24.789729484869362 ] } },
{ "type": "Feature", "properties": { "nome_pa": "FAZENDA CHAPADÃO", "tipo": "Marco" }, "geometry": { "type": "Point", "coordinates": [ -52.461250481990383, -24.795317944390433 ] } },
{ "type": "Feature", "properties": { "nome_pa": "FAZENDA CHAPADÃO", "tipo": "Marco" }, "geometry": { "type": "Point", "coordinates": [ -52.439137577673023, -24.785786834522529 ] } },
{ "type": "Feature", "properties": { "nome_pa": "FAZENDA CHAPADÃO", "tipo": "Marco" }, "geometry": { "type": "Point", "coordinates": [ -52.438112459480372, -24.762746815351893 ] } },
{ "type": "Feature", "properties": { "nome_pa": "FAZENDA CHAPADÃO", "tipo": "Marco" }, "geometry": { "type": "Point", "coordinates": [ -52.41483945, -24.821795375 ] } },
{ "type": "Feature", "properties": { "nome_pa": "FAZENDA CHAPADÃO", "tipo": "Marco" }, "geometry": { "type": "Point", "coordinates": [ -52.440468763944331, -24.775035454249331 ] } },
{ "type": "Feature", "properties": { "nome_pa": "FAZENDA CHAPADÃO", "tipo": "Marco" }, "geometry": { "type": "Point", "coordinates": [ -52.420689653564253, -24.830119459299986 ] } },
{ "type": "Feature", "properties": { "nome_pa": "FAZENDA CHAPADÃO", "tipo": "Marco" }, "geometry": { "type": "Point", "coordinates": [ -52.444982666950885, -24.764275556397042 ] } },
{ "type": "Feature", "properties": { "nome_pa": "FAZENDA CHAPADÃO", "tipo": "Marco" }, "geometry": { "type": "Point", "coordinates": [ -52.420088551650096, -24.830100096260757 ] } },
{ "type": "Feature", "properties": { "nome_pa": "FAZENDA CHAPADÃO", "tipo": "Marco" }, "geometry": { "type": "Point", "coordinates": [ -52.439021241272314, -24.762703096425437 ] } },
{ "type": "Feature", "properties": { "nome_pa": "FAZENDA CHAPADÃO", "tipo": "Marco" }, "geometry": { "type": "Point", "coordinates": [ -52.482567997395428, -24.792985802864141 ] } },
{ "type": "Feature", "properties": { "nome_pa": "FAZENDA CHAPADÃO", "tipo": "Marco" }, "geometry": { "type": "Point", "coordinates": [ -52.439859861218068, -24.784519478636213 ] } },
{ "type": "Feature", "properties": { "nome_pa": "FAZENDA CHAPADÃO", "tipo": "Marco" }, "geometry": { "type": "Point", "coordinates": [ -52.401441155081457, -24.806747311058928 ] } },
{ "type": "Feature", "properties": { "nome_pa": "FAZENDA CHAPADÃO", "tipo": "Marco" }, "geometry": { "type": "Point", "coordinates": [ -52.427017650973141, -24.814873744194767 ] } },
{ "type": "Feature", "properties": { "nome_pa": "FAZENDA CHAPADÃO", "tipo": "Marco" }, "geometry": { "type": "Point", "coordinates": [ -52.434523353143696, -24.813935068368686 ] } },
{ "type": "Feature", "properties": { "nome_pa": "FAZENDA CHAPADÃO", "tipo": "Marco" }, "geometry": { "type": "Point", "coordinates": [ -52.429557929529111, -24.812063579352117 ] } },
{ "type": "Feature", "properties": { "nome_pa": "FAZENDA CHAPADÃO", "tipo": "Marco" }, "geometry": { "type": "Point", "coordinates": [ -52.482648217221993, -24.82048002956844 ] } },
{ "type": "Feature", "properties": { "nome_pa": "FAZENDA CHAPADÃO", "tipo": "Marco" }, "geometry": { "type": "Point", "coordinates": [ -52.432537509293844, -24.813167076754151 ] } },
{ "type": "Feature", "properties": { "nome_pa": "FAZENDA CHAPADÃO", "tipo": "Marco" }, "geometry": { "type": "Point", "coordinates": [ -52.406937640518066, -24.809500390431452 ] } },
{ "type": "Feature", "properties": { "nome_pa": "FAZENDA CHAPADÃO", "tipo": "Marco" }, "geometry": { "type": "Point", "coordinates": [ -52.434159856261608, -24.790740456927345 ] } },
{ "type": "Feature", "properties": { "nome_pa": "FAZENDA CHAPADÃO", "tipo": "Marco" }, "geometry": { "type": "Point", "coordinates": [ -52.437204197700758, -24.792038328818755 ] } },
{ "type": "Feature", "properties": { "nome_pa": "FAZENDA CHAPADÃO", "tipo": "Marco" }, "geometry": { "type": "Point", "coordinates": [ -52.435623265797702, -24.794616410323293 ] } },
{ "type": "Feature", "properties": { "nome_pa": "FAZENDA CHAPADÃO", "tipo": "Marco" }, "geometry": { "type": "Point", "coordinates": [ -52.482487802115386, -24.821717955933252 ] } },
{ "type": "Feature", "properties": { "nome_pa": "FAZENDA CHAPADÃO", "tipo": "Marco" }, "geometry": { "type": "Point", "coordinates": [ -52.437542997998463, -24.792363188130672 ] } },
{ "type": "Feature", "properties": { "nome_pa": "FAZENDA CHAPADÃO", "tipo": "Marco" }, "geometry": { "type": "Point", "coordinates": [ -52.433564361745979, -24.762859406984376 ] } },
{ "type": "Feature", "properties": { "nome_pa": "FAZENDA CHAPADÃO", "tipo": "Marco" }, "geometry": { "type": "Point", "coordinates": [ -52.432852268012873, -24.82100013521552 ] } },
{ "type": "Feature", "properties": { "nome_pa": "FAZENDA CHAPADÃO", "tipo": "Marco" }, "geometry": { "type": "Point", "coordinates": [ -52.485979711053595, -24.798452390044343 ] } },
{ "type": "Feature", "properties": { "nome_pa": "FAZENDA CHAPADÃO", "tipo": "Marco" }, "geometry": { "type": "Point", "coordinates": [ -52.429552075782759, -24.787738581402763 ] } },
{ "type": "Feature", "properties": { "nome_pa": "FAZENDA CHAPADÃO", "tipo": "Marco" }, "geometry": { "type": "Point", "coordinates": [ -52.443053488368427, -24.817887069405757 ] } },
{ "type": "Feature", "properties": { "nome_pa": "FAZENDA CHAPADÃO", "tipo": "Marco" }, "geometry": { "type": "Point", "coordinates": [ -52.442903988033102, -24.817629728180698 ] } },
{ "type": "Feature", "properties": { "nome_pa": "FAZENDA CHAPADÃO", "tipo": "Marco" }, "geometry": { "type": "Point", "coordinates": [ -52.445521599290934, -24.820149393720577 ] } },
{ "type": "Feature", "properties": { "nome_pa": "FAZENDA CHAPADÃO", "tipo": "Marco" }, "geometry": { "type": "Point", "coordinates": [ -52.444241079786693, -24.818911280738231 ] } },
{ "type": "Feature", "properties": { "nome_pa": "FAZENDA CHAPADÃO", "tipo": "Marco" }, "geometry": { "type": "Point", "coordinates": [ -52.456019773190356, -24.775997952019935 ] } },
{ "type": "Feature", "properties": { "nome_pa": "FAZENDA CHAPADÃO", "tipo": "Marco" }, "geometry": { "type": "Point", "coordinates": [ -52.48198055587627, -24.822342505593824 ] } },
{ "type": "Feature", "properties": { "nome_pa": "FAZENDA CHAPADÃO", "tipo": "Marco" }, "geometry": { "type": "Point", "coordinates": [ -52.414916359752311, -24.787394430003808 ] } },
{ "type": "Feature", "properties": { "nome_pa": "FAZENDA CHAPADÃO", "tipo": "Marco" }, "geometry": { "type": "Point", "coordinates": [ -52.474673826319268, -24.789851798267602 ] } },
{ "type": "Feature", "properties": { "nome_pa": "FAZENDA CHAPADÃO", "tipo": "Marco" }, "geometry": { "type": "Point", "coordinates": [ -52.437052247222219, -24.810316924999988 ] } },
{ "type": "Feature", "properties": { "nome_pa": "FAZENDA CHAPADÃO", "tipo": "Marco" }, "geometry": { "type": "Point", "coordinates": [ -52.48135417, -24.83029833 ] } },
{ "type": "Feature", "properties": { "nome_pa": "FAZENDA CHAPADÃO", "tipo": "Marco" }, "geometry": { "type": "Point", "coordinates": [ -52.4473759571706, -24.825033955924773 ] } },
{ "type": "Feature", "properties": { "nome_pa": "FAZENDA CHAPADÃO", "tipo": "Marco" }, "geometry": { "type": "Point", "coordinates": [ -52.49571653279304, -24.810168402856629 ] } },
{ "type": "Feature", "properties": { "nome_pa": "FAZENDA CHAPADÃO", "tipo": "Marco" }, "geometry": { "type": "Point", "coordinates": [ -52.443692683673504, -24.812469859364089 ] } },
{ "type": "Feature", "properties": { "nome_pa": "FAZENDA CHAPADÃO", "tipo": "Marco" }, "geometry": { "type": "Point", "coordinates": [ -52.437983699563965, -24.770040389958712 ] } },
{ "type": "Feature", "properties": { "nome_pa": "FAZENDA CHAPADÃO", "tipo": "Marco" }, "geometry": { "type": "Point", "coordinates": [ -52.439385814147471, -24.768626621760518 ] } },
{ "type": "Feature", "properties": { "nome_pa": "FAZENDA CHAPADÃO", "tipo": "Marco" }, "geometry": { "type": "Point", "coordinates": [ -52.436765314544083, -24.806150576577124 ] } },
{ "type": "Feature", "properties": { "nome_pa": "FAZENDA CHAPADÃO", "tipo": "Marco" }, "geometry": { "type": "Point", "coordinates": [ -52.416412930767827, -24.786459655039423 ] } },
{ "type": "Feature", "properties": { "nome_pa": "FAZENDA CHAPADÃO", "tipo": "Marco" }, "geometry": { "type": "Point", "coordinates": [ -52.418127403205482, -24.827966958853633 ] } },
{ "type": "Feature", "properties": { "nome_pa": "FAZENDA CHAPADÃO", "tipo": "Marco" }, "geometry": { "type": "Point", "coordinates": [ -52.422819899694282, -24.831676250811025 ] } },
{ "type": "Feature", "properties": { "nome_pa": "FAZENDA CHAPADÃO", "tipo": "Marco" }, "geometry": { "type": "Point", "coordinates": [ -52.449868791902027, -24.764303520867855 ] } },
{ "type": "Feature", "properties": { "nome_pa": "FAZENDA CHAPADÃO", "tipo": "Marco" }, "geometry": { "type": "Point", "coordinates": [ -52.473122397783492, -24.807977641843181 ] } },
{ "type": "Feature", "properties": { "nome_pa": "FAZENDA CHAPADÃO", "tipo": "Marco" }, "geometry": { "type": "Point", "coordinates": [ -52.427196255151124, -24.83510355951325 ] } },
{ "type": "Feature", "properties": { "nome_pa": "FAZENDA CHAPADÃO", "tipo": "Marco" }, "geometry": { "type": "Point", "coordinates": [ -52.482338331512736, -24.78664695581357 ] } },
{ "type": "Feature", "properties": { "nome_pa": "FAZENDA CHAPADÃO", "tipo": "Marco" }, "geometry": { "type": "Point", "coordinates": [ -52.437375344837804, -24.82465073435424 ] } },
{ "type": "Feature", "properties": { "nome_pa": "FAZENDA CHAPADÃO", "tipo": "Marco" }, "geometry": { "type": "Point", "coordinates": [ -52.470120575019962, -24.807150596142812 ] } },
{ "type": "Feature", "properties": { "nome_pa": "FAZENDA CHAPADÃO", "tipo": "Marco" }, "geometry": { "type": "Point", "coordinates": [ -52.425558391819941, -24.798506347462308 ] } },
{ "type": "Feature", "properties": { "nome_pa": "FAZENDA CHAPADÃO", "tipo": "Marco" }, "geometry": { "type": "Point", "coordinates": [ -52.429880869152626, -24.770230327317552 ] } },
{ "type": "Feature", "properties": { "nome_pa": "FAZENDA CHAPADÃO", "tipo": "Marco" }, "geometry": { "type": "Point", "coordinates": [ -52.425964021494394, -24.798494897289864 ] } },
{ "type": "Feature", "properties": { "nome_pa": "FAZENDA CHAPADÃO", "tipo": "Marco" }, "geometry": { "type": "Point", "coordinates": [ -52.468477173825157, -24.788923708075291 ] } },
{ "type": "Feature", "properties": { "nome_pa": "FAZENDA CHAPADÃO", "tipo": "Marco" }, "geometry": { "type": "Point", "coordinates": [ -52.469512008496281, -24.792468025986082 ] } },
{ "type": "Feature", "properties": { "nome_pa": "FAZENDA CHAPADÃO", "tipo": "Marco" }, "geometry": { "type": "Point", "coordinates": [ -52.431756855970171, -24.77127437643599 ] } },
{ "type": "Feature", "properties": { "nome_pa": "FAZENDA CHAPADÃO", "tipo": "Marco" }, "geometry": { "type": "Point", "coordinates": [ -52.436853345604113, -24.806284342403348 ] } },
{ "type": "Feature", "properties": { "nome_pa": "FAZENDA CHAPADÃO", "tipo": "Marco" }, "geometry": { "type": "Point", "coordinates": [ -52.422846361423233, -24.797766929382956 ] } },
{ "type": "Feature", "properties": { "nome_pa": "FAZENDA CHAPADÃO", "tipo": "Marco" }, "geometry": { "type": "Point", "coordinates": [ -52.442533848428923, -24.7929590744492 ] } },
{ "type": "Feature", "properties": { "nome_pa": "FAZENDA CHAPADÃO", "tipo": "Marco" }, "geometry": { "type": "Point", "coordinates": [ -52.45502643114591, -24.782110421739517 ] } },
{ "type": "Feature", "properties": { "nome_pa": "FAZENDA CHAPADÃO", "tipo": "Marco" }, "geometry": { "type": "Point", "coordinates": [ -52.441092369648651, -24.768902083907566 ] } },
{ "type": "Feature", "properties": { "nome_pa": "FAZENDA CHAPADÃO", "tipo": "Marco" }, "geometry": { "type": "Point", "coordinates": [ -52.450993804617717, -24.801862309114636 ] } },
{ "type": "Feature", "properties": { "nome_pa": "FAZENDA CHAPADÃO", "tipo": "Marco" }, "geometry": { "type": "Point", "coordinates": [ -52.456377122202255, -24.805389995291637 ] } },
{ "type": "Feature", "properties": { "nome_pa": "FAZENDA CHAPADÃO", "tipo": "Marco" }, "geometry": { "type": "Point", "coordinates": [ -52.441493570866719, -24.768667654056376 ] } },
{ "type": "Feature", "properties": { "nome_pa": "FAZENDA CHAPADÃO", "tipo": "Marco" }, "geometry": { "type": "Point", "coordinates": [ -52.436752803403309, -24.806333579718899 ] } },
{ "type": "Feature", "properties": { "nome_pa": "FAZENDA CHAPADÃO", "tipo": "Marco" }, "geometry": { "type": "Point", "coordinates": [ -52.436434157463665, -24.806583939250551 ] } },
{ "type": "Feature", "properties": { "nome_pa": "FAZENDA CHAPADÃO", "tipo": "Marco" }, "geometry": { "type": "Point", "coordinates": [ -52.449363884874572, -24.823428435008069 ] } },
{ "type": "Feature", "properties": { "nome_pa": "FAZENDA CHAPADÃO", "tipo": "Marco" }, "geometry": { "type": "Point", "coordinates": [ -52.436928672511591, -24.806460786117711 ] } },
{ "type": "Feature", "properties": { "nome_pa": "FAZENDA CHAPADÃO", "tipo": "Marco" }, "geometry": { "type": "Point", "coordinates": [ -52.441091548813482, -24.776431683423201 ] } },
{ "type": "Feature", "properties": { "nome_pa": "FAZENDA CHAPADÃO", "tipo": "Marco" }, "geometry": { "type": "Point", "coordinates": [ -52.426986385446533, -24.795103508150802 ] } },
{ "type": "Feature", "properties": { "nome_pa": "FAZENDA CHAPADÃO", "tipo": "Marco" }, "geometry": { "type": "Point", "coordinates": [ -52.426934713561323, -24.794741977066217 ] } },
{ "type": "Feature", "properties": { "nome_pa": "FAZENDA CHAPADÃO", "tipo": "Marco" }, "geometry": { "type": "Point", "coordinates": [ -52.427401362569675, -24.798282993844548 ] } },
{ "type": "Feature", "properties": { "nome_pa": "FAZENDA CHAPADÃO", "tipo": "Marco" }, "geometry": { "type": "Point", "coordinates": [ -52.466198760937594, -24.787199885698133 ] } },
{ "type": "Feature", "properties": { "nome_pa": "FAZENDA CHAPADÃO", "tipo": "Marco" }, "geometry": { "type": "Point", "coordinates": [ -52.447652000402449, -24.769415301026886 ] } },
{ "type": "Feature", "properties": { "nome_pa": "FAZENDA CHAPADÃO", "tipo": "Marco" }, "geometry": { "type": "Point", "coordinates": [ -52.451604178590443, -24.779276621375857 ] } },
{ "type": "Feature", "properties": { "nome_pa": "FAZENDA CHAPADÃO", "tipo": "Marco" }, "geometry": { "type": "Point", "coordinates": [ -52.43399847138506, -24.79665851808597 ] } },
{ "type": "Feature", "properties": { "nome_pa": "FAZENDA CHAPADÃO", "tipo": "Marco" }, "geometry": { "type": "Point", "coordinates": [ -52.453200980434559, -24.788032245502304 ] } },
{ "type": "Feature", "properties": { "nome_pa": "FAZENDA CHAPADÃO", "tipo": "Marco" }, "geometry": { "type": "Point", "coordinates": [ -52.451572268021685, -24.779213715503168 ] } },
{ "type": "Feature", "properties": { "nome_pa": "FAZENDA CHAPADÃO", "tipo": "Marco" }, "geometry": { "type": "Point", "coordinates": [ -52.452437682908752, -24.778620320666228 ] } },
{ "type": "Feature", "properties": { "nome_pa": "FAZENDA CHAPADÃO", "tipo": "Marco" }, "geometry": { "type": "Point", "coordinates": [ -52.415163413888891, -24.818942552777777 ] } },
{ "type": "Feature", "properties": { "nome_pa": "FAZENDA CHAPADÃO", "tipo": "Marco" }, "geometry": { "type": "Point", "coordinates": [ -52.454906221322105, -24.788741164525408 ] } },
{ "type": "Feature", "properties": { "nome_pa": "FAZENDA CHAPADÃO", "tipo": "Marco" }, "geometry": { "type": "Point", "coordinates": [ -52.461883342994675, -24.795024338347076 ] } },
{ "type": "Feature", "properties": { "nome_pa": "FAZENDA CHAPADÃO", "tipo": "Marco" }, "geometry": { "type": "Point", "coordinates": [ -52.442166922562798, -24.816799267040569 ] } },
{ "type": "Feature", "properties": { "nome_pa": "FAZENDA CHAPADÃO", "tipo": "Marco" }, "geometry": { "type": "Point", "coordinates": [ -52.451480912334787, -24.795750223811254 ] } },
{ "type": "Feature", "properties": { "nome_pa": "FAZENDA CHAPADÃO", "tipo": "Marco" }, "geometry": { "type": "Point", "coordinates": [ -52.466066440222512, -24.794119312368807 ] } },
{ "type": "Feature", "properties": { "nome_pa": "FAZENDA CHAPADÃO", "tipo": "Marco" }, "geometry": { "type": "Point", "coordinates": [ -52.434016118838386, -24.796950481913548 ] } },
{ "type": "Feature", "properties": { "nome_pa": "FAZENDA CHAPADÃO", "tipo": "Marco" }, "geometry": { "type": "Point", "coordinates": [ -52.444136316778753, -24.810708111322985 ] } },
{ "type": "Feature", "properties": { "nome_pa": "FAZENDA CHAPADÃO", "tipo": "Marco" }, "geometry": { "type": "Point", "coordinates": [ -52.442193000381536, -24.787973575902896 ] } },
{ "type": "Feature", "properties": { "nome_pa": "FAZENDA CHAPADÃO", "tipo": "Marco" }, "geometry": { "type": "Point", "coordinates": [ -52.405181539164865, -24.797449481750007 ] } },
{ "type": "Feature", "properties": { "nome_pa": "FAZENDA CHAPADÃO", "tipo": "Marco" }, "geometry": { "type": "Point", "coordinates": [ -52.434150945060388, -24.780445131308728 ] } },
{ "type": "Feature", "properties": { "nome_pa": "FAZENDA CHAPADÃO", "tipo": "Marco" }, "geometry": { "type": "Point", "coordinates": [ -52.440083684735498, -24.781417084430306 ] } },
{ "type": "Feature", "properties": { "nome_pa": "FAZENDA CHAPADÃO", "tipo": "Marco" }, "geometry": { "type": "Point", "coordinates": [ -52.420725341666667, -24.810171386111104 ] } },
{ "type": "Feature", "properties": { "nome_pa": "FAZENDA CHAPADÃO", "tipo": "Marco" }, "geometry": { "type": "Point", "coordinates": [ -52.440194852616003, -24.781450245737407 ] } },
{ "type": "Feature", "properties": { "nome_pa": "FAZENDA CHAPADÃO", "tipo": "Marco" }, "geometry": { "type": "Point", "coordinates": [ -52.432943498340244, -24.787287708509005 ] } },
{ "type": "Feature", "properties": { "nome_pa": "FAZENDA CHAPADÃO", "tipo": "Marco" }, "geometry": { "type": "Point", "coordinates": [ -52.478573196816818, -24.797694972703866 ] } },
{ "type": "Feature", "properties": { "nome_pa": "FAZENDA CHAPADÃO", "tipo": "Marco" }, "geometry": { "type": "Point", "coordinates": [ -52.441450321080907, -24.817385867095094 ] } },
{ "type": "Feature", "properties": { "nome_pa": "FAZENDA CHAPADÃO", "tipo": "Marco" }, "geometry": { "type": "Point", "coordinates": [ -52.434827194730588, -24.786963842540853 ] } },
{ "type": "Feature", "properties": { "nome_pa": "FAZENDA CHAPADÃO", "tipo": "Marco" }, "geometry": { "type": "Point", "coordinates": [ -52.444572810412126, -24.764159070153745 ] } },
{ "type": "Feature", "properties": { "nome_pa": "FAZENDA CHAPADÃO", "tipo": "Marco" }, "geometry": { "type": "Point", "coordinates": [ -52.461994852191694, -24.794187932376378 ] } },
{ "type": "Feature", "properties": { "nome_pa": "FAZENDA CHAPADÃO", "tipo": "Marco" }, "geometry": { "type": "Point", "coordinates": [ -52.451029436377262, -24.780235938920711 ] } },
{ "type": "Feature", "properties": { "nome_pa": "FAZENDA CHAPADÃO", "tipo": "Marco" }, "geometry": { "type": "Point", "coordinates": [ -52.462701295992062, -24.794180170063786 ] } },
{ "type": "Feature", "properties": { "nome_pa": "FAZENDA CHAPADÃO", "tipo": "Marco" }, "geometry": { "type": "Point", "coordinates": [ -52.451726251543676, -24.779785350516164 ] } },
{ "type": "Feature", "properties": { "nome_pa": "FAZENDA CHAPADÃO", "tipo": "Marco" }, "geometry": { "type": "Point", "coordinates": [ -52.431744861503148, -24.815383069928643 ] } },
{ "type": "Feature", "properties": { "nome_pa": "FAZENDA CHAPADÃO", "tipo": "Marco" }, "geometry": { "type": "Point", "coordinates": [ -52.433398498595515, -24.815337151470363 ] } },
{ "type": "Feature", "properties": { "nome_pa": "FAZENDA CHAPADÃO", "tipo": "Marco" }, "geometry": { "type": "Point", "coordinates": [ -52.446318344904824, -24.76037103810496 ] } },
{ "type": "Feature", "properties": { "nome_pa": "FAZENDA CHAPADÃO", "tipo": "Marco" }, "geometry": { "type": "Point", "coordinates": [ -52.451323224770569, -24.780468015954817 ] } },
{ "type": "Feature", "properties": { "nome_pa": "FAZENDA CHAPADÃO", "tipo": "Marco" }, "geometry": { "type": "Point", "coordinates": [ -52.431059945067787, -24.815248097793283 ] } },
{ "type": "Feature", "properties": { "nome_pa": "FAZENDA CHAPADÃO", "tipo": "Marco" }, "geometry": { "type": "Point", "coordinates": [ -52.443689580193983, -24.75930572368673 ] } },
{ "type": "Feature", "properties": { "nome_pa": "FAZENDA CHAPADÃO", "tipo": "Marco" }, "geometry": { "type": "Point", "coordinates": [ -52.464543347066851, -24.795527648327603 ] } },
{ "type": "Feature", "properties": { "nome_pa": "FAZENDA CHAPADÃO", "tipo": "Marco" }, "geometry": { "type": "Point", "coordinates": [ -52.44841108470569, -24.782324724372749 ] } },
{ "type": "Feature", "properties": { "nome_pa": "FAZENDA CHAPADÃO", "tipo": "Marco" }, "geometry": { "type": "Point", "coordinates": [ -52.436617858748185, -24.808391961396232 ] } },
{ "type": "Feature", "properties": { "nome_pa": "FAZENDA CHAPADÃO", "tipo": "Marco" }, "geometry": { "type": "Point", "coordinates": [ -52.424457030275576, -24.808547826950015 ] } },
{ "type": "Feature", "properties": { "nome_pa": "FAZENDA CHAPADÃO", "tipo": "Marco" }, "geometry": { "type": "Point", "coordinates": [ -52.440139125897382, -24.757835402395671 ] } },
{ "type": "Feature", "properties": { "nome_pa": "FAZENDA CHAPADÃO", "tipo": "Marco" }, "geometry": { "type": "Point", "coordinates": [ -52.449310057076076, -24.782140300589202 ] } },
{ "type": "Feature", "properties": { "nome_pa": "FAZENDA CHAPADÃO", "tipo": "Marco" }, "geometry": { "type": "Point", "coordinates": [ -52.396803226321381, -24.810710312224295 ] } },
{ "type": "Feature", "properties": { "nome_pa": "FAZENDA CHAPADÃO", "tipo": "Marco" }, "geometry": { "type": "Point", "coordinates": [ -52.470296584254285, -24.792296398620273 ] } },
{ "type": "Feature", "properties": { "nome_pa": "FAZENDA CHAPADÃO", "tipo": "Marco" }, "geometry": { "type": "Point", "coordinates": [ -52.447082049295972, -24.783223467337589 ] } },
{ "type": "Feature", "properties": { "nome_pa": "FAZENDA CHAPADÃO", "tipo": "Marco" }, "geometry": { "type": "Point", "coordinates": [ -52.473169711957055, -24.797927854652453 ] } },
{ "type": "Feature", "properties": { "nome_pa": "FAZENDA CHAPADÃO", "tipo": "Marco" }, "geometry": { "type": "Point", "coordinates": [ -52.451932455168865, -24.797251862404654 ] } },
{ "type": "Feature", "properties": { "nome_pa": "FAZENDA CHAPADÃO", "tipo": "Marco" }, "geometry": { "type": "Point", "coordinates": [ -52.419443828704139, -24.801064342346749 ] } },
{ "type": "Feature", "properties": { "nome_pa": "FAZENDA CHAPADÃO", "tipo": "Marco" }, "geometry": { "type": "Point", "coordinates": [ -52.46141328381426, -24.803150271007709 ] } },
{ "type": "Feature", "properties": { "nome_pa": "FAZENDA CHAPADÃO", "tipo": "Marco" }, "geometry": { "type": "Point", "coordinates": [ -52.457025121891817, -24.788214056938525 ] } },
{ "type": "Feature", "properties": { "nome_pa": "FAZENDA CHAPADÃO", "tipo": "Marco" }, "geometry": { "type": "Point", "coordinates": [ -52.460678831504325, -24.80035974108522 ] } },
{ "type": "Feature", "properties": { "nome_pa": "FAZENDA CHAPADÃO", "tipo": "Marco" }, "geometry": { "type": "Point", "coordinates": [ -52.46181325014166, -24.783927892342248 ] } },
{ "type": "Feature", "properties": { "nome_pa": "FAZENDA CHAPADÃO", "tipo": "Marco" }, "geometry": { "type": "Point", "coordinates": [ -52.44046814114165, -24.794942583418049 ] } },
{ "type": "Feature", "properties": { "nome_pa": "FAZENDA CHAPADÃO", "tipo": "Marco" }, "geometry": { "type": "Point", "coordinates": [ -52.424385354433468, -24.773971776200924 ] } },
{ "type": "Feature", "properties": { "nome_pa": "FAZENDA CHAPADÃO", "tipo": "Marco" }, "geometry": { "type": "Point", "coordinates": [ -52.42094192996808, -24.793392569234918 ] } },
{ "type": "Feature", "properties": { "nome_pa": "FAZENDA CHAPADÃO", "tipo": "Marco" }, "geometry": { "type": "Point", "coordinates": [ -52.42155046050857, -24.793343357558243 ] } },
{ "type": "Feature", "properties": { "nome_pa": "FAZENDA CHAPADÃO", "tipo": "Marco" }, "geometry": { "type": "Point", "coordinates": [ -52.481144269650692, -24.792630493862593 ] } },
{ "type": "Feature", "properties": { "nome_pa": "FAZENDA CHAPADÃO", "tipo": "Marco" }, "geometry": { "type": "Point", "coordinates": [ -52.459523051599113, -24.786415570682639 ] } },
{ "type": "Feature", "properties": { "nome_pa": "FAZENDA CHAPADÃO", "tipo": "Marco" }, "geometry": { "type": "Point", "coordinates": [ -52.45793304007946, -24.794777868915535 ] } },
{ "type": "Feature", "properties": { "nome_pa": "FAZENDA CHAPADÃO", "tipo": "Marco" }, "geometry": { "type": "Point", "coordinates": [ -52.41447293611111, -24.812570627777774 ] } },
{ "type": "Feature", "properties": { "nome_pa": "FAZENDA CHAPADÃO", "tipo": "Marco" }, "geometry": { "type": "Point", "coordinates": [ -52.442901067039912, -24.81472985912399 ] } },
{ "type": "Feature", "properties": { "nome_pa": "FAZENDA CHAPADÃO", "tipo": "Marco" }, "geometry": { "type": "Point", "coordinates": [ -52.414065655555554, -24.811096811111089 ] } },
{ "type": "Feature", "properties": { "nome_pa": "FAZENDA CHAPADÃO", "tipo": "Marco" }, "geometry": { "type": "Point", "coordinates": [ -52.453966918284131, -24.808790304460906 ] } },
{ "type": "Feature", "properties": { "nome_pa": "FAZENDA CHAPADÃO", "tipo": "Marco" }, "geometry": { "type": "Point", "coordinates": [ -52.41952778511547, -24.812517245273337 ] } },
{ "type": "Feature", "properties": { "nome_pa": "FAZENDA CHAPADÃO", "tipo": "Marco" }, "geometry": { "type": "Point", "coordinates": [ -52.473724912222103, -24.801980721668258 ] } },
{ "type": "Feature", "properties": { "nome_pa": "FAZENDA CHAPADÃO", "tipo": "Marco" }, "geometry": { "type": "Point", "coordinates": [ -52.48235663904488, -24.800995813232721 ] } },
{ "type": "Feature", "properties": { "nome_pa": "FAZENDA CHAPADÃO", "tipo": "Marco" }, "geometry": { "type": "Point", "coordinates": [ -52.430184269501986, -24.815459358423237 ] } },
{ "type": "Feature", "properties": { "nome_pa": "FAZENDA CHAPADÃO", "tipo": "Marco" }, "geometry": { "type": "Point", "coordinates": [ -52.469836821362691, -24.7872640395891 ] } },
{ "type": "Feature", "properties": { "nome_pa": "FAZENDA CHAPADÃO", "tipo": "Marco" }, "geometry": { "type": "Point", "coordinates": [ -52.41148202777778, -24.817288838888878 ] } },
{ "type": "Feature", "properties": { "nome_pa": "FAZENDA CHAPADÃO", "tipo": "Marco" }, "geometry": { "type": "Point", "coordinates": [ -52.481239992181337, -24.805856314683961 ] } },
{ "type": "Feature", "properties": { "nome_pa": "FAZENDA CHAPADÃO", "tipo": "Marco" }, "geometry": { "type": "Point", "coordinates": [ -52.461708653773435, -24.784063948102421 ] } },
{ "type": "Feature", "properties": { "nome_pa": "FAZENDA CHAPADÃO", "tipo": "Marco" }, "geometry": { "type": "Point", "coordinates": [ -52.437483795940736, -24.823580694777938 ] } },
{ "type": "Feature", "properties": { "nome_pa": "FAZENDA CHAPADÃO", "tipo": "Marco" }, "geometry": { "type": "Point", "coordinates": [ -52.438046348257572, -24.823485983585382 ] } },
{ "type": "Feature", "properties": { "nome_pa": "FAZENDA CHAPADÃO", "tipo": "Marco" }, "geometry": { "type": "Point", "coordinates": [ -52.464914442375886, -24.784191301794976 ] } },
{ "type": "Feature", "properties": { "nome_pa": "FAZENDA CHAPADÃO", "tipo": "Marco" }, "geometry": { "type": "Point", "coordinates": [ -52.433395850379888, -24.815571200012879 ] } },
{ "type": "Feature", "properties": { "nome_pa": "FAZENDA CHAPADÃO", "tipo": "Marco" }, "geometry": { "type": "Point", "coordinates": [ -52.43353170742855, -24.815396242922489 ] } },
{ "type": "Feature", "properties": { "nome_pa": "FAZENDA CHAPADÃO", "tipo": "Marco" }, "geometry": { "type": "Point", "coordinates": [ -52.439063038475098, -24.820952650246298 ] } },
{ "type": "Feature", "properties": { "nome_pa": "FAZENDA CHAPADÃO", "tipo": "Marco" }, "geometry": { "type": "Point", "coordinates": [ -52.438094343006313, -24.819768457150225 ] } },
{ "type": "Feature", "properties": { "nome_pa": "FAZENDA CHAPADÃO", "tipo": "Marco" }, "geometry": { "type": "Point", "coordinates": [ -52.458095979846142, -24.80345746026012 ] } },
{ "type": "Feature", "properties": { "nome_pa": "FAZENDA CHAPADÃO", "tipo": "Marco" }, "geometry": { "type": "Point", "coordinates": [ -52.433340356832879, -24.819384031181784 ] } },
{ "type": "Feature", "properties": { "nome_pa": "FAZENDA CHAPADÃO", "tipo": "Marco" }, "geometry": { "type": "Point", "coordinates": [ -52.438446147901601, -24.822517611591117 ] } },
{ "type": "Feature", "properties": { "nome_pa": "FAZENDA CHAPADÃO", "tipo": "Marco" }, "geometry": { "type": "Point", "coordinates": [ -52.438569538065245, -24.822219265160765 ] } },
{ "type": "Feature", "properties": { "nome_pa": "FAZENDA CHAPADÃO", "tipo": "Marco" }, "geometry": { "type": "Point", "coordinates": [ -52.4588896385197, -24.794352016304327 ] } },
{ "type": "Feature", "properties": { "nome_pa": "FAZENDA CHAPADÃO", "tipo": "Marco" }, "geometry": { "type": "Point", "coordinates": [ -52.4392246407049, -24.817907365518941 ] } },
{ "type": "Feature", "properties": { "nome_pa": "FAZENDA CHAPADÃO", "tipo": "Marco" }, "geometry": { "type": "Point", "coordinates": [ -52.457949932357963, -24.794642326049477 ] } },
{ "type": "Feature", "properties": { "nome_pa": "FAZENDA CHAPADÃO", "tipo": "Marco" }, "geometry": { "type": "Point", "coordinates": [ -52.412679735152018, -24.794788514568179 ] } },
{ "type": "Feature", "properties": { "nome_pa": "FAZENDA CHAPADÃO", "tipo": "Marco" }, "geometry": { "type": "Point", "coordinates": [ -52.464307969822308, -24.808994706641638 ] } },
{ "type": "Feature", "properties": { "nome_pa": "FAZENDA CHAPADÃO", "tipo": "Marco" }, "geometry": { "type": "Point", "coordinates": [ -52.458003299960737, -24.794258740874579 ] } },
{ "type": "Feature", "properties": { "nome_pa": "FAZENDA CHAPADÃO", "tipo": "Marco" }, "geometry": { "type": "Point", "coordinates": [ -52.412923739619835, -24.79645669505987 ] } },
{ "type": "Feature", "properties": { "nome_pa": "FAZENDA CHAPADÃO", "tipo": "Marco" }, "geometry": { "type": "Point", "coordinates": [ -52.461637169565421, -24.798208742666628 ] } },
{ "type": "Feature", "properties": { "nome_pa": "FAZENDA CHAPADÃO", "tipo": "Marco" }, "geometry": { "type": "Point", "coordinates": [ -52.424412747794783, -24.815321339442747 ] } },
{ "type": "Feature", "properties": { "nome_pa": "FAZENDA CHAPADÃO", "tipo": "Marco" }, "geometry": { "type": "Point", "coordinates": [ -52.456923127320174, -24.784465082802679 ] } },
{ "type": "Feature", "properties": { "nome_pa": "FAZENDA CHAPADÃO", "tipo": "Marco" }, "geometry": { "type": "Point", "coordinates": [ -52.42419444, -24.77420306 ] } },
{ "type": "Feature", "properties": { "nome_pa": "FAZENDA CHAPADÃO", "tipo": "Marco" }, "geometry": { "type": "Point", "coordinates": [ -52.414372104706089, -24.808348860618796 ] } },
{ "type": "Feature", "properties": { "nome_pa": "FAZENDA CHAPADÃO", "tipo": "Marco" }, "geometry": { "type": "Point", "coordinates": [ -52.456547889538342, -24.78276638848299 ] } },
{ "type": "Feature", "properties": { "nome_pa": "FAZENDA CHAPADÃO", "tipo": "Marco" }, "geometry": { "type": "Point", "coordinates": [ -52.416517888732464, -24.807838260690218 ] } },
{ "type": "Feature", "properties": { "nome_pa": "FAZENDA CHAPADÃO", "tipo": "Marco" }, "geometry": { "type": "Point", "coordinates": [ -52.454129819189603, -24.808804793207504 ] } },
{ "type": "Feature", "properties": { "nome_pa": "FAZENDA CHAPADÃO", "tipo": "Marco" }, "geometry": { "type": "Point", "coordinates": [ -52.456419408294195, -24.783493856472663 ] } },
{ "type": "Feature", "properties": { "nome_pa": "FAZENDA CHAPADÃO", "tipo": "Marco" }, "geometry": { "type": "Point", "coordinates": [ -52.439025311111109, -24.803300386111101 ] } },
{ "type": "Feature", "properties": { "nome_pa": "FAZENDA CHAPADÃO", "tipo": "Marco" }, "geometry": { "type": "Point", "coordinates": [ -52.44345511835585, -24.818259540143238 ] } },
{ "type": "Feature", "properties": { "nome_pa": "FAZENDA CHAPADÃO", "tipo": "Marco" }, "geometry": { "type": "Point", "coordinates": [ -52.429390782212607, -24.791916064348232 ] } },
{ "type": "Feature", "properties": { "nome_pa": "FAZENDA CHAPADÃO", "tipo": "Marco" }, "geometry": { "type": "Point", "coordinates": [ -52.437639721890775, -24.802801008031658 ] } },
{ "type": "Feature", "properties": { "nome_pa": "FAZENDA CHAPADÃO", "tipo": "Marco" }, "geometry": { "type": "Point", "coordinates": [ -52.416535275517113, -24.806978900640352 ] } },
{ "type": "Feature", "properties": { "nome_pa": "FAZENDA CHAPADÃO", "tipo": "Marco" }, "geometry": { "type": "Point", "coordinates": [ -52.438781231539458, -24.818474158674967 ] } },
{ "type": "Feature", "properties": { "nome_pa": "FAZENDA CHAPADÃO", "tipo": "Marco" }, "geometry": { "type": "Point", "coordinates": [ -52.406525315905711, -24.796686869340395 ] } },
{ "type": "Feature", "properties": { "nome_pa": "FAZENDA CHAPADÃO", "tipo": "Marco" }, "geometry": { "type": "Point", "coordinates": [ -52.42964133243207, -24.791725391239524 ] } },
{ "type": "Feature", "properties": { "nome_pa": "FAZENDA CHAPADÃO", "tipo": "Marco" }, "geometry": { "type": "Point", "coordinates": [ -52.419918198454411, -24.815971840814729 ] } },
{ "type": "Feature", "properties": { "nome_pa": "FAZENDA CHAPADÃO", "tipo": "Marco" }, "geometry": { "type": "Point", "coordinates": [ -52.444895321071314, -24.822944368921494 ] } },
{ "type": "Feature", "properties": { "nome_pa": "FAZENDA CHAPADÃO", "tipo": "Marco" }, "geometry": { "type": "Point", "coordinates": [ -52.429924540682926, -24.791299987901503 ] } },
{ "type": "Feature", "properties": { "nome_pa": "FAZENDA CHAPADÃO", "tipo": "Marco" }, "geometry": { "type": "Point", "coordinates": [ -52.437408171711404, -24.8242889697772 ] } },
{ "type": "Feature", "properties": { "nome_pa": "FAZENDA CHAPADÃO", "tipo": "Marco" }, "geometry": { "type": "Point", "coordinates": [ -52.459516100809999, -24.791551236463231 ] } },
{ "type": "Feature", "properties": { "nome_pa": "FAZENDA CHAPADÃO", "tipo": "Marco" }, "geometry": { "type": "Point", "coordinates": [ -52.459915581518779, -24.791310656006893 ] } },
{ "type": "Feature", "properties": { "nome_pa": "FAZENDA CHAPADÃO", "tipo": "Marco" }, "geometry": { "type": "Point", "coordinates": [ -52.47149389, -24.81190389 ] } },
{ "type": "Feature", "properties": { "nome_pa": "FAZENDA CHAPADÃO", "tipo": "Marco" }, "geometry": { "type": "Point", "coordinates": [ -52.459521902666779, -24.792251223646925 ] } },
{ "type": "Feature", "properties": { "nome_pa": "FAZENDA CHAPADÃO", "tipo": "Marco" }, "geometry": { "type": "Point", "coordinates": [ -52.459790041845871, -24.79204046932869 ] } },
{ "type": "Feature", "properties": { "nome_pa": "FAZENDA CHAPADÃO", "tipo": "Marco" }, "geometry": { "type": "Point", "coordinates": [ -52.427545083168603, -24.794049691176465 ] } },
{ "type": "Feature", "properties": { "nome_pa": "FAZENDA CHAPADÃO", "tipo": "Marco" }, "geometry": { "type": "Point", "coordinates": [ -52.485247213930684, -24.800864959742359 ] } },
{ "type": "Feature", "properties": { "nome_pa": "FAZENDA CHAPADÃO", "tipo": "Marco" }, "geometry": { "type": "Point", "coordinates": [ -52.415326188878403, -24.80249882245495 ] } },
{ "type": "Feature", "properties": { "nome_pa": "FAZENDA CHAPADÃO", "tipo": "Marco" }, "geometry": { "type": "Point", "coordinates": [ -52.411350369444442, -24.817158927777765 ] } },
{ "type": "Feature", "properties": { "nome_pa": "FAZENDA CHAPADÃO", "tipo": "Marco" }, "geometry": { "type": "Point", "coordinates": [ -52.44282087066977, -24.814622776114994 ] } },
{ "type": "Feature", "properties": { "nome_pa": "FAZENDA CHAPADÃO", "tipo": "Marco" }, "geometry": { "type": "Point", "coordinates": [ -52.49347842597507, -24.797476142331163 ] } },
{ "type": "Feature", "properties": { "nome_pa": "FAZENDA CHAPADÃO", "tipo": "Marco" }, "geometry": { "type": "Point", "coordinates": [ -52.443514535968554, -24.81823892119175 ] } },
{ "type": "Feature", "properties": { "nome_pa": "FAZENDA CHAPADÃO", "tipo": "Marco" }, "geometry": { "type": "Point", "coordinates": [ -52.41777841437721, -24.824230376516383 ] } },
{ "type": "Feature", "properties": { "nome_pa": "FAZENDA CHAPADÃO", "tipo": "Marco" }, "geometry": { "type": "Point", "coordinates": [ -52.435757705555552, -24.811813397222217 ] } },
{ "type": "Feature", "properties": { "nome_pa": "FAZENDA CHAPADÃO", "tipo": "Marco" }, "geometry": { "type": "Point", "coordinates": [ -52.442768930709413, -24.787457909073993 ] } },
{ "type": "Feature", "properties": { "nome_pa": "FAZENDA CHAPADÃO", "tipo": "Marco" }, "geometry": { "type": "Point", "coordinates": [ -52.450926640538313, -24.778079982270249 ] } },
{ "type": "Feature", "properties": { "nome_pa": "FAZENDA CHAPADÃO", "tipo": "Marco" }, "geometry": { "type": "Point", "coordinates": [ -52.467540039159083, -24.802268058213674 ] } },
{ "type": "Feature", "properties": { "nome_pa": "FAZENDA CHAPADÃO", "tipo": "Marco" }, "geometry": { "type": "Point", "coordinates": [ -52.427085711773259, -24.794402482946889 ] } },
{ "type": "Feature", "properties": { "nome_pa": "FAZENDA CHAPADÃO", "tipo": "Marco" }, "geometry": { "type": "Point", "coordinates": [ -52.43755234826893, -24.788903566658909 ] } },
{ "type": "Feature", "properties": { "nome_pa": "FAZENDA CHAPADÃO", "tipo": "Marco" }, "geometry": { "type": "Point", "coordinates": [ -52.449118900803533, -24.781874337193869 ] } },
{ "type": "Feature", "properties": { "nome_pa": "FAZENDA CHAPADÃO", "tipo": "Marco" }, "geometry": { "type": "Point", "coordinates": [ -52.421224533805493, -24.829793087457592 ] } },
{ "type": "Feature", "properties": { "nome_pa": "FAZENDA CHAPADÃO", "tipo": "Marco" }, "geometry": { "type": "Point", "coordinates": [ -52.439757036935617, -24.786200226394303 ] } },
{ "type": "Feature", "properties": { "nome_pa": "FAZENDA CHAPADÃO", "tipo": "Marco" }, "geometry": { "type": "Point", "coordinates": [ -52.463236849974493, -24.800966216271778 ] } },
{ "type": "Feature", "properties": { "nome_pa": "FAZENDA CHAPADÃO", "tipo": "Marco" }, "geometry": { "type": "Point", "coordinates": [ -52.434065355091292, -24.803671183372789 ] } },
{ "type": "Feature", "properties": { "nome_pa": "FAZENDA CHAPADÃO", "tipo": "Marco" }, "geometry": { "type": "Point", "coordinates": [ -52.435798390373456, -24.799255910866297 ] } },
{ "type": "Feature", "properties": { "nome_pa": "FAZENDA CHAPADÃO", "tipo": "Marco" }, "geometry": { "type": "Point", "coordinates": [ -52.427875423152351, -24.810919723803043 ] } },
{ "type": "Feature", "properties": { "nome_pa": "FAZENDA CHAPADÃO", "tipo": "Marco" }, "geometry": { "type": "Point", "coordinates": [ -52.430325841674026, -24.80320164019674 ] } },
{ "type": "Feature", "properties": { "nome_pa": "FAZENDA CHAPADÃO", "tipo": "Marco" }, "geometry": { "type": "Point", "coordinates": [ -52.422801022222224, -24.81296153333334 ] } },
{ "type": "Feature", "properties": { "nome_pa": "FAZENDA CHAPADÃO", "tipo": "Marco" }, "geometry": { "type": "Point", "coordinates": [ -52.42130143776393, -24.829786649614071 ] } },
{ "type": "Feature", "properties": { "nome_pa": "FAZENDA CHAPADÃO", "tipo": "Marco" }, "geometry": { "type": "Point", "coordinates": [ -52.451863991998927, -24.796706742820852 ] } },
{ "type": "Feature", "properties": { "nome_pa": "FAZENDA CHAPADÃO", "tipo": "Marco" }, "geometry": { "type": "Point", "coordinates": [ -52.421233194333922, -24.829875688130222 ] } },
{ "type": "Feature", "properties": { "nome_pa": "FAZENDA CHAPADÃO", "tipo": "Marco" }, "geometry": { "type": "Point", "coordinates": [ -52.46908720224436, -24.800112582842338 ] } },
{ "type": "Feature", "properties": { "nome_pa": "FAZENDA CHAPADÃO", "tipo": "Marco" }, "geometry": { "type": "Point", "coordinates": [ -52.421745105555566, -24.811965677777781 ] } },
{ "type": "Feature", "properties": { "nome_pa": "FAZENDA CHAPADÃO", "tipo": "Marco" }, "geometry": { "type": "Point", "coordinates": [ -52.427587299836127, -24.827653293667261 ] } },
{ "type": "Feature", "properties": { "nome_pa": "FAZENDA CHAPADÃO", "tipo": "Marco" }, "geometry": { "type": "Point", "coordinates": [ -52.42108417941327, -24.828751714598461 ] } },
{ "type": "Feature", "properties": { "nome_pa": "FAZENDA CHAPADÃO", "tipo": "Marco" }, "geometry": { "type": "Point", "coordinates": [ -52.438007177777777, -24.804189713888888 ] } },
{ "type": "Feature", "properties": { "nome_pa": "FAZENDA CHAPADÃO", "tipo": "Marco" }, "geometry": { "type": "Point", "coordinates": [ -52.415319598294225, -24.822925694711685 ] } },
{ "type": "Feature", "properties": { "nome_pa": "FAZENDA CHAPADÃO", "tipo": "Marco" }, "geometry": { "type": "Point", "coordinates": [ -52.436419953100504, -24.804994481617509 ] } },
{ "type": "Feature", "properties": { "nome_pa": "FAZENDA CHAPADÃO", "tipo": "Marco" }, "geometry": { "type": "Point", "coordinates": [ -52.473816410311649, -24.789799888587019 ] } },
{ "type": "Feature", "properties": { "nome_pa": "FAZENDA CHAPADÃO", "tipo": "Marco" }, "geometry": { "type": "Point", "coordinates": [ -52.446673667677778, -24.764461283186126 ] } },
{ "type": "Feature", "properties": { "nome_pa": "FAZENDA CHAPADÃO", "tipo": "Marco" }, "geometry": { "type": "Point", "coordinates": [ -52.430554430555553, -24.808196233333337 ] } },
{ "type": "Feature", "properties": { "nome_pa": "FAZENDA CHAPADÃO", "tipo": "Marco" }, "geometry": { "type": "Point", "coordinates": [ -52.433985444729778, -24.803775093197224 ] } },
{ "type": "Feature", "properties": { "nome_pa": "FAZENDA CHAPADÃO", "tipo": "Marco" }, "geometry": { "type": "Point", "coordinates": [ -52.474204953209906, -24.781324690577168 ] } },
{ "type": "Feature", "properties": { "nome_pa": "FAZENDA CHAPADÃO", "tipo": "Marco" }, "geometry": { "type": "Point", "coordinates": [ -52.401927544348034, -24.811012452952017 ] } },
{ "type": "Feature", "properties": { "nome_pa": "FAZENDA CHAPADÃO", "tipo": "Marco" }, "geometry": { "type": "Point", "coordinates": [ -52.457748956017149, -24.796450219687955 ] } },
{ "type": "Feature", "properties": { "nome_pa": "FAZENDA CHAPADÃO", "tipo": "Marco" }, "geometry": { "type": "Point", "coordinates": [ -52.401342939676773, -24.808833780270824 ] } },
{ "type": "Feature", "properties": { "nome_pa": "FAZENDA CHAPADÃO", "tipo": "Marco" }, "geometry": { "type": "Point", "coordinates": [ -52.458879162482681, -24.79633026138189 ] } },
{ "type": "Feature", "properties": { "nome_pa": "FAZENDA CHAPADÃO", "tipo": "Marco" }, "geometry": { "type": "Point", "coordinates": [ -52.447653532215575, -24.807333431630923 ] } },
{ "type": "Feature", "properties": { "nome_pa": "FAZENDA CHAPADÃO", "tipo": "Marco" }, "geometry": { "type": "Point", "coordinates": [ -52.482536229362594, -24.809461412871212 ] } },
{ "type": "Feature", "properties": { "nome_pa": "FAZENDA CHAPADÃO", "tipo": "Marco" }, "geometry": { "type": "Point", "coordinates": [ -52.421312248970793, -24.829865229768217 ] } },
{ "type": "Feature", "properties": { "nome_pa": "FAZENDA CHAPADÃO", "tipo": "Marco" }, "geometry": { "type": "Point", "coordinates": [ -52.485369140572423, -24.78547624546221 ] } },
{ "type": "Feature", "properties": { "nome_pa": "FAZENDA CHAPADÃO", "tipo": "Marco" }, "geometry": { "type": "Point", "coordinates": [ -52.479925041797564, -24.817355897078635 ] } },
{ "type": "Feature", "properties": { "nome_pa": "FAZENDA CHAPADÃO", "tipo": "Marco" }, "geometry": { "type": "Point", "coordinates": [ -52.478344841794105, -24.789610054209863 ] } },
{ "type": "Feature", "properties": { "nome_pa": "FAZENDA CHAPADÃO", "tipo": "Marco" }, "geometry": { "type": "Point", "coordinates": [ -52.444442283274071, -24.778264693870003 ] } },
{ "type": "Feature", "properties": { "nome_pa": "FAZENDA CHAPADÃO", "tipo": "Marco" }, "geometry": { "type": "Point", "coordinates": [ -52.480185459932741, -24.79215608864196 ] } },
{ "type": "Feature", "properties": { "nome_pa": "FAZENDA CHAPADÃO", "tipo": "Marco" }, "geometry": { "type": "Point", "coordinates": [ -52.413721286111112, -24.809790830555556 ] } },
{ "type": "Feature", "properties": { "nome_pa": "FAZENDA CHAPADÃO", "tipo": "Marco" }, "geometry": { "type": "Point", "coordinates": [ -52.487023946165749, -24.813301998168715 ] } },
{ "type": "Feature", "properties": { "nome_pa": "FAZENDA CHAPADÃO", "tipo": "Marco" }, "geometry": { "type": "Point", "coordinates": [ -52.44211307017558, -24.782281226477131 ] } },
{ "type": "Feature", "properties": { "nome_pa": "FAZENDA CHAPADÃO", "tipo": "Marco" }, "geometry": { "type": "Point", "coordinates": [ -52.441713638290189, -24.778338282782297 ] } },
{ "type": "Feature", "properties": { "nome_pa": "FAZENDA CHAPADÃO", "tipo": "Marco" }, "geometry": { "type": "Point", "coordinates": [ -52.480747326273615, -24.792474341382491 ] } },
{ "type": "Feature", "properties": { "nome_pa": "FAZENDA CHAPADÃO", "tipo": "Marco" }, "geometry": { "type": "Point", "coordinates": [ -52.408485705712089, -24.810534529566876 ] } },
{ "type": "Feature", "properties": { "nome_pa": "FAZENDA CHAPADÃO", "tipo": "Marco" }, "geometry": { "type": "Point", "coordinates": [ -52.493922668825213, -24.815879893628093 ] } },
{ "type": "Feature", "properties": { "nome_pa": "FAZENDA CHAPADÃO", "tipo": "Marco" }, "geometry": { "type": "Point", "coordinates": [ -52.48696253042074, -24.79742128387344 ] } },
{ "type": "Feature", "properties": { "nome_pa": "FAZENDA CHAPADÃO", "tipo": "Marco" }, "geometry": { "type": "Point", "coordinates": [ -52.488233829048319, -24.796861437418951 ] } },
{ "type": "Feature", "properties": { "nome_pa": "FAZENDA CHAPADÃO", "tipo": "Marco" }, "geometry": { "type": "Point", "coordinates": [ -52.486869796301562, -24.803803691625085 ] } },
{ "type": "Feature", "properties": { "nome_pa": "FAZENDA CHAPADÃO", "tipo": "Marco" }, "geometry": { "type": "Point", "coordinates": [ -52.415518239545868, -24.789905887980712 ] } },
{ "type": "Feature", "properties": { "nome_pa": "FAZENDA CHAPADÃO", "tipo": "Marco" }, "geometry": { "type": "Point", "coordinates": [ -52.441050068705728, -24.763658637441011 ] } },
{ "type": "Feature", "properties": { "nome_pa": "FAZENDA CHAPADÃO", "tipo": "Marco" }, "geometry": { "type": "Point", "coordinates": [ -52.416690096563812, -24.807787653619219 ] } },
{ "type": "Feature", "properties": { "nome_pa": "FAZENDA CHAPADÃO", "tipo": "Marco" }, "geometry": { "type": "Point", "coordinates": [ -52.438168055555558, -24.81780444444443 ] } },
{ "type": "Feature", "properties": { "nome_pa": "FAZENDA CHAPADÃO", "tipo": "Marco" }, "geometry": { "type": "Point", "coordinates": [ -52.418697310106353, -24.806951557080907 ] } },
{ "type": "Feature", "properties": { "nome_pa": "FAZENDA CHAPADÃO", "tipo": "Marco" }, "geometry": { "type": "Point", "coordinates": [ -52.407757758952627, -24.807575078121499 ] } },
{ "type": "Feature", "properties": { "nome_pa": "FAZENDA CHAPADÃO", "tipo": "Marco" }, "geometry": { "type": "Point", "coordinates": [ -52.433177626295262, -24.79912787125258 ] } },
{ "type": "Feature", "properties": { "nome_pa": "FAZENDA CHAPADÃO", "tipo": "Marco" }, "geometry": { "type": "Point", "coordinates": [ -52.438747502878961, -24.758086586287025 ] } },
{ "type": "Feature", "properties": { "nome_pa": "FAZENDA CHAPADÃO", "tipo": "Marco" }, "geometry": { "type": "Point", "coordinates": [ -52.439122519708334, -24.762592086920662 ] } },
{ "type": "Feature", "properties": { "nome_pa": "FAZENDA CHAPADÃO", "tipo": "Marco" }, "geometry": { "type": "Point", "coordinates": [ -52.480697522360181, -24.800431257008256 ] } },
{ "type": "Feature", "properties": { "nome_pa": "FAZENDA CHAPADÃO", "tipo": "Marco" }, "geometry": { "type": "Point", "coordinates": [ -52.474895031453372, -24.805597342075444 ] } },
{ "type": "Feature", "properties": { "nome_pa": "FAZENDA CHAPADÃO", "tipo": "Marco" }, "geometry": { "type": "Point", "coordinates": [ -52.4367472729963, -24.799219972445066 ] } },
{ "type": "Feature", "properties": { "nome_pa": "FAZENDA CHAPADÃO", "tipo": "Marco" }, "geometry": { "type": "Point", "coordinates": [ -52.483360838939447, -24.809454594021332 ] } },
{ "type": "Feature", "properties": { "nome_pa": "FAZENDA CHAPADÃO", "tipo": "Marco" }, "geometry": { "type": "Point", "coordinates": [ -52.422567231718986, -24.794380090545349 ] } },
{ "type": "Feature", "properties": { "nome_pa": "FAZENDA CHAPADÃO", "tipo": "Marco" }, "geometry": { "type": "Point", "coordinates": [ -52.440331667378686, -24.797505270637448 ] } },
{ "type": "Feature", "properties": { "nome_pa": "FAZENDA CHAPADÃO", "tipo": "Marco" }, "geometry": { "type": "Point", "coordinates": [ -52.487876503674691, -24.808967833342042 ] } },
{ "type": "Feature", "properties": { "nome_pa": "FAZENDA CHAPADÃO", "tipo": "Marco" }, "geometry": { "type": "Point", "coordinates": [ -52.427688746589411, -24.801682822083816 ] } },
{ "type": "Feature", "properties": { "nome_pa": "FAZENDA CHAPADÃO", "tipo": "Marco" }, "geometry": { "type": "Point", "coordinates": [ -52.489208313458832, -24.796200511500327 ] } },
{ "type": "Feature", "properties": { "nome_pa": "FAZENDA CHAPADÃO", "tipo": "Marco" }, "geometry": { "type": "Point", "coordinates": [ -52.489827223823255, -24.791091674591748 ] } },
{ "type": "Feature", "properties": { "nome_pa": "FAZENDA CHAPADÃO", "tipo": "Marco" }, "geometry": { "type": "Point", "coordinates": [ -52.489821120197028, -24.791028924475405 ] } },
{ "type": "Feature", "properties": { "nome_pa": "FAZENDA CHAPADÃO", "tipo": "Marco" }, "geometry": { "type": "Point", "coordinates": [ -52.439067066666667, -24.803413066666664 ] } },
{ "type": "Feature", "properties": { "nome_pa": "FAZENDA CHAPADÃO", "tipo": "Marco" }, "geometry": { "type": "Point", "coordinates": [ -52.435915456075627, -24.758697585398767 ] } },
{ "type": "Feature", "properties": { "nome_pa": "FAZENDA CHAPADÃO", "tipo": "Marco" }, "geometry": { "type": "Point", "coordinates": [ -52.475403098562232, -24.783705659085037 ] } },
{ "type": "Feature", "properties": { "nome_pa": "FAZENDA CHAPADÃO", "tipo": "Marco" }, "geometry": { "type": "Point", "coordinates": [ -52.432348955555554, -24.809148191666669 ] } },
{ "type": "Feature", "properties": { "nome_pa": "FAZENDA CHAPADÃO", "tipo": "Marco" }, "geometry": { "type": "Point", "coordinates": [ -52.412586394461556, -24.794733123603208 ] } },
{ "type": "Feature", "properties": { "nome_pa": "FAZENDA CHAPADÃO", "tipo": "Marco" }, "geometry": { "type": "Point", "coordinates": [ -52.475795483669259, -24.792259994164116 ] } },
{ "type": "Feature", "properties": { "nome_pa": "FAZENDA CHAPADÃO", "tipo": "Marco" }, "geometry": { "type": "Point", "coordinates": [ -52.40801106696847, -24.812318405217916 ] } },
{ "type": "Feature", "properties": { "nome_pa": "FAZENDA CHAPADÃO", "tipo": "Marco" }, "geometry": { "type": "Point", "coordinates": [ -52.478234742514786, -24.789475841316282 ] } },
{ "type": "Feature", "properties": { "nome_pa": "FAZENDA CHAPADÃO", "tipo": "Marco" }, "geometry": { "type": "Point", "coordinates": [ -52.484415386879689, -24.79008818155712 ] } },
{ "type": "Feature", "properties": { "nome_pa": "FAZENDA CHAPADÃO", "tipo": "Marco" }, "geometry": { "type": "Point", "coordinates": [ -52.479039398006677, -24.813067810686249 ] } },
{ "type": "Feature", "properties": { "nome_pa": "FAZENDA CHAPADÃO", "tipo": "Marco" }, "geometry": { "type": "Point", "coordinates": [ -52.430695424109473, -24.762073870079192 ] } },
{ "type": "Feature", "properties": { "nome_pa": "FAZENDA CHAPADÃO", "tipo": "Marco" }, "geometry": { "type": "Point", "coordinates": [ -52.478510942118369, -24.812432900695185 ] } },
{ "type": "Feature", "properties": { "nome_pa": "FAZENDA CHAPADÃO", "tipo": "Marco" }, "geometry": { "type": "Point", "coordinates": [ -52.454168975513284, -24.808810199484245 ] } },
{ "type": "Feature", "properties": { "nome_pa": "FAZENDA CHAPADÃO", "tipo": "Marco" }, "geometry": { "type": "Point", "coordinates": [ -52.422964981535458, -24.793768522429026 ] } },
{ "type": "Feature", "properties": { "nome_pa": "FAZENDA CHAPADÃO", "tipo": "Marco" }, "geometry": { "type": "Point", "coordinates": [ -52.420377452777778, -24.810562666666666 ] } },
{ "type": "Feature", "properties": { "nome_pa": "FAZENDA CHAPADÃO", "tipo": "Marco" }, "geometry": { "type": "Point", "coordinates": [ -52.423821761875459, -24.792453173155202 ] } },
{ "type": "Feature", "properties": { "nome_pa": "FAZENDA CHAPADÃO", "tipo": "Marco" }, "geometry": { "type": "Point", "coordinates": [ -52.424917071407691, -24.790678029743173 ] } },
{ "type": "Feature", "properties": { "nome_pa": "FAZENDA CHAPADÃO", "tipo": "Marco" }, "geometry": { "type": "Point", "coordinates": [ -52.42117194, -24.83313833 ] } },
{ "type": "Feature", "properties": { "nome_pa": "FAZENDA CHAPADÃO", "tipo": "Marco" }, "geometry": { "type": "Point", "coordinates": [ -52.42537764344069, -24.789927617412037 ] } },
{ "type": "Feature", "properties": { "nome_pa": "FAZENDA CHAPADÃO", "tipo": "Marco" }, "geometry": { "type": "Point", "coordinates": [ -52.434162583333332, -24.809088116666675 ] } },
{ "type": "Feature", "properties": { "nome_pa": "FAZENDA CHAPADÃO", "tipo": "Marco" }, "geometry": { "type": "Point", "coordinates": [ -52.465380441880953, -24.779504433068098 ] } },
{ "type": "Feature", "properties": { "nome_pa": "FAZENDA CHAPADÃO", "tipo": "Marco" }, "geometry": { "type": "Point", "coordinates": [ -52.469399228633883, -24.783926262890127 ] } },
{ "type": "Feature", "properties": { "nome_pa": "FAZENDA CHAPADÃO", "tipo": "Marco" }, "geometry": { "type": "Point", "coordinates": [ -52.471418105171004, -24.780160791195478 ] } },
{ "type": "Feature", "properties": { "nome_pa": "FAZENDA CHAPADÃO", "tipo": "Marco" }, "geometry": { "type": "Point", "coordinates": [ -52.47367818104339, -24.789571087797711 ] } },
{ "type": "Feature", "properties": { "nome_pa": "FAZENDA CHAPADÃO", "tipo": "Marco" }, "geometry": { "type": "Point", "coordinates": [ -52.444830547108261, -24.799374461124607 ] } },
{ "type": "Feature", "properties": { "nome_pa": "FAZENDA CHAPADÃO", "tipo": "Marco" }, "geometry": { "type": "Point", "coordinates": [ -52.450172396230698, -24.802582580373844 ] } },
{ "type": "Feature", "properties": { "nome_pa": "FAZENDA CHAPADÃO", "tipo": "Marco" }, "geometry": { "type": "Point", "coordinates": [ -52.452425298022199, -24.78921304705645 ] } },
{ "type": "Feature", "properties": { "nome_pa": "FAZENDA CHAPADÃO", "tipo": "Marco" }, "geometry": { "type": "Point", "coordinates": [ -52.448479840737399, -24.805880170369505 ] } },
{ "type": "Feature", "properties": { "nome_pa": "FAZENDA CHAPADÃO", "tipo": "Marco" }, "geometry": { "type": "Point", "coordinates": [ -52.47172583, -24.81233083 ] } },
{ "type": "Feature", "properties": { "nome_pa": "FAZENDA CHAPADÃO", "tipo": "Marco" }, "geometry": { "type": "Point", "coordinates": [ -52.43581923964701, -24.762574198808078 ] } },
{ "type": "Feature", "properties": { "nome_pa": "FAZENDA CHAPADÃO", "tipo": "Marco" }, "geometry": { "type": "Point", "coordinates": [ -52.47409111, -24.81231222 ] } }
]
}
